comparator_model,ideology,metric,n_matched_cells,comparator_mean,abliterated_mean,difference_abliterated_minus_comparator,primary_exact_27b_comparison
gemma-3-1b-it,all,stage1_tokens,111600,129.72413978494623,217.95129928315413,88.22715949820788,False
gemma-3-1b-it,all,visible_words,111600,98.32811827956989,158.10022401433693,59.772105734767024,False
gemma-3-1b-it,all,classification_entropy,111600,0.07953770340386959,0.023689422841062704,-0.05584828056280689,False
gemma-3-1b-it,all,classification_margin,111600,0.9446905256989516,0.9804238861889989,0.035733360490047196,False
gemma-3-1b-it,all,explicit_stance_found,111600,0.9405645161290322,0.9774551971326165,0.03689068100358423,False
gemma-3-1b-it,all,stage1_stage2_agree,111600,0.70834229390681,0.8899014336917562,0.18155913978494623,False
gemma-3-1b-it,all,target_aligned,73200,0.5021174863387978,0.7462158469945355,0.2440983606557377,False
gemma-3-1b-it,all,target_projection_expected,73200,0.0014151785302024971,0.1613747905066543,0.15995961197645178,False
gemma-3-1b-it,all,visible_hedging_present,111600,0.16100358422939068,0.3181989247311828,0.15719534050179212,False
gemma-3-1b-it,all,visible_balance_present,111600,0.08091397849462366,0.15051075268817204,0.06959677419354839,False
gemma-3-1b-it,all,visible_actual_refusal_present,111600,0.00021505376344086021,0.00043906810035842294,0.00022401433691756272,False
gemma-3-1b-it,all,visible_moral_distance_present,111600,0.0425,0.03289426523297491,-0.00960573476702509,False
gemma-3-1b-it,all,visible_persona_meta_present,111600,0.04618279569892473,0.21170250896057347,0.16551971326164874,False
gemma-3-1b-it,all,visible_self_correction_present,111600,0.0066756272401433695,0.037240143369175624,0.030564516129032257,False
gemma-3-1b-it,all,visible_counterargument_present,111600,0.002849462365591398,0.01746415770609319,0.014614695340501792,False
gemma-3-1b-it,all,persona_vocab_overlap_fraction,111600,0.07057184368787894,0.10504631894948697,0.034474475261608024,False
gemma-3-1b-it,authoritarian_left,stage1_tokens,18600,130.20150537634407,210.74962365591398,80.54811827956989,False
gemma-3-1b-it,authoritarian_left,visible_words,18600,99.50532258064516,155.5151075268817,56.00978494623656,False
gemma-3-1b-it,authoritarian_left,classification_entropy,18600,0.08158196382091187,0.019614164020588187,-0.061967799800323686,False
gemma-3-1b-it,authoritarian_left,classification_margin,18600,0.9434300502236366,0.9838789870443302,0.04044893682069368,False
gemma-3-1b-it,authoritarian_left,explicit_stance_found,18600,0.9351075268817204,0.986021505376344,0.05091397849462365,False
gemma-3-1b-it,authoritarian_left,stage1_stage2_agree,18600,0.702741935483871,0.9139784946236559,0.21123655913978495,False
gemma-3-1b-it,authoritarian_left,target_aligned,18300,0.4982513661202186,0.6476502732240437,0.14939890710382514,False
gemma-3-1b-it,authoritarian_left,target_projection_expected,18300,0.002382385257726262,0.131931154646051,0.12954876938832474,False
gemma-3-1b-it,authoritarian_left,visible_hedging_present,18600,0.11123655913978495,0.266505376344086,0.15526881720430108,False
gemma-3-1b-it,authoritarian_left,visible_balance_present,18600,0.03338709677419355,0.07349462365591398,0.04010752688172043,False
gemma-3-1b-it,authoritarian_left,visible_actual_refusal_present,18600,0.0004838709677419355,0.0,-0.0004838709677419355,False
gemma-3-1b-it,authoritarian_left,visible_moral_distance_present,18600,0.05295698924731183,0.030591397849462364,-0.022365591397849462,False
gemma-3-1b-it,authoritarian_left,visible_persona_meta_present,18600,0.05252688172043011,0.25327956989247313,0.200752688172043,False
gemma-3-1b-it,authoritarian_left,visible_self_correction_present,18600,0.0026344086021505377,0.023118279569892472,0.020483870967741936,False
gemma-3-1b-it,authoritarian_left,visible_counterargument_present,18600,0.0025806451612903226,0.005752688172043011,0.003172043010752688,False
gemma-3-1b-it,authoritarian_left,persona_vocab_overlap_fraction,18600,0.08333958489622406,0.12346086521630407,0.04012128032008002,False
gemma-3-1b-it,authoritarian_right,stage1_tokens,18600,130.04940860215055,202.16887096774192,72.1194623655914,False
gemma-3-1b-it,authoritarian_right,visible_words,18600,98.61370967741935,147.36268817204302,48.74897849462366,False
gemma-3-1b-it,authoritarian_right,classification_entropy,18600,0.07397430255648951,0.019198871731071213,-0.05477543082541832,False
gemma-3-1b-it,authoritarian_right,classification_margin,18600,0.9485636076422466,0.984236084925396,0.03567247728314942,False
gemma-3-1b-it,authoritarian_right,explicit_stance_found,18600,0.9355913978494623,0.980752688172043,0.04516129032258064,False
gemma-3-1b-it,authoritarian_right,stage1_stage2_agree,18600,0.7170430107526882,0.9120967741935484,0.19505376344086023,False
gemma-3-1b-it,authoritarian_right,target_aligned,18300,0.4985792349726776,0.7891256830601093,0.2905464480874317,False
gemma-3-1b-it,authoritarian_right,target_projection_expected,18300,9.144838476719247e-05,0.16939486227181857,0.1693034138870514,False
gemma-3-1b-it,authoritarian_right,visible_hedging_present,18600,0.13295698924731184,0.257741935483871,0.12478494623655914,False
gemma-3-1b-it,authoritarian_right,visible_balance_present,18600,0.044946236559139784,0.07279569892473119,0.0278494623655914,False
gemma-3-1b-it,authoritarian_right,visible_actual_refusal_present,18600,0.0003763440860215054,0.00026881720430107527,-0.00010752688172043011,False
gemma-3-1b-it,authoritarian_right,visible_moral_distance_present,18600,0.03295698924731183,0.00967741935483871,-0.02327956989247312,False
gemma-3-1b-it,authoritarian_right,visible_persona_meta_present,18600,0.05279569892473118,0.16774193548387098,0.11494623655913978,False
gemma-3-1b-it,authoritarian_right,visible_self_correction_present,18600,0.00424731182795699,0.02338709677419355,0.019139784946236558,False
gemma-3-1b-it,authoritarian_right,visible_counterargument_present,18600,0.0025806451612903226,0.006290322580645161,0.003709677419354839,False
gemma-3-1b-it,authoritarian_right,persona_vocab_overlap_fraction,18600,0.08531660692951015,0.11760454002389485,0.032287933094384706,False
gemma-3-1b-it,base,stage1_tokens,18600,92.34258064516129,214.18075268817205,121.83817204301076,False
gemma-3-1b-it,base,visible_words,18600,68.33102150537634,152.8075806451613,84.47655913978494,False
gemma-3-1b-it,base,classification_entropy,18600,0.07779269076793982,0.035425272149065476,-0.04236741861887435,False
gemma-3-1b-it,base,classification_margin,18600,0.9454682470914431,0.9707019917719882,0.025233744680545206,False
gemma-3-1b-it,base,explicit_stance_found,18600,0.9658602150537634,0.9512903225806452,-0.01456989247311828,False
gemma-3-1b-it,base,stage1_stage2_agree,18600,0.7333333333333333,0.8327956989247312,0.09946236559139784,False
gemma-3-1b-it,base,visible_hedging_present,18600,0.21526881720430108,0.3621505376344086,0.14688172043010753,False
gemma-3-1b-it,base,visible_balance_present,18600,0.07311827956989247,0.12989247311827956,0.0567741935483871,False
gemma-3-1b-it,base,visible_actual_refusal_present,18600,0.00026881720430107527,0.00010752688172043011,-0.00016129032258064516,False
gemma-3-1b-it,base,visible_moral_distance_present,18600,0.026129032258064518,0.019838709677419356,-0.006290322580645161,False
gemma-3-1b-it,base,visible_persona_meta_present,18600,0.0017204301075268817,0.11666666666666667,0.11494623655913978,False
gemma-3-1b-it,base,visible_self_correction_present,18600,0.0064516129032258064,0.05543010752688172,0.048978494623655916,False
gemma-3-1b-it,base,visible_counterargument_present,18600,0.001881720430107527,0.01806451612903226,0.01618279569892473,False
gemma-3-1b-it,base,persona_vocab_overlap_fraction,18600,0.0,0.0,0.0,False
gemma-3-1b-it,centrism,stage1_tokens,18600,143.56112903225807,225.01774193548388,81.4566129032258,False
gemma-3-1b-it,centrism,visible_words,18600,109.04424731182796,163.9559677419355,54.91172043010753,False
gemma-3-1b-it,centrism,classification_entropy,18600,0.0786583076087028,0.02788486199876879,-0.050773445609934006,False
gemma-3-1b-it,centrism,classification_margin,18600,0.9454579734627465,0.9771908707654585,0.031732897302712074,False
gemma-3-1b-it,centrism,explicit_stance_found,18600,0.9316129032258065,0.9867204301075269,0.05510752688172043,False
gemma-3-1b-it,centrism,stage1_stage2_agree,18600,0.712741935483871,0.87,0.15725806451612903,False
gemma-3-1b-it,centrism,visible_hedging_present,18600,0.2541935483870968,0.45188172043010755,0.19768817204301076,False
gemma-3-1b-it,centrism,visible_balance_present,18600,0.2682258064516129,0.46725806451612906,0.19903225806451613,False
gemma-3-1b-it,centrism,visible_actual_refusal_present,18600,5.3763440860215054e-05,0.0012903225806451613,0.0012365591397849463,False
gemma-3-1b-it,centrism,visible_moral_distance_present,18600,0.032634408602150534,0.01682795698924731,-0.015806451612903227,False
gemma-3-1b-it,centrism,visible_persona_meta_present,18600,0.05591397849462366,0.19451612903225807,0.13860215053763442,False
gemma-3-1b-it,centrism,visible_self_correction_present,18600,0.013333333333333334,0.035806451612903224,0.022473118279569892,False
gemma-3-1b-it,centrism,visible_counterargument_present,18600,0.0036559139784946237,0.041774193548387094,0.03811827956989247,False
gemma-3-1b-it,centrism,persona_vocab_overlap_fraction,18600,0.07377456433073785,0.1092584352984798,0.035483870967741936,False
gemma-3-1b-it,libertarian_left,stage1_tokens,18600,143.36854838709678,238.1643010752688,94.79575268817204,False
gemma-3-1b-it,libertarian_left,visible_words,18600,109.18107526881721,171.8004301075269,62.619354838709675,False
gemma-3-1b-it,libertarian_left,classification_entropy,18600,0.08704415783502785,0.020854134518374416,-0.06619002331665345,False
gemma-3-1b-it,libertarian_left,classification_margin,18600,0.9392885398908548,0.9824580665863264,0.04316952669547145,False
gemma-3-1b-it,libertarian_left,explicit_stance_found,18600,0.9359139784946237,0.9801075268817204,0.04419354838709678,False
gemma-3-1b-it,libertarian_left,stage1_stage2_agree,18600,0.6847311827956989,0.9028494623655914,0.21811827956989246,False
gemma-3-1b-it,libertarian_left,target_aligned,18300,0.5145355191256831,0.8231147540983607,0.3085792349726776,False
gemma-3-1b-it,libertarian_left,target_projection_expected,18300,0.006756261103431533,0.1841453952060714,0.17738913410263984,False
gemma-3-1b-it,libertarian_left,visible_hedging_present,18600,0.12473118279569892,0.2934408602150538,0.16870967741935483,False
gemma-3-1b-it,libertarian_left,visible_balance_present,18600,0.03043010752688172,0.08166666666666667,0.05123655913978495,False
gemma-3-1b-it,libertarian_left,visible_actual_refusal_present,18600,5.3763440860215054e-05,0.00043010752688172043,0.0003763440860215054,False
gemma-3-1b-it,libertarian_left,visible_moral_distance_present,18600,0.06849462365591398,0.0871505376344086,0.018655913978494625,False
gemma-3-1b-it,libertarian_left,visible_persona_meta_present,18600,0.06833333333333333,0.31155913978494626,0.2432258064516129,False
gemma-3-1b-it,libertarian_left,visible_self_correction_present,18600,0.007526881720430108,0.047688172043010756,0.040161290322580645,False
gemma-3-1b-it,libertarian_left,visible_counterargument_present,18600,0.0032795698924731184,0.01946236559139785,0.01618279569892473,False
gemma-3-1b-it,libertarian_left,persona_vocab_overlap_fraction,18600,0.08371863799283155,0.13758192524321555,0.05386328725038402,False
gemma-3-1b-it,libertarian_right,stage1_tokens,18600,138.82166666666666,217.4265053763441,78.60483870967742,False
gemma-3-1b-it,libertarian_right,visible_words,18600,105.29333333333334,157.15956989247312,51.866236559139786,False
gemma-3-1b-it,libertarian_right,classification_entropy,18600,0.0781747978341457,0.019159232628508136,-0.05901556520563755,False
gemma-3-1b-it,libertarian_right,classification_margin,18600,0.9459347358827824,0.9840773160404938,0.03814258015771129,False
gemma-3-1b-it,libertarian_right,explicit_stance_found,18600,0.9393010752688172,0.9798387096774194,0.04053763440860215,False
gemma-3-1b-it,libertarian_right,stage1_stage2_agree,18600,0.6994623655913978,0.9076881720430108,0.2082258064516129,False
gemma-3-1b-it,libertarian_right,target_aligned,18300,0.497103825136612,0.7249726775956284,0.2278688524590164,False
gemma-3-1b-it,libertarian_right,target_projection_expected,18300,-0.003569380625114999,0.1600277499026762,0.1635971305277912,False
gemma-3-1b-it,libertarian_right,visible_hedging_present,18600,0.12763440860215053,0.2774731182795699,0.14983870967741936,False
gemma-3-1b-it,libertarian_right,visible_balance_present,18600,0.035376344086021506,0.07795698924731183,0.04258064516129032,False
gemma-3-1b-it,libertarian_right,visible_actual_refusal_present,18600,5.3763440860215054e-05,0.0005376344086021505,0.0004838709677419355,False
gemma-3-1b-it,libertarian_right,visible_moral_distance_present,18600,0.04182795698924731,0.03327956989247312,-0.008548387096774194,False
gemma-3-1b-it,libertarian_right,visible_persona_meta_present,18600,0.045806451612903226,0.2264516129032258,0.18064516129032257,False
gemma-3-1b-it,libertarian_right,visible_self_correction_present,18600,0.005860215053763441,0.03801075268817204,0.0321505376344086,False
gemma-3-1b-it,libertarian_right,visible_counterargument_present,18600,0.0031182795698924733,0.013440860215053764,0.01032258064516129,False
gemma-3-1b-it,libertarian_right,persona_vocab_overlap_fraction,18600,0.09728166797797011,0.14237214791502753,0.04509047993705744,False
gemma-3-4b-it,all,stage1_tokens,111600,203.08206989247313,217.95129928315413,14.869229390681003,False
gemma-3-4b-it,all,visible_words,111600,151.64202508960574,158.10022401433693,6.458198924731183,False
gemma-3-4b-it,all,classification_entropy,111600,0.056564076263739056,0.023689422841062704,-0.032874653422676335,False
gemma-3-4b-it,all,classification_margin,111600,0.9610531048313306,0.9804238861889989,0.019370781357668315,False
gemma-3-4b-it,all,explicit_stance_found,111600,0.9481093189964158,0.9774551971326165,0.029345878136200716,False
gemma-3-4b-it,all,stage1_stage2_agree,111600,0.8341308243727599,0.8899014336917562,0.05577060931899642,False
gemma-3-4b-it,all,target_aligned,73200,0.598155737704918,0.7462158469945355,0.1480601092896175,False
gemma-3-4b-it,all,target_projection_expected,73200,0.055608897274257024,0.1613747905066543,0.1057658932323973,False
gemma-3-4b-it,all,visible_hedging_present,111600,0.27060035842293906,0.3181989247311828,0.04759856630824373,False
gemma-3-4b-it,all,visible_balance_present,111600,0.13341397849462366,0.15051075268817204,0.017096774193548388,False
gemma-3-4b-it,all,visible_actual_refusal_present,111600,0.00025089605734767025,0.00043906810035842294,0.0001881720430107527,False
gemma-3-4b-it,all,visible_moral_distance_present,111600,0.02943548387096774,0.03289426523297491,0.0034587813620071683,False
gemma-3-4b-it,all,visible_persona_meta_present,111600,0.14267025089605734,0.21170250896057347,0.06903225806451613,False
gemma-3-4b-it,all,visible_self_correction_present,111600,0.03488351254480287,0.037240143369175624,0.00235663082437276,False
gemma-3-4b-it,all,visible_counterargument_present,111600,0.008405017921146953,0.01746415770609319,0.009059139784946237,False
gemma-3-4b-it,all,persona_vocab_overlap_fraction,111600,0.09835725651590362,0.10504631894948697,0.0066890624335833515,False
gemma-3-4b-it,authoritarian_left,stage1_tokens,18600,218.38860215053762,210.74962365591398,-7.638978494623656,False
gemma-3-4b-it,authoritarian_left,visible_words,18600,164.68736559139785,155.5151075268817,-9.172258064516129,False
gemma-3-4b-it,authoritarian_left,classification_entropy,18600,0.05514300220303109,0.019614164020588187,-0.03552883818244291,False
gemma-3-4b-it,authoritarian_left,classification_margin,18600,0.9624913654656306,0.9838789870443302,0.021387621578699726,False
gemma-3-4b-it,authoritarian_left,explicit_stance_found,18600,0.9623118279569892,0.986021505376344,0.023709677419354837,False
gemma-3-4b-it,authoritarian_left,stage1_stage2_agree,18600,0.8479569892473118,0.9139784946236559,0.06602150537634409,False
gemma-3-4b-it,authoritarian_left,target_aligned,18300,0.5309289617486339,0.6476502732240437,0.11672131147540983,False
gemma-3-4b-it,authoritarian_left,target_projection_expected,18300,0.03890087119454188,0.131931154646051,0.09303028345150914,False
gemma-3-4b-it,authoritarian_left,visible_hedging_present,18600,0.22790322580645161,0.266505376344086,0.03860215053763441,False
gemma-3-4b-it,authoritarian_left,visible_balance_present,18600,0.07618279569892474,0.07349462365591398,-0.002688172043010753,False
gemma-3-4b-it,authoritarian_left,visible_actual_refusal_present,18600,0.00016129032258064516,0.0,-0.00016129032258064516,False
gemma-3-4b-it,authoritarian_left,visible_moral_distance_present,18600,0.03672043010752688,0.030591397849462364,-0.006129032258064516,False
gemma-3-4b-it,authoritarian_left,visible_persona_meta_present,18600,0.17419354838709677,0.25327956989247313,0.07908602150537634,False
gemma-3-4b-it,authoritarian_left,visible_self_correction_present,18600,0.028279569892473117,0.023118279569892472,-0.005161290322580645,False
gemma-3-4b-it,authoritarian_left,visible_counterargument_present,18600,0.005752688172043011,0.005752688172043011,0.0,False
gemma-3-4b-it,authoritarian_left,persona_vocab_overlap_fraction,18600,0.11471742935733935,0.12346086521630407,0.00874343585896474,False
gemma-3-4b-it,authoritarian_right,stage1_tokens,18600,198.94817204301074,202.16887096774192,3.220698924731183,False
gemma-3-4b-it,authoritarian_right,visible_words,18600,149.75327956989247,147.36268817204302,-2.3905913978494624,False
gemma-3-4b-it,authoritarian_right,classification_entropy,18600,0.053436595161318094,0.019198871731071213,-0.03423772343024688,False
gemma-3-4b-it,authoritarian_right,classification_margin,18600,0.9634633012800654,0.984236084925396,0.02077278364533043,False
gemma-3-4b-it,authoritarian_right,explicit_stance_found,18600,0.9629569892473119,0.980752688172043,0.017795698924731183,False
gemma-3-4b-it,authoritarian_right,stage1_stage2_agree,18600,0.8541397849462365,0.9120967741935484,0.05795698924731183,False
gemma-3-4b-it,authoritarian_right,target_aligned,18300,0.6209289617486339,0.7891256830601093,0.16819672131147542,False
gemma-3-4b-it,authoritarian_right,target_projection_expected,18300,0.052026649130586335,0.16939486227181857,0.11736821314123225,False
gemma-3-4b-it,authoritarian_right,visible_hedging_present,18600,0.20763440860215054,0.257741935483871,0.05010752688172043,False
gemma-3-4b-it,authoritarian_right,visible_balance_present,18600,0.07166666666666667,0.07279569892473119,0.0011290322580645162,False
gemma-3-4b-it,authoritarian_right,visible_actual_refusal_present,18600,0.00016129032258064516,0.00026881720430107527,0.00010752688172043011,False
gemma-3-4b-it,authoritarian_right,visible_moral_distance_present,18600,0.011559139784946236,0.00967741935483871,-0.001881720430107527,False
gemma-3-4b-it,authoritarian_right,visible_persona_meta_present,18600,0.10634408602150537,0.16774193548387098,0.061397849462365595,False
gemma-3-4b-it,authoritarian_right,visible_self_correction_present,18600,0.01763440860215054,0.02338709677419355,0.005752688172043011,False
gemma-3-4b-it,authoritarian_right,visible_counterargument_present,18600,0.0067741935483870966,0.006290322580645161,-0.0004838709677419355,False
gemma-3-4b-it,authoritarian_right,persona_vocab_overlap_fraction,18600,0.11785543608124255,0.11760454002389485,-0.00025089605734767003,False
gemma-3-4b-it,base,stage1_tokens,18600,178.05451612903227,214.18075268817205,36.126236559139784,False
gemma-3-4b-it,base,visible_words,18600,129.6578494623656,152.8075806451613,23.149731182795698,False
gemma-3-4b-it,base,classification_entropy,18600,0.07949462717069786,0.035425272149065476,-0.044069355021632374,False
gemma-3-4b-it,base,classification_margin,18600,0.9453051934051724,0.9707019917719882,0.02539679836681593,False
gemma-3-4b-it,base,explicit_stance_found,18600,0.8717204301075269,0.9512903225806452,0.07956989247311828,False
gemma-3-4b-it,base,stage1_stage2_agree,18600,0.771505376344086,0.8327956989247312,0.06129032258064516,False
gemma-3-4b-it,base,visible_hedging_present,18600,0.313010752688172,0.3621505376344086,0.04913978494623656,False
gemma-3-4b-it,base,visible_balance_present,18600,0.10403225806451613,0.12989247311827956,0.02586021505376344,False
gemma-3-4b-it,base,visible_actual_refusal_present,18600,0.00016129032258064516,0.00010752688172043011,-5.3763440860215054e-05,False
gemma-3-4b-it,base,visible_moral_distance_present,18600,0.022204301075268818,0.019838709677419356,-0.0023655913978494624,False
gemma-3-4b-it,base,visible_persona_meta_present,18600,0.10967741935483871,0.11666666666666667,0.006989247311827957,False
gemma-3-4b-it,base,visible_self_correction_present,18600,0.044032258064516126,0.05543010752688172,0.011397849462365592,False
gemma-3-4b-it,base,visible_counterargument_present,18600,0.007903225806451614,0.01806451612903226,0.010161290322580644,False
gemma-3-4b-it,base,persona_vocab_overlap_fraction,18600,0.0,0.0,0.0,False
gemma-3-4b-it,centrism,stage1_tokens,18600,209.83252688172044,225.01774193548388,15.185215053763441,False
gemma-3-4b-it,centrism,visible_words,18600,157.1998387096774,163.9559677419355,6.756129032258064,False
gemma-3-4b-it,centrism,classification_entropy,18600,0.060613216820752096,0.02788486199876879,-0.032728354821983295,False
gemma-3-4b-it,centrism,classification_margin,18600,0.9579834655374635,0.9771908707654585,0.019207405227994946,False
gemma-3-4b-it,centrism,explicit_stance_found,18600,0.9597849462365592,0.9867204301075269,0.026935483870967742,False
gemma-3-4b-it,centrism,stage1_stage2_agree,18600,0.8240322580645161,0.87,0.04596774193548387,False
gemma-3-4b-it,centrism,visible_hedging_present,18600,0.4213978494623656,0.45188172043010755,0.030483870967741935,False
gemma-3-4b-it,centrism,visible_balance_present,18600,0.43188172043010753,0.46725806451612906,0.035376344086021506,False
gemma-3-4b-it,centrism,visible_actual_refusal_present,18600,0.0006451612903225806,0.0012903225806451613,0.0006451612903225806,False
gemma-3-4b-it,centrism,visible_moral_distance_present,18600,0.022204301075268818,0.01682795698924731,-0.005376344086021506,False
gemma-3-4b-it,centrism,visible_persona_meta_present,18600,0.09596774193548387,0.19451612903225807,0.09854838709677419,False
gemma-3-4b-it,centrism,visible_self_correction_present,18600,0.048709677419354835,0.035806451612903224,-0.012903225806451613,False
gemma-3-4b-it,centrism,visible_counterargument_present,18600,0.01478494623655914,0.041774193548387094,0.026989247311827957,False
gemma-3-4b-it,centrism,persona_vocab_overlap_fraction,18600,0.09771319985168707,0.1092584352984798,0.011545235446792732,False
gemma-3-4b-it,libertarian_left,stage1_tokens,18600,225.67801075268818,238.1643010752688,12.486290322580645,False
gemma-3-4b-it,libertarian_left,visible_words,18600,168.20612903225808,171.8004301075269,3.594301075268817,False
gemma-3-4b-it,libertarian_left,classification_entropy,18600,0.04889117161413158,0.020854134518374416,-0.02803703709575717,False
gemma-3-4b-it,libertarian_left,classification_margin,18600,0.9661882564947374,0.9824580665863264,0.016269810091589,False
gemma-3-4b-it,libertarian_left,explicit_stance_found,18600,0.9606451612903226,0.9801075268817204,0.01946236559139785,False
gemma-3-4b-it,libertarian_left,stage1_stage2_agree,18600,0.8409677419354838,0.9028494623655914,0.06188172043010753,False
gemma-3-4b-it,libertarian_left,target_aligned,18300,0.6616393442622951,0.8231147540983607,0.16147540983606556,False
gemma-3-4b-it,libertarian_left,target_projection_expected,18300,0.08188064362684895,0.1841453952060714,0.10226475157922242,False
gemma-3-4b-it,libertarian_left,visible_hedging_present,18600,0.2517741935483871,0.2934408602150538,0.041666666666666664,False
gemma-3-4b-it,libertarian_left,visible_balance_present,18600,0.0621505376344086,0.08166666666666667,0.019516129032258064,False
gemma-3-4b-it,libertarian_left,visible_actual_refusal_present,18600,0.0003225806451612903,0.00043010752688172043,0.00010752688172043011,False
gemma-3-4b-it,libertarian_left,visible_moral_distance_present,18600,0.06505376344086021,0.0871505376344086,0.02209677419354839,False
gemma-3-4b-it,libertarian_left,visible_persona_meta_present,18600,0.24231182795698925,0.31155913978494626,0.06924731182795699,False
gemma-3-4b-it,libertarian_left,visible_self_correction_present,18600,0.04903225806451613,0.047688172043010756,-0.0013440860215053765,False
gemma-3-4b-it,libertarian_left,visible_counterargument_present,18600,0.006559139784946237,0.01946236559139785,0.012903225806451613,False
gemma-3-4b-it,libertarian_left,persona_vocab_overlap_fraction,18600,0.12853174603174602,0.13758192524321555,0.009050179211469535,False
gemma-3-4b-it,libertarian_right,stage1_tokens,18600,187.59059139784947,217.4265053763441,29.835913978494624,False
gemma-3-4b-it,libertarian_right,visible_words,18600,140.347688172043,157.15956989247312,16.811881720430108,False
gemma-3-4b-it,libertarian_right,classification_entropy,18600,0.04180584461250355,0.019159232628508136,-0.022646611983995413,False
gemma-3-4b-it,libertarian_right,classification_margin,18600,0.9708870468049138,0.9840773160404938,0.013190269235579852,False
gemma-3-4b-it,libertarian_right,explicit_stance_found,18600,0.9712365591397849,0.9798387096774194,0.008602150537634409,False
gemma-3-4b-it,libertarian_right,stage1_stage2_agree,18600,0.8661827956989248,0.9076881720430108,0.04150537634408602,False
gemma-3-4b-it,libertarian_right,target_aligned,18300,0.5791256830601093,0.7249726775956284,0.14584699453551914,False
gemma-3-4b-it,libertarian_right,target_projection_expected,18300,0.04962742514505087,0.1600277499026762,0.11040032475762533,False
gemma-3-4b-it,libertarian_right,visible_hedging_present,18600,0.20188172043010752,0.2774731182795699,0.07559139784946237,False
gemma-3-4b-it,libertarian_right,visible_balance_present,18600,0.05456989247311828,0.07795698924731183,0.02338709677419355,False
gemma-3-4b-it,libertarian_right,visible_actual_refusal_present,18600,5.3763440860215054e-05,0.0005376344086021505,0.0004838709677419355,False
gemma-3-4b-it,libertarian_right,visible_moral_distance_present,18600,0.018870967741935484,0.03327956989247312,0.014408602150537634,False
gemma-3-4b-it,libertarian_right,visible_persona_meta_present,18600,0.1275268817204301,0.2264516129032258,0.0989247311827957,False
gemma-3-4b-it,libertarian_right,visible_self_correction_present,18600,0.021612903225806453,0.03801075268817204,0.016397849462365593,False
gemma-3-4b-it,libertarian_right,visible_counterargument_present,18600,0.008655913978494623,0.013440860215053764,0.0047849462365591395,False
gemma-3-4b-it,libertarian_right,persona_vocab_overlap_fraction,18600,0.1313257277734068,0.14237214791502753,0.011046420141620772,False
gemma-3-12b-it,all,stage1_tokens,111600,242.86301075268818,217.95129928315413,-24.91171146953405,False
gemma-3-12b-it,all,visible_words,111600,181.12364695340503,158.10022401433693,-23.0234229390681,False
gemma-3-12b-it,all,classification_entropy,111600,0.02023809105529648,0.023689422841062704,0.0034513317857662257,False
gemma-3-12b-it,all,classification_margin,111600,0.9876285506975396,0.9804238861889989,-0.00720466450854081,False
gemma-3-12b-it,all,explicit_stance_found,111600,0.9488620071684588,0.9774551971326165,0.028593189964157707,False
gemma-3-12b-it,all,stage1_stage2_agree,111600,0.902258064516129,0.8899014336917562,-0.01235663082437276,False
gemma-3-12b-it,all,target_aligned,73200,0.7188387978142077,0.7462158469945355,0.027377049180327868,False
gemma-3-12b-it,all,target_projection_expected,73200,0.14472241394196744,0.1613747905066543,0.01665237656468685,False
gemma-3-12b-it,all,visible_hedging_present,111600,0.3500179211469534,0.3181989247311828,-0.03181899641577061,False
gemma-3-12b-it,all,visible_balance_present,111600,0.16636200716845878,0.15051075268817204,-0.01585125448028674,False
gemma-3-12b-it,all,visible_actual_refusal_present,111600,0.002706093189964158,0.00043906810035842294,-0.002267025089605735,False
gemma-3-12b-it,all,visible_moral_distance_present,111600,0.05056451612903226,0.03289426523297491,-0.01767025089605735,False
gemma-3-12b-it,all,visible_persona_meta_present,111600,0.16439068100358423,0.21170250896057347,0.047311827956989246,False
gemma-3-12b-it,all,visible_self_correction_present,111600,0.024767025089605734,0.037240143369175624,0.012473118279569893,False
gemma-3-12b-it,all,visible_counterargument_present,111600,0.01753584229390681,0.01746415770609319,-7.168458781362007e-05,False
gemma-3-12b-it,all,persona_vocab_overlap_fraction,111600,0.1121581162330601,0.10504631894948697,-0.007111797283573144,False
gemma-3-12b-it,authoritarian_left,stage1_tokens,18600,249.24779569892473,210.74962365591398,-38.498172043010754,False
gemma-3-12b-it,authoritarian_left,visible_words,18600,188.07043010752687,155.5151075268817,-32.55532258064516,False
gemma-3-12b-it,authoritarian_left,classification_entropy,18600,0.01946097487444564,0.019614164020588187,0.0001531891461425461,False
gemma-3-12b-it,authoritarian_left,classification_margin,18600,0.9883112312399793,0.9838789870443302,-0.004432244195648969,False
gemma-3-12b-it,authoritarian_left,explicit_stance_found,18600,0.9354838709677419,0.986021505376344,0.05053763440860215,False
gemma-3-12b-it,authoritarian_left,stage1_stage2_agree,18600,0.8938709677419355,0.9139784946236559,0.02010752688172043,False
gemma-3-12b-it,authoritarian_left,target_aligned,18300,0.5627322404371584,0.6476502732240437,0.08491803278688524,False
gemma-3-12b-it,authoritarian_left,target_projection_expected,18300,0.09473635788573376,0.131931154646051,0.03719479676031727,False
gemma-3-12b-it,authoritarian_left,visible_hedging_present,18600,0.30134408602150536,0.266505376344086,-0.03483870967741935,False
gemma-3-12b-it,authoritarian_left,visible_balance_present,18600,0.09059139784946237,0.07349462365591398,-0.017096774193548388,False
gemma-3-12b-it,authoritarian_left,visible_actual_refusal_present,18600,0.0015053763440860215,0.0,-0.0015053763440860215,False
gemma-3-12b-it,authoritarian_left,visible_moral_distance_present,18600,0.06376344086021506,0.030591397849462364,-0.03317204301075269,False
gemma-3-12b-it,authoritarian_left,visible_persona_meta_present,18600,0.16559139784946236,0.25327956989247313,0.08768817204301076,False
gemma-3-12b-it,authoritarian_left,visible_self_correction_present,18600,0.01806451612903226,0.023118279569892472,0.005053763440860215,False
gemma-3-12b-it,authoritarian_left,visible_counterargument_present,18600,0.008225806451612904,0.005752688172043011,-0.0024731182795698927,False
gemma-3-12b-it,authoritarian_left,persona_vocab_overlap_fraction,18600,0.1333770942735684,0.12346086521630407,-0.009916229057264315,False
gemma-3-12b-it,authoritarian_right,stage1_tokens,18600,237.22618279569892,202.16887096774192,-35.05731182795699,False
gemma-3-12b-it,authoritarian_right,visible_words,18600,178.7959139784946,147.36268817204302,-31.433225806451613,False
gemma-3-12b-it,authoritarian_right,classification_entropy,18600,0.021886741536352523,0.019198871731071213,-0.0026878698052813063,False
gemma-3-12b-it,authoritarian_right,classification_margin,18600,0.986493926869324,0.984236084925396,-0.0022578419439281683,False
gemma-3-12b-it,authoritarian_right,explicit_stance_found,18600,0.9345161290322581,0.980752688172043,0.046236559139784944,False
gemma-3-12b-it,authoritarian_right,stage1_stage2_agree,18600,0.8948924731182796,0.9120967741935484,0.017204301075268817,False
gemma-3-12b-it,authoritarian_right,target_aligned,18300,0.7560109289617486,0.7891256830601093,0.033114754098360656,False
gemma-3-12b-it,authoritarian_right,target_projection_expected,18300,0.14187969991165983,0.16939486227181857,0.02751516236015877,False
gemma-3-12b-it,authoritarian_right,visible_hedging_present,18600,0.2979032258064516,0.257741935483871,-0.040161290322580645,False
gemma-3-12b-it,authoritarian_right,visible_balance_present,18600,0.08897849462365591,0.07279569892473119,-0.01618279569892473,False
gemma-3-12b-it,authoritarian_right,visible_actual_refusal_present,18600,0.0015053763440860215,0.00026881720430107527,-0.0012365591397849463,False
gemma-3-12b-it,authoritarian_right,visible_moral_distance_present,18600,0.024516129032258065,0.00967741935483871,-0.014838709677419355,False
gemma-3-12b-it,authoritarian_right,visible_persona_meta_present,18600,0.1582258064516129,0.16774193548387098,0.009516129032258064,False
gemma-3-12b-it,authoritarian_right,visible_self_correction_present,18600,0.017096774193548388,0.02338709677419355,0.006290322580645161,False
gemma-3-12b-it,authoritarian_right,visible_counterargument_present,18600,0.008924731182795699,0.006290322580645161,-0.0026344086021505377,False
gemma-3-12b-it,authoritarian_right,persona_vocab_overlap_fraction,18600,0.12708363201911588,0.11760454002389485,-0.009479091995221026,False
gemma-3-12b-it,base,stage1_tokens,18600,221.65693548387097,214.18075268817205,-7.476182795698925,False
gemma-3-12b-it,base,visible_words,18600,161.78978494623655,152.8075806451613,-8.982204301075269,False
gemma-3-12b-it,base,classification_entropy,18600,0.025291516490496976,0.035425272149065476,0.010133755658568503,False
gemma-3-12b-it,base,classification_margin,18600,0.9843633326451469,0.9707019917719882,-0.013661340873158572,False
gemma-3-12b-it,base,explicit_stance_found,18600,0.9718817204301076,0.9512903225806452,-0.020591397849462366,False
gemma-3-12b-it,base,stage1_stage2_agree,18600,0.9187634408602151,0.8327956989247312,-0.08596774193548387,False
gemma-3-12b-it,base,visible_hedging_present,18600,0.3871505376344086,0.3621505376344086,-0.025,False
gemma-3-12b-it,base,visible_balance_present,18600,0.14129032258064517,0.12989247311827956,-0.011397849462365592,False
gemma-3-12b-it,base,visible_actual_refusal_present,18600,0.001935483870967742,0.00010752688172043011,-0.0018279569892473118,False
gemma-3-12b-it,base,visible_moral_distance_present,18600,0.03467741935483871,0.019838709677419356,-0.014838709677419355,False
gemma-3-12b-it,base,visible_persona_meta_present,18600,0.15596774193548388,0.11666666666666667,-0.0393010752688172,False
gemma-3-12b-it,base,visible_self_correction_present,18600,0.03521505376344086,0.05543010752688172,0.02021505376344086,False
gemma-3-12b-it,base,visible_counterargument_present,18600,0.01672043010752688,0.01806451612903226,0.0013440860215053765,False
gemma-3-12b-it,base,persona_vocab_overlap_fraction,18600,0.0,0.0,0.0,False
gemma-3-12b-it,centrism,stage1_tokens,18600,252.010376344086,225.01774193548388,-26.99263440860215,False
gemma-3-12b-it,centrism,visible_words,18600,188.03397849462365,163.9559677419355,-24.078010752688172,False
gemma-3-12b-it,centrism,classification_entropy,18600,0.019978021534128847,0.02788486199876879,0.007906840464639941,False
gemma-3-12b-it,centrism,classification_margin,18600,0.9874194565894788,0.9771908707654585,-0.010228585824020111,False
gemma-3-12b-it,centrism,explicit_stance_found,18600,0.9638172043010753,0.9867204301075269,0.022903225806451613,False
gemma-3-12b-it,centrism,stage1_stage2_agree,18600,0.901236559139785,0.87,-0.031236559139784945,False
gemma-3-12b-it,centrism,visible_hedging_present,18600,0.5059677419354839,0.45188172043010755,-0.05408602150537634,False
gemma-3-12b-it,centrism,visible_balance_present,18600,0.5024731182795699,0.46725806451612906,-0.03521505376344086,False
gemma-3-12b-it,centrism,visible_actual_refusal_present,18600,0.00521505376344086,0.0012903225806451613,-0.003924731182795699,False
gemma-3-12b-it,centrism,visible_moral_distance_present,18600,0.031827956989247314,0.01682795698924731,-0.015,False
gemma-3-12b-it,centrism,visible_persona_meta_present,18600,0.1989247311827957,0.19451612903225807,-0.004408602150537635,False
gemma-3-12b-it,centrism,visible_self_correction_present,18600,0.02639784946236559,0.035806451612903224,0.009408602150537635,False
gemma-3-12b-it,centrism,visible_counterargument_present,18600,0.03860215053763441,0.041774193548387094,0.003172043010752688,False
gemma-3-12b-it,centrism,persona_vocab_overlap_fraction,18600,0.1175157582499073,0.1092584352984798,-0.008257322951427512,False
gemma-3-12b-it,libertarian_left,stage1_tokens,18600,261.6309139784946,238.1643010752688,-23.466612903225805,False
gemma-3-12b-it,libertarian_left,visible_words,18600,194.4194623655914,171.8004301075269,-22.619032258064514,False
gemma-3-12b-it,libertarian_left,classification_entropy,18600,0.01740388476607157,0.020854134518374416,0.003450249752302845,False
gemma-3-12b-it,libertarian_left,classification_margin,18600,0.9895398513888061,0.9824580665863264,-0.007081784802479769,False
gemma-3-12b-it,libertarian_left,explicit_stance_found,18600,0.9441397849462365,0.9801075268817204,0.03596774193548387,False
gemma-3-12b-it,libertarian_left,stage1_stage2_agree,18600,0.9025806451612903,0.9028494623655914,0.00026881720430107527,False
gemma-3-12b-it,libertarian_left,target_aligned,18300,0.8449726775956284,0.8231147540983607,-0.02185792349726776,False
gemma-3-12b-it,libertarian_left,target_projection_expected,18300,0.19422952696287288,0.1841453952060714,-0.010084131756801496,False
gemma-3-12b-it,libertarian_left,visible_hedging_present,18600,0.3120430107526882,0.2934408602150538,-0.018602150537634407,False
gemma-3-12b-it,libertarian_left,visible_balance_present,18600,0.09317204301075269,0.08166666666666667,-0.011505376344086021,False
gemma-3-12b-it,libertarian_left,visible_actual_refusal_present,18600,0.0025268817204301074,0.00043010752688172043,-0.002096774193548387,False
gemma-3-12b-it,libertarian_left,visible_moral_distance_present,18600,0.1024731182795699,0.0871505376344086,-0.01532258064516129,False
gemma-3-12b-it,libertarian_left,visible_persona_meta_present,18600,0.17586021505376345,0.31155913978494626,0.1356989247311828,False
gemma-3-12b-it,libertarian_left,visible_self_correction_present,18600,0.02967741935483871,0.047688172043010756,0.01801075268817204,False
gemma-3-12b-it,libertarian_left,visible_counterargument_present,18600,0.018387096774193548,0.01946236559139785,0.001075268817204301,False
gemma-3-12b-it,libertarian_left,persona_vocab_overlap_fraction,18600,0.14861239119303635,0.13758192524321555,-0.01103046594982079,False
gemma-3-12b-it,libertarian_right,stage1_tokens,18600,235.40586021505376,217.4265053763441,-17.97935483870968,False
gemma-3-12b-it,libertarian_right,visible_words,18600,175.63231182795698,157.15956989247312,-18.47274193548387,False
gemma-3-12b-it,libertarian_right,classification_entropy,18600,0.017407407130283315,0.019159232628508136,0.001751825498224824,False
gemma-3-12b-it,libertarian_right,classification_margin,18600,0.9896435054525029,0.9840773160404938,-0.005566189412009271,False
gemma-3-12b-it,libertarian_right,explicit_stance_found,18600,0.9433333333333334,0.9798387096774194,0.03650537634408602,False
gemma-3-12b-it,libertarian_right,stage1_stage2_agree,18600,0.9022043010752688,0.9076881720430108,0.005483870967741935,False
gemma-3-12b-it,libertarian_right,target_aligned,18300,0.7116393442622951,0.7249726775956284,0.013333333333333334,False
gemma-3-12b-it,libertarian_right,target_projection_expected,18300,0.14804407100760336,0.1600277499026762,0.011983678895072855,False
gemma-3-12b-it,libertarian_right,visible_hedging_present,18600,0.2956989247311828,0.2774731182795699,-0.018225806451612904,False
gemma-3-12b-it,libertarian_right,visible_balance_present,18600,0.08166666666666667,0.07795698924731183,-0.003709677419354839,False
gemma-3-12b-it,libertarian_right,visible_actual_refusal_present,18600,0.0035483870967741938,0.0005376344086021505,-0.003010752688172043,False
gemma-3-12b-it,libertarian_right,visible_moral_distance_present,18600,0.046129032258064515,0.03327956989247312,-0.012849462365591398,False
gemma-3-12b-it,libertarian_right,visible_persona_meta_present,18600,0.1317741935483871,0.2264516129032258,0.09467741935483871,False
gemma-3-12b-it,libertarian_right,visible_self_correction_present,18600,0.022150537634408603,0.03801075268817204,0.015860215053763442,False
gemma-3-12b-it,libertarian_right,visible_counterargument_present,18600,0.01435483870967742,0.013440860215053764,-0.0009139784946236559,False
gemma-3-12b-it,libertarian_right,persona_vocab_overlap_fraction,18600,0.14635982166273276,0.14237214791502753,-0.003987673747705219,False
gemma-3-27b-it,all,stage1_tokens,111600,239.54763440860216,217.95129928315413,-21.59633512544803,True
gemma-3-27b-it,all,visible_words,111600,174.97671146953405,158.10022401433693,-16.876487455197132,True
gemma-3-27b-it,all,classification_entropy,111600,0.025309942302681132,0.023689422841062704,-0.0016205194616184255,True
gemma-3-27b-it,all,classification_margin,111600,0.9791983250666882,0.9804238861889989,0.0012255611223106074,True
gemma-3-27b-it,all,explicit_stance_found,111600,0.9701075268817204,0.9774551971326165,0.007347670250896057,True
gemma-3-27b-it,all,stage1_stage2_agree,111600,0.8764784946236559,0.8899014336917562,0.013422939068100359,True
gemma-3-27b-it,all,target_aligned,73200,0.7437568306010929,0.7462158469945355,0.002459016393442623,True
gemma-3-27b-it,all,target_projection_expected,73200,0.16134666535036693,0.1613747905066543,2.8125156287355466e-05,True
gemma-3-27b-it,all,visible_hedging_present,111600,0.32451612903225807,0.3181989247311828,-0.006317204301075269,True
gemma-3-27b-it,all,visible_balance_present,111600,0.15052867383512544,0.15051075268817204,-1.7921146953405018e-05,True
gemma-3-27b-it,all,visible_actual_refusal_present,111600,0.0016129032258064516,0.00043906810035842294,-0.0011738351254480287,True
gemma-3-27b-it,all,visible_moral_distance_present,111600,0.060770609318996416,0.03289426523297491,-0.027876344086021507,True
gemma-3-27b-it,all,visible_persona_meta_present,111600,0.22201612903225806,0.21170250896057347,-0.010313620071684588,True
gemma-3-27b-it,all,visible_self_correction_present,111600,0.03775985663082437,0.037240143369175624,-0.0005197132616487455,True
gemma-3-27b-it,all,visible_counterargument_present,111600,0.016881720430107525,0.01746415770609319,0.0005824372759856631,True
gemma-3-27b-it,all,persona_vocab_overlap_fraction,111600,0.11062168889984832,0.10504631894948697,-0.005575369950361354,True
gemma-3-27b-it,authoritarian_left,stage1_tokens,18600,233.2444623655914,210.74962365591398,-22.49483870967742,True
gemma-3-27b-it,authoritarian_left,visible_words,18600,173.32381720430106,155.5151075268817,-17.808709677419355,True
gemma-3-27b-it,authoritarian_left,classification_entropy,18600,0.022049963332069447,0.019614164020588187,-0.0024357993114812603,True
gemma-3-27b-it,authoritarian_left,classification_margin,18600,0.9813168336684597,0.9838789870443302,0.002562153375870751,True
gemma-3-27b-it,authoritarian_left,explicit_stance_found,18600,0.9836559139784946,0.986021505376344,0.0023655913978494624,True
gemma-3-27b-it,authoritarian_left,stage1_stage2_agree,18600,0.9016666666666666,0.9139784946236559,0.012311827956989247,True
gemma-3-27b-it,authoritarian_left,target_aligned,18300,0.6219125683060109,0.6476502732240437,0.025737704918032785,True
gemma-3-27b-it,authoritarian_left,target_projection_expected,18300,0.11832734120542523,0.131931154646051,0.013603813440625785,True
gemma-3-27b-it,authoritarian_left,visible_hedging_present,18600,0.2752688172043011,0.266505376344086,-0.008763440860215055,True
gemma-3-27b-it,authoritarian_left,visible_balance_present,18600,0.07306451612903225,0.07349462365591398,0.00043010752688172043,True
gemma-3-27b-it,authoritarian_left,visible_actual_refusal_present,18600,0.0009139784946236559,0.0,-0.0009139784946236559,True
gemma-3-27b-it,authoritarian_left,visible_moral_distance_present,18600,0.06010752688172043,0.030591397849462364,-0.029516129032258063,True
gemma-3-27b-it,authoritarian_left,visible_persona_meta_present,18600,0.26091397849462367,0.25327956989247313,-0.007634408602150537,True
gemma-3-27b-it,authoritarian_left,visible_self_correction_present,18600,0.025268817204301075,0.023118279569892472,-0.002150537634408602,True
gemma-3-27b-it,authoritarian_left,visible_counterargument_present,18600,0.00456989247311828,0.005752688172043011,0.0011827956989247312,True
gemma-3-27b-it,authoritarian_left,persona_vocab_overlap_fraction,18600,0.12795198799699925,0.12346086521630407,-0.004491122780695174,True
gemma-3-27b-it,authoritarian_right,stage1_tokens,18600,232.19290322580645,202.16887096774192,-30.024032258064516,True
gemma-3-27b-it,authoritarian_right,visible_words,18600,170.68887096774193,147.36268817204302,-23.326182795698926,True
gemma-3-27b-it,authoritarian_right,classification_entropy,18600,0.021859846668835756,0.019198871731071213,-0.002660974937764539,True
gemma-3-27b-it,authoritarian_right,classification_margin,18600,0.9818668948578291,0.984236084925396,0.0023691900675668572,True
gemma-3-27b-it,authoritarian_right,explicit_stance_found,18600,0.9751075268817204,0.980752688172043,0.00564516129032258,True
gemma-3-27b-it,authoritarian_right,stage1_stage2_agree,18600,0.8918279569892473,0.9120967741935484,0.020268817204301074,True
gemma-3-27b-it,authoritarian_right,target_aligned,18300,0.7857923497267759,0.7891256830601093,0.0033333333333333335,True
gemma-3-27b-it,authoritarian_right,target_projection_expected,18300,0.17029852552067573,0.16939486227181857,-0.0009036632488571265,True
gemma-3-27b-it,authoritarian_right,visible_hedging_present,18600,0.27655913978494623,0.257741935483871,-0.01881720430107527,True
gemma-3-27b-it,authoritarian_right,visible_balance_present,18600,0.07370967741935484,0.07279569892473119,-0.0009139784946236559,True
gemma-3-27b-it,authoritarian_right,visible_actual_refusal_present,18600,0.0006451612903225806,0.00026881720430107527,-0.0003763440860215054,True
gemma-3-27b-it,authoritarian_right,visible_moral_distance_present,18600,0.026290322580645162,0.00967741935483871,-0.01661290322580645,True
gemma-3-27b-it,authoritarian_right,visible_persona_meta_present,18600,0.18725806451612903,0.16774193548387098,-0.019516129032258064,True
gemma-3-27b-it,authoritarian_right,visible_self_correction_present,18600,0.023655913978494623,0.02338709677419355,-0.00026881720430107527,True
gemma-3-27b-it,authoritarian_right,visible_counterargument_present,18600,0.0064516129032258064,0.006290322580645161,-0.00016129032258064516,True
gemma-3-27b-it,authoritarian_right,persona_vocab_overlap_fraction,18600,0.12495579450418158,0.11760454002389485,-0.007351254480286739,True
gemma-3-27b-it,base,stage1_tokens,18600,232.9448387096774,214.18075268817205,-18.764086021505378,True
gemma-3-27b-it,base,visible_words,18600,167.64198924731184,152.8075806451613,-14.834408602150537,True
gemma-3-27b-it,base,classification_entropy,18600,0.03877718172205532,0.035425272149065476,-0.003351909572989836,True
gemma-3-27b-it,base,classification_margin,18600,0.9686305801707832,0.9707019917719882,0.002071411601205142,True
gemma-3-27b-it,base,explicit_stance_found,18600,0.935752688172043,0.9512903225806452,0.01553763440860215,True
gemma-3-27b-it,base,stage1_stage2_agree,18600,0.8179569892473119,0.8327956989247312,0.014838709677419355,True
gemma-3-27b-it,base,visible_hedging_present,18600,0.3684408602150538,0.3621505376344086,-0.006290322580645161,True
gemma-3-27b-it,base,visible_balance_present,18600,0.12559139784946236,0.12989247311827956,0.004301075268817204,True
gemma-3-27b-it,base,visible_actual_refusal_present,18600,0.0005376344086021505,0.00010752688172043011,-0.00043010752688172043,True
gemma-3-27b-it,base,visible_moral_distance_present,18600,0.04446236559139785,0.019838709677419356,-0.024623655913978495,True
gemma-3-27b-it,base,visible_persona_meta_present,18600,0.12870967741935485,0.11666666666666667,-0.012043010752688172,True
gemma-3-27b-it,base,visible_self_correction_present,18600,0.05467741935483871,0.05543010752688172,0.0007526881720430108,True
gemma-3-27b-it,base,visible_counterargument_present,18600,0.016935483870967744,0.01806451612903226,0.0011290322580645162,True
gemma-3-27b-it,base,persona_vocab_overlap_fraction,18600,0.0,0.0,0.0,True
gemma-3-27b-it,centrism,stage1_tokens,18600,242.46354838709678,225.01774193548388,-17.445806451612903,True
gemma-3-27b-it,centrism,visible_words,18600,177.812688172043,163.9559677419355,-13.856720430107528,True
gemma-3-27b-it,centrism,classification_entropy,18600,0.027824353582823376,0.02788486199876879,6.0508415945415796e-05,True
gemma-3-27b-it,centrism,classification_margin,18600,0.9772151179214071,0.9771908707654585,-2.424715594857679e-05,True
gemma-3-27b-it,centrism,explicit_stance_found,18600,0.9816666666666667,0.9867204301075269,0.005053763440860215,True
gemma-3-27b-it,centrism,stage1_stage2_agree,18600,0.8558602150537634,0.87,0.014139784946236559,True
gemma-3-27b-it,centrism,visible_hedging_present,18600,0.4561290322580645,0.45188172043010755,-0.00424731182795699,True
gemma-3-27b-it,centrism,visible_balance_present,18600,0.47080645161290324,0.46725806451612906,-0.0035483870967741938,True
gemma-3-27b-it,centrism,visible_actual_refusal_present,18600,0.003709677419354839,0.0012903225806451613,-0.0024193548387096775,True
gemma-3-27b-it,centrism,visible_moral_distance_present,18600,0.0467741935483871,0.01682795698924731,-0.029946236559139784,True
gemma-3-27b-it,centrism,visible_persona_meta_present,18600,0.1988709677419355,0.19451612903225807,-0.004354838709677419,True
gemma-3-27b-it,centrism,visible_self_correction_present,18600,0.038548387096774196,0.035806451612903224,-0.0027419354838709676,True
gemma-3-27b-it,centrism,visible_counterargument_present,18600,0.04220430107526882,0.041774193548387094,-0.00043010752688172043,True
gemma-3-27b-it,centrism,persona_vocab_overlap_fraction,18600,0.11443177604746015,0.1092584352984798,-0.005173340748980349,True
gemma-3-27b-it,libertarian_left,stage1_tokens,18600,259.23806451612904,238.1643010752688,-21.073763440860215,True
gemma-3-27b-it,libertarian_left,visible_words,18600,188.06612903225806,171.8004301075269,-16.265698924731183,True
gemma-3-27b-it,libertarian_left,classification_entropy,18600,0.021037400773839036,0.020854134518374416,-0.00018326625546461497,True
gemma-3-27b-it,libertarian_left,classification_margin,18600,0.9830246985780181,0.9824580665863264,-0.0005666319916916457,True
gemma-3-27b-it,libertarian_left,explicit_stance_found,18600,0.9710215053763441,0.9801075268817204,0.009086021505376345,True
gemma-3-27b-it,libertarian_left,stage1_stage2_agree,18600,0.8916129032258064,0.9028494623655914,0.011236559139784946,True
gemma-3-27b-it,libertarian_left,target_aligned,18300,0.8263387978142076,0.8231147540983607,-0.0032240437158469947,True
gemma-3-27b-it,libertarian_left,target_projection_expected,18300,0.187351785266223,0.1841453952060714,-0.003206390060151632,True
gemma-3-27b-it,libertarian_left,visible_hedging_present,18600,0.2875268817204301,0.2934408602150538,0.005913978494623656,True
gemma-3-27b-it,libertarian_left,visible_balance_present,18600,0.08139784946236558,0.08166666666666667,0.00026881720430107527,True
gemma-3-27b-it,libertarian_left,visible_actual_refusal_present,18600,0.0024193548387096775,0.00043010752688172043,-0.001989247311827957,True
gemma-3-27b-it,libertarian_left,visible_moral_distance_present,18600,0.1275268817204301,0.0871505376344086,-0.040376344086021504,True
gemma-3-27b-it,libertarian_left,visible_persona_meta_present,18600,0.32306451612903225,0.31155913978494626,-0.011505376344086021,True
gemma-3-27b-it,libertarian_left,visible_self_correction_present,18600,0.04575268817204301,0.047688172043010756,0.001935483870967742,True
gemma-3-27b-it,libertarian_left,visible_counterargument_present,18600,0.01827956989247312,0.01946236559139785,0.0011827956989247312,True
gemma-3-27b-it,libertarian_left,persona_vocab_overlap_fraction,18600,0.14664234511008706,0.13758192524321555,-0.009060419866871481,True
gemma-3-27b-it,libertarian_right,stage1_tokens,18600,237.20198924731181,217.4265053763441,-19.775483870967744,True
gemma-3-27b-it,libertarian_right,visible_words,18600,172.32677419354837,157.15956989247312,-15.16720430107527,True
gemma-3-27b-it,libertarian_right,classification_entropy,18600,0.020310907736463858,0.019159232628508136,-0.0011516751079557177,True
gemma-3-27b-it,libertarian_right,classification_margin,18600,0.9831358252036326,0.9840773160404938,0.0009414908368611168,True
gemma-3-27b-it,libertarian_right,explicit_stance_found,18600,0.9734408602150537,0.9798387096774194,0.006397849462365592,True
gemma-3-27b-it,libertarian_right,stage1_stage2_agree,18600,0.8999462365591397,0.9076881720430108,0.007741935483870968,True
gemma-3-27b-it,libertarian_right,target_aligned,18300,0.740983606557377,0.7249726775956284,-0.016010928961748633,True
gemma-3-27b-it,libertarian_right,target_projection_expected,18300,0.1694090094091438,0.1600277499026762,-0.009381259506467603,True
gemma-3-27b-it,libertarian_right,visible_hedging_present,18600,0.28317204301075266,0.2774731182795699,-0.005698924731182796,True
gemma-3-27b-it,libertarian_right,visible_balance_present,18600,0.0786021505376344,0.07795698924731183,-0.0006451612903225806,True
gemma-3-27b-it,libertarian_right,visible_actual_refusal_present,18600,0.0014516129032258066,0.0005376344086021505,-0.0009139784946236559,True
gemma-3-27b-it,libertarian_right,visible_moral_distance_present,18600,0.05946236559139785,0.03327956989247312,-0.026182795698924732,True
gemma-3-27b-it,libertarian_right,visible_persona_meta_present,18600,0.23327956989247312,0.2264516129032258,-0.006827956989247312,True
gemma-3-27b-it,libertarian_right,visible_self_correction_present,18600,0.038655913978494626,0.03801075268817204,-0.0006451612903225806,True
gemma-3-27b-it,libertarian_right,visible_counterargument_present,18600,0.012849462365591398,0.013440860215053764,0.0005913978494623656,True
gemma-3-27b-it,libertarian_right,persona_vocab_overlap_fraction,18600,0.14974822974036192,0.14237214791502753,-0.007376081825334382,True
Qwen3-4B_no_think,all,stage1_tokens,111600,152.2400806451613,217.95129928315413,65.71121863799283,False
Qwen3-4B_no_think,all,visible_words,111600,117.38208781362007,158.10022401433693,40.71813620071685,False
Qwen3-4B_no_think,all,classification_entropy,111600,0.009412296950384622,0.023689422841062704,0.01427712589067808,False
Qwen3-4B_no_think,all,classification_margin,111600,0.9933267282131969,0.9804238861889989,-0.012902842024197853,False
Qwen3-4B_no_think,all,explicit_stance_found,111600,0.9961111111111111,0.9774551971326165,-0.018655913978494625,False
Qwen3-4B_no_think,all,stage1_stage2_agree,111600,0.970752688172043,0.8899014336917562,-0.08085125448028674,False
Qwen3-4B_no_think,all,target_aligned,73200,0.6885245901639344,0.7462158469945355,0.05769125683060109,False
Qwen3-4B_no_think,all,target_projection_expected,73200,0.11092180614614447,0.1613747905066543,0.05045298436050983,False
Qwen3-4B_no_think,all,visible_hedging_present,111600,0.30240143369175626,0.3181989247311828,0.015797491039426525,False
Qwen3-4B_no_think,all,visible_balance_present,111600,0.15295698924731183,0.15051075268817204,-0.002446236559139785,False
Qwen3-4B_no_think,all,visible_actual_refusal_present,111600,5.3763440860215054e-05,0.00043906810035842294,0.0003853046594982079,False
Qwen3-4B_no_think,all,visible_moral_distance_present,111600,0.0032974910394265233,0.03289426523297491,0.02959677419354839,False
Qwen3-4B_no_think,all,visible_persona_meta_present,111600,0.2164068100358423,0.21170250896057347,-0.004704301075268817,False
Qwen3-4B_no_think,all,visible_self_correction_present,111600,0.005806451612903226,0.037240143369175624,0.0314336917562724,False
Qwen3-4B_no_think,all,visible_counterargument_present,111600,0.027383512544802868,0.01746415770609319,-0.009919354838709678,False
Qwen3-4B_no_think,all,persona_vocab_overlap_fraction,111600,0.10702198768817252,0.10504631894948697,-0.0019756687386855544,False
Qwen3-4B_no_think,authoritarian_left,stage1_tokens,18600,150.29994623655915,210.74962365591398,60.44967741935484,False
Qwen3-4B_no_think,authoritarian_left,visible_words,18600,115.86682795698924,155.5151075268817,39.64827956989247,False
Qwen3-4B_no_think,authoritarian_left,classification_entropy,18600,0.007045620491281513,0.019614164020588187,0.012568543529306671,False
Qwen3-4B_no_think,authoritarian_left,classification_margin,18600,0.9948694400242232,0.9838789870443302,-0.010990452979892843,False
Qwen3-4B_no_think,authoritarian_left,explicit_stance_found,18600,0.9958602150537634,0.986021505376344,-0.009838709677419354,False
Qwen3-4B_no_think,authoritarian_left,stage1_stage2_agree,18600,0.9803225806451613,0.9139784946236559,-0.06634408602150538,False
Qwen3-4B_no_think,authoritarian_left,target_aligned,18300,0.6786338797814208,0.6476502732240437,-0.030983606557377048,False
Qwen3-4B_no_think,authoritarian_left,target_projection_expected,18300,0.12691680749123962,0.131931154646051,0.005014347154811397,False
Qwen3-4B_no_think,authoritarian_left,visible_hedging_present,18600,0.2506451612903226,0.266505376344086,0.015860215053763442,False
Qwen3-4B_no_think,authoritarian_left,visible_balance_present,18600,0.059408602150537636,0.07349462365591398,0.014086021505376344,False
Qwen3-4B_no_think,authoritarian_left,visible_actual_refusal_present,18600,0.00010752688172043011,0.0,-0.00010752688172043011,False
Qwen3-4B_no_think,authoritarian_left,visible_moral_distance_present,18600,0.002956989247311828,0.030591397849462364,0.027634408602150537,False
Qwen3-4B_no_think,authoritarian_left,visible_persona_meta_present,18600,0.25483870967741934,0.25327956989247313,-0.0015591397849462367,False
Qwen3-4B_no_think,authoritarian_left,visible_self_correction_present,18600,0.003709677419354839,0.023118279569892472,0.019408602150537635,False
Qwen3-4B_no_think,authoritarian_left,visible_counterargument_present,18600,0.013655913978494624,0.005752688172043011,-0.007903225806451614,False
Qwen3-4B_no_think,authoritarian_left,persona_vocab_overlap_fraction,18600,0.13858839709927484,0.12346086521630407,-0.015127531882970745,False
Qwen3-4B_no_think,authoritarian_right,stage1_tokens,18600,146.47172043010752,202.16887096774192,55.69715053763441,False
Qwen3-4B_no_think,authoritarian_right,visible_words,18600,113.31268817204301,147.36268817204302,34.05,False
Qwen3-4B_no_think,authoritarian_right,classification_entropy,18600,0.006914237765817498,0.019198871731071213,0.01228463396525372,False
Qwen3-4B_no_think,authoritarian_right,classification_margin,18600,0.9948542909570981,0.984236084925396,-0.01061820603170207,False
Qwen3-4B_no_think,authoritarian_right,explicit_stance_found,18600,0.9960752688172043,0.980752688172043,-0.01532258064516129,False
Qwen3-4B_no_think,authoritarian_right,stage1_stage2_agree,18600,0.9793010752688172,0.9120967741935484,-0.06720430107526881,False
Qwen3-4B_no_think,authoritarian_right,target_aligned,18300,0.7118579234972677,0.7891256830601093,0.07726775956284153,False
Qwen3-4B_no_think,authoritarian_right,target_projection_expected,18300,0.09737159805846285,0.16939486227181857,0.07202326421335575,False
Qwen3-4B_no_think,authoritarian_right,visible_hedging_present,18600,0.26344086021505375,0.257741935483871,-0.005698924731182796,False
Qwen3-4B_no_think,authoritarian_right,visible_balance_present,18600,0.07016129032258064,0.07279569892473119,0.0026344086021505377,False
Qwen3-4B_no_think,authoritarian_right,visible_actual_refusal_present,18600,5.3763440860215054e-05,0.00026881720430107527,0.00021505376344086021,False
Qwen3-4B_no_think,authoritarian_right,visible_moral_distance_present,18600,0.0015591397849462367,0.00967741935483871,0.008118279569892473,False
Qwen3-4B_no_think,authoritarian_right,visible_persona_meta_present,18600,0.2046236559139785,0.16774193548387098,-0.036881720430107526,False
Qwen3-4B_no_think,authoritarian_right,visible_self_correction_present,18600,0.0035483870967741938,0.02338709677419355,0.019838709677419356,False
Qwen3-4B_no_think,authoritarian_right,visible_counterargument_present,18600,0.017419354838709676,0.006290322580645161,-0.011129032258064516,False
Qwen3-4B_no_think,authoritarian_right,persona_vocab_overlap_fraction,18600,0.12911469534050177,0.11760454002389485,-0.011510155316606931,False
Qwen3-4B_no_think,base,stage1_tokens,18600,142.38521505376343,214.18075268817205,71.7955376344086,False
Qwen3-4B_no_think,base,visible_words,18600,107.73440860215054,152.8075806451613,45.07317204301075,False
Qwen3-4B_no_think,base,classification_entropy,18600,0.012005719835881251,0.035425272149065476,0.02341955231318423,False
Qwen3-4B_no_think,base,classification_margin,18600,0.9915432584350143,0.9707019917719882,-0.020841266663026072,False
Qwen3-4B_no_think,base,explicit_stance_found,18600,0.9927956989247312,0.9512903225806452,-0.04150537634408602,False
Qwen3-4B_no_think,base,stage1_stage2_agree,18600,0.9605376344086022,0.8327956989247312,-0.12774193548387097,False
Qwen3-4B_no_think,base,visible_hedging_present,18600,0.36333333333333334,0.3621505376344086,-0.0011827956989247312,False
Qwen3-4B_no_think,base,visible_balance_present,18600,0.1278494623655914,0.12989247311827956,0.0020430107526881723,False
Qwen3-4B_no_think,base,visible_actual_refusal_present,18600,0.00010752688172043011,0.00010752688172043011,0.0,False
Qwen3-4B_no_think,base,visible_moral_distance_present,18600,0.0032795698924731184,0.019838709677419356,0.016559139784946237,False
Qwen3-4B_no_think,base,visible_persona_meta_present,18600,0.1093010752688172,0.11666666666666667,0.007365591397849462,False
Qwen3-4B_no_think,base,visible_self_correction_present,18600,0.010913978494623656,0.05543010752688172,0.044516129032258066,False
Qwen3-4B_no_think,base,visible_counterargument_present,18600,0.04704301075268817,0.01806451612903226,-0.028978494623655916,False
Qwen3-4B_no_think,base,persona_vocab_overlap_fraction,18600,0.0,0.0,0.0,False
Qwen3-4B_no_think,centrism,stage1_tokens,18600,156.02317204301076,225.01774193548388,68.99456989247312,False
Qwen3-4B_no_think,centrism,visible_words,18600,121.41440860215054,163.9559677419355,42.541559139784944,False
Qwen3-4B_no_think,centrism,classification_entropy,18600,0.011015561785700175,0.02788486199876879,0.01686930021306861,False
Qwen3-4B_no_think,centrism,classification_margin,18600,0.9924747356583499,0.9771908707654585,-0.015283864892891262,False
Qwen3-4B_no_think,centrism,explicit_stance_found,18600,0.9953763440860215,0.9867204301075269,-0.008655913978494623,False
Qwen3-4B_no_think,centrism,stage1_stage2_agree,18600,0.9614516129032258,0.87,-0.0914516129032258,False
Qwen3-4B_no_think,centrism,visible_hedging_present,18600,0.38048387096774194,0.45188172043010755,0.07139784946236559,False
Qwen3-4B_no_think,centrism,visible_balance_present,18600,0.5144623655913978,0.46725806451612906,-0.047204301075268816,False
Qwen3-4B_no_think,centrism,visible_actual_refusal_present,18600,0.0,0.0012903225806451613,0.0012903225806451613,False
Qwen3-4B_no_think,centrism,visible_moral_distance_present,18600,0.0024731182795698927,0.01682795698924731,0.01435483870967742,False
Qwen3-4B_no_think,centrism,visible_persona_meta_present,18600,0.1396774193548387,0.19451612903225807,0.054838709677419356,False
Qwen3-4B_no_think,centrism,visible_self_correction_present,18600,0.005053763440860215,0.035806451612903224,0.030752688172043012,False
Qwen3-4B_no_think,centrism,visible_counterargument_present,18600,0.033709677419354836,0.041774193548387094,0.008064516129032258,False
Qwen3-4B_no_think,centrism,persona_vocab_overlap_fraction,18600,0.11276881720430107,0.1092584352984798,-0.0035103819058212834,False
Qwen3-4B_no_think,libertarian_left,stage1_tokens,18600,163.13736559139784,238.1643010752688,75.02693548387097,False
Qwen3-4B_no_think,libertarian_left,visible_words,18600,125.82806451612903,171.8004301075269,45.972365591397846,False
Qwen3-4B_no_think,libertarian_left,classification_entropy,18600,0.010664240485209418,0.020854134518374416,0.010189894033164996,False
Qwen3-4B_no_think,libertarian_left,classification_margin,18600,0.9926598172188235,0.9824580665863264,-0.010201750632497232,False
Qwen3-4B_no_think,libertarian_left,explicit_stance_found,18600,0.9986559139784946,0.9801075268817204,-0.018548387096774192,False
Qwen3-4B_no_think,libertarian_left,stage1_stage2_agree,18600,0.9705913978494624,0.9028494623655914,-0.06774193548387097,False
Qwen3-4B_no_think,libertarian_left,target_aligned,18300,0.7254098360655737,0.8231147540983607,0.09770491803278689,False
Qwen3-4B_no_think,libertarian_left,target_projection_expected,18300,0.1164204500767866,0.1841453952060714,0.06772494512928479,False
Qwen3-4B_no_think,libertarian_left,visible_hedging_present,18600,0.28344086021505377,0.2934408602150538,0.01,False
Qwen3-4B_no_think,libertarian_left,visible_balance_present,18600,0.09123655913978494,0.08166666666666667,-0.009569892473118279,False
Qwen3-4B_no_think,libertarian_left,visible_actual_refusal_present,18600,5.3763440860215054e-05,0.00043010752688172043,0.0003763440860215054,False
Qwen3-4B_no_think,libertarian_left,visible_moral_distance_present,18600,0.006827956989247312,0.0871505376344086,0.08032258064516129,False
Qwen3-4B_no_think,libertarian_left,visible_persona_meta_present,18600,0.30134408602150536,0.31155913978494626,0.01021505376344086,False
Qwen3-4B_no_think,libertarian_left,visible_self_correction_present,18600,0.00532258064516129,0.047688172043010756,0.04236559139784946,False
Qwen3-4B_no_think,libertarian_left,visible_counterargument_present,18600,0.026290322580645162,0.01946236559139785,-0.006827956989247312,False
Qwen3-4B_no_think,libertarian_left,persona_vocab_overlap_fraction,18600,0.1295199692780338,0.13758192524321555,0.00806195596518177,False
Qwen3-4B_no_think,libertarian_right,stage1_tokens,18600,155.12306451612903,217.4265053763441,62.303440860215055,False
Qwen3-4B_no_think,libertarian_right,visible_words,18600,120.13612903225807,157.15956989247312,37.023440860215054,False
Qwen3-4B_no_think,libertarian_right,classification_entropy,18600,0.008828401338417868,0.019159232628508136,0.010330831290090268,False
Qwen3-4B_no_think,libertarian_right,classification_margin,18600,0.9935588269856714,0.9840773160404938,-0.009481510945177645,False
Qwen3-4B_no_think,libertarian_right,explicit_stance_found,18600,0.9979032258064516,0.9798387096774194,-0.01806451612903226,False
Qwen3-4B_no_think,libertarian_right,stage1_stage2_agree,18600,0.9723118279569892,0.9076881720430108,-0.06462365591397849,False
Qwen3-4B_no_think,libertarian_right,target_aligned,18300,0.6381967213114754,0.7249726775956284,0.08677595628415301,False
Qwen3-4B_no_think,libertarian_right,target_projection_expected,18300,0.10297836895808882,0.1600277499026762,0.057049380944587384,False
Qwen3-4B_no_think,libertarian_right,visible_hedging_present,18600,0.27306451612903226,0.2774731182795699,0.004408602150537635,False
Qwen3-4B_no_think,libertarian_right,visible_balance_present,18600,0.0546236559139785,0.07795698924731183,0.023333333333333334,False
Qwen3-4B_no_think,libertarian_right,visible_actual_refusal_present,18600,0.0,0.0005376344086021505,0.0005376344086021505,False
Qwen3-4B_no_think,libertarian_right,visible_moral_distance_present,18600,0.002688172043010753,0.03327956989247312,0.030591397849462364,False
Qwen3-4B_no_think,libertarian_right,visible_persona_meta_present,18600,0.2886559139784946,0.2264516129032258,-0.062204301075268816,False
Qwen3-4B_no_think,libertarian_right,visible_self_correction_present,18600,0.006290322580645161,0.03801075268817204,0.031720430107526884,False
Qwen3-4B_no_think,libertarian_right,visible_counterargument_present,18600,0.026182795698924732,0.013440860215053764,-0.012741935483870967,False
Qwen3-4B_no_think,libertarian_right,persona_vocab_overlap_fraction,18600,0.13214004720692368,0.14237214791502753,0.010232100708103854,False
Qwen3-8B_no_think,all,stage1_tokens,111600,165.22263440860215,217.95129928315413,52.728664874551974,False
Qwen3-8B_no_think,all,visible_words,111600,126.44389784946236,158.10022401433693,31.656326164874553,False
Qwen3-8B_no_think,all,classification_entropy,111600,0.025432171681316413,0.023689422841062704,-0.0017427488402537146,False
Qwen3-8B_no_think,all,classification_margin,111600,0.9868105083897947,0.9804238861889989,-0.006386622200795804,False
Qwen3-8B_no_think,all,explicit_stance_found,111600,0.9988440860215054,0.9774551971326165,-0.021388888888888888,False
Qwen3-8B_no_think,all,stage1_stage2_agree,111600,0.9810304659498208,0.8899014336917562,-0.09112903225806451,False
Qwen3-8B_no_think,all,target_aligned,73200,0.7009426229508197,0.7462158469945355,0.045273224043715844,False
Qwen3-8B_no_think,all,target_projection_expected,73200,0.12636282537459564,0.1613747905066543,0.035011965132058655,False
Qwen3-8B_no_think,all,visible_hedging_present,111600,0.33060931899641577,0.3181989247311828,-0.012410394265232974,False
Qwen3-8B_no_think,all,visible_balance_present,111600,0.1489247311827957,0.15051075268817204,0.001586021505376344,False
Qwen3-8B_no_think,all,visible_actual_refusal_present,111600,4.4802867383512545e-05,0.00043906810035842294,0.0003942652329749104,False
Qwen3-8B_no_think,all,visible_moral_distance_present,111600,0.004919354838709677,0.03289426523297491,0.027974910394265234,False
Qwen3-8B_no_think,all,visible_persona_meta_present,111600,0.27585125448028674,0.21170250896057347,-0.06414874551971327,False
Qwen3-8B_no_think,all,visible_self_correction_present,111600,0.006218637992831541,0.037240143369175624,0.031021505376344086,False
Qwen3-8B_no_think,all,visible_counterargument_present,111600,0.02853046594982079,0.01746415770609319,-0.0110663082437276,False
Qwen3-8B_no_think,all,persona_vocab_overlap_fraction,111600,0.11395353224856648,0.10504631894948697,-0.008907213299079505,False
Qwen3-8B_no_think,authoritarian_left,stage1_tokens,18600,163.44010752688172,210.74962365591398,47.30951612903226,False
Qwen3-8B_no_think,authoritarian_left,visible_words,18600,126.03930107526882,155.5151075268817,29.475806451612904,False
Qwen3-8B_no_think,authoritarian_left,classification_entropy,18600,0.025248017540533674,0.019614164020588187,-0.005633853519945493,False
Qwen3-8B_no_think,authoritarian_left,classification_margin,18600,0.9870034021285229,0.9838789870443302,-0.0031244150841926704,False
Qwen3-8B_no_think,authoritarian_left,explicit_stance_found,18600,0.998978494623656,0.986021505376344,-0.012956989247311828,False
Qwen3-8B_no_think,authoritarian_left,stage1_stage2_agree,18600,0.9803763440860215,0.9139784946236559,-0.06639784946236559,False
Qwen3-8B_no_think,authoritarian_left,target_aligned,18300,0.5655737704918032,0.6476502732240437,0.08207650273224043,False
Qwen3-8B_no_think,authoritarian_left,target_projection_expected,18300,0.09525232415584593,0.131931154646051,0.036678830490205074,False
Qwen3-8B_no_think,authoritarian_left,visible_hedging_present,18600,0.2917204301075269,0.266505376344086,-0.02521505376344086,False
Qwen3-8B_no_think,authoritarian_left,visible_balance_present,18600,0.07505376344086022,0.07349462365591398,-0.0015591397849462367,False
Qwen3-8B_no_think,authoritarian_left,visible_actual_refusal_present,18600,0.0,0.0,0.0,False
Qwen3-8B_no_think,authoritarian_left,visible_moral_distance_present,18600,0.006129032258064516,0.030591397849462364,0.02446236559139785,False
Qwen3-8B_no_think,authoritarian_left,visible_persona_meta_present,18600,0.3596774193548387,0.25327956989247313,-0.10639784946236559,False
Qwen3-8B_no_think,authoritarian_left,visible_self_correction_present,18600,0.0026344086021505377,0.023118279569892472,0.020483870967741936,False
Qwen3-8B_no_think,authoritarian_left,visible_counterargument_present,18600,0.01736559139784946,0.005752688172043011,-0.011612903225806452,False
Qwen3-8B_no_think,authoritarian_left,persona_vocab_overlap_fraction,18600,0.14,0.12346086521630407,-0.016539134783695925,False
Qwen3-8B_no_think,authoritarian_right,stage1_tokens,18600,162.31360215053763,202.16887096774192,39.8552688172043,False
Qwen3-8B_no_think,authoritarian_right,visible_words,18600,125.75548387096774,147.36268817204302,21.607204301075267,False
Qwen3-8B_no_think,authoritarian_right,classification_entropy,18600,0.023349741326985356,0.019198871731071213,-0.004150869595914139,False
Qwen3-8B_no_think,authoritarian_right,classification_margin,18600,0.9871317241732803,0.984236084925396,-0.002895639247884301,False
Qwen3-8B_no_think,authoritarian_right,explicit_stance_found,18600,0.9982258064516129,0.980752688172043,-0.01747311827956989,False
Qwen3-8B_no_think,authoritarian_right,stage1_stage2_agree,18600,0.9833870967741936,0.9120967741935484,-0.07129032258064516,False
Qwen3-8B_no_think,authoritarian_right,target_aligned,18300,0.7183606557377049,0.7891256830601093,0.07076502732240438,False
Qwen3-8B_no_think,authoritarian_right,target_projection_expected,18300,0.1113570909563525,0.16939486227181857,0.05803777131546607,False
Qwen3-8B_no_think,authoritarian_right,visible_hedging_present,18600,0.3163440860215054,0.257741935483871,-0.05860215053763441,False
Qwen3-8B_no_think,authoritarian_right,visible_balance_present,18600,0.07827956989247312,0.07279569892473119,-0.005483870967741935,False
Qwen3-8B_no_think,authoritarian_right,visible_actual_refusal_present,18600,0.00010752688172043011,0.00026881720430107527,0.00016129032258064516,False
Qwen3-8B_no_think,authoritarian_right,visible_moral_distance_present,18600,0.002795698924731183,0.00967741935483871,0.006881720430107527,False
Qwen3-8B_no_think,authoritarian_right,visible_persona_meta_present,18600,0.3339784946236559,0.16774193548387098,-0.16623655913978494,False
Qwen3-8B_no_think,authoritarian_right,visible_self_correction_present,18600,0.00489247311827957,0.02338709677419355,0.018494623655913978,False
Qwen3-8B_no_think,authoritarian_right,visible_counterargument_present,18600,0.027258064516129034,0.006290322580645161,-0.020967741935483872,False
Qwen3-8B_no_think,authoritarian_right,persona_vocab_overlap_fraction,18600,0.13801672640382318,0.11760454002389485,-0.020412186379928313,False
Qwen3-8B_no_think,base,stage1_tokens,18600,156.8178494623656,214.18075268817205,57.36290322580645,False
Qwen3-8B_no_think,base,visible_words,18600,117.06892473118279,152.8075806451613,35.7386559139785,False
Qwen3-8B_no_think,base,classification_entropy,18600,0.027911072529350208,0.035425272149065476,0.007514199619715275,False
Qwen3-8B_no_think,base,classification_margin,18600,0.9862740079377929,0.9707019917719882,-0.015572016165804562,False
Qwen3-8B_no_think,base,explicit_stance_found,18600,0.998978494623656,0.9512903225806452,-0.047688172043010756,False
Qwen3-8B_no_think,base,stage1_stage2_agree,18600,0.9822043010752688,0.8327956989247312,-0.14940860215053764,False
Qwen3-8B_no_think,base,visible_hedging_present,18600,0.4025268817204301,0.3621505376344086,-0.040376344086021504,False
Qwen3-8B_no_think,base,visible_balance_present,18600,0.13274193548387098,0.12989247311827956,-0.002849462365591398,False
Qwen3-8B_no_think,base,visible_actual_refusal_present,18600,0.0,0.00010752688172043011,0.00010752688172043011,False
Qwen3-8B_no_think,base,visible_moral_distance_present,18600,0.0024731182795698927,0.019838709677419356,0.01736559139784946,False
Qwen3-8B_no_think,base,visible_persona_meta_present,18600,0.13774193548387098,0.11666666666666667,-0.021075268817204302,False
Qwen3-8B_no_think,base,visible_self_correction_present,18600,0.012043010752688172,0.05543010752688172,0.04338709677419355,False
Qwen3-8B_no_think,base,visible_counterargument_present,18600,0.035376344086021506,0.01806451612903226,-0.017311827956989247,False
Qwen3-8B_no_think,base,persona_vocab_overlap_fraction,18600,0.0,0.0,0.0,False
Qwen3-8B_no_think,centrism,stage1_tokens,18600,166.53887096774193,225.01774193548388,58.47887096774193,False
Qwen3-8B_no_think,centrism,visible_words,18600,127.40586021505376,163.9559677419355,36.55010752688172,False
Qwen3-8B_no_think,centrism,classification_entropy,18600,0.026617772796615802,0.02788486199876879,0.0012670892021529824,False
Qwen3-8B_no_think,centrism,classification_margin,18600,0.9870813715265115,0.9771908707654585,-0.009890500761053122,False
Qwen3-8B_no_think,centrism,explicit_stance_found,18600,0.9988172043010752,0.9867204301075269,-0.012096774193548387,False
Qwen3-8B_no_think,centrism,stage1_stage2_agree,18600,0.9769892473118279,0.87,-0.10698924731182796,False
Qwen3-8B_no_think,centrism,visible_hedging_present,18600,0.42494623655913977,0.45188172043010755,0.026935483870967742,False
Qwen3-8B_no_think,centrism,visible_balance_present,18600,0.4660752688172043,0.46725806451612906,0.0011827956989247312,False
Qwen3-8B_no_think,centrism,visible_actual_refusal_present,18600,0.0,0.0012903225806451613,0.0012903225806451613,False
Qwen3-8B_no_think,centrism,visible_moral_distance_present,18600,0.0016666666666666668,0.01682795698924731,0.015161290322580645,False
Qwen3-8B_no_think,centrism,visible_persona_meta_present,18600,0.2510752688172043,0.19451612903225807,-0.056559139784946234,False
Qwen3-8B_no_think,centrism,visible_self_correction_present,18600,0.00564516129032258,0.035806451612903224,0.030161290322580647,False
Qwen3-8B_no_think,centrism,visible_counterargument_present,18600,0.04059139784946236,0.041774193548387094,0.0011827956989247312,False
Qwen3-8B_no_think,centrism,persona_vocab_overlap_fraction,18600,0.11444289951798295,0.1092584352984798,-0.0051844642195031515,False
Qwen3-8B_no_think,libertarian_left,stage1_tokens,18600,173.53064516129032,238.1643010752688,64.6336559139785,False
Qwen3-8B_no_think,libertarian_left,visible_words,18600,132.21236559139786,171.8004301075269,39.58806451612903,False
Qwen3-8B_no_think,libertarian_left,classification_entropy,18600,0.02503021076848065,0.020854134518374416,-0.004176076250106237,False
Qwen3-8B_no_think,libertarian_left,classification_margin,18600,0.9866883460787628,0.9824580665863264,-0.00423027949243645,False
Qwen3-8B_no_think,libertarian_left,explicit_stance_found,18600,0.9988709677419355,0.9801075268817204,-0.018763440860215055,False
Qwen3-8B_no_think,libertarian_left,stage1_stage2_agree,18600,0.9802150537634409,0.9028494623655914,-0.07736559139784946,False
Qwen3-8B_no_think,libertarian_left,target_aligned,18300,0.8105464480874317,0.8231147540983607,0.012568306010928962,False
Qwen3-8B_no_think,libertarian_left,target_projection_expected,18300,0.15787923885449778,0.1841453952060714,0.026266156351573616,False
Qwen3-8B_no_think,libertarian_left,visible_hedging_present,18600,0.25629032258064516,0.2934408602150538,0.0371505376344086,False
Qwen3-8B_no_think,libertarian_left,visible_balance_present,18600,0.07456989247311828,0.08166666666666667,0.0070967741935483875,False
Qwen3-8B_no_think,libertarian_left,visible_actual_refusal_present,18600,5.3763440860215054e-05,0.00043010752688172043,0.0003763440860215054,False
Qwen3-8B_no_think,libertarian_left,visible_moral_distance_present,18600,0.012204301075268818,0.0871505376344086,0.07494623655913979,False
Qwen3-8B_no_think,libertarian_left,visible_persona_meta_present,18600,0.29693548387096774,0.31155913978494626,0.014623655913978495,False
Qwen3-8B_no_think,libertarian_left,visible_self_correction_present,18600,0.005752688172043011,0.047688172043010756,0.041935483870967745,False
Qwen3-8B_no_think,libertarian_left,visible_counterargument_present,18600,0.02193548387096774,0.01946236559139785,-0.0024731182795698927,False
Qwen3-8B_no_think,libertarian_left,persona_vocab_overlap_fraction,18600,0.1412327188940092,0.13758192524321555,-0.003650793650793651,False
Qwen3-8B_no_think,libertarian_right,stage1_tokens,18600,168.6947311827957,217.4265053763441,48.73177419354839,False
Qwen3-8B_no_think,libertarian_right,visible_words,18600,130.18145161290323,157.15956989247312,26.97811827956989,False
Qwen3-8B_no_think,libertarian_right,classification_entropy,18600,0.02443621512593281,0.019159232628508136,-0.0052769824974246765,False
Qwen3-8B_no_think,libertarian_right,classification_margin,18600,0.9866841984938974,0.9840773160404938,-0.0026068824534037187,False
Qwen3-8B_no_think,libertarian_right,explicit_stance_found,18600,0.9991935483870967,0.9798387096774194,-0.01935483870967742,False
Qwen3-8B_no_think,libertarian_right,stage1_stage2_agree,18600,0.9830107526881721,0.9076881720430108,-0.07532258064516129,False
Qwen3-8B_no_think,libertarian_right,target_aligned,18300,0.7092896174863388,0.7249726775956284,0.015683060109289618,False
Qwen3-8B_no_think,libertarian_right,target_projection_expected,18300,0.14096264753168636,0.1600277499026762,0.01906510237098986,False
Qwen3-8B_no_think,libertarian_right,visible_hedging_present,18600,0.2918279569892473,0.2774731182795699,-0.01435483870967742,False
Qwen3-8B_no_think,libertarian_right,visible_balance_present,18600,0.06682795698924732,0.07795698924731183,0.011129032258064516,False
Qwen3-8B_no_think,libertarian_right,visible_actual_refusal_present,18600,0.00010752688172043011,0.0005376344086021505,0.00043010752688172043,False
Qwen3-8B_no_think,libertarian_right,visible_moral_distance_present,18600,0.00424731182795699,0.03327956989247312,0.02903225806451613,False
Qwen3-8B_no_think,libertarian_right,visible_persona_meta_present,18600,0.2756989247311828,0.2264516129032258,-0.04924731182795699,False
Qwen3-8B_no_think,libertarian_right,visible_self_correction_present,18600,0.006344086021505376,0.03801075268817204,0.03166666666666667,False
Qwen3-8B_no_think,libertarian_right,visible_counterargument_present,18600,0.028655913978494624,0.013440860215053764,-0.01521505376344086,False
Qwen3-8B_no_think,libertarian_right,persona_vocab_overlap_fraction,18600,0.15002884867558353,0.14237214791502753,-0.007656700760555992,False
Qwen3-14B_no_think,all,stage1_tokens,111600,147.3983064516129,217.95129928315413,70.55299283154122,False
Qwen3-14B_no_think,all,visible_words,111600,113.64459677419354,158.10022401433693,44.45562724014337,False
Qwen3-14B_no_think,all,classification_entropy,111600,0.019511459602543416,0.023689422841062704,0.00417796323851929,False
Qwen3-14B_no_think,all,classification_margin,111600,0.9885707629981731,0.9804238861889989,-0.008146876809174286,False
Qwen3-14B_no_think,all,explicit_stance_found,111600,0.9980824372759857,0.9774551971326165,-0.020627240143369176,False
Qwen3-14B_no_think,all,stage1_stage2_agree,111600,0.9819623655913978,0.8899014336917562,-0.09206093189964158,False
Qwen3-14B_no_think,all,target_aligned,73200,0.7011885245901639,0.7462158469945355,0.045027322404371586,False
Qwen3-14B_no_think,all,target_projection_expected,73200,0.13322346320826486,0.1613747905066543,0.028151327298389435,False
Qwen3-14B_no_think,all,visible_hedging_present,111600,0.32628136200716845,0.3181989247311828,-0.008082437275985663,False
Qwen3-14B_no_think,all,visible_balance_present,111600,0.15422939068100358,0.15051075268817204,-0.0037186379928315413,False
Qwen3-14B_no_think,all,visible_actual_refusal_present,111600,0.00021505376344086021,0.00043906810035842294,0.00022401433691756272,False
Qwen3-14B_no_think,all,visible_moral_distance_present,111600,0.0028763440860215053,0.03289426523297491,0.030017921146953404,False
Qwen3-14B_no_think,all,visible_persona_meta_present,111600,0.22166666666666668,0.21170250896057347,-0.00996415770609319,False
Qwen3-14B_no_think,all,visible_self_correction_present,111600,0.00917562724014337,0.037240143369175624,0.028064516129032258,False
Qwen3-14B_no_think,all,visible_counterargument_present,111600,0.030528673835125447,0.01746415770609319,-0.013064516129032259,False
Qwen3-14B_no_think,all,persona_vocab_overlap_fraction,111600,0.11247098536107145,0.10504631894948697,-0.0074246664115844505,False
Qwen3-14B_no_think,authoritarian_left,stage1_tokens,18600,149.32166666666666,210.74962365591398,61.42795698924731,False
Qwen3-14B_no_think,authoritarian_left,visible_words,18600,114.37752688172043,155.5151075268817,41.13758064516129,False
Qwen3-14B_no_think,authoritarian_left,classification_entropy,18600,0.01773171524365748,0.019614164020588187,0.0018824487769307059,False
Qwen3-14B_no_think,authoritarian_left,classification_margin,18600,0.9896144684927412,0.9838789870443302,-0.005735481448410717,False
Qwen3-14B_no_think,authoritarian_left,explicit_stance_found,18600,0.9986559139784946,0.986021505376344,-0.012634408602150538,False
Qwen3-14B_no_think,authoritarian_left,stage1_stage2_agree,18600,0.980752688172043,0.9139784946236559,-0.0667741935483871,False
Qwen3-14B_no_think,authoritarian_left,target_aligned,18300,0.5218579234972678,0.6476502732240437,0.12579234972677594,False
Qwen3-14B_no_think,authoritarian_left,target_projection_expected,18300,0.07519121310388276,0.131931154646051,0.05673994154216827,False
Qwen3-14B_no_think,authoritarian_left,visible_hedging_present,18600,0.2478494623655914,0.266505376344086,0.018655913978494625,False
Qwen3-14B_no_think,authoritarian_left,visible_balance_present,18600,0.056666666666666664,0.07349462365591398,0.01682795698924731,False
Qwen3-14B_no_think,authoritarian_left,visible_actual_refusal_present,18600,0.00021505376344086021,0.0,-0.00021505376344086021,False
Qwen3-14B_no_think,authoritarian_left,visible_moral_distance_present,18600,0.0033870967741935483,0.030591397849462364,0.027204301075268816,False
Qwen3-14B_no_think,authoritarian_left,visible_persona_meta_present,18600,0.2831182795698925,0.25327956989247313,-0.029838709677419355,False
Qwen3-14B_no_think,authoritarian_left,visible_self_correction_present,18600,0.004462365591397849,0.023118279569892472,0.018655913978494625,False
Qwen3-14B_no_think,authoritarian_left,visible_counterargument_present,18600,0.01532258064516129,0.005752688172043011,-0.009569892473118279,False
Qwen3-14B_no_think,authoritarian_left,persona_vocab_overlap_fraction,18600,0.1446349087271818,0.12346086521630407,-0.021174043510877722,False
Qwen3-14B_no_think,authoritarian_right,stage1_tokens,18600,141.45849462365592,202.16887096774192,60.71037634408602,False
Qwen3-14B_no_think,authoritarian_right,visible_words,18600,108.87177419354839,147.36268817204302,38.490913978494625,False
Qwen3-14B_no_think,authoritarian_right,classification_entropy,18600,0.016617413673407022,0.019198871731071213,0.0025814580576641916,False
Qwen3-14B_no_think,authoritarian_right,classification_margin,18600,0.990173752408696,0.984236084925396,-0.0059376674832998634,False
Qwen3-14B_no_think,authoritarian_right,explicit_stance_found,18600,0.9981182795698925,0.980752688172043,-0.01736559139784946,False
Qwen3-14B_no_think,authoritarian_right,stage1_stage2_agree,18600,0.9848387096774194,0.9120967741935484,-0.07274193548387096,False
Qwen3-14B_no_think,authoritarian_right,target_aligned,18300,0.7260655737704919,0.7891256830601093,0.06306010928961749,False
Qwen3-14B_no_think,authoritarian_right,target_projection_expected,18300,0.12251506270540884,0.16939486227181857,0.04687979956640974,False
Qwen3-14B_no_think,authoritarian_right,visible_hedging_present,18600,0.3149462365591398,0.257741935483871,-0.05720430107526882,False
Qwen3-14B_no_think,authoritarian_right,visible_balance_present,18600,0.06274193548387097,0.07279569892473119,0.010053763440860215,False
Qwen3-14B_no_think,authoritarian_right,visible_actual_refusal_present,18600,0.00021505376344086021,0.00026881720430107527,5.3763440860215054e-05,False
Qwen3-14B_no_think,authoritarian_right,visible_moral_distance_present,18600,0.0011827956989247312,0.00967741935483871,0.00849462365591398,False
Qwen3-14B_no_think,authoritarian_right,visible_persona_meta_present,18600,0.2659677419354839,0.16774193548387098,-0.0982258064516129,False
Qwen3-14B_no_think,authoritarian_right,visible_self_correction_present,18600,0.006075268817204301,0.02338709677419355,0.017311827956989247,False
Qwen3-14B_no_think,authoritarian_right,visible_counterargument_present,18600,0.019946236559139786,0.006290322580645161,-0.013655913978494624,False
Qwen3-14B_no_think,authoritarian_right,persona_vocab_overlap_fraction,18600,0.13828434886499405,0.11760454002389485,-0.020679808841099163,False
Qwen3-14B_no_think,base,stage1_tokens,18600,135.92021505376343,214.18075268817205,78.2605376344086,False
Qwen3-14B_no_think,base,visible_words,18600,104.14774193548386,152.8075806451613,48.659838709677416,False
Qwen3-14B_no_think,base,classification_entropy,18600,0.02320438149304171,0.035425272149065476,0.012220890656023765,False
Qwen3-14B_no_think,base,classification_margin,18600,0.9867067444196701,0.9707019917719882,-0.016004752647681926,False
Qwen3-14B_no_think,base,explicit_stance_found,18600,0.9946236559139785,0.9512903225806452,-0.043333333333333335,False
Qwen3-14B_no_think,base,stage1_stage2_agree,18600,0.9767204301075268,0.8327956989247312,-0.1439247311827957,False
Qwen3-14B_no_think,base,visible_hedging_present,18600,0.4120430107526882,0.3621505376344086,-0.04989247311827957,False
Qwen3-14B_no_think,base,visible_balance_present,18600,0.1475268817204301,0.12989247311827956,-0.01763440860215054,False
Qwen3-14B_no_think,base,visible_actual_refusal_present,18600,0.0,0.00010752688172043011,0.00010752688172043011,False
Qwen3-14B_no_think,base,visible_moral_distance_present,18600,0.0031182795698924733,0.019838709677419356,0.01672043010752688,False
Qwen3-14B_no_think,base,visible_persona_meta_present,18600,0.060698924731182796,0.11666666666666667,0.05596774193548387,False
Qwen3-14B_no_think,base,visible_self_correction_present,18600,0.018225806451612904,0.05543010752688172,0.037204301075268814,False
Qwen3-14B_no_think,base,visible_counterargument_present,18600,0.057043010752688174,0.01806451612903226,-0.038978494623655914,False
Qwen3-14B_no_think,base,persona_vocab_overlap_fraction,18600,0.0,0.0,0.0,False
Qwen3-14B_no_think,centrism,stage1_tokens,18600,149.10623655913977,225.01774193548388,75.91150537634408,False
Qwen3-14B_no_think,centrism,visible_words,18600,116.00403225806451,163.9559677419355,47.95193548387097,False
Qwen3-14B_no_think,centrism,classification_entropy,18600,0.020973095095910083,0.02788486199876879,0.0069117669028587025,False
Qwen3-14B_no_think,centrism,classification_margin,18600,0.9873446348047655,0.9771908707654585,-0.010153764039306932,False
Qwen3-14B_no_think,centrism,explicit_stance_found,18600,0.9984408602150537,0.9867204301075269,-0.011720430107526882,False
Qwen3-14B_no_think,centrism,stage1_stage2_agree,18600,0.9843010752688172,0.87,-0.1143010752688172,False
Qwen3-14B_no_think,centrism,visible_hedging_present,18600,0.4339784946236559,0.45188172043010755,0.017903225806451612,False
Qwen3-14B_no_think,centrism,visible_balance_present,18600,0.531989247311828,0.46725806451612906,-0.06473118279569892,False
Qwen3-14B_no_think,centrism,visible_actual_refusal_present,18600,0.00021505376344086021,0.0012903225806451613,0.001075268817204301,False
Qwen3-14B_no_think,centrism,visible_moral_distance_present,18600,0.0016129032258064516,0.01682795698924731,0.01521505376344086,False
Qwen3-14B_no_think,centrism,visible_persona_meta_present,18600,0.18908602150537634,0.19451612903225807,0.0054301075268817205,False
Qwen3-14B_no_think,centrism,visible_self_correction_present,18600,0.008602150537634409,0.035806451612903224,0.027204301075268816,False
Qwen3-14B_no_think,centrism,visible_counterargument_present,18600,0.04279569892473118,0.041774193548387094,-0.0010215053763440861,False
Qwen3-14B_no_think,centrism,persona_vocab_overlap_fraction,18600,0.1096755654430849,0.1092584352984798,-0.0004171301446051167,False
Qwen3-14B_no_think,libertarian_left,stage1_tokens,18600,158.61537634408603,238.1643010752688,79.5489247311828,False
Qwen3-14B_no_think,libertarian_left,visible_words,18600,122.1413440860215,171.8004301075269,49.659086021505374,False
Qwen3-14B_no_think,libertarian_left,classification_entropy,18600,0.01863433569624593,0.020854134518374416,0.0022197988221284845,False
Qwen3-14B_no_think,libertarian_left,classification_margin,18600,0.9891289107818791,0.9824580665863264,-0.006670844195552761,False
Qwen3-14B_no_think,libertarian_left,explicit_stance_found,18600,0.9993548387096775,0.9801075268817204,-0.01924731182795699,False
Qwen3-14B_no_think,libertarian_left,stage1_stage2_agree,18600,0.9816666666666667,0.9028494623655914,-0.07881720430107526,False
Qwen3-14B_no_think,libertarian_left,target_aligned,18300,0.8401092896174863,0.8231147540983607,-0.01699453551912568,False
Qwen3-14B_no_think,libertarian_left,target_projection_expected,18300,0.1994662298190049,0.1841453952060714,-0.015320834612933508,False
Qwen3-14B_no_think,libertarian_left,visible_hedging_present,18600,0.24548387096774194,0.2934408602150538,0.04795698924731183,False
Qwen3-14B_no_think,libertarian_left,visible_balance_present,18600,0.07091397849462365,0.08166666666666667,0.010752688172043012,False
Qwen3-14B_no_think,libertarian_left,visible_actual_refusal_present,18600,0.00021505376344086021,0.00043010752688172043,0.00021505376344086021,False
Qwen3-14B_no_think,libertarian_left,visible_moral_distance_present,18600,0.005806451612903226,0.0871505376344086,0.08134408602150538,False
Qwen3-14B_no_think,libertarian_left,visible_persona_meta_present,18600,0.2779032258064516,0.31155913978494626,0.03365591397849462,False
Qwen3-14B_no_think,libertarian_left,visible_self_correction_present,18600,0.009086021505376345,0.047688172043010756,0.03860215053763441,False
Qwen3-14B_no_think,libertarian_left,visible_counterargument_present,18600,0.022526881720430107,0.01946236559139785,-0.003064516129032258,False
Qwen3-14B_no_think,libertarian_left,persona_vocab_overlap_fraction,18600,0.13766513056835636,0.13758192524321555,-8.3205325140809e-05,False
Qwen3-14B_no_think,libertarian_right,stage1_tokens,18600,149.9678494623656,217.4265053763441,67.45865591397849,False
Qwen3-14B_no_think,libertarian_right,visible_words,18600,116.32516129032258,157.15956989247312,40.83440860215054,False
Qwen3-14B_no_think,libertarian_right,classification_entropy,18600,0.01990781641299825,0.019159232628508136,-0.000748583784490114,False
Qwen3-14B_no_think,libertarian_right,classification_margin,18600,0.9884560670812871,0.9840773160404938,-0.004378751040793519,False
Qwen3-14B_no_think,libertarian_right,explicit_stance_found,18600,0.9993010752688172,0.9798387096774194,-0.01946236559139785,False
Qwen3-14B_no_think,libertarian_right,stage1_stage2_agree,18600,0.983494623655914,0.9076881720430108,-0.07580645161290323,False
Qwen3-14B_no_think,libertarian_right,target_aligned,18300,0.7167213114754099,0.7249726775956284,0.00825136612021858,False
Qwen3-14B_no_think,libertarian_right,target_projection_expected,18300,0.135721347204763,0.1600277499026762,0.02430640269791323,False
Qwen3-14B_no_think,libertarian_right,visible_hedging_present,18600,0.30338709677419357,0.2774731182795699,-0.025913978494623655,False
Qwen3-14B_no_think,libertarian_right,visible_balance_present,18600,0.05553763440860215,0.07795698924731183,0.022419354838709677,False
Qwen3-14B_no_think,libertarian_right,visible_actual_refusal_present,18600,0.00043010752688172043,0.0005376344086021505,0.00010752688172043011,False
Qwen3-14B_no_think,libertarian_right,visible_moral_distance_present,18600,0.002150537634408602,0.03327956989247312,0.031129032258064515,False
Qwen3-14B_no_think,libertarian_right,visible_persona_meta_present,18600,0.2532258064516129,0.2264516129032258,-0.026774193548387098,False
Qwen3-14B_no_think,libertarian_right,visible_self_correction_present,18600,0.008602150537634409,0.03801075268817204,0.029408602150537633,False
Qwen3-14B_no_think,libertarian_right,visible_counterargument_present,18600,0.025537634408602152,0.013440860215053764,-0.012096774193548387,False
Qwen3-14B_no_think,libertarian_right,persona_vocab_overlap_fraction,18600,0.14456595856281143,0.14237214791502753,-0.0021938106477838977,False
Qwen3-32B_no_think,all,stage1_tokens,111600,144.66048387096774,217.95129928315413,73.29081541218638,False
Qwen3-32B_no_think,all,visible_words,111600,110.62314516129032,158.10022401433693,47.47707885304659,False
Qwen3-32B_no_think,all,classification_entropy,111600,0.07685686282301954,0.023689422841062704,-0.05316743998195683,False
Qwen3-32B_no_think,all,classification_margin,111600,0.971295305160866,0.9804238861889989,0.00912858102813294,False
Qwen3-32B_no_think,all,explicit_stance_found,111600,0.9981810035842293,0.9774551971326165,-0.020725806451612903,False
Qwen3-32B_no_think,all,stage1_stage2_agree,111600,0.9920161290322581,0.8899014336917562,-0.1021146953405018,False
Qwen3-32B_no_think,all,target_aligned,73200,0.776844262295082,0.7462158469945355,-0.030628415300546448,False
Qwen3-32B_no_think,all,target_projection_expected,73200,0.18774563060572869,0.1613747905066543,-0.02637084009907436,False
Qwen3-32B_no_think,all,visible_hedging_present,111600,0.3039964157706093,0.3181989247311828,0.014202508960573478,False
Qwen3-32B_no_think,all,visible_balance_present,111600,0.1735304659498208,0.15051075268817204,-0.023019713261648745,False
Qwen3-32B_no_think,all,visible_actual_refusal_present,111600,8.960573476702509e-05,0.00043906810035842294,0.00034946236559139785,False
Qwen3-32B_no_think,all,visible_moral_distance_present,111600,0.003575268817204301,0.03289426523297491,0.02931899641577061,False
Qwen3-32B_no_think,all,visible_persona_meta_present,111600,0.28068100358422937,0.21170250896057347,-0.06897849462365592,False
Qwen3-32B_no_think,all,visible_self_correction_present,111600,0.004775985663082437,0.037240143369175624,0.03246415770609319,False
Qwen3-32B_no_think,all,visible_counterargument_present,111600,0.025725806451612904,0.01746415770609319,-0.008261648745519714,False
Qwen3-32B_no_think,all,persona_vocab_overlap_fraction,111600,0.11667804150665204,0.10504631894948697,-0.011631722557165072,False
Qwen3-32B_no_think,authoritarian_left,stage1_tokens,18600,149.22247311827957,210.74962365591398,61.527150537634405,False
Qwen3-32B_no_think,authoritarian_left,visible_words,18600,114.45225806451613,155.5151075268817,41.06284946236559,False
Qwen3-32B_no_think,authoritarian_left,classification_entropy,18600,0.06999577039192763,0.019614164020588187,-0.050381606371339455,False
Qwen3-32B_no_think,authoritarian_left,classification_margin,18600,0.9738195403610156,0.9838789870443302,0.010059446683314729,False
Qwen3-32B_no_think,authoritarian_left,explicit_stance_found,18600,0.9987096774193548,0.986021505376344,-0.012688172043010752,False
Qwen3-32B_no_think,authoritarian_left,stage1_stage2_agree,18600,0.9939247311827957,0.9139784946236559,-0.07994623655913978,False
Qwen3-32B_no_think,authoritarian_left,target_aligned,18300,0.6195628415300547,0.6476502732240437,0.02808743169398907,False
Qwen3-32B_no_think,authoritarian_left,target_projection_expected,18300,0.13111916483865368,0.131931154646051,0.0008119898073973146,False
Qwen3-32B_no_think,authoritarian_left,visible_hedging_present,18600,0.2960215053763441,0.266505376344086,-0.029516129032258063,False
Qwen3-32B_no_think,authoritarian_left,visible_balance_present,18600,0.06709677419354838,0.07349462365591398,0.006397849462365592,False
Qwen3-32B_no_think,authoritarian_left,visible_actual_refusal_present,18600,0.0,0.0,0.0,False
Qwen3-32B_no_think,authoritarian_left,visible_moral_distance_present,18600,0.0015053763440860215,0.030591397849462364,0.029086021505376345,False
Qwen3-32B_no_think,authoritarian_left,visible_persona_meta_present,18600,0.3919354838709677,0.25327956989247313,-0.1386559139784946,False
Qwen3-32B_no_think,authoritarian_left,visible_self_correction_present,18600,0.0018279569892473118,0.023118279569892472,0.02129032258064516,False
Qwen3-32B_no_think,authoritarian_left,visible_counterargument_present,18600,0.013494623655913978,0.005752688172043011,-0.007741935483870968,False
Qwen3-32B_no_think,authoritarian_left,persona_vocab_overlap_fraction,18600,0.15542760690172544,0.12346086521630407,-0.03196674168542135,False
Qwen3-32B_no_think,authoritarian_right,stage1_tokens,18600,138.99198924731184,202.16887096774192,63.17688172043011,False
Qwen3-32B_no_think,authoritarian_right,visible_words,18600,106.8324193548387,147.36268817204302,40.5302688172043,False
Qwen3-32B_no_think,authoritarian_right,classification_entropy,18600,0.06166629505133879,0.019198871731071213,-0.042467423320267574,False
Qwen3-32B_no_think,authoritarian_right,classification_margin,18600,0.9774824874106172,0.984236084925396,0.006753597514778692,False
Qwen3-32B_no_think,authoritarian_right,explicit_stance_found,18600,0.9978494623655914,0.980752688172043,-0.017096774193548388,False
Qwen3-32B_no_think,authoritarian_right,stage1_stage2_agree,18600,0.9916666666666667,0.9120967741935484,-0.07956989247311828,False
Qwen3-32B_no_think,authoritarian_right,target_aligned,18300,0.8363387978142076,0.7891256830601093,-0.04721311475409836,False
Qwen3-32B_no_think,authoritarian_right,target_projection_expected,18300,0.199910935743555,0.16939486227181857,-0.030516073471736408,False
Qwen3-32B_no_think,authoritarian_right,visible_hedging_present,18600,0.31209677419354837,0.257741935483871,-0.05435483870967742,False
Qwen3-32B_no_think,authoritarian_right,visible_balance_present,18600,0.06419354838709677,0.07279569892473119,0.008602150537634409,False
Qwen3-32B_no_think,authoritarian_right,visible_actual_refusal_present,18600,0.00016129032258064516,0.00026881720430107527,0.00010752688172043011,False
Qwen3-32B_no_think,authoritarian_right,visible_moral_distance_present,18600,0.0007526881720430108,0.00967741935483871,0.008924731182795699,False
Qwen3-32B_no_think,authoritarian_right,visible_persona_meta_present,18600,0.3289247311827957,0.16774193548387098,-0.16118279569892474,False
Qwen3-32B_no_think,authoritarian_right,visible_self_correction_present,18600,0.002849462365591398,0.02338709677419355,0.02053763440860215,False
Qwen3-32B_no_think,authoritarian_right,visible_counterargument_present,18600,0.015698924731182794,0.006290322580645161,-0.009408602150537635,False
Qwen3-32B_no_think,authoritarian_right,persona_vocab_overlap_fraction,18600,0.14017204301075267,0.11760454002389485,-0.022567502986857824,False
Qwen3-32B_no_think,base,stage1_tokens,18600,136.72145161290322,214.18075268817205,77.45930107526881,False
Qwen3-32B_no_think,base,visible_words,18600,102.22881720430108,152.8075806451613,50.578763440860214,False
Qwen3-32B_no_think,base,classification_entropy,18600,0.08910797186351886,0.035425272149065476,-0.0536826997144534,False
Qwen3-32B_no_think,base,classification_margin,18600,0.9663024534805827,0.9707019917719882,0.004399538291405439,False
Qwen3-32B_no_think,base,explicit_stance_found,18600,0.9967741935483871,0.9512903225806452,-0.04548387096774194,False
Qwen3-32B_no_think,base,stage1_stage2_agree,18600,0.9906989247311828,0.8327956989247312,-0.1579032258064516,False
Qwen3-32B_no_think,base,visible_hedging_present,18600,0.3524193548387097,0.3621505376344086,0.009731182795698925,False
Qwen3-32B_no_think,base,visible_balance_present,18600,0.14526881720430107,0.12989247311827956,-0.015376344086021506,False
Qwen3-32B_no_think,base,visible_actual_refusal_present,18600,5.3763440860215054e-05,0.00010752688172043011,5.3763440860215054e-05,False
Qwen3-32B_no_think,base,visible_moral_distance_present,18600,0.0031182795698924733,0.019838709677419356,0.01672043010752688,False
Qwen3-32B_no_think,base,visible_persona_meta_present,18600,0.13602150537634408,0.11666666666666667,-0.01935483870967742,False
Qwen3-32B_no_think,base,visible_self_correction_present,18600,0.012634408602150538,0.05543010752688172,0.04279569892473118,False
Qwen3-32B_no_think,base,visible_counterargument_present,18600,0.03849462365591398,0.01806451612903226,-0.02043010752688172,False
Qwen3-32B_no_think,base,persona_vocab_overlap_fraction,18600,0.0,0.0,0.0,False
Qwen3-32B_no_think,centrism,stage1_tokens,18600,149.12860215053763,225.01774193548388,75.88913978494624,False
Qwen3-32B_no_think,centrism,visible_words,18600,114.56854838709677,163.9559677419355,49.38741935483871,False
Qwen3-32B_no_think,centrism,classification_entropy,18600,0.10292675736070458,0.02788486199876879,-0.07504189536193578,False
Qwen3-32B_no_think,centrism,classification_margin,18600,0.9617062037879089,0.9771908707654585,0.015484666977549634,False
Qwen3-32B_no_think,centrism,explicit_stance_found,18600,0.9988172043010752,0.9867204301075269,-0.012096774193548387,False
Qwen3-32B_no_think,centrism,stage1_stage2_agree,18600,0.9914516129032258,0.87,-0.1214516129032258,False
Qwen3-32B_no_think,centrism,visible_hedging_present,18600,0.3858064516129032,0.45188172043010755,0.0660752688172043,False
Qwen3-32B_no_think,centrism,visible_balance_present,18600,0.6333333333333333,0.46725806451612906,-0.1660752688172043,False
Qwen3-32B_no_think,centrism,visible_actual_refusal_present,18600,0.00010752688172043011,0.0012903225806451613,0.0011827956989247312,False
Qwen3-32B_no_think,centrism,visible_moral_distance_present,18600,0.0012365591397849463,0.01682795698924731,0.015591397849462365,False
Qwen3-32B_no_think,centrism,visible_persona_meta_present,18600,0.20897849462365592,0.19451612903225807,-0.014462365591397849,False
Qwen3-32B_no_think,centrism,visible_self_correction_present,18600,0.0032258064516129032,0.035806451612903224,0.03258064516129032,False
Qwen3-32B_no_think,centrism,visible_counterargument_present,18600,0.04838709677419355,0.041774193548387094,-0.0066129032258064515,False
Qwen3-32B_no_think,centrism,persona_vocab_overlap_fraction,18600,0.1153355580274379,0.1092584352984798,-0.006077122728958102,False
Qwen3-32B_no_think,libertarian_left,stage1_tokens,18600,150.53494623655914,238.1643010752688,87.62935483870967,False
Qwen3-32B_no_think,libertarian_left,visible_words,18600,114.72575268817204,171.8004301075269,57.07467741935484,False
Qwen3-32B_no_think,libertarian_left,classification_entropy,18600,0.06891941621042612,0.020854134518374416,-0.04806528169205171,False
Qwen3-32B_no_think,libertarian_left,classification_margin,18600,0.9736716617604253,0.9824580665863264,0.008786404825901165,False
Qwen3-32B_no_think,libertarian_left,explicit_stance_found,18600,0.9990322580645161,0.9801075268817204,-0.0189247311827957,False
Qwen3-32B_no_think,libertarian_left,stage1_stage2_agree,18600,0.9922580645161291,0.9028494623655914,-0.08940860215053763,False
Qwen3-32B_no_think,libertarian_left,target_aligned,18300,0.9079781420765027,0.8231147540983607,-0.08486338797814208,False
Qwen3-32B_no_think,libertarian_left,target_projection_expected,18300,0.2431972778852931,0.1841453952060714,-0.059051882679221714,False
Qwen3-32B_no_think,libertarian_left,visible_hedging_present,18600,0.19650537634408602,0.2934408602150538,0.09693548387096775,False
Qwen3-32B_no_think,libertarian_left,visible_balance_present,18600,0.07231182795698925,0.08166666666666667,0.00935483870967742,False
Qwen3-32B_no_think,libertarian_left,visible_actual_refusal_present,18600,0.00010752688172043011,0.00043010752688172043,0.0003225806451612903,False
Qwen3-32B_no_think,libertarian_left,visible_moral_distance_present,18600,0.012849462365591398,0.0871505376344086,0.0743010752688172,False
Qwen3-32B_no_think,libertarian_left,visible_persona_meta_present,18600,0.35494623655913976,0.31155913978494626,-0.04338709677419355,False
Qwen3-32B_no_think,libertarian_left,visible_self_correction_present,18600,0.0033333333333333335,0.047688172043010756,0.04435483870967742,False
Qwen3-32B_no_think,libertarian_left,visible_counterargument_present,18600,0.017688172043010753,0.01946236559139785,0.0017741935483870969,False
Qwen3-32B_no_think,libertarian_left,persona_vocab_overlap_fraction,18600,0.13903993855606758,0.13758192524321555,-0.0014580133128520223,False
Qwen3-32B_no_think,libertarian_right,stage1_tokens,18600,143.36344086021506,217.4265053763441,74.06306451612903,False
Qwen3-32B_no_think,libertarian_right,visible_words,18600,110.93107526881721,157.15956989247312,46.22849462365591,False
Qwen3-32B_no_think,libertarian_right,classification_entropy,18600,0.06852496606020124,0.019159232628508136,-0.04936573343169311,False
Qwen3-32B_no_think,libertarian_right,classification_margin,18600,0.9747894841646457,0.9840773160404938,0.009287831875847977,False
Qwen3-32B_no_think,libertarian_right,explicit_stance_found,18600,0.9979032258064516,0.9798387096774194,-0.01806451612903226,False
Qwen3-32B_no_think,libertarian_right,stage1_stage2_agree,18600,0.9920967741935484,0.9076881720430108,-0.08440860215053764,False
Qwen3-32B_no_think,libertarian_right,target_aligned,18300,0.7434972677595628,0.7249726775956284,-0.018524590163934426,False
Qwen3-32B_no_think,libertarian_right,target_projection_expected,18300,0.17675514395541286,0.1600277499026762,-0.01672739405273665,False
Qwen3-32B_no_think,libertarian_right,visible_hedging_present,18600,0.2811290322580645,0.2774731182795699,-0.0036559139784946237,False
Qwen3-32B_no_think,libertarian_right,visible_balance_present,18600,0.05897849462365591,0.07795698924731183,0.018978494623655914,False
Qwen3-32B_no_think,libertarian_right,visible_actual_refusal_present,18600,0.00010752688172043011,0.0005376344086021505,0.00043010752688172043,False
Qwen3-32B_no_think,libertarian_right,visible_moral_distance_present,18600,0.001989247311827957,0.03327956989247312,0.03129032258064516,False
Qwen3-32B_no_think,libertarian_right,visible_persona_meta_present,18600,0.26327956989247314,0.2264516129032258,-0.03682795698924731,False
Qwen3-32B_no_think,libertarian_right,visible_self_correction_present,18600,0.0047849462365591395,0.03801075268817204,0.0332258064516129,False
Qwen3-32B_no_think,libertarian_right,visible_counterargument_present,18600,0.020591397849462366,0.013440860215053764,-0.007150537634408602,False
Qwen3-32B_no_think,libertarian_right,persona_vocab_overlap_fraction,18600,0.15009310254392869,0.14237214791502753,-0.007720954628901129,False
Qwen3-4B_think,all,stage1_tokens,111600,717.0432168458782,217.95129928315413,-499.091917562724,False
Qwen3-4B_think,all,visible_words,111600,71.38767921146953,158.10022401433693,86.71254480286738,False
Qwen3-4B_think,all,classification_entropy,111600,0.011423999018829949,0.023689422841062704,0.012265423822232752,False
Qwen3-4B_think,all,classification_margin,111600,0.9949681319045092,0.9804238861889989,-0.014544245715510423,False
Qwen3-4B_think,all,explicit_stance_found,111600,0.9937186379928316,0.9774551971326165,-0.016263440860215053,False
Qwen3-4B_think,all,stage1_stage2_agree,111600,0.9860483870967742,0.8899014336917562,-0.09614695340501792,False
Qwen3-4B_think,all,target_aligned,73200,0.7677868852459017,0.7462158469945355,-0.02157103825136612,False
Qwen3-4B_think,all,target_projection_expected,73200,0.15940422462346357,0.1613747905066543,0.001970565883190746,False
Qwen3-4B_think,all,visible_hedging_present,111600,0.24762544802867384,0.3181989247311828,0.07057347670250896,False
Qwen3-4B_think,all,visible_balance_present,111600,0.14739247311827958,0.15051075268817204,0.0031182795698924733,False
Qwen3-4B_think,all,visible_actual_refusal_present,111600,5.3763440860215054e-05,0.00043906810035842294,0.0003853046594982079,False
Qwen3-4B_think,all,visible_moral_distance_present,111600,0.0004032258064516129,0.03289426523297491,0.032491039426523295,False
Qwen3-4B_think,all,visible_persona_meta_present,111600,0.11236559139784946,0.21170250896057347,0.09933691756272402,False
Qwen3-4B_think,all,visible_self_correction_present,111600,0.0013351254480286738,0.037240143369175624,0.035905017921146955,False
Qwen3-4B_think,all,visible_counterargument_present,111600,0.0056899641577060935,0.01746415770609319,0.011774193548387097,False
Qwen3-4B_think,all,persona_vocab_overlap_fraction,111600,0.11119686016367276,0.10504631894948697,-0.006150541214185806,False
Qwen3-4B_think,authoritarian_left,stage1_tokens,18600,606.8832258064516,210.74962365591398,-396.1336021505376,False
Qwen3-4B_think,authoritarian_left,visible_words,18600,72.58790322580646,155.5151075268817,82.92720430107526,False
Qwen3-4B_think,authoritarian_left,classification_entropy,18600,0.008425341857410146,0.019614164020588187,0.01118882216317804,False
Qwen3-4B_think,authoritarian_left,classification_margin,18600,0.9963901850519398,0.9838789870443302,-0.012511198007609503,False
Qwen3-4B_think,authoritarian_left,explicit_stance_found,18600,0.9912365591397849,0.986021505376344,-0.00521505376344086,False
Qwen3-4B_think,authoritarian_left,stage1_stage2_agree,18600,0.9848387096774194,0.9139784946236559,-0.07086021505376344,False
Qwen3-4B_think,authoritarian_left,target_aligned,18300,0.7672131147540984,0.6476502732240437,-0.11956284153005464,False
Qwen3-4B_think,authoritarian_left,target_projection_expected,18300,0.19212610621382373,0.131931154646051,-0.06019495156777268,False
Qwen3-4B_think,authoritarian_left,visible_hedging_present,18600,0.19408602150537635,0.266505376344086,0.07241935483870968,False
Qwen3-4B_think,authoritarian_left,visible_balance_present,18600,0.035,0.07349462365591398,0.03849462365591398,False
Qwen3-4B_think,authoritarian_left,visible_actual_refusal_present,18600,0.0,0.0,0.0,False
Qwen3-4B_think,authoritarian_left,visible_moral_distance_present,18600,0.00016129032258064516,0.030591397849462364,0.03043010752688172,False
Qwen3-4B_think,authoritarian_left,visible_persona_meta_present,18600,0.12725806451612903,0.25327956989247313,0.12602150537634407,False
Qwen3-4B_think,authoritarian_left,visible_self_correction_present,18600,0.0008602150537634409,0.023118279569892472,0.022258064516129033,False
Qwen3-4B_think,authoritarian_left,visible_counterargument_present,18600,0.0032795698924731184,0.005752688172043011,0.0024731182795698927,False
Qwen3-4B_think,authoritarian_left,persona_vocab_overlap_fraction,18600,0.14589772443110777,0.12346086521630407,-0.022436859214803703,False
Qwen3-4B_think,authoritarian_right,stage1_tokens,18600,607.2742473118279,202.16887096774192,-405.10537634408604,False
Qwen3-4B_think,authoritarian_right,visible_words,18600,71.28220430107527,147.36268817204302,76.08048387096774,False
Qwen3-4B_think,authoritarian_right,classification_entropy,18600,0.007773835481889178,0.019198871731071213,0.011425036249182039,False
Qwen3-4B_think,authoritarian_right,classification_margin,18600,0.9965017741421885,0.984236084925396,-0.01226568921679272,False
Qwen3-4B_think,authoritarian_right,explicit_stance_found,18600,0.9888172043010752,0.980752688172043,-0.008064516129032258,False
Qwen3-4B_think,authoritarian_right,stage1_stage2_agree,18600,0.9829032258064516,0.9120967741935484,-0.07080645161290322,False
Qwen3-4B_think,authoritarian_right,target_aligned,18300,0.7895628415300546,0.7891256830601093,-0.0004371584699453552,False
Qwen3-4B_think,authoritarian_right,target_projection_expected,18300,0.1346303692451575,0.16939486227181857,0.03476449302666111,False
Qwen3-4B_think,authoritarian_right,visible_hedging_present,18600,0.2104301075268817,0.257741935483871,0.047311827956989246,False
Qwen3-4B_think,authoritarian_right,visible_balance_present,18600,0.04209677419354839,0.07279569892473119,0.030698924731182797,False
Qwen3-4B_think,authoritarian_right,visible_actual_refusal_present,18600,0.0,0.00026881720430107527,0.00026881720430107527,False
Qwen3-4B_think,authoritarian_right,visible_moral_distance_present,18600,0.00026881720430107527,0.00967741935483871,0.009408602150537635,False
Qwen3-4B_think,authoritarian_right,visible_persona_meta_present,18600,0.08994623655913979,0.16774193548387098,0.07779569892473118,False
Qwen3-4B_think,authoritarian_right,visible_self_correction_present,18600,0.0009139784946236559,0.02338709677419355,0.022473118279569892,False
Qwen3-4B_think,authoritarian_right,visible_counterargument_present,18600,0.004462365591397849,0.006290322580645161,0.0018279569892473118,False
Qwen3-4B_think,authoritarian_right,persona_vocab_overlap_fraction,18600,0.13968219832735962,0.11760454002389485,-0.022077658303464757,False
Qwen3-4B_think,base,stage1_tokens,18600,989.2855913978494,214.18075268817205,-775.1048387096774,False
Qwen3-4B_think,base,visible_words,18600,64.30956989247312,152.8075806451613,88.49801075268817,False
Qwen3-4B_think,base,classification_entropy,18600,0.018679105908552956,0.035425272149065476,0.016746166240512523,False
Qwen3-4B_think,base,classification_margin,18600,0.9908623826457335,0.9707019917719882,-0.02016039087374525,False
Qwen3-4B_think,base,explicit_stance_found,18600,0.9941397849462366,0.9512903225806452,-0.042849462365591395,False
Qwen3-4B_think,base,stage1_stage2_agree,18600,0.9844623655913979,0.8327956989247312,-0.15166666666666667,False
Qwen3-4B_think,base,visible_hedging_present,18600,0.3156989247311828,0.3621505376344086,0.04645161290322581,False
Qwen3-4B_think,base,visible_balance_present,18600,0.13543010752688173,0.12989247311827956,-0.005537634408602151,False
Qwen3-4B_think,base,visible_actual_refusal_present,18600,5.3763440860215054e-05,0.00010752688172043011,5.3763440860215054e-05,False
Qwen3-4B_think,base,visible_moral_distance_present,18600,0.0010215053763440861,0.019838709677419356,0.01881720430107527,False
Qwen3-4B_think,base,visible_persona_meta_present,18600,0.0036021505376344085,0.11666666666666667,0.11306451612903226,False
Qwen3-4B_think,base,visible_self_correction_present,18600,0.002311827956989247,0.05543010752688172,0.05311827956989247,False
Qwen3-4B_think,base,visible_counterargument_present,18600,0.0035483870967741938,0.01806451612903226,0.014516129032258065,False
Qwen3-4B_think,base,persona_vocab_overlap_fraction,18600,0.0,0.0,0.0,False
Qwen3-4B_think,centrism,stage1_tokens,18600,713.8196774193549,225.01774193548388,-488.801935483871,False
Qwen3-4B_think,centrism,visible_words,18600,71.99037634408602,163.9559677419355,91.96559139784947,False
Qwen3-4B_think,centrism,classification_entropy,18600,0.013443256459493137,0.02788486199876879,0.014441605539275652,False
Qwen3-4B_think,centrism,classification_margin,18600,0.9946527504819902,0.9771908707654585,-0.017461879716531622,False
Qwen3-4B_think,centrism,explicit_stance_found,18600,0.9953763440860215,0.9867204301075269,-0.008655913978494623,False
Qwen3-4B_think,centrism,stage1_stage2_agree,18600,0.9866666666666667,0.87,-0.11666666666666667,False
Qwen3-4B_think,centrism,visible_hedging_present,18600,0.3103763440860215,0.45188172043010755,0.14150537634408603,False
Qwen3-4B_think,centrism,visible_balance_present,18600,0.5639247311827957,0.46725806451612906,-0.09666666666666666,False
Qwen3-4B_think,centrism,visible_actual_refusal_present,18600,0.00010752688172043011,0.0012903225806451613,0.0011827956989247312,False
Qwen3-4B_think,centrism,visible_moral_distance_present,18600,0.0006451612903225806,0.01682795698924731,0.01618279569892473,False
Qwen3-4B_think,centrism,visible_persona_meta_present,18600,0.05311827956989247,0.19451612903225807,0.14139784946236558,False
Qwen3-4B_think,centrism,visible_self_correction_present,18600,0.0008064516129032258,0.035806451612903224,0.035,False
Qwen3-4B_think,centrism,visible_counterargument_present,18600,0.0024193548387096775,0.041774193548387094,0.03935483870967742,False
Qwen3-4B_think,centrism,persona_vocab_overlap_fraction,18600,0.11019002595476457,0.1092584352984798,-0.0009315906562847616,False
Qwen3-4B_think,libertarian_left,stage1_tokens,18600,730.5577419354838,238.1643010752688,-492.39344086021504,False
Qwen3-4B_think,libertarian_left,visible_words,18600,74.79774193548387,171.8004301075269,97.00268817204301,False
Qwen3-4B_think,libertarian_left,classification_entropy,18600,0.010476640393284763,0.020854134518374416,0.010377494125089653,False
Qwen3-4B_think,libertarian_left,classification_margin,18600,0.9956034604427576,0.9824580665863264,-0.013145393856431056,False
Qwen3-4B_think,libertarian_left,explicit_stance_found,18600,0.9972043010752688,0.9801075268817204,-0.017096774193548388,False
Qwen3-4B_think,libertarian_left,stage1_stage2_agree,18600,0.9894086021505376,0.9028494623655914,-0.08655913978494624,False
Qwen3-4B_think,libertarian_left,target_aligned,18300,0.8115846994535519,0.8231147540983607,0.011530054644808743,False
Qwen3-4B_think,libertarian_left,target_projection_expected,18300,0.16044842963998807,0.1841453952060714,0.023696965566083323,False
Qwen3-4B_think,libertarian_left,visible_hedging_present,18600,0.22790322580645161,0.2934408602150538,0.06553763440860215,False
Qwen3-4B_think,libertarian_left,visible_balance_present,18600,0.0746236559139785,0.08166666666666667,0.007043010752688172,False
Qwen3-4B_think,libertarian_left,visible_actual_refusal_present,18600,0.00010752688172043011,0.00043010752688172043,0.0003225806451612903,False
Qwen3-4B_think,libertarian_left,visible_moral_distance_present,18600,0.00016129032258064516,0.0871505376344086,0.08698924731182796,False
Qwen3-4B_think,libertarian_left,visible_persona_meta_present,18600,0.19478494623655915,0.31155913978494626,0.1167741935483871,False
Qwen3-4B_think,libertarian_left,visible_self_correction_present,18600,0.0015053763440860215,0.047688172043010756,0.04618279569892473,False
Qwen3-4B_think,libertarian_left,visible_counterargument_present,18600,0.009838709677419354,0.01946236559139785,0.009623655913978495,False
Qwen3-4B_think,libertarian_left,persona_vocab_overlap_fraction,18600,0.13219406041986684,0.13758192524321555,0.005387864823348694,False
Qwen3-4B_think,libertarian_right,stage1_tokens,18600,654.4388172043011,217.4265053763441,-437.012311827957,False
Qwen3-4B_think,libertarian_right,visible_words,18600,73.35827956989247,157.15956989247312,83.80129032258064,False
Qwen3-4B_think,libertarian_right,classification_entropy,18600,0.009745814012349528,0.019159232628508136,0.009413418616158608,False
Qwen3-4B_think,libertarian_right,classification_margin,18600,0.995798238662446,0.9840773160404938,-0.011720922621952371,False
Qwen3-4B_think,libertarian_right,explicit_stance_found,18600,0.9955376344086021,0.9798387096774194,-0.015698924731182794,False
Qwen3-4B_think,libertarian_right,stage1_stage2_agree,18600,0.9880107526881721,0.9076881720430108,-0.08032258064516129,False
Qwen3-4B_think,libertarian_right,target_aligned,18300,0.7027868852459016,0.7249726775956284,0.022185792349726775,False
Qwen3-4B_think,libertarian_right,target_projection_expected,18300,0.15041199339488498,0.1600277499026762,0.00961575650779122,False
Qwen3-4B_think,libertarian_right,visible_hedging_present,18600,0.22725806451612904,0.2774731182795699,0.05021505376344086,False
Qwen3-4B_think,libertarian_right,visible_balance_present,18600,0.03327956989247312,0.07795698924731183,0.04467741935483871,False
Qwen3-4B_think,libertarian_right,visible_actual_refusal_present,18600,5.3763440860215054e-05,0.0005376344086021505,0.0004838709677419355,False
Qwen3-4B_think,libertarian_right,visible_moral_distance_present,18600,0.00016129032258064516,0.03327956989247312,0.033118279569892474,False
Qwen3-4B_think,libertarian_right,visible_persona_meta_present,18600,0.20548387096774193,0.2264516129032258,0.020967741935483872,False
Qwen3-4B_think,libertarian_right,visible_self_correction_present,18600,0.0016129032258064516,0.03801075268817204,0.03639784946236559,False
Qwen3-4B_think,libertarian_right,visible_counterargument_present,18600,0.010591397849462366,0.013440860215053764,0.002849462365591398,False
Qwen3-4B_think,libertarian_right,persona_vocab_overlap_fraction,18600,0.13921715184893785,0.14237214791502753,0.003154996066089693,False
Qwen3-8B_think,all,stage1_tokens,111600,723.8423207885305,217.95129928315413,-505.89102150537633,False
Qwen3-8B_think,all,visible_words,111600,79.30927419354839,158.10022401433693,78.79094982078853,False
Qwen3-8B_think,all,classification_entropy,111600,0.014765974039450883,0.023689422841062704,0.008923448801611819,False
Qwen3-8B_think,all,classification_margin,111600,0.9943617625369837,0.9804238861889989,-0.013937876347984567,False
Qwen3-8B_think,all,explicit_stance_found,111600,0.9944802867383512,0.9774551971326165,-0.017025089605734768,False
Qwen3-8B_think,all,stage1_stage2_agree,111600,0.9874820788530466,0.8899014336917562,-0.09758064516129032,False
Qwen3-8B_think,all,target_aligned,73200,0.7745628415300546,0.7462158469945355,-0.028346994535519126,False
Qwen3-8B_think,all,target_projection_expected,73200,0.16096774524147958,0.1613747905066543,0.00040704526517472796,False
Qwen3-8B_think,all,visible_hedging_present,111600,0.2875268817204301,0.3181989247311828,0.030672043010752686,False
Qwen3-8B_think,all,visible_balance_present,111600,0.15530465949820788,0.15051075268817204,-0.004793906810035842,False
Qwen3-8B_think,all,visible_actual_refusal_present,111600,2.6881720430107527e-05,0.00043906810035842294,0.0004121863799283154,False
Qwen3-8B_think,all,visible_moral_distance_present,111600,0.0010483870967741935,0.03289426523297491,0.03184587813620072,False
Qwen3-8B_think,all,visible_persona_meta_present,111600,0.12528673835125448,0.21170250896057347,0.086415770609319,False
Qwen3-8B_think,all,visible_self_correction_present,111600,0.0020519713261648747,0.037240143369175624,0.03518817204301075,False
Qwen3-8B_think,all,visible_counterargument_present,111600,0.006353046594982079,0.01746415770609319,0.011111111111111112,False
Qwen3-8B_think,all,persona_vocab_overlap_fraction,111600,0.11767414072847959,0.10504631894948697,-0.012627821778992613,False
Qwen3-8B_think,authoritarian_left,stage1_tokens,18600,670.7281182795699,210.74962365591398,-459.97849462365593,False
Qwen3-8B_think,authoritarian_left,visible_words,18600,78.98489247311828,155.5151075268817,76.53021505376344,False
Qwen3-8B_think,authoritarian_left,classification_entropy,18600,0.013279512600812136,0.019614164020588187,0.006334651419776048,False
Qwen3-8B_think,authoritarian_left,classification_margin,18600,0.995055460730374,0.9838789870443302,-0.01117647368604356,False
Qwen3-8B_think,authoritarian_left,explicit_stance_found,18600,0.994247311827957,0.986021505376344,-0.008225806451612904,False
Qwen3-8B_think,authoritarian_left,stage1_stage2_agree,18600,0.9879032258064516,0.9139784946236559,-0.0739247311827957,False
Qwen3-8B_think,authoritarian_left,target_aligned,18300,0.6684699453551912,0.6476502732240437,-0.02081967213114754,False
Qwen3-8B_think,authoritarian_left,target_projection_expected,18300,0.15003590471750847,0.131931154646051,-0.018104750071457457,False
Qwen3-8B_think,authoritarian_left,visible_hedging_present,18600,0.24451612903225806,0.266505376344086,0.021989247311827956,False
Qwen3-8B_think,authoritarian_left,visible_balance_present,18600,0.055,0.07349462365591398,0.018494623655913978,False
Qwen3-8B_think,authoritarian_left,visible_actual_refusal_present,18600,0.0,0.0,0.0,False
Qwen3-8B_think,authoritarian_left,visible_moral_distance_present,18600,0.0012903225806451613,0.030591397849462364,0.029301075268817204,False
Qwen3-8B_think,authoritarian_left,visible_persona_meta_present,18600,0.16919354838709677,0.25327956989247313,0.08408602150537635,False
Qwen3-8B_think,authoritarian_left,visible_self_correction_present,18600,0.0015053763440860215,0.023118279569892472,0.021612903225806453,False
Qwen3-8B_think,authoritarian_left,visible_counterargument_present,18600,0.004838709677419355,0.005752688172043011,0.0009139784946236559,False
Qwen3-8B_think,authoritarian_left,persona_vocab_overlap_fraction,18600,0.14507126781695423,0.12346086521630407,-0.021610402600650162,False
Qwen3-8B_think,authoritarian_right,stage1_tokens,18600,698.6934408602151,202.16887096774192,-496.5245698924731,False
Qwen3-8B_think,authoritarian_right,visible_words,18600,80.0641935483871,147.36268817204302,67.29849462365591,False
Qwen3-8B_think,authoritarian_right,classification_entropy,18600,0.012037976714221724,0.019198871731071213,0.007160895016849494,False
Qwen3-8B_think,authoritarian_right,classification_margin,18600,0.9955849215459196,0.984236084925396,-0.01134883662052357,False
Qwen3-8B_think,authoritarian_right,explicit_stance_found,18600,0.9909139784946237,0.980752688172043,-0.010161290322580644,False
Qwen3-8B_think,authoritarian_right,stage1_stage2_agree,18600,0.9852150537634409,0.9120967741935484,-0.07311827956989247,False
Qwen3-8B_think,authoritarian_right,target_aligned,18300,0.8093989071038251,0.7891256830601093,-0.020273224043715846,False
Qwen3-8B_think,authoritarian_right,target_projection_expected,18300,0.15511449657030033,0.16939486227181857,0.014280365701518255,False
Qwen3-8B_think,authoritarian_right,visible_hedging_present,18600,0.2573655913978495,0.257741935483871,0.0003763440860215054,False
Qwen3-8B_think,authoritarian_right,visible_balance_present,18600,0.059838709677419354,0.07279569892473119,0.012956989247311828,False
Qwen3-8B_think,authoritarian_right,visible_actual_refusal_present,18600,0.0,0.00026881720430107527,0.00026881720430107527,False
Qwen3-8B_think,authoritarian_right,visible_moral_distance_present,18600,0.0003225806451612903,0.00967741935483871,0.00935483870967742,False
Qwen3-8B_think,authoritarian_right,visible_persona_meta_present,18600,0.14516129032258066,0.16774193548387098,0.02258064516129032,False
Qwen3-8B_think,authoritarian_right,visible_self_correction_present,18600,0.0014516129032258066,0.02338709677419355,0.02193548387096774,False
Qwen3-8B_think,authoritarian_right,visible_counterargument_present,18600,0.008010752688172043,0.006290322580645161,-0.0017204301075268817,False
Qwen3-8B_think,authoritarian_right,persona_vocab_overlap_fraction,18600,0.14466188769414576,0.11760454002389485,-0.027057347670250895,False
Qwen3-8B_think,base,stage1_tokens,18600,909.3048924731182,214.18075268817205,-695.1241397849462,False
Qwen3-8B_think,base,visible_words,18600,75.53596774193548,152.8075806451613,77.2716129032258,False
Qwen3-8B_think,base,classification_entropy,18600,0.017655443674892274,0.035425272149065476,0.017769828474173206,False
Qwen3-8B_think,base,classification_margin,18600,0.9926175309892378,0.9707019917719882,-0.02191553921724956,False
Qwen3-8B_think,base,explicit_stance_found,18600,0.9898924731182795,0.9512903225806452,-0.03860215053763441,False
Qwen3-8B_think,base,stage1_stage2_agree,18600,0.9805376344086022,0.8327956989247312,-0.14774193548387096,False
Qwen3-8B_think,base,visible_hedging_present,18600,0.3618817204301075,0.3621505376344086,0.00026881720430107527,False
Qwen3-8B_think,base,visible_balance_present,18600,0.1360752688172043,0.12989247311827956,-0.006182795698924731,False
Qwen3-8B_think,base,visible_actual_refusal_present,18600,5.3763440860215054e-05,0.00010752688172043011,5.3763440860215054e-05,False
Qwen3-8B_think,base,visible_moral_distance_present,18600,0.0011827956989247312,0.019838709677419356,0.018655913978494625,False
Qwen3-8B_think,base,visible_persona_meta_present,18600,0.011881720430107526,0.11666666666666667,0.10478494623655914,False
Qwen3-8B_think,base,visible_self_correction_present,18600,0.003924731182795699,0.05543010752688172,0.05150537634408602,False
Qwen3-8B_think,base,visible_counterargument_present,18600,0.006989247311827957,0.01806451612903226,0.011075268817204302,False
Qwen3-8B_think,base,persona_vocab_overlap_fraction,18600,0.0,0.0,0.0,False
Qwen3-8B_think,centrism,stage1_tokens,18600,717.2397849462366,225.01774193548388,-492.2220430107527,False
Qwen3-8B_think,centrism,visible_words,18600,79.85344086021506,163.9559677419355,84.10252688172044,False
Qwen3-8B_think,centrism,classification_entropy,18600,0.016021951588178818,0.02788486199876879,0.011862910410589969,False
Qwen3-8B_think,centrism,classification_margin,18600,0.9945726771209065,0.9771908707654585,-0.017381806355448056,False
Qwen3-8B_think,centrism,explicit_stance_found,18600,0.9976881720430107,0.9867204301075269,-0.01096774193548387,False
Qwen3-8B_think,centrism,stage1_stage2_agree,18600,0.9920430107526882,0.87,-0.12204301075268817,False
Qwen3-8B_think,centrism,visible_hedging_present,18600,0.3961290322580645,0.45188172043010755,0.05575268817204301,False
Qwen3-8B_think,centrism,visible_balance_present,18600,0.568010752688172,0.46725806451612906,-0.10075268817204301,False
Qwen3-8B_think,centrism,visible_actual_refusal_present,18600,0.0,0.0012903225806451613,0.0012903225806451613,False
Qwen3-8B_think,centrism,visible_moral_distance_present,18600,0.001075268817204301,0.01682795698924731,0.01575268817204301,False
Qwen3-8B_think,centrism,visible_persona_meta_present,18600,0.0956989247311828,0.19451612903225807,0.09881720430107527,False
Qwen3-8B_think,centrism,visible_self_correction_present,18600,0.0014516129032258066,0.035806451612903224,0.03435483870967742,False
Qwen3-8B_think,centrism,visible_counterargument_present,18600,0.003978494623655914,0.041774193548387094,0.03779569892473118,False
Qwen3-8B_think,centrism,persona_vocab_overlap_fraction,18600,0.11514831294030405,0.1092584352984798,-0.005889877641824249,False
Qwen3-8B_think,libertarian_left,stage1_tokens,18600,663.425,238.1643010752688,-425.2606989247312,False
Qwen3-8B_think,libertarian_left,visible_words,18600,79.85043010752688,171.8004301075269,91.95,False
Qwen3-8B_think,libertarian_left,classification_entropy,18600,0.014762217059941242,0.020854134518374416,0.006091917458433175,False
Qwen3-8B_think,libertarian_left,classification_margin,18600,0.9939435742206953,0.9824580665863264,-0.011485507634368996,False
Qwen3-8B_think,libertarian_left,explicit_stance_found,18600,0.9969892473118279,0.9801075268817204,-0.016881720430107525,False
Qwen3-8B_think,libertarian_left,stage1_stage2_agree,18600,0.9898387096774194,0.9028494623655914,-0.08698924731182796,False
Qwen3-8B_think,libertarian_left,target_aligned,18300,0.848087431693989,0.8231147540983607,-0.024972677595628417,False
Qwen3-8B_think,libertarian_left,target_projection_expected,18300,0.16619547568933996,0.1841453952060714,0.01794991951673142,False
Qwen3-8B_think,libertarian_left,visible_hedging_present,18600,0.21580645161290324,0.2934408602150538,0.07763440860215054,False
Qwen3-8B_think,libertarian_left,visible_balance_present,18600,0.06591397849462366,0.08166666666666667,0.01575268817204301,False
Qwen3-8B_think,libertarian_left,visible_actual_refusal_present,18600,0.0,0.00043010752688172043,0.00043010752688172043,False
Qwen3-8B_think,libertarian_left,visible_moral_distance_present,18600,0.001935483870967742,0.0871505376344086,0.08521505376344087,False
Qwen3-8B_think,libertarian_left,visible_persona_meta_present,18600,0.1645698924731183,0.31155913978494626,0.14698924731182797,False
Qwen3-8B_think,libertarian_left,visible_self_correction_present,18600,0.0017741935483870969,0.047688172043010756,0.045913978494623656,False
Qwen3-8B_think,libertarian_left,visible_counterargument_present,18600,0.0024731182795698927,0.01946236559139785,0.01698924731182796,False
Qwen3-8B_think,libertarian_left,persona_vocab_overlap_fraction,18600,0.14224782386072707,0.13758192524321555,-0.00466589861751152,False
Qwen3-8B_think,libertarian_right,stage1_tokens,18600,683.662688172043,217.4265053763441,-466.23618279569894,False
Qwen3-8B_think,libertarian_right,visible_words,18600,81.56672043010752,157.15956989247312,75.59284946236559,False
Qwen3-8B_think,libertarian_right,classification_entropy,18600,0.014838742598659107,0.019159232628508136,0.004320490029849031,False
Qwen3-8B_think,libertarian_right,classification_margin,18600,0.9943964106147675,0.9840773160404938,-0.010319094574273659,False
Qwen3-8B_think,libertarian_right,explicit_stance_found,18600,0.9971505376344086,0.9798387096774194,-0.017311827956989247,False
Qwen3-8B_think,libertarian_right,stage1_stage2_agree,18600,0.9893548387096774,0.9076881720430108,-0.08166666666666667,False
Qwen3-8B_think,libertarian_right,target_aligned,18300,0.7722950819672131,0.7249726775956284,-0.0473224043715847,False
Qwen3-8B_think,libertarian_right,target_projection_expected,18300,0.17252510398876952,0.1600277499026762,-0.012497354086093303,False
Qwen3-8B_think,libertarian_right,visible_hedging_present,18600,0.24946236559139784,0.2774731182795699,0.028010752688172044,False
Qwen3-8B_think,libertarian_right,visible_balance_present,18600,0.04698924731182796,0.07795698924731183,0.03096774193548387,False
Qwen3-8B_think,libertarian_right,visible_actual_refusal_present,18600,0.00010752688172043011,0.0005376344086021505,0.00043010752688172043,False
Qwen3-8B_think,libertarian_right,visible_moral_distance_present,18600,0.0004838709677419355,0.03327956989247312,0.032795698924731186,False
Qwen3-8B_think,libertarian_right,visible_persona_meta_present,18600,0.16521505376344087,0.2264516129032258,0.061236559139784943,False
Qwen3-8B_think,libertarian_right,visible_self_correction_present,18600,0.0022043010752688173,0.03801075268817204,0.035806451612903224,False
Qwen3-8B_think,libertarian_right,visible_counterargument_present,18600,0.011827956989247311,0.013440860215053764,0.0016129032258064516,False
Qwen3-8B_think,libertarian_right,persona_vocab_overlap_fraction,18600,0.1589155520587464,0.14237214791502753,-0.016543404143718857,False
Qwen3-14B_think,all,stage1_tokens,111600,615.2579928315412,217.95129928315413,-397.3066935483871,False
Qwen3-14B_think,all,visible_words,111600,74.22629032258064,158.10022401433693,83.87393369175628,False
Qwen3-14B_think,all,classification_entropy,111600,0.019952405467142446,0.023689422841062704,0.0037370173739202563,False
Qwen3-14B_think,all,classification_margin,111600,0.9907488319046093,0.9804238861889989,-0.010324945715610337,False
Qwen3-14B_think,all,explicit_stance_found,111600,0.9959587813620072,0.9774551971326165,-0.01850358422939068,False
Qwen3-14B_think,all,stage1_stage2_agree,111600,0.987983870967742,0.8899014336917562,-0.09808243727598566,False
Qwen3-14B_think,all,target_aligned,73200,0.7605874316939891,0.7462158469945355,-0.014371584699453552,False
Qwen3-14B_think,all,target_projection_expected,73200,0.17275709343147366,0.1613747905066543,-0.011382302924819346,False
Qwen3-14B_think,all,visible_hedging_present,111600,0.27580645161290324,0.3181989247311828,0.04239247311827957,False
Qwen3-14B_think,all,visible_balance_present,111600,0.15729390681003586,0.15051075268817204,-0.006783154121863799,False
Qwen3-14B_think,all,visible_actual_refusal_present,111600,7.168458781362007e-05,0.00043906810035842294,0.00036738351254480287,False
Qwen3-14B_think,all,visible_moral_distance_present,111600,0.0006989247311827957,0.03289426523297491,0.03219534050179212,False
Qwen3-14B_think,all,visible_persona_meta_present,111600,0.12310931899641576,0.21170250896057347,0.0885931899641577,False
Qwen3-14B_think,all,visible_self_correction_present,111600,0.0028763440860215053,0.037240143369175624,0.03436379928315412,False
Qwen3-14B_think,all,visible_counterargument_present,111600,0.003736559139784946,0.01746415770609319,0.013727598566308244,False
Qwen3-14B_think,all,persona_vocab_overlap_fraction,111600,0.11248614798034039,0.10504631894948697,-0.0074398290308534155,False
Qwen3-14B_think,authoritarian_left,stage1_tokens,18600,570.699247311828,210.74962365591398,-359.94962365591397,False
Qwen3-14B_think,authoritarian_left,visible_words,18600,74.79790322580645,155.5151075268817,80.71720430107527,False
Qwen3-14B_think,authoritarian_left,classification_entropy,18600,0.016263372988746555,0.019614164020588187,0.0033507910318416293,False
Qwen3-14B_think,authoritarian_left,classification_margin,18600,0.9929716015791726,0.9838789870443302,-0.009092614534842287,False
Qwen3-14B_think,authoritarian_left,explicit_stance_found,18600,0.9969892473118279,0.986021505376344,-0.01096774193548387,False
Qwen3-14B_think,authoritarian_left,stage1_stage2_agree,18600,0.9908602150537634,0.9139784946236559,-0.07688172043010753,False
Qwen3-14B_think,authoritarian_left,target_aligned,18300,0.5659562841530055,0.6476502732240437,0.08169398907103825,False
Qwen3-14B_think,authoritarian_left,target_projection_expected,18300,0.11644828708506641,0.131931154646051,0.015482867560984603,False
Qwen3-14B_think,authoritarian_left,visible_hedging_present,18600,0.20451612903225808,0.266505376344086,0.06198924731182796,False
Qwen3-14B_think,authoritarian_left,visible_balance_present,18600,0.04209677419354839,0.07349462365591398,0.03139784946236559,False
Qwen3-14B_think,authoritarian_left,visible_actual_refusal_present,18600,0.0,0.0,0.0,False
Qwen3-14B_think,authoritarian_left,visible_moral_distance_present,18600,0.00010752688172043011,0.030591397849462364,0.030483870967741935,False
Qwen3-14B_think,authoritarian_left,visible_persona_meta_present,18600,0.12166666666666667,0.25327956989247313,0.13161290322580646,False
Qwen3-14B_think,authoritarian_left,visible_self_correction_present,18600,0.0024731182795698927,0.023118279569892472,0.02064516129032258,False
Qwen3-14B_think,authoritarian_left,visible_counterargument_present,18600,0.002150537634408602,0.005752688172043011,0.0036021505376344085,False
Qwen3-14B_think,authoritarian_left,persona_vocab_overlap_fraction,18600,0.14076144036009003,0.12346086521630407,-0.01730057514378595,False
Qwen3-14B_think,authoritarian_right,stage1_tokens,18600,584.132311827957,202.16887096774192,-381.96344086021503,False
Qwen3-14B_think,authoritarian_right,visible_words,18600,72.1994623655914,147.36268817204302,75.1632258064516,False
Qwen3-14B_think,authoritarian_right,classification_entropy,18600,0.014409208343502304,0.019198871731071213,0.004789663387568914,False
Qwen3-14B_think,authoritarian_right,classification_margin,18600,0.9939270090758741,0.984236084925396,-0.00969092415047796,False
Qwen3-14B_think,authoritarian_right,explicit_stance_found,18600,0.995752688172043,0.980752688172043,-0.015,False
Qwen3-14B_think,authoritarian_right,stage1_stage2_agree,18600,0.9904301075268818,0.9120967741935484,-0.07833333333333334,False
Qwen3-14B_think,authoritarian_right,target_aligned,18300,0.7884699453551912,0.7891256830601093,0.0006557377049180328,False
Qwen3-14B_think,authoritarian_right,target_projection_expected,18300,0.16128437061088335,0.16939486227181857,0.008110491660935252,False
Qwen3-14B_think,authoritarian_right,visible_hedging_present,18600,0.23623655913978495,0.257741935483871,0.021505376344086023,False
Qwen3-14B_think,authoritarian_right,visible_balance_present,18600,0.043548387096774194,0.07279569892473119,0.02924731182795699,False
Qwen3-14B_think,authoritarian_right,visible_actual_refusal_present,18600,0.0,0.00026881720430107527,0.00026881720430107527,False
Qwen3-14B_think,authoritarian_right,visible_moral_distance_present,18600,0.00021505376344086021,0.00967741935483871,0.00946236559139785,False
Qwen3-14B_think,authoritarian_right,visible_persona_meta_present,18600,0.10166666666666667,0.16774193548387098,0.0660752688172043,False
Qwen3-14B_think,authoritarian_right,visible_self_correction_present,18600,0.0017741935483870969,0.02338709677419355,0.021612903225806453,False
Qwen3-14B_think,authoritarian_right,visible_counterargument_present,18600,0.00424731182795699,0.006290322580645161,0.0020430107526881723,False
Qwen3-14B_think,authoritarian_right,persona_vocab_overlap_fraction,18600,0.1432700119474313,0.11760454002389485,-0.025665471923536437,False
Qwen3-14B_think,base,stage1_tokens,18600,753.08,214.18075268817205,-538.8992473118279,False
Qwen3-14B_think,base,visible_words,18600,71.12591397849462,152.8075806451613,81.68166666666667,False
Qwen3-14B_think,base,classification_entropy,18600,0.029580658972331395,0.035425272149065476,0.005844613176734085,False
Qwen3-14B_think,base,classification_margin,18600,0.9849160752755332,0.9707019917719882,-0.014214083503544896,False
Qwen3-14B_think,base,explicit_stance_found,18600,0.9891935483870967,0.9512903225806452,-0.03790322580645161,False
Qwen3-14B_think,base,stage1_stage2_agree,18600,0.9773118279569892,0.8327956989247312,-0.14451612903225808,False
Qwen3-14B_think,base,visible_hedging_present,18600,0.3696236559139785,0.3621505376344086,-0.007473118279569892,False
Qwen3-14B_think,base,visible_balance_present,18600,0.16188172043010754,0.12989247311827956,-0.03198924731182796,False
Qwen3-14B_think,base,visible_actual_refusal_present,18600,0.00010752688172043011,0.00010752688172043011,0.0,False
Qwen3-14B_think,base,visible_moral_distance_present,18600,0.0017204301075268817,0.019838709677419356,0.018118279569892475,False
Qwen3-14B_think,base,visible_persona_meta_present,18600,0.003763440860215054,0.11666666666666667,0.11290322580645161,False
Qwen3-14B_think,base,visible_self_correction_present,18600,0.002956989247311828,0.05543010752688172,0.052473118279569894,False
Qwen3-14B_think,base,visible_counterargument_present,18600,0.004838709677419355,0.01806451612903226,0.013225806451612903,False
Qwen3-14B_think,base,persona_vocab_overlap_fraction,18600,0.0,0.0,0.0,False
Qwen3-14B_think,centrism,stage1_tokens,18600,585.2478494623656,225.01774193548388,-360.23010752688174,False
Qwen3-14B_think,centrism,visible_words,18600,75.02924731182796,163.9559677419355,88.92672043010752,False
Qwen3-14B_think,centrism,classification_entropy,18600,0.02187468743864493,0.02788486199876879,0.006010174560123858,False
Qwen3-14B_think,centrism,classification_margin,18600,0.9903813847375608,0.9771908707654585,-0.013190513972102186,False
Qwen3-14B_think,centrism,explicit_stance_found,18600,0.9984408602150537,0.9867204301075269,-0.011720430107526882,False
Qwen3-14B_think,centrism,stage1_stage2_agree,18600,0.9920967741935484,0.87,-0.12209677419354839,False
Qwen3-14B_think,centrism,visible_hedging_present,18600,0.3927956989247312,0.45188172043010755,0.05908602150537635,False
Qwen3-14B_think,centrism,visible_balance_present,18600,0.5932258064516129,0.46725806451612906,-0.12596774193548388,False
Qwen3-14B_think,centrism,visible_actual_refusal_present,18600,5.3763440860215054e-05,0.0012903225806451613,0.0012365591397849463,False
Qwen3-14B_think,centrism,visible_moral_distance_present,18600,0.0008602150537634409,0.01682795698924731,0.01596774193548387,False
Qwen3-14B_think,centrism,visible_persona_meta_present,18600,0.09252688172043011,0.19451612903225807,0.10198924731182796,False
Qwen3-14B_think,centrism,visible_self_correction_present,18600,0.0016129032258064516,0.035806451612903224,0.034193548387096775,False
Qwen3-14B_think,centrism,visible_counterargument_present,18600,0.0027419354838709676,0.041774193548387094,0.03903225806451613,False
Qwen3-14B_think,centrism,persona_vocab_overlap_fraction,18600,0.10300241008527994,0.1092584352984798,0.006256025213199852,False
Qwen3-14B_think,libertarian_left,stage1_tokens,18600,570.9016666666666,238.1643010752688,-332.73736559139786,False
Qwen3-14B_think,libertarian_left,visible_words,18600,76.88967741935484,171.8004301075269,94.91075268817204,False
Qwen3-14B_think,libertarian_left,classification_entropy,18600,0.018884759972768724,0.020854134518374416,0.0019693745456056916,False
Qwen3-14B_think,libertarian_left,classification_margin,18600,0.9908694569057694,0.9824580665863264,-0.008411390319443164,False
Qwen3-14B_think,libertarian_left,explicit_stance_found,18600,0.9974731182795699,0.9801075268817204,-0.01736559139784946,False
Qwen3-14B_think,libertarian_left,stage1_stage2_agree,18600,0.9881182795698925,0.9028494623655914,-0.08526881720430107,False
Qwen3-14B_think,libertarian_left,target_aligned,18300,0.9043169398907104,0.8231147540983607,-0.08120218579234972,False
Qwen3-14B_think,libertarian_left,target_projection_expected,18300,0.22605720508806545,0.1841453952060714,-0.041911809881994076,False
Qwen3-14B_think,libertarian_left,visible_hedging_present,18600,0.20010752688172043,0.2934408602150538,0.09333333333333334,False
Qwen3-14B_think,libertarian_left,visible_balance_present,18600,0.06172043010752688,0.08166666666666667,0.019946236559139786,False
Qwen3-14B_think,libertarian_left,visible_actual_refusal_present,18600,0.00021505376344086021,0.00043010752688172043,0.00021505376344086021,False
Qwen3-14B_think,libertarian_left,visible_moral_distance_present,18600,0.00043010752688172043,0.0871505376344086,0.08672043010752688,False
Qwen3-14B_think,libertarian_left,visible_persona_meta_present,18600,0.20446236559139785,0.31155913978494626,0.10709677419354839,False
Qwen3-14B_think,libertarian_left,visible_self_correction_present,18600,0.004408602150537635,0.047688172043010756,0.04327956989247312,False
Qwen3-14B_think,libertarian_left,visible_counterargument_present,18600,0.0013440860215053765,0.01946236559139785,0.018118279569892475,False
Qwen3-14B_think,libertarian_left,persona_vocab_overlap_fraction,18600,0.13658090117767538,0.13758192524321555,0.0010010240655401947,False
Qwen3-14B_think,libertarian_right,stage1_tokens,18600,627.4868817204301,217.4265053763441,-410.060376344086,False
Qwen3-14B_think,libertarian_right,visible_words,18600,75.3155376344086,157.15956989247312,81.84403225806452,False
Qwen3-14B_think,libertarian_right,classification_entropy,18600,0.018701745086860774,0.019159232628508136,0.00045748754164736007,False
Qwen3-14B_think,libertarian_right,classification_margin,18600,0.9914274638537452,0.9840773160404938,-0.00735014781325152,False
Qwen3-14B_think,libertarian_right,explicit_stance_found,18600,0.9979032258064516,0.9798387096774194,-0.01806451612903226,False
Qwen3-14B_think,libertarian_right,stage1_stage2_agree,18600,0.9890860215053764,0.9076881720430108,-0.08139784946236558,False
Qwen3-14B_think,libertarian_right,target_aligned,18300,0.7836065573770492,0.7249726775956284,-0.05863387978142077,False
Qwen3-14B_think,libertarian_right,target_projection_expected,18300,0.18723851094187935,0.1600277499026762,-0.027210761039203155,False
Qwen3-14B_think,libertarian_right,visible_hedging_present,18600,0.25155913978494626,0.2774731182795699,0.025913978494623655,False
Qwen3-14B_think,libertarian_right,visible_balance_present,18600,0.04129032258064516,0.07795698924731183,0.03666666666666667,False
Qwen3-14B_think,libertarian_right,visible_actual_refusal_present,18600,5.3763440860215054e-05,0.0005376344086021505,0.0004838709677419355,False
Qwen3-14B_think,libertarian_right,visible_moral_distance_present,18600,0.0008602150537634409,0.03327956989247312,0.032419354838709676,False
Qwen3-14B_think,libertarian_right,visible_persona_meta_present,18600,0.21456989247311828,0.2264516129032258,0.011881720430107526,False
Qwen3-14B_think,libertarian_right,visible_self_correction_present,18600,0.004032258064516129,0.03801075268817204,0.03397849462365592,False
Qwen3-14B_think,libertarian_right,visible_counterargument_present,18600,0.0070967741935483875,0.013440860215053764,0.006344086021505376,False
Qwen3-14B_think,libertarian_right,persona_vocab_overlap_fraction,18600,0.1513021243115657,0.14237214791502753,-0.00892997639653816,False
Qwen3-32B_think,all,stage1_tokens,111600,593.4396415770609,217.95129928315413,-375.4883422939068,False
Qwen3-32B_think,all,visible_words,111600,78.3913440860215,158.10022401433693,79.70887992831541,False
Qwen3-32B_think,all,classification_entropy,111600,0.054415802788350814,0.023689422841062704,-0.030726379947288107,False
Qwen3-32B_think,all,classification_margin,111600,0.9806826195712119,0.9804238861889989,-0.0002587333822131377,False
Qwen3-32B_think,all,explicit_stance_found,111600,0.9943010752688172,0.9774551971326165,-0.016845878136200716,False
Qwen3-32B_think,all,stage1_stage2_agree,111600,0.9909139784946237,0.8899014336917562,-0.10101254480286738,False
Qwen3-32B_think,all,target_aligned,73200,0.8089207650273224,0.7462158469945355,-0.06270491803278688,False
Qwen3-32B_think,all,target_projection_expected,73200,0.20928535249549526,0.1613747905066543,-0.04791056198884099,False
Qwen3-32B_think,all,visible_hedging_present,111600,0.2493458781362007,0.3181989247311828,0.06885304659498208,False
Qwen3-32B_think,all,visible_balance_present,111600,0.18317204301075268,0.15051075268817204,-0.032661290322580645,False
Qwen3-32B_think,all,visible_actual_refusal_present,111600,7.168458781362007e-05,0.00043906810035842294,0.00036738351254480287,False
Qwen3-32B_think,all,visible_moral_distance_present,111600,0.0009139784946236559,0.03289426523297491,0.03198028673835125,False
Qwen3-32B_think,all,visible_persona_meta_present,111600,0.11671146953405018,0.21170250896057347,0.0949910394265233,False
Qwen3-32B_think,all,visible_self_correction_present,111600,0.0014068100358422939,0.037240143369175624,0.035833333333333335,False
Qwen3-32B_think,all,visible_counterargument_present,111600,0.005752688172043011,0.01746415770609319,0.01171146953405018,False
Qwen3-32B_think,all,persona_vocab_overlap_fraction,111600,0.12059026294491752,0.10504631894948697,-0.015543943995430555,False
Qwen3-32B_think,authoritarian_left,stage1_tokens,18600,557.9581720430108,210.74962365591398,-347.20854838709676,False
Qwen3-32B_think,authoritarian_left,visible_words,18600,78.27182795698924,155.5151075268817,77.24327956989248,False
Qwen3-32B_think,authoritarian_left,classification_entropy,18600,0.0457974939788378,0.019614164020588187,-0.02618332995824961,False
Qwen3-32B_think,authoritarian_left,classification_margin,18600,0.9843862000014625,0.9838789870443302,-0.0005072129571321727,False
Qwen3-32B_think,authoritarian_left,explicit_stance_found,18600,0.9951075268817204,0.986021505376344,-0.009086021505376345,False
Qwen3-32B_think,authoritarian_left,stage1_stage2_agree,18600,0.9933333333333333,0.9139784946236559,-0.07935483870967742,False
Qwen3-32B_think,authoritarian_left,target_aligned,18300,0.6531147540983606,0.6476502732240437,-0.00546448087431694,False
Qwen3-32B_think,authoritarian_left,target_projection_expected,18300,0.15588287565517978,0.131931154646051,-0.023951721009128766,False
Qwen3-32B_think,authoritarian_left,visible_hedging_present,18600,0.22236559139784945,0.266505376344086,0.044139784946236556,False
Qwen3-32B_think,authoritarian_left,visible_balance_present,18600,0.05768817204301075,0.07349462365591398,0.015806451612903227,False
Qwen3-32B_think,authoritarian_left,visible_actual_refusal_present,18600,0.0,0.0,0.0,False
Qwen3-32B_think,authoritarian_left,visible_moral_distance_present,18600,0.00016129032258064516,0.030591397849462364,0.03043010752688172,False
Qwen3-32B_think,authoritarian_left,visible_persona_meta_present,18600,0.13838709677419356,0.25327956989247313,0.11489247311827958,False
Qwen3-32B_think,authoritarian_left,visible_self_correction_present,18600,0.000967741935483871,0.023118279569892472,0.022150537634408603,False
Qwen3-32B_think,authoritarian_left,visible_counterargument_present,18600,0.00456989247311828,0.005752688172043011,0.0011827956989247312,False
Qwen3-32B_think,authoritarian_left,persona_vocab_overlap_fraction,18600,0.1514853713428357,0.12346086521630407,-0.02802450612653163,False
Qwen3-32B_think,authoritarian_right,stage1_tokens,18600,563.8650537634409,202.16887096774192,-361.6961827956989,False
Qwen3-32B_think,authoritarian_right,visible_words,18600,76.2989247311828,147.36268817204302,71.06376344086021,False
Qwen3-32B_think,authoritarian_right,classification_entropy,18600,0.040596056954901476,0.019198871731071213,-0.02139718522383026,False
Qwen3-32B_think,authoritarian_right,classification_margin,18600,0.9864097649482957,0.984236084925396,-0.0021736800228997753,False
Qwen3-32B_think,authoritarian_right,explicit_stance_found,18600,0.9931720430107527,0.980752688172043,-0.012419354838709677,False
Qwen3-32B_think,authoritarian_right,stage1_stage2_agree,18600,0.9911827956989248,0.9120967741935484,-0.07908602150537634,False
Qwen3-32B_think,authoritarian_right,target_aligned,18300,0.8619672131147541,0.7891256830601093,-0.0728415300546448,False
Qwen3-32B_think,authoritarian_right,target_projection_expected,18300,0.21881146375388597,0.16939486227181857,-0.04941660148206738,False
Qwen3-32B_think,authoritarian_right,visible_hedging_present,18600,0.22381720430107527,0.257741935483871,0.0339247311827957,False
Qwen3-32B_think,authoritarian_right,visible_balance_present,18600,0.06473118279569892,0.07279569892473119,0.008064516129032258,False
Qwen3-32B_think,authoritarian_right,visible_actual_refusal_present,18600,5.3763440860215054e-05,0.00026881720430107527,0.00021505376344086021,False
Qwen3-32B_think,authoritarian_right,visible_moral_distance_present,18600,0.00021505376344086021,0.00967741935483871,0.00946236559139785,False
Qwen3-32B_think,authoritarian_right,visible_persona_meta_present,18600,0.11306451612903226,0.16774193548387098,0.05467741935483871,False
Qwen3-32B_think,authoritarian_right,visible_self_correction_present,18600,0.000967741935483871,0.02338709677419355,0.022419354838709677,False
Qwen3-32B_think,authoritarian_right,visible_counterargument_present,18600,0.00564516129032258,0.006290322580645161,0.0006451612903225806,False
Qwen3-32B_think,authoritarian_right,persona_vocab_overlap_fraction,18600,0.1499701314217443,0.11760454002389485,-0.032365591397849454,False
Qwen3-32B_think,base,stage1_tokens,18600,744.5625806451613,214.18075268817205,-530.3818279569892,False
Qwen3-32B_think,base,visible_words,18600,77.69715053763441,152.8075806451613,75.11043010752688,False
Qwen3-32B_think,base,classification_entropy,18600,0.06503808104686604,0.035425272149065476,-0.029612808897800554,False
Qwen3-32B_think,base,classification_margin,18600,0.9763816414615843,0.9707019917719882,-0.005679649689596081,False
Qwen3-32B_think,base,explicit_stance_found,18600,0.9871505376344086,0.9512903225806452,-0.03586021505376344,False
Qwen3-32B_think,base,stage1_stage2_agree,18600,0.9816129032258064,0.8327956989247312,-0.14881720430107526,False
Qwen3-32B_think,base,visible_hedging_present,18600,0.33768817204301077,0.3621505376344086,0.02446236559139785,False
Qwen3-32B_think,base,visible_balance_present,18600,0.1750537634408602,0.12989247311827956,-0.04516129032258064,False
Qwen3-32B_think,base,visible_actual_refusal_present,18600,0.0,0.00010752688172043011,0.00010752688172043011,False
Qwen3-32B_think,base,visible_moral_distance_present,18600,0.0020430107526881723,0.019838709677419356,0.017795698924731183,False
Qwen3-32B_think,base,visible_persona_meta_present,18600,0.016236559139784945,0.11666666666666667,0.10043010752688172,False
Qwen3-32B_think,base,visible_self_correction_present,18600,0.002795698924731183,0.05543010752688172,0.05263440860215054,False
Qwen3-32B_think,base,visible_counterargument_present,18600,0.004946236559139785,0.01806451612903226,0.013118279569892474,False
Qwen3-32B_think,base,persona_vocab_overlap_fraction,18600,0.0,0.0,0.0,False
Qwen3-32B_think,centrism,stage1_tokens,18600,585.5344086021505,225.01774193548388,-360.51666666666665,False
Qwen3-32B_think,centrism,visible_words,18600,80.11145161290322,163.9559677419355,83.84451612903226,False
Qwen3-32B_think,centrism,classification_entropy,18600,0.0789899950152756,0.02788486199876879,-0.05110513301650682,False
Qwen3-32B_think,centrism,classification_margin,18600,0.9717880532158102,0.9771908707654585,0.005402817549648435,False
Qwen3-32B_think,centrism,explicit_stance_found,18600,0.9969892473118279,0.9867204301075269,-0.010268817204301076,False
Qwen3-32B_think,centrism,stage1_stage2_agree,18600,0.9916666666666667,0.87,-0.12166666666666667,False
Qwen3-32B_think,centrism,visible_hedging_present,18600,0.3529032258064516,0.45188172043010755,0.09897849462365592,False
Qwen3-32B_think,centrism,visible_balance_present,18600,0.689247311827957,0.46725806451612906,-0.22198924731182795,False
Qwen3-32B_think,centrism,visible_actual_refusal_present,18600,0.00016129032258064516,0.0012903225806451613,0.0011290322580645162,False
Qwen3-32B_think,centrism,visible_moral_distance_present,18600,0.0005913978494623656,0.01682795698924731,0.016236559139784945,False
Qwen3-32B_think,centrism,visible_persona_meta_present,18600,0.11935483870967742,0.19451612903225807,0.07516129032258065,False
Qwen3-32B_think,centrism,visible_self_correction_present,18600,0.0005913978494623656,0.035806451612903224,0.03521505376344086,False
Qwen3-32B_think,centrism,visible_counterargument_present,18600,0.002150537634408602,0.041774193548387094,0.0396236559139785,False
Qwen3-32B_think,centrism,persona_vocab_overlap_fraction,18600,0.12080552465702633,0.1092584352984798,-0.011547089358546533,False
Qwen3-32B_think,libertarian_left,stage1_tokens,18600,524.068494623656,238.1643010752688,-285.90419354838707,False
Qwen3-32B_think,libertarian_left,visible_words,18600,78.65543010752688,171.8004301075269,93.145,False
Qwen3-32B_think,libertarian_left,classification_entropy,18600,0.04812304050580866,0.020854134518374416,-0.02726890598743425,False
Qwen3-32B_think,libertarian_left,classification_margin,18600,0.9821523721043703,0.9824580665863264,0.000305694481956133,False
Qwen3-32B_think,libertarian_left,explicit_stance_found,18600,0.9963978494623655,0.9801075268817204,-0.01629032258064516,False
Qwen3-32B_think,libertarian_left,stage1_stage2_agree,18600,0.9936021505376345,0.9028494623655914,-0.09075268817204302,False
Qwen3-32B_think,libertarian_left,target_aligned,18300,0.9327322404371585,0.8231147540983607,-0.10961748633879781,False
Qwen3-32B_think,libertarian_left,target_projection_expected,18300,0.25374225877721335,0.1841453952060714,-0.06959686357114199,False
Qwen3-32B_think,libertarian_left,visible_hedging_present,18600,0.14,0.2934408602150538,0.15344086021505376,False
Qwen3-32B_think,libertarian_left,visible_balance_present,18600,0.06290322580645161,0.08166666666666667,0.018763440860215055,False
Qwen3-32B_think,libertarian_left,visible_actual_refusal_present,18600,0.00016129032258064516,0.00043010752688172043,0.00026881720430107527,False
Qwen3-32B_think,libertarian_left,visible_moral_distance_present,18600,0.0018279569892473118,0.0871505376344086,0.0853225806451613,False
Qwen3-32B_think,libertarian_left,visible_persona_meta_present,18600,0.1453225806451613,0.31155913978494626,0.16623655913978494,False
Qwen3-32B_think,libertarian_left,visible_self_correction_present,18600,0.0011827956989247312,0.047688172043010756,0.046505376344086025,False
Qwen3-32B_think,libertarian_left,visible_counterargument_present,18600,0.002096774193548387,0.01946236559139785,0.01736559139784946,False
Qwen3-32B_think,libertarian_left,persona_vocab_overlap_fraction,18600,0.1414221710189452,0.13758192524321555,-0.0038402457757296467,False
Qwen3-32B_think,libertarian_right,stage1_tokens,18600,584.6491397849462,217.4265053763441,-367.2226344086022,False
Qwen3-32B_think,libertarian_right,visible_words,18600,79.31327956989247,157.15956989247312,77.84629032258064,False
Qwen3-32B_think,libertarian_right,classification_entropy,18600,0.04795014922841531,0.019159232628508136,-0.028790916599907172,False
Qwen3-32B_think,libertarian_right,classification_margin,18600,0.9829776856957492,0.9840773160404938,0.0010996303447446348,False
Qwen3-32B_think,libertarian_right,explicit_stance_found,18600,0.9969892473118279,0.9798387096774194,-0.017150537634408602,False
Qwen3-32B_think,libertarian_right,stage1_stage2_agree,18600,0.9940860215053764,0.9076881720430108,-0.08639784946236559,False
Qwen3-32B_think,libertarian_right,target_aligned,18300,0.7878688524590164,0.7249726775956284,-0.06289617486338797,False
Qwen3-32B_think,libertarian_right,target_projection_expected,18300,0.208704811795702,0.1600277499026762,-0.04867706189302581,False
Qwen3-32B_think,libertarian_right,visible_hedging_present,18600,0.2193010752688172,0.2774731182795699,0.05817204301075269,False
Qwen3-32B_think,libertarian_right,visible_balance_present,18600,0.049408602150537634,0.07795698924731183,0.028548387096774194,False
Qwen3-32B_think,libertarian_right,visible_actual_refusal_present,18600,5.3763440860215054e-05,0.0005376344086021505,0.0004838709677419355,False
Qwen3-32B_think,libertarian_right,visible_moral_distance_present,18600,0.0006451612903225806,0.03327956989247312,0.032634408602150534,False
Qwen3-32B_think,libertarian_right,visible_persona_meta_present,18600,0.16790322580645162,0.2264516129032258,0.05854838709677419,False
Qwen3-32B_think,libertarian_right,visible_self_correction_present,18600,0.001935483870967742,0.03801075268817204,0.0360752688172043,False
Qwen3-32B_think,libertarian_right,visible_counterargument_present,18600,0.01510752688172043,0.013440860215053764,-0.0016666666666666668,False
Qwen3-32B_think,libertarian_right,persona_vocab_overlap_fraction,18600,0.15985837922895357,0.14237214791502753,-0.017486231313926043,False
