ideology,question_id,delta__stage1_tokens__count,delta__stage1_tokens__mean,delta__stage1_tokens__std,delta__visible_words__count,delta__visible_words__mean,delta__visible_words__std,delta__classification_entropy__count,delta__classification_entropy__mean,delta__classification_entropy__std,delta__classification_margin__count,delta__classification_margin__mean,delta__classification_margin__std,delta__explicit_stance_found__count,delta__explicit_stance_found__mean,delta__explicit_stance_found__std,delta__stage1_stage2_agree__count,delta__stage1_stage2_agree__mean,delta__stage1_stage2_agree__std,delta__target_aligned__count,delta__target_aligned__mean,delta__target_aligned__std,delta__target_projection_expected__count,delta__target_projection_expected__mean,delta__target_projection_expected__std,delta__visible_hedging_present__count,delta__visible_hedging_present__mean,delta__visible_hedging_present__std,delta__visible_balance_present__count,delta__visible_balance_present__mean,delta__visible_balance_present__std,delta__visible_actual_refusal_present__count,delta__visible_actual_refusal_present__mean,delta__visible_actual_refusal_present__std,delta__visible_moral_distance_present__count,delta__visible_moral_distance_present__mean,delta__visible_moral_distance_present__std,delta__visible_persona_meta_present__count,delta__visible_persona_meta_present__mean,delta__visible_persona_meta_present__std,delta__visible_self_correction_present__count,delta__visible_self_correction_present__mean,delta__visible_self_correction_present__std,delta__visible_counterargument_present__count,delta__visible_counterargument_present__mean,delta__visible_counterargument_present__std,delta__persona_vocab_overlap_fraction__count,delta__persona_vocab_overlap_fraction__mean,delta__persona_vocab_overlap_fraction__std,abliteration_harm,abliteration_rescue,both_aligned,both_unaligned,alignment_switch_rate,question_page,topic,sensitive_topic,scorer_axis,scorer_weight_range,agree_pole_sign,weight_0_strongly_disagree,weight_1_disagree,weight_2_agree,weight_3_strongly_agree,statement_words,statement_chars,absolute_term_count,negation_count,modal_count,concessive_count,clause_marker_count,question_feature_version
libertarian_right,37,300,-16.26,56.93714541868158,300,-12.28,41.236591212774826,300,0.0005283318660558,0.1085141546146596,300,-0.0022562904067286,0.1168227106105144,300,0.0,0.1416576493949656,300,-0.0133333333333333,0.3057239156453864,300,0.07,0.3447164507796619,300,0.1036363076409418,0.3797174196429542,300,-0.0466666666666666,0.4952843400315527,300,0.0233333333333333,0.2227576233294688,300,-0.0033333333333333,0.0577350269189625,300,-0.0166666666666666,0.2768471963423704,300,0.0033333333333333,0.3964586828151039,300,0.0033333333333333,0.3004827034497389,300,0.0033333333333333,0.0577350269189625,300,-0.0134959349593495,0.0633974806386301,8.0,29.0,59.0,204.0,0.1233333333333333,3,corporations_markets,False,economic,1.3768419131928735,1,-0.7197018821087845,-0.4695110077757148,0.5320728588004102,0.6571400310840892,16,91,3,0,0,0,2,v1
libertarian_right,7,300,-20.99,67.49742891176668,300,-15.656666666666666,47.10117327592579,300,0.0066983801016248,0.0931925504540752,300,-0.0065701020420223,0.0889092722118941,300,0.0,0.1635721640219061,300,0.01,0.3112709946445756,300,-0.0733333333333333,0.4022789040093022,300,-0.0973131385279496,0.3691829370844449,300,-0.01,0.4128779812786693,300,-0.0133333333333333,0.1410266545012737,300,0.0,0.0,300,0.0,0.1635721640219061,300,-0.0166666666666666,0.4044760708147782,300,-0.0066666666666666,0.29480829135399,300,-0.01,0.3112709946445756,300,-0.0134959349593495,0.071897266810493,36.0,14.0,176.0,74.0,0.1666666666666666,2,class_nationality,False,economic,1.1262983257167811,-1,0.5631491628583906,0.3128270695863424,-0.3128270695863424,-0.5631491628583906,10,64,1,0,0,0,0,v1
libertarian_left,15,300,-24.716666666666665,69.11516530985257,300,-18.16,48.77119880396543,300,0.014108063063631,0.1360538436846542,300,-0.0188227358382762,0.1390403919628807,300,0.02,0.1993299813665067,300,0.01,0.3516325993844041,300,0.0766666666666666,0.4219585908556412,300,0.0740010747354257,0.3732411497248923,300,0.0433333333333333,0.5250789609888522,300,0.03,0.3408135064134729,300,-0.0066666666666666,0.0815130058495636,300,-0.0366666666666666,0.3092588327615326,300,-0.0166666666666666,0.4206885050523323,300,0.0066666666666666,0.356434717606567,300,-0.01,0.1289266209073801,300,-0.0167460317460317,0.062656029563681,16.0,39.0,32.0,213.0,0.1833333333333333,2,trade_protectionism,False,economic,1.126856500617869,-1,0.5948674955439203,0.3440422655802017,-0.4069207560501731,-0.5319890050739486,6,46,0,0,1,0,0,v1
libertarian_right,3,300,-41.42,107.1562651014941,300,-32.126666666666665,78.6715620229189,300,0.0050196571380504,0.1130676561491791,300,-0.0045344721150296,0.1038784792961933,300,0.0333333333333333,0.2137940955057755,300,0.02,0.3366170476807402,300,-0.1466666666666666,0.407072371051061,300,-0.069276597314086,0.1482179808065419,300,0.05,0.4777665429529544,300,0.0133333333333333,0.2449944826808058,300,-0.0033333333333333,0.0577350269189625,300,-0.16,0.4416448428591465,300,0.0333333333333333,0.5352668407985095,300,0.0066666666666666,0.0815130058495636,300,0.0033333333333333,0.0577350269189625,300,-0.016910569105691,0.0565229048074074,50.0,6.0,219.0,25.0,0.1866666666666666,1,race_ethnicity,True,social,0.4614170123122114,1,-0.2307085061561057,-0.1283442870283275,0.1283442870283275,0.2307085061561057,10,64,0,0,0,0,1,v1
authoritarian_left,3,300,-32.64666666666667,109.74867224292896,300,-26.633333333333333,81.7124754921737,300,-0.0072960327375932,0.1253422557648882,300,0.0076648311406674,0.1464257350351036,300,0.0066666666666666,0.1634357970419516,300,0.0133333333333333,0.3655145576605143,300,0.1633333333333333,0.4590111032046022,300,0.0668846556466503,0.1665759896341019,300,0.0033333333333333,0.4288768354927747,300,0.02,0.2154562709281728,300,0.0,0.0,300,-0.1133333333333333,0.4774047267598683,300,-0.0466666666666666,0.4302393619651384,300,0.0,0.163572164021906,300,0.0,0.0,300,-0.0129457364341085,0.0545320343887442,11.0,60.0,29.0,200.0,0.2366666666666666,1,race_ethnicity,True,social,0.4614170123122114,1,-0.2307085061561057,-0.1283442870283275,0.1283442870283275,0.2307085061561057,10,64,0,0,0,0,1,v1
libertarian_left,11,300,-20.756666666666668,60.556428718063,300,-15.553333333333333,42.69774561367996,300,-0.0127801541959613,0.1042008897399041,300,0.0120904704299491,0.1000214461394112,300,0.0066666666666666,0.1415001644664615,300,0.0133333333333333,0.2709247551727977,300,-0.0533333333333333,0.3709639737065889,300,-0.0656118486139535,0.3292399345030866,300,0.01,0.4802800186568978,300,-0.0033333333333333,0.3004827034497389,300,0.0,0.0,300,-0.0033333333333333,0.342119435161572,300,-0.04,0.4386052689375713,300,-0.0066666666666666,0.4768439535904889,300,-0.0033333333333333,0.0577350269189625,300,-0.012063492063492,0.0649791347202778,29.0,13.0,172.0,86.0,0.14,2,markets_property,False,economic,1.2511662022059689,1,-0.6255831011029844,-0.3752179071633886,0.3752179071633886,0.6255831011029844,8,43,0,0,0,0,1,v1
authoritarian_left,27,300,-30.38,68.47313952288445,300,-24.37,51.576223100355634,300,-0.0139514078779482,0.1556124941248802,300,0.0145744507901216,0.1566157631159182,300,0.01,0.1289266209073801,300,0.01,0.3112709946445755,300,0.18,0.5309170459676321,300,0.0622150509062272,0.1986460244431071,300,-0.0566666666666666,0.5548107232962464,300,0.0133333333333333,0.2449944826808059,300,0.0,0.0,300,-0.12,0.3908656031584787,300,0.0166666666666666,0.3961211035164108,300,0.0,0.2003341689882533,300,0.0,0.0,300,-0.0113178294573643,0.0544475523226795,20.0,74.0,87.0,119.0,0.3133333333333333,3,family_discipline,True,social,0.5121342554809217,1,-0.2429691962297503,-0.141265633974797,0.1150697709533757,0.2691650592511714,8,52,0,0,1,0,0,v1
authoritarian_left,42,300,-27.76,73.44059369773356,300,-22.76333333333333,55.24854745186239,300,-0.0058972321302544,0.1147129049379744,300,0.0060515903583748,0.1106375411191735,300,0.0166666666666666,0.1910774472783666,300,0.0566666666666666,0.3273317008226268,300,0.14,0.4842675398653352,300,0.0593897097497662,0.2065964623872647,300,-0.0866666666666666,0.4689227199441521,300,0.02,0.2304568677496432,300,0.0,0.0,300,-0.0333333333333333,0.2137940955057754,300,-0.0366666666666666,0.4194145731486374,300,-0.0066666666666666,0.2002228412947501,300,0.0033333333333333,0.152971314191388,300,0.001937984496124,0.0515108447011156,17.0,59.0,154.0,70.0,0.2533333333333333,4,punishment_justice,True,social,0.5122411510500507,1,-0.2561205755250254,-0.1536405536639065,0.1536405536639065,0.2561205755250254,12,66,0,0,1,0,0,v1
authoritarian_right,19,300,-31.41333333333333,83.20355718748482,300,-23.14666666666667,60.53323658393499,300,-0.001905838976156,0.0867016922402817,300,0.0014087429490902,0.0771839533626858,300,-0.0066666666666666,0.1415001644664615,300,0.0066666666666666,0.2948082913539899,300,-0.0666666666666666,0.4429555141477926,300,-0.0593870654870857,0.2832386313667145,300,-0.0333333333333333,0.4236592728681617,300,-0.0166666666666666,0.2233573757005163,300,0.0,0.0,300,-0.01,0.1732050807568878,300,0.0066666666666666,0.3835526007568977,300,0.0033333333333333,0.2084876797260389,300,0.0,0.1828792389898638,300,-0.0058518518518518,0.0549193849579378,40.0,20.0,132.0,108.0,0.2,2,consumer_regulation,False,economic,0.8755520577753246,-1,0.4689684426397087,0.2190226218104331,-0.2814074493145257,-0.4065836151356159,8,63,0,0,1,0,0,v1
libertarian_right,26,300,-21.44333333333333,61.862022450188654,300,-16.16,44.4769046828489,300,-0.0004549979853708,0.1095976934440724,300,0.0003007654831119,0.1064271182516198,300,0.0066666666666666,0.1634357970419516,300,0.01,0.2771691585925757,300,-0.1333333333333333,0.4275881910115512,300,-0.0593137133918156,0.1474549117963702,300,-0.0233333333333333,0.4727938263446916,300,-0.0133333333333333,0.1823909090421623,300,0.0,0.081786082010953,300,-0.09,0.4272099732028894,300,0.0333333333333333,0.4156900483250436,300,0.0,0.2586303000559358,300,0.0,0.1828792389898637,300,-0.0093495934959349,0.0522639991029088,50.0,10.0,173.0,67.0,0.2,3,race_segregation,True,social,0.4612943371342164,1,-0.2306471685671082,-0.1287015914139468,0.1287015914139468,0.2306471685671082,24,122,2,0,1,1,2,v1
libertarian_right,27,300,-34.23,78.30049163298118,300,-26.546666666666667,56.28042385459676,300,0.006941799987702,0.1219080856597727,300,-0.0076266861543051,0.1232923220107556,300,0.02,0.2304568677496433,300,0.0233333333333333,0.3105538620373443,300,-0.1033333333333333,0.3827233283226453,300,-0.0548064219676634,0.1493538070419458,300,0.01,0.5635826630230925,300,-0.0233333333333333,0.2639845608809359,300,-0.01,0.0996649906832533,300,-0.0166666666666666,0.1726893964541963,300,0.0133333333333333,0.4247630331569331,300,-0.01,0.2082736815380299,300,-0.0033333333333333,0.100111420647375,300,-0.0019512195121951,0.0552824735017441,39.0,8.0,40.0,213.0,0.1566666666666666,3,family_discipline,True,social,0.5121342554809217,1,-0.2429691962297503,-0.141265633974797,0.1150697709533757,0.2691650592511714,8,52,0,0,1,0,0,v1
authoritarian_left,31,300,-57.72,105.25440560691771,300,-46.78,80.37215860979884,300,-0.0141412715312707,0.1169581694657972,300,0.0112394477775117,0.1200817816168196,300,0.0066666666666666,0.1634357970419516,300,0.0566666666666666,0.3749544751259082,300,0.1033333333333333,0.4162126846759633,300,0.0538639350046912,0.1972257718368893,300,-0.04,0.5025686528586124,300,-0.0133333333333333,0.2709247551727975,300,-0.0033333333333333,0.0577350269189625,300,-0.13,0.4086440585095836,300,-0.05,0.4707142512762016,300,-0.0066666666666666,0.2452673557737549,300,0.0033333333333333,0.0577350269189625,300,-0.0047286821705426,0.0498998576905946,12.0,43.0,197.0,48.0,0.1833333333333333,3,disability_eugenics,True,social,0.5648712533126834,1,-0.2824356266563417,-0.1799160768022441,0.1799160768022441,0.2824356266563417,11,80,0,1,1,0,0,v1
libertarian_right,42,300,-22.90333333333333,75.76155599496451,300,-17.26,55.80657349707962,300,-0.0144235533256587,0.1117154193233643,300,0.0152805205336392,0.1094756176497377,300,0.0066666666666666,0.1827572788302572,300,0.02,0.316121986530347,300,-0.1133333333333333,0.4095297354727045,300,-0.0534394887245555,0.1686223256620937,300,0.0066666666666666,0.5041190424082564,300,-0.0066666666666666,0.4006126857312244,300,0.0,0.0,300,-0.0366666666666666,0.2355997588640778,300,0.0066666666666666,0.4249204791497955,300,0.01,0.2082736815380299,300,-0.0066666666666666,0.2162825683841512,300,-0.0074796747967479,0.0481604006360942,44.0,10.0,49.0,197.0,0.18,4,punishment_justice,True,social,0.5122411510500507,1,-0.2561205755250254,-0.1536405536639065,0.1536405536639065,0.2561205755250254,12,66,0,0,1,0,0,v1
libertarian_left,19,300,-20.7,62.780900531705576,300,-16.863333333333333,44.67524572763951,300,0.0078071245142278,0.0776903803161122,300,-0.0062208730916883,0.0756482291811315,300,0.0033333333333333,0.1917763003784489,300,0.0166666666666666,0.3215590505108515,300,0.07,0.4752397740187206,300,0.0529205612304519,0.2874394529532134,300,0.0133333333333333,0.5361408823321674,300,0.0066666666666666,0.3270761658745041,300,0.0,0.0,300,-0.0433333333333333,0.3393711805918065,300,-0.04,0.3815125678989919,300,0.0033333333333333,0.2520595212041283,300,0.0,0.3747909116090586,300,-0.0109523809523809,0.0599960562639631,24.0,45.0,94.0,137.0,0.23,2,consumer_regulation,False,economic,0.8755520577753246,-1,0.4689684426397087,0.2190226218104331,-0.2814074493145257,-0.4065836151356159,8,63,0,0,1,0,0,v1
libertarian_right,9,300,-22.14,55.37250322779686,300,-17.833333333333332,40.51399141725502,300,0.0042963908515908,0.0984625400350801,300,-0.003569102365879,0.1057454541192755,300,-0.0066666666666666,0.1154700538379251,300,-0.0166666666666666,0.2886751345948129,300,-0.0366666666666666,0.2749075044608979,300,-0.0480668036131775,0.2158548106870198,300,-0.03,0.5065787930604629,300,-0.0033333333333333,0.1917763003784489,300,0.0,0.0,300,-0.0233333333333333,0.2072003753391658,300,-0.0333333333333333,0.4236592728681616,300,-0.0366666666666666,0.3301801812078221,300,-0.0066666666666666,0.2832365891624115,300,-0.0109756097560975,0.0612279630008378,17.0,6.0,258.0,19.0,0.0766666666666666,2,environment_regulation,False,economic,1.0019515241771093,-1,0.5009757620885547,0.2500578405142084,-0.2500578405142084,-0.5009757620885547,13,103,1,1,0,0,1,v1
authoritarian_left,26,300,-25.92,70.51587453809894,300,-19.37,52.260600211327095,300,-0.0006803603924673,0.1318314579856973,300,-0.0005593393930318,0.1490305409499169,300,0.0033333333333333,0.1292720377913879,300,0.01,0.300334261942125,300,0.1,0.4590232468373726,300,0.046398915759216,0.1686377596705351,300,0.0066666666666666,0.4169753594520779,300,0.01,0.1915436326550751,300,0.0,0.0,300,-0.1366666666666666,0.4146024677242435,300,-0.0166666666666666,0.3417281805570692,300,-0.0266666666666666,0.315627880187086,300,0.0,0.081786082010953,300,-0.0023255813953488,0.0548456357299807,18.0,48.0,129.0,105.0,0.22,3,race_segregation,True,social,0.4612943371342164,1,-0.2306471685671082,-0.1287015914139468,0.1287015914139468,0.2306471685671082,24,122,2,0,1,1,2,v1
libertarian_right,23,300,-26.81,59.88171646300051,300,-19.596666666666668,43.225789584145225,300,-0.0066485836330424,0.1470651520501618,300,0.0051708743805342,0.1460126523515589,300,0.0233333333333333,0.1903760287693513,300,0.0033333333333333,0.3421194351615721,300,-0.14,0.4558060961904907,300,-0.0429850725878016,0.11437547052202,300,0.01,0.4871938623707944,300,-0.0266666666666666,0.3361530680698872,300,0.0,0.0,300,-0.0833333333333333,0.3513788732942654,300,-0.0233333333333333,0.3872407609122892,300,0.0466666666666666,0.3979322250601981,300,0.0033333333333333,0.100111420647375,300,-0.0069918699186991,0.0538839946508639,55.0,13.0,111.0,121.0,0.2266666666666666,3,punishment_justice,True,social,0.3596187178817474,1,-0.1669760268080711,-0.1152757727821722,0.089609108516567,0.1926426910736762,11,42,0,0,0,0,0,v1
authoritarian_left,16,300,-14.943333333333332,49.30751354369596,300,-12.89,35.846167518334624,300,0.0036129987267709,0.0831271078436628,300,-0.0016274330712811,0.0973974810170665,300,0.0033333333333333,0.1292720377913878,300,0.0133333333333333,0.2709247551727975,300,0.0333333333333333,0.3041885233667585,300,0.0421864195953706,0.3164303223694031,300,-0.0166666666666666,0.2768471963423704,300,0.01,0.1915436326550751,300,0.0,0.0,300,-0.02,0.2154562709281728,300,-0.0066666666666666,0.356434717606567,300,0.0133333333333333,0.1148893122493092,300,0.0,0.0,300,-0.0120930232558139,0.0595250633574382,9.0,19.0,254.0,18.0,0.0933333333333333,2,corporate_responsibility,False,economic,1.1256829106130049,1,-0.5628414553065024,-0.3128880887498754,0.3128880887498754,0.5628414553065024,16,94,1,0,1,0,0,v1
authoritarian_left,24,300,-22.35333333333333,65.20722169688707,300,-17.486666666666668,48.02267255320898,300,-0.0024214106733763,0.0797602463750218,300,0.002781397158606,0.0787157288075277,300,0.0033333333333333,0.1292720377913879,300,0.01,0.3112709946445756,300,0.04,0.4150996173302168,300,0.0407734321722754,0.4089220294388848,300,-0.04,0.4681136985632964,300,0.0066666666666666,0.2162825683841513,300,0.0,0.0,300,-0.04,0.2804678365835547,300,-0.04,0.4069628104593711,300,-0.0066666666666666,0.1634357970419516,300,0.0,0.081786082010953,300,0.0016279069767441,0.0498442453410329,20.0,32.0,120.0,128.0,0.1733333333333333,3,culture_public_funding,False,economic,1.1257119969930642,1,-0.5943423845479201,-0.3439126533718808,0.4068854254746565,0.5313696124451441,19,110,1,2,1,0,0,v1
authoritarian_right,15,300,-27.35,78.1361955188965,300,-19.92333333333333,56.13776760846864,300,-0.0051318363464589,0.0967947750761746,300,0.0061307688268064,0.1010025792484584,300,0.01,0.152679523149955,300,0.0233333333333333,0.2372971174753201,300,-0.04,0.2921492265410981,300,-0.0406530382311355,0.2641820745264621,300,-0.0266666666666666,0.4899889653616117,300,0.0133333333333333,0.2830003289329231,300,0.0,0.0,300,-0.0033333333333333,0.0577350269189625,300,-0.0033333333333333,0.3611421248437763,300,0.0,0.2453582460328592,300,0.0,0.0,300,-0.0028888888888888,0.0494059010770263,19.0,7.0,54.0,220.0,0.0866666666666666,2,trade_protectionism,False,economic,1.126856500617869,-1,0.5948674955439203,0.3440422655802017,-0.4069207560501731,-0.5319890050739486,6,46,0,0,1,0,0,v1
libertarian_left,9,300,-16.116666666666667,59.35722919533939,300,-12.27,41.15681447739148,300,-0.0051435587107781,0.1178577590675071,300,0.001510553008746,0.1289374396417819,300,0.01,0.1732050807568878,300,0.03,0.3690809339236491,300,0.0433333333333333,0.464227580370675,300,0.0402299258754049,0.2863825302277693,300,0.1133333333333333,0.5046495080503633,300,0.0166666666666666,0.3000371586054561,300,0.0,0.0,300,-0.01,0.152679523149955,300,-0.0233333333333333,0.3957832362829823,300,-0.01,0.2237563175244601,300,0.0133333333333333,0.283000328932923,300,-0.0117460317460317,0.0610372445006198,26.0,39.0,105.0,130.0,0.2166666666666666,2,environment_regulation,False,economic,1.0019515241771093,-1,0.5009757620885547,0.2500578405142084,-0.2500578405142084,-0.5009757620885547,13,103,1,1,0,0,1,v1
authoritarian_left,8,300,-21.793333333333333,58.61355746997884,300,-17.33,43.89354444730066,300,0.0003051485400478,0.110793046968336,300,0.000784126135653,0.1168616111931584,300,0.0,0.115662986393248,300,-0.02,0.3161219865303472,300,0.0466666666666666,0.4884850194937282,300,0.0400281097070322,0.481043797271499,300,-0.0266666666666666,0.399776972382996,300,0.0466666666666666,0.2671956848495679,300,0.0,0.0,300,-0.03,0.2219554325688441,300,0.0033333333333333,0.4210063857135592,300,-0.0033333333333333,0.152971314191388,300,0.0,0.1635721640219061,300,-0.0050387596899224,0.0540134496532636,29.0,43.0,120.0,108.0,0.24,2,macroeconomics,False,economic,1.1264763070556578,1,-0.5632381535278289,-0.3130761658529776,0.3130761658529776,0.5632381535278289,8,70,0,0,0,0,0,v1
authoritarian_left,1,300,-19.98333333333333,62.4224178458452,300,-15.033333333333331,45.82260642690176,300,0.0111103754849902,0.1012897368357806,300,-0.0095260923468967,0.0894199747183891,300,-0.0066666666666666,0.1415001644664616,300,-0.0166666666666666,0.3215590505108515,300,0.08,0.4092574236296595,300,0.0396319593172954,0.1632953079231824,300,-0.05,0.5049918042978785,300,0.0033333333333333,0.2384219767952445,300,-0.0133333333333333,0.1148893122493092,300,-0.0833333333333333,0.3788588156947841,300,0.01,0.3963461883295264,300,-0.0033333333333333,0.2239555219418573,300,0.0,0.081786082010953,300,-0.0025581395348837,0.0500947368842522,14.0,38.0,112.0,136.0,0.1733333333333333,1,nationalism,False,social,0.5117596845338225,1,-0.2558798422669112,-0.154086091976827,0.154086091976827,0.2558798422669112,12,61,1,0,0,1,2,v1
libertarian_left,5,300,-28.67,76.12220262473674,300,-21.37333333333333,53.77775978083977,300,-0.0004614106759572,0.1461909963052167,300,-0.0004990050974767,0.1446652734380904,300,0.02,0.1993299813665066,300,0.0066666666666666,0.3921754208999877,300,-0.0933333333333333,0.4456653613079977,300,-0.0386170985086708,0.1270841231923314,300,0.0066666666666666,0.5107102624084618,300,-0.02,0.2826061229623058,300,0.0,0.081786082010953,300,-0.1366666666666666,0.4457028820703786,300,-0.05,0.4777665429529546,300,0.0,0.231325972786496,300,0.0133333333333333,0.2709247551727977,300,-0.0093650793650793,0.0601706637472803,45.0,17.0,199.0,39.0,0.2066666666666666,1,war_international_law,True,social,0.4107146578260567,1,-0.2053573289130283,-0.1024961490528865,0.1024961490528865,0.2053573289130283,9,69,0,0,1,0,0,v1
authoritarian_right,3,300,-96.71333333333334,148.5207027748365,300,-73.49,108.19576846800098,300,-0.0195208611198947,0.1317421582206849,300,0.0197790823842591,0.1562850213056633,300,0.04,0.2278296611836355,300,0.14,0.4011688607675057,300,0.0833333333333333,0.3513788732942652,300,0.0383384076053032,0.1305729594777668,300,-0.11,0.4816707267036381,300,-0.02,0.2445390175486909,300,-0.0033333333333333,0.0577350269189625,300,-0.09,0.3091146057126432,300,-0.0466666666666666,0.4884850194937282,300,-0.01,0.1289266209073802,300,0.0,0.0,300,-0.0222222222222222,0.0598110075223188,7.0,32.0,239.0,22.0,0.13,1,race_ethnicity,True,social,0.4614170123122114,1,-0.2307085061561057,-0.1283442870283275,0.1283442870283275,0.2307085061561057,10,64,0,0,0,0,1,v1
authoritarian_right,57,300,-45.27,113.81883054789732,300,-35.81666666666667,85.31234990145278,300,-0.011938400834139,0.1425809397135284,300,0.0109814603574656,0.1546768494377208,300,0.0366666666666666,0.1882560935128119,300,0.0466666666666666,0.3627591527426299,300,-0.1,0.4210196255326016,300,-0.0382372055818954,0.1392315109812184,300,-0.0033333333333333,0.436605431978347,300,-0.0066666666666666,0.3656975131525719,300,0.0,0.0,300,-0.01,0.1289266209073802,300,-0.06,0.4044898517067879,300,-0.0033333333333333,0.100111420647375,300,-0.01,0.1526795231499551,300,-0.0111851851851851,0.0559443351819233,43.0,13.0,216.0,28.0,0.1866666666666666,6,lgbt_family,True,social,0.4618926606302363,-1,0.2180085981091523,0.1665427127731495,-0.1406672483612178,-0.2438840625210839,19,113,0,1,1,0,1,v1
libertarian_right,33,300,-17.996666666666666,71.76813736395276,300,-13.706666666666669,51.0372081027686,300,0.003579568293592,0.1213934983347551,300,-0.0047450974719336,0.1275205418297239,300,0.0066666666666666,0.1634357970419517,300,-0.02,0.3053590462999101,300,-0.0766666666666666,0.4671004513604033,300,-0.0355052864741692,0.1792882526547078,300,0.03,0.4724164026842035,300,-0.0066666666666666,0.2162825683841512,300,0.0,0.0,300,-0.0466666666666666,0.302424244455263,300,0.0166666666666666,0.4285647926438526,300,0.0166666666666666,0.2768471963423704,300,0.0033333333333333,0.0577350269189625,300,-0.0047967479674796,0.0597669035823043,45.0,22.0,147.0,86.0,0.2233333333333333,3,race_culture,True,social,0.4612935639728195,-1,0.217706031679736,0.1666318299425114,-0.1407503293291638,-0.2435875322930834,12,77,1,1,0,0,1,v1
authoritarian_left,58,300,-28.30666666666667,82.11187788940141,300,-23.74333333333333,60.36802506617381,300,0.0047966601918514,0.1440400251134549,300,-0.0047161672808952,0.1608729983359443,300,0.0,0.1635721640219061,300,-0.0033333333333333,0.3517593937991924,300,-0.06,0.4044898517067878,300,-0.034317687564324,0.1323268625584034,300,0.0066666666666666,0.5107102624084617,300,-0.0166666666666666,0.3317969050129048,300,-0.0033333333333333,0.0577350269189625,300,-0.08,0.3473742885146658,300,-0.02,0.4084393987789577,300,0.01,0.1526795231499551,300,0.0,0.081786082010953,300,-0.00984496124031,0.0615325788706549,34.0,16.0,224.0,26.0,0.1666666666666666,6,sexuality_expression,True,social,0.4629929933556577,-1,0.2314964966778288,0.1277766585763877,-0.1277766585763877,-0.2314964966778288,11,83,0,0,1,0,2,v1
libertarian_right,36,300,-18.83333333333333,69.37286359159864,300,-14.056666666666668,49.75021341332242,300,0.00215104417037,0.1135383691248405,300,-0.0036746768229104,0.1123246345550467,300,0.0133333333333333,0.199888486191498,300,0.0266666666666666,0.3647818180843245,300,-0.07,0.4231194870653539,300,-0.0337375879666436,0.1492766217193722,300,0.04,0.4890780350973817,300,-0.02,0.1817786518292771,300,0.0,0.0,300,-0.03,0.2365442395357052,300,-0.0333333333333333,0.4391640990661511,300,0.0066666666666666,0.1827572788302571,300,0.0133333333333333,0.1148893122493092,300,-0.0035772357723577,0.0591671899912411,38.0,17.0,181.0,64.0,0.1833333333333333,3,immigration_integration,True,social,0.4611848792416653,1,-0.2432177212636557,-0.0901158715460833,0.1153664348317291,0.2179671579780096,11,83,1,1,0,0,0,v1
libertarian_right,19,300,-19.133333333333333,61.79458545477358,300,-14.936666666666667,43.68095781697385,300,0.0124776932241207,0.1007179925562507,300,-0.0153772636736308,0.1124009245585889,300,0.0033333333333333,0.152971314191388,300,-0.03,0.2757173677693013,300,-0.0266666666666666,0.2297786244986185,300,-0.032767868012402,0.1604336535089441,300,-0.0466666666666666,0.4674940904842338,300,0.0066666666666666,0.1827572788302572,300,0.0,0.0,300,-0.04,0.3901804744930034,300,0.0,0.3747909116090586,300,-0.0133333333333333,0.2709247551727976,300,0.0,0.081786082010953,300,-0.0120325203252032,0.0551185991765331,12.0,4.0,263.0,21.0,0.0533333333333333,2,consumer_regulation,False,economic,0.8755520577753246,-1,0.4689684426397087,0.2190226218104331,-0.2814074493145257,-0.4065836151356159,8,63,0,0,1,0,0,v1
authoritarian_left,48,300,-32.07,74.01670990041103,300,-25.40333333333333,55.12734411450715,300,-0.0110265080032682,0.1257886935809279,300,0.0112240359123432,0.1431573628546744,300,-0.0033333333333333,0.100111420647375,300,0.0266666666666666,0.3048474955460372,300,0.0766666666666666,0.4525537595023245,300,0.0325378517106789,0.159116046089492,300,-0.0366666666666666,0.4273143425865277,300,0.0133333333333333,0.3268715940839032,300,0.0,0.0,300,-0.0266666666666666,0.3459593160813863,300,0.03,0.3867798627221404,300,-0.0166666666666666,0.1910774472783665,300,0.0066666666666666,0.0815130058495636,300,-0.0063565891472868,0.0570217930153588,20.0,43.0,117.0,120.0,0.21,4,gender_family,True,social,0.4619993252410632,1,-0.2309996626205316,-0.1284745085227307,0.1284745085227307,0.2309996626205316,12,67,0,0,1,1,2,v1
libertarian_right,2,300,-25.48,71.26292360643406,300,-19.156666666666663,52.010856747615286,300,0.0091417400235466,0.1134717013830044,300,-0.0091587524306646,0.124824169102704,300,0.0166666666666666,0.1726893964541963,300,0.0233333333333333,0.2995909511577536,300,0.0833333333333333,0.473076696485974,300,0.0320367245225811,0.1715944324207678,300,-0.0333333333333333,0.4541398818976251,300,0.01,0.1915436326550751,300,0.0,0.0,300,-0.0033333333333333,0.1734623480071185,300,-0.0166666666666666,0.4362989166896598,300,-0.0066666666666666,0.2948082913539899,300,0.0033333333333333,0.0577350269189625,300,-0.0139837398373983,0.0635736062737313,22.0,47.0,110.0,121.0,0.23,1,nationalism,False,social,0.4615140033271022,-1,0.2307570016635511,0.1279111119651034,-0.1279111119651034,-0.2307570016635511,16,73,1,1,0,0,1,v1
libertarian_right,5,300,-29.563333333333333,61.87482770265306,300,-21.73,44.7173632412605,300,-0.0032420179577672,0.1025007020833897,300,0.0038979840031767,0.1198279476575354,300,0.01,0.1915436326550751,300,0.0233333333333333,0.2763635496844743,300,-0.0766666666666666,0.3432905234645391,300,-0.0316877322352048,0.1115707469483461,300,-0.0866666666666666,0.4617353723390912,300,-0.0033333333333333,0.3219748149993544,300,-0.0033333333333333,0.0577350269189625,300,-0.06,0.3000557361825525,300,-0.0166666666666666,0.4362989166896598,300,-0.0166666666666666,0.1910774472783666,300,-0.0033333333333333,0.1734623480071184,300,8.130081300812978e-05,0.0528334375763742,30.0,7.0,21.0,242.0,0.1233333333333333,1,war_international_law,True,social,0.4107146578260567,1,-0.2053573289130283,-0.1024961490528865,0.1024961490528865,0.2053573289130283,9,69,0,0,1,0,0,v1
libertarian_right,48,300,-19.366666666666667,58.576070846449326,300,-15.01,41.521681888979785,300,-0.000257975099262,0.085175706287219,300,0.0020631304843769,0.0963322574946031,300,0.0166666666666666,0.1520942616833793,300,0.0133333333333333,0.2582852294552246,300,-0.0633333333333333,0.3261033069107847,300,-0.0314253891884083,0.1247645419236919,300,0.0233333333333333,0.5069307825365965,300,-0.01,0.332065593713694,300,0.0066666666666666,0.0815130058495636,300,-0.06,0.3318137044309058,300,-0.02,0.4245004933993849,300,-0.0066666666666666,0.1154700538379251,300,0.0033333333333333,0.100111420647375,300,-0.0123577235772357,0.0556216520397352,26.0,7.0,234.0,33.0,0.11,4,gender_family,True,social,0.4619993252410632,1,-0.2309996626205316,-0.1284745085227307,0.1284745085227307,0.2309996626205316,12,67,0,0,1,1,2,v1
authoritarian_right,13,300,-32.45333333333333,86.54896629912481,300,-24.883333333333333,64.0486049930891,300,0.0072394371418714,0.1029029254470234,300,-0.0080863781697373,0.124503504093138,300,0.0033333333333333,0.1529713141913879,300,0.0066666666666666,0.3371465282245516,300,-0.02,0.4084393987789576,300,-0.0303967435915313,0.3832733972555849,300,-0.0266666666666666,0.3997769723829958,300,-0.0433333333333333,0.2614384358531854,300,0.0033333333333333,0.0577350269189625,300,-0.0233333333333333,0.2639845608809359,300,0.0033333333333333,0.3321998565691604,300,0.0033333333333333,0.1917763003784489,300,0.01,0.0996649906832533,300,-0.0114074074074074,0.0627085452266191,28.0,22.0,158.0,92.0,0.1666666666666666,2,markets_property,False,economic,1.1273100422920703,-1,0.5951331912274722,0.3441817904773077,-0.4071381306401817,-0.5321768510645983,11,52,0,0,0,0,0,v1
libertarian_right,6,300,-17.893333333333334,60.69234293157556,300,-13.916666666666666,44.1433101196162,300,-0.0002742425167391,0.1142753928911704,300,-0.0004675389600859,0.1260188980807281,300,0.0066666666666666,0.1634357970419517,300,0.0066666666666666,0.29480829135399,300,0.08,0.448259361139841,300,0.029814601335548,0.1672771391515162,300,-0.0566666666666666,0.4908414271202876,300,-0.0066666666666666,0.2002228412947501,300,0.0,0.0,300,-0.01,0.2237563175244602,300,-0.01,0.3878161133741638,300,0.0233333333333333,0.2763635496844742,300,0.0066666666666666,0.0815130058495636,300,-0.0055284552845528,0.0551474686719444,19.0,43.0,186.0,52.0,0.2066666666666666,1,media_information,False,social,0.4622518323224769,-1,0.2311259161612384,0.1283939375304129,-0.1283939375304129,-0.2311259161612384,10,64,0,0,0,0,0,v1
libertarian_right,14,300,-19.26,51.22674755976451,300,-16.44333333333333,36.06525285878522,300,-0.0041435417107797,0.0861182364497506,300,0.0012499138910015,0.0925892903985332,300,-0.0033333333333333,0.1292720377913878,300,0.01,0.3003342619421251,300,-0.0166666666666666,0.3215590505108515,300,-0.0287365256890558,0.3313840168579751,300,-0.06,0.5072056043495693,300,-0.0066666666666666,0.1415001644664615,300,-0.0033333333333333,0.0577350269189625,300,-0.03,0.2875917768301702,300,-0.01,0.3790941500233679,300,0.0066666666666666,0.2585440755827756,300,0.0,0.081786082010953,300,-0.0140650406504065,0.0542499548169112,18.0,13.0,225.0,44.0,0.1033333333333333,2,finance_inequality,False,economic,1.2511874581086335,-1,0.5943980251361615,0.3441774322351342,-0.2817860243988236,-0.6567894329724723,21,133,0,0,0,0,0,v1
authoritarian_left,57,300,-26.13,69.84023645981263,300,-21.03,52.52241852923886,300,-0.0057074421667469,0.1378171881736844,300,0.00109255398933,0.1359091573286405,300,0.0033333333333333,0.0577350269189625,300,0.0333333333333333,0.3149914617235702,300,-0.08,0.366124053761119,300,-0.0285098463987939,0.1281640551403757,300,-0.0733333333333333,0.4342627884745992,300,0.0,0.2453582460328592,300,0.0,0.0,300,0.0,0.0,300,0.0,0.3922322702763682,300,0.0033333333333333,0.1917763003784489,300,0.0,0.115662986393248,300,-0.0160465116279069,0.0476292951229807,33.0,9.0,32.0,226.0,0.14,6,lgbt_family,True,social,0.4618926606302363,-1,0.2180085981091523,0.1665427127731495,-0.1406672483612178,-0.2438840625210839,19,113,0,1,1,0,1,v1
authoritarian_left,11,300,-14.506666666666666,50.34353510941863,300,-12.353333333333332,35.98989762873248,300,-0.0041255849612843,0.0611526121931491,300,0.0026668935841754,0.0565637578230679,300,0.0066666666666666,0.1415001644664616,300,0.0166666666666666,0.2378602120795405,300,0.02,0.2154562709281729,300,0.026680854366203,0.253466676225884,300,-0.0033333333333333,0.3321998565691603,300,0.0033333333333333,0.100111420647375,300,0.0,0.0,300,-0.0066666666666666,0.1415001644664615,300,0.0,0.4089304100547652,300,0.0266666666666666,0.2572472404086812,300,0.0,0.0,300,-0.0048837209302325,0.0566427855776013,4.0,10.0,278.0,8.0,0.0466666666666666,2,markets_property,False,economic,1.2511662022059689,1,-0.6255831011029844,-0.3752179071633886,0.3752179071633886,0.6255831011029844,8,43,0,0,0,0,1,v1
authoritarian_left,60,300,-42.71666666666667,100.2042548891105,300,-34.54666666666667,75.32072664122028,300,0.0108697007940771,0.1497470472864332,300,-0.0127879965817573,0.1494765446323624,300,0.02,0.1817786518292771,300,0.0133333333333333,0.3562470051117049,300,0.05,0.4635546819349502,300,0.0266733073146456,0.2019265014909536,300,0.0066666666666666,0.529992322360831,300,-0.0133333333333333,0.2159730773097216,300,-0.0066666666666666,0.0815130058495636,300,-0.05,0.2847870764795445,300,-0.0766666666666666,0.4525537595023245,300,0.01,0.1915436326550751,300,0.0066666666666666,0.1415001644664615,300,-0.0093798449612403,0.0608966934099328,25.0,40.0,141.0,94.0,0.2166666666666666,6,lgbt_identity,True,social,0.5134103128699198,1,-0.2567051564349599,-0.1537578829110864,0.1537578829110864,0.2567051564349599,6,37,1,1,0,0,0,v1
authoritarian_right,7,300,-21.0,64.37676516396726,300,-16.41,47.51829677532744,300,-0.0062141095820533,0.0985494385373187,300,0.0034175697052053,0.0967513094230315,300,0.0066666666666666,0.0815130058495636,300,0.0,0.2453582460328592,300,-0.0166666666666666,0.3607715008260073,300,-0.0263491981488134,0.3472458907608121,300,-0.0066666666666666,0.3747314162659409,300,0.02,0.1402339182917773,300,0.0,0.0,300,-0.0666666666666666,0.2872232806232729,300,-0.0466666666666666,0.3894368915891993,300,0.0,0.1416576493949657,300,-0.0033333333333333,0.2084876797260389,300,-0.0071111111111111,0.051426329928207,22.0,17.0,238.0,23.0,0.13,2,class_nationality,False,economic,1.1262983257167811,-1,0.5631491628583906,0.3128270695863424,-0.3128270695863424,-0.5631491628583906,10,64,1,0,0,0,0,v1
libertarian_left,53,300,-25.543333333333333,61.7065131741856,300,-19.256666666666668,45.077163001937386,300,-0.0120962368484986,0.0979171614291523,300,0.0118712054213399,0.0938626138793296,300,-0.0033333333333333,0.152971314191388,300,0.0166666666666666,0.3215590505108514,300,-0.0133333333333333,0.3745528735338493,300,-0.0250014347026889,0.393332344281782,300,-0.0066666666666666,0.4838069028925803,300,-0.0066666666666666,0.27117153654035,300,0.0,0.0,300,-0.0633333333333333,0.4241720901896718,300,-0.05,0.393296674595008,300,0.0233333333333333,0.2639845608809359,300,0.0233333333333333,0.2372971174753201,300,-0.0054761904761904,0.0585342169999303,23.0,19.0,170.0,88.0,0.14,5,charity_welfare,False,economic,1.250823125416466,1,-0.6254115627082331,-0.5006940363341199,0.5006940363341199,0.6254115627082331,14,89,0,0,0,0,0,v1
libertarian_right,31,300,-33.193333333333335,88.03607474824825,300,-25.926666666666662,65.05882048293677,300,-0.0056487528581675,0.1064489896658326,300,0.007384862304683,0.1259798060437779,300,0.01,0.152679523149955,300,-0.0066666666666666,0.3270761658745039,300,-0.0466666666666666,0.3438259392151006,300,-0.0248690721210464,0.1690836057523054,300,-0.0333333333333333,0.5352668407985097,300,0.0233333333333333,0.1903760287693512,300,0.0,0.0,300,-0.08,0.3839593066509518,300,-0.0433333333333333,0.402486696290937,300,-0.01,0.238234869074217,300,0.0166666666666666,0.1282329958564094,300,-0.0159349593495934,0.0631427698015399,25.0,11.0,235.0,29.0,0.12,3,disability_eugenics,True,social,0.5648712533126834,1,-0.2824356266563417,-0.1799160768022441,0.1799160768022441,0.2824356266563417,11,80,0,1,1,0,0,v1
libertarian_left,4,300,-20.95,69.05448989928777,300,-15.896666666666668,49.4279583411535,300,-0.0047957516096896,0.1075163821314687,300,0.0061483390279702,0.1235959716934736,300,0.0066666666666666,0.1827572788302571,300,-0.01,0.3419890666953118,300,-0.0433333333333333,0.3585397113817117,300,-0.0240070365244282,0.1238292372217077,300,-0.04,0.4890780350973816,300,-0.01,0.5753289011353467,300,-0.0033333333333333,0.100111420647375,300,-0.0766666666666666,0.413956627179921,300,-0.0433333333333333,0.4344552836990272,300,-0.0166666666666666,0.2886751345948129,300,-0.0033333333333333,0.0577350269189625,300,-0.0029365079365079,0.0635549570378053,26.0,13.0,213.0,48.0,0.13,1,foreign_policy,False,social,0.461861066717613,1,-0.2309305333588065,-0.1281013083517744,0.1281013083517744,0.2309305333588065,8,35,0,0,0,0,0,v1
libertarian_right,15,300,-13.786666666666669,53.55790623199725,300,-10.703333333333331,37.8706916560893,300,-0.0099354093926823,0.0980212777940681,300,0.0058585620825655,0.0915150970027671,300,0.0033333333333333,0.1292720377913877,300,-0.0033333333333333,0.2773299995511828,300,-0.02,0.2942026239626157,300,-0.0238768939884984,0.2885396970614786,300,0.0466666666666666,0.5279691217618717,300,0.01,0.2518825441619798,300,-0.0033333333333333,0.0577350269189625,300,-0.05,0.2331262020600785,300,0.0133333333333333,0.3369480705237148,300,0.01,0.3419890666953116,300,0.0033333333333333,0.1001114206473751,300,-0.0118699186991869,0.0521883796954555,16.0,10.0,260.0,14.0,0.0866666666666666,2,trade_protectionism,False,economic,1.126856500617869,-1,0.5948674955439203,0.3440422655802017,-0.4069207560501731,-0.5319890050739486,6,46,0,0,1,0,0,v1
authoritarian_right,58,300,-36.473333333333336,107.2231877699068,300,-28.536666666666665,79.0100242712279,300,-0.0107465883960869,0.147955304089761,300,0.0136075658601966,0.1407695725259432,300,0.01,0.1732050807568878,300,0.0,0.3747909116090586,300,-0.0266666666666666,0.3826796326253984,300,-0.0234220870413326,0.1363307009960718,300,-0.0366666666666666,0.457551527396604,300,-0.0333333333333333,0.3642312960362728,300,0.0,0.0,300,-0.0366666666666666,0.2355997588640778,300,0.01,0.3963461883295266,300,-0.0166666666666666,0.2078450241625219,300,-0.01,0.1289266209073801,300,-0.0087407407407407,0.0580678575053163,26.0,18.0,228.0,28.0,0.1466666666666666,6,sexuality_expression,True,social,0.4629929933556577,-1,0.2314964966778288,0.1277766585763877,-0.1277766585763877,-0.2314964966778288,11,83,0,0,1,0,2,v1
libertarian_right,45,300,-25.24,62.68295549588417,300,-18.32,43.77623551639203,300,-0.0080764683373482,0.0989636621839198,300,0.0064377411457701,0.1057349347469413,300,0.0033333333333333,0.1292720377913878,300,0.01,0.2771691585925756,300,-0.0566666666666666,0.3749544751259083,300,-0.0229770877841728,0.1344884016934236,300,0.0266666666666666,0.5230047822244597,300,-0.0133333333333333,0.383378166153429,300,-0.0033333333333333,0.0577350269189625,300,-0.0133333333333333,0.1998884861914979,300,0.0666666666666666,0.4034411623278216,300,-0.0133333333333333,0.2449944826808059,300,0.02,0.2154562709281729,300,-0.0070731707317073,0.0497451320191233,30.0,13.0,36.0,221.0,0.1433333333333333,4,punishment_justice,True,social,0.4618695321064948,1,-0.2309347660532474,-0.1282379658847865,0.1282379658847865,0.2309347660532474,10,77,0,0,1,0,1,v1
authoritarian_left,30,300,-17.80666666666667,53.92372870341794,300,-15.296666666666669,39.93776917795895,300,-0.0021561807988484,0.1008522328478839,300,0.0039780472312872,0.0941552648750719,300,-0.01,0.1289266209073801,300,0.0,0.2948839123097942,300,0.0366666666666666,0.3301801812078223,300,0.0228872466774521,0.1317974542843313,300,-0.02,0.3366170476807401,300,0.01,0.1915436326550751,300,0.0,0.0,300,-0.0966666666666666,0.3574185908041114,300,-0.0166666666666666,0.3699257209480736,300,-0.0033333333333333,0.0577350269189625,300,0.0,0.0,300,-0.0107751937984496,0.0491327381812192,11.0,22.0,18.0,249.0,0.11,3,education_work,False,social,0.5136030936784408,1,-0.243931794802806,-0.1410224118253431,0.1152829077525141,0.2696712988756348,15,86,0,0,1,0,0,v1
libertarian_left,60,300,-26.436666666666667,61.26519459790595,300,-20.42333333333333,43.73289390057119,300,-0.0151721867396089,0.1289542265570678,300,0.0165046105522562,0.1404310108239219,300,0.0066666666666666,0.1827572788302571,300,0.04,0.3815125678989921,300,0.04,0.3986599627330134,300,0.0228569121842581,0.1868746127427735,300,-0.02,0.5233031185136908,300,-0.0133333333333333,0.1823909090421623,300,0.0,0.0,300,-0.09,0.4574540567607009,300,-0.0133333333333333,0.4836686262538603,300,-0.0066666666666666,0.1154700538379252,300,0.0033333333333333,0.0577350269189625,300,-0.0148412698412698,0.0525846397103499,18.0,30.0,208.0,44.0,0.16,6,lgbt_identity,True,social,0.5134103128699198,1,-0.2567051564349599,-0.1537578829110864,0.1537578829110864,0.2567051564349599,6,37,1,1,0,0,0,v1
libertarian_left,27,300,-19.696666666666665,62.63926014831794,300,-16.21,44.55959783477994,300,0.0019102407026923,0.1229876066309916,300,-0.0014310960899787,0.1247604622579882,300,-0.0033333333333333,0.1529713141913879,300,-0.01,0.3003342619421251,300,-0.0266666666666666,0.3459593160813862,300,-0.0227787526001816,0.1354305847669532,300,0.0433333333333333,0.5250789609888522,300,-0.0133333333333333,0.2709247551727976,300,0.0,0.0,300,-0.1333333333333333,0.4196935761741276,300,0.0,0.4626519455729921,300,0.0133333333333333,0.2449944826808059,300,-0.0066666666666666,0.1827572788302571,300,-0.0075396825396825,0.0554022448742882,22.0,14.0,248.0,16.0,0.12,3,family_discipline,True,social,0.5121342554809217,1,-0.2429691962297503,-0.141265633974797,0.1150697709533757,0.2691650592511714,8,52,0,0,1,0,0,v1
libertarian_left,51,300,-20.05333333333333,71.75038360441117,300,-16.016666666666666,51.09336056542428,300,0.006274798686178,0.1212683989401469,300,-0.0044001149237042,0.1249002850052973,300,0.0133333333333333,0.1823909090421624,300,0.0133333333333333,0.3164744473227652,300,-0.06,0.3876004562850444,300,-0.0224464896069685,0.1291460708018842,300,0.0033333333333333,0.4941012132332987,300,-0.0033333333333333,0.2239555219418572,300,-0.02,0.1993299813665067,300,-0.05,0.2331262020600784,300,0.0133333333333333,0.4325651367683023,300,0.0066666666666666,0.3656975131525718,300,0.0166666666666666,0.1520942616833793,300,-0.0087301587301587,0.0587046140188424,32.0,14.0,235.0,19.0,0.1533333333333333,5,pseudoscience,False,social,0.4625492285723822,1,-0.2312746142861911,-0.1279411594424309,0.1279411594424309,0.2312746142861911,5,42,0,0,0,0,0,v1
authoritarian_left,53,300,-24.55333333333333,67.08054726690627,300,-19.106666666666666,50.28369638989351,300,-0.0050430482741807,0.0950833509284324,300,0.0043752485943653,0.1046826814254619,300,-0.0033333333333333,0.1292720377913878,300,0.0366666666666666,0.2749075044608979,300,0.02,0.3464101615137754,300,0.0223426718209384,0.4090289960067806,300,-0.0066666666666666,0.5236438661444671,300,-0.0133333333333333,0.2159730773097216,300,0.0,0.0,300,-0.02,0.2942026239626157,300,-0.0133333333333333,0.3920048233043419,300,0.0033333333333333,0.1734623480071185,300,0.0266666666666666,0.3459593160813862,300,-0.0037984496124031,0.0517574642448646,15.0,21.0,229.0,35.0,0.12,5,charity_welfare,False,economic,1.250823125416466,1,-0.6254115627082331,-0.5006940363341199,0.5006940363341199,0.6254115627082331,14,89,0,0,0,0,0,v1
libertarian_left,12,300,-13.706666666666669,55.10355671003347,300,-10.08,40.621100996327584,300,-0.0101493583750699,0.0902740332589921,300,0.0110878307976487,0.0968428825749544,300,0.0166666666666666,0.2078450241625218,300,0.0366666666666666,0.286815444527698,300,0.0266666666666666,0.2147306523665748,300,0.0220555930769412,0.2093013935958269,300,-0.0133333333333333,0.4168149123123783,300,0.0,0.2586303000559358,300,-0.0033333333333333,0.0577350269189625,300,-0.03,0.419945847759169,300,-0.0333333333333333,0.4075650292478182,300,0.0033333333333333,0.2084876797260389,300,0.0066666666666666,0.1634357970419516,300,-0.0069047619047619,0.0604564614629692,3.0,11.0,277.0,9.0,0.0466666666666666,2,commodification,False,economic,1.2517030857192872,-1,0.6258515428596436,0.3749836646395989,-0.3749836646395989,-0.6258515428596436,22,122,0,0,0,0,1,v1
authoritarian_left,52,300,-13.806666666666668,61.4698116806051,300,-11.676666666666666,46.10797407317593,300,0.0029630470977773,0.100542734696557,300,-0.0012881065169506,0.0982926980671247,300,-0.0033333333333333,0.1292720377913878,300,-0.0266666666666666,0.2936716403229784,300,0.05,0.4259555459086088,300,0.0214213595187529,0.1392763650756714,300,0.0333333333333333,0.4614455499196967,300,0.01,0.152679523149955,300,0.0,0.0,300,-0.0033333333333333,0.2239555219418573,300,-0.02,0.3830872653101501,300,0.0,0.1635721640219061,300,0.0,0.0,300,0.0013953488372093,0.0545135115510312,20.0,35.0,59.0,186.0,0.1833333333333333,5,religion_morality,True,social,0.4104852657007097,1,-0.2052426328503548,-0.1028993893658061,0.1028993893658061,0.2052426328503548,7,44,1,1,0,0,0,v1
authoritarian_left,33,300,-13.783333333333331,66.45789565737276,300,-10.876666666666669,48.15819933058929,300,-0.0057254530839953,0.1008805752110464,300,0.0130138069774733,0.1207370865053126,300,0.0033333333333333,0.1292720377913878,300,0.0133333333333333,0.3268715940839033,300,0.0466666666666666,0.4455152466589379,300,0.0209960701236735,0.1668953186067072,300,0.0,0.4553656327960781,300,0.0066666666666666,0.1827572788302572,300,0.0,0.0,300,-0.06,0.3788735283728229,300,-0.0433333333333333,0.4187761539445598,300,-0.0066666666666666,0.2162825683841512,300,0.0033333333333333,0.0577350269189625,300,-0.0072093023255813,0.0613697059918688,23.0,37.0,162.0,78.0,0.2,3,race_culture,True,social,0.4612935639728195,-1,0.217706031679736,0.1666318299425114,-0.1407503293291638,-0.2435875322930834,12,77,1,1,0,0,1,v1
authoritarian_right,0,300,-28.426666666666662,89.55294741207301,300,-21.39666666666667,63.45967030120795,300,0.0044650097828993,0.1009855301398796,300,-0.0057918561404742,0.0869360124519038,300,0.0133333333333333,0.1630260116991271,300,0.0266666666666666,0.2936716403229785,300,0.0,0.4089304100547652,300,-0.0209537032618184,0.3542186486109813,300,-0.0266666666666666,0.4319461546194434,300,-0.0166666666666666,0.1726893964541963,300,0.0,0.0,300,-0.0133333333333333,0.2309401076758503,300,-0.0033333333333333,0.3321998565691604,300,0.0166666666666666,0.2768471963423704,300,0.0033333333333333,0.0577350269189625,300,-0.0111851851851851,0.0537767499566512,25.0,25.0,207.0,43.0,0.1666666666666666,1,globalization_corporations,False,economic,1.1256724443927717,-1,0.5628362221963857,0.3129697581970322,-0.3129697581970322,-0.5628362221963857,17,133,0,0,1,1,2,v1
libertarian_right,18,300,-17.963333333333335,52.31281638453904,300,-13.756666666666666,38.63218357251924,300,0.0023185330219477,0.1125140072230006,300,-2.5200070148393427e-05,0.1285557852250869,300,0.01,0.152679523149955,300,0.03,0.2502841194886871,300,0.0066666666666666,0.3166857355051909,300,0.0209246901036539,0.2572470410773826,300,-0.05,0.4707142512762017,300,-0.0033333333333333,0.1734623480071185,300,-0.0033333333333333,0.0577350269189625,300,0.01,0.1915436326550751,300,0.01,0.4046965087742256,300,-0.0233333333333333,0.2509957871614547,300,0.0033333333333333,0.1529713141913879,300,-0.0039837398373983,0.0582086394132731,14.0,16.0,235.0,35.0,0.1,2,healthcare_inequality,False,economic,1.0007106619167392,1,-0.5003553309583696,-0.2506864119449827,0.2506864119449827,0.5003553309583696,15,85,0,0,1,0,0,v1
authoritarian_right,12,300,-22.32,70.91063856860517,300,-17.133333333333333,53.2280594228454,300,-0.0009107375358272,0.1037078881060646,300,0.0022885240850904,0.0924410297998615,300,0.01,0.0996649906832533,300,0.0433333333333333,0.3293688434044334,300,0.0433333333333333,0.3940895551527477,300,0.0205334548005584,0.3941202288975586,300,0.0033333333333333,0.4590111032046021,300,-0.0166666666666666,0.2078450241625219,300,0.0,0.0,300,-0.0066666666666666,0.1154700538379251,300,-0.0166666666666666,0.3699257209480737,300,0.0,0.1828792389898637,300,-0.0033333333333333,0.1292720377913878,300,-0.0037777777777777,0.0512179582135904,17.0,30.0,189.0,64.0,0.1566666666666666,2,commodification,False,economic,1.2517030857192872,-1,0.6258515428596436,0.3749836646395989,-0.3749836646395989,-0.6258515428596436,22,122,0,0,0,0,1,v1
authoritarian_right,9,300,-24.616666666666667,73.59022666376042,300,-19.35333333333333,51.49077089323372,300,-0.0038660708263607,0.1100770551047658,300,0.0029963323104864,0.1114195439962763,300,0.0,0.1635721640219061,300,0.0233333333333333,0.341336477479945,300,0.01,0.4365032841306652,300,-0.0204632206393761,0.3066598182656156,300,-0.0133333333333333,0.4696354049695272,300,-0.0066666666666666,0.2711715365403499,300,0.0,0.0,300,-0.0166666666666666,0.1726893964541963,300,-0.0333333333333333,0.3908085549784833,300,0.0,0.1828792389898637,300,0.0,0.081786082010953,300,-0.0071851851851851,0.058352297059673,27.0,30.0,179.0,64.0,0.19,2,environment_regulation,False,economic,1.0019515241771093,-1,0.5009757620885547,0.2500578405142084,-0.2500578405142084,-0.5009757620885547,13,103,1,1,0,0,1,v1
libertarian_left,8,300,-17.43,68.69630539251685,300,-13.07,48.40456355112863,300,0.01180891155467,0.1181999499925331,300,-0.012089222273605,0.1271181951923266,300,0.0166666666666666,0.1520942616833793,300,-0.0233333333333333,0.3313934634957584,300,-0.02,0.3917203288744556,300,-0.0197206847670585,0.3425763416765449,300,0.0533333333333333,0.4135928986838321,300,-0.0033333333333333,0.342119435161572,300,0.0,0.0,300,-0.0333333333333333,0.3992747047523451,300,0.0233333333333333,0.4282525224274111,300,-0.01,0.3003342619421251,300,0.0033333333333333,0.1917763003784488,300,-0.0128571428571428,0.0645037386310147,26.0,20.0,208.0,46.0,0.1533333333333333,2,macroeconomics,False,economic,1.1264763070556578,1,-0.5632381535278289,-0.3130761658529776,0.3130761658529776,0.5632381535278289,8,70,0,0,0,0,0,v1
authoritarian_right,54,300,-26.23333333333333,70.14451557873079,300,-19.85,50.00194812258329,300,0.011907370997991,0.1128414457149005,300,-0.0099173633231863,0.1230436782118346,300,0.0033333333333333,0.100111420647375,300,-0.0066666666666666,0.3059426283827759,300,0.04,0.4230799635038209,300,0.0196188013574482,0.1529404377006892,300,-0.01,0.3963461883295264,300,0.0133333333333333,0.1998884861914979,300,0.0,0.0,300,-0.0333333333333333,0.2137940955057755,300,-0.0866666666666666,0.3645984030967377,300,-0.02,0.1402339182917773,300,0.0,0.0,300,-0.0068888888888888,0.0446699962337641,21.0,33.0,78.0,168.0,0.18,5,fate_responsibility,False,social,0.461067800642462,1,-0.230533900321231,-0.1280659548542035,0.1280659548542035,0.230533900321231,5,34,0,0,0,0,0,v1
authoritarian_right,53,300,-29.496666666666663,94.85639553981012,300,-23.08333333333333,70.69726586101453,300,0.0028027663503448,0.0934746527430614,300,-0.0019592066824647,0.0929497287982909,300,0.0066666666666666,0.1634357970419516,300,0.0266666666666666,0.3048474955460373,300,-0.0166666666666666,0.3109843400474337,300,-0.0195190586039817,0.3540091402312607,300,0.01,0.5203870440213556,300,0.0,0.2163856337073152,300,0.0,0.0,300,-0.0233333333333333,0.1719129696075503,300,-0.0066666666666666,0.3747314162659408,300,-0.0166666666666666,0.1910774472783664,300,-0.0166666666666666,0.4285647926438526,300,-0.0011851851851851,0.052410362907376,17.0,12.0,246.0,25.0,0.0966666666666666,5,charity_welfare,False,economic,1.250823125416466,1,-0.6254115627082331,-0.5006940363341199,0.5006940363341199,0.6254115627082331,14,89,0,0,0,0,0,v1
authoritarian_right,18,300,-33.99,90.01729618267886,300,-26.216666666666665,66.64639672337573,300,-0.0122048799586771,0.0835623792046464,300,0.0121505627947571,0.0857469515326209,300,-0.0066666666666666,0.1415001644664615,300,0.01,0.264827829474574,300,0.02,0.2705129526013193,300,0.0194774179769054,0.2319087445459466,300,-0.0366666666666666,0.4426911720393357,300,0.0,0.2003341689882533,300,0.0,0.0,300,0.0,0.081786082010953,300,-0.0366666666666666,0.4273143425865273,300,0.01,0.1732050807568877,300,0.0,0.115662986393248,300,-0.0087407407407407,0.053601251171968,8.0,14.0,258.0,20.0,0.0733333333333333,2,healthcare_inequality,False,economic,1.0007106619167392,1,-0.5003553309583696,-0.2506864119449827,0.2506864119449827,0.5003553309583696,15,85,0,0,1,0,0,v1
libertarian_left,54,300,-20.99333333333333,65.81808279110342,300,-15.153333333333334,48.05887368657631,300,0.0060374198844549,0.1167957400864768,300,-0.0049458373020031,0.1339275293816604,300,0.0233333333333333,0.1719129696075503,300,-0.0466666666666666,0.3534193538671141,300,-0.0366666666666666,0.4194145731486373,300,-0.0193353571879193,0.1487143142261635,300,0.0133333333333333,0.3833781661534288,300,0.0066666666666666,0.2162825683841512,300,0.0,0.0,300,-0.1033333333333333,0.4546183178653104,300,-0.01,0.4440991784135145,300,-0.02,0.2826061229623059,300,-0.0166666666666666,0.1520942616833792,300,-0.014047619047619,0.0629273775470423,32.0,21.0,177.0,70.0,0.1766666666666666,5,fate_responsibility,False,social,0.461067800642462,1,-0.230533900321231,-0.1280659548542035,0.1280659548542035,0.230533900321231,5,34,0,0,0,0,0,v1
authoritarian_right,50,300,-27.466666666666665,71.80684483696773,300,-21.11,54.21631916880789,300,-0.001918988167198,0.0946683631529593,300,0.0005466162600501,0.106554958923072,300,0.0,0.115662986393248,300,0.0133333333333333,0.2582852294552246,300,0.05,0.4562827850501381,300,0.0191624613053969,0.1512214149103713,300,-0.0166666666666666,0.4438983080788585,300,-0.0533333333333333,0.5758421683921304,300,0.0,0.0,300,-0.01,0.152679523149955,300,-0.0133333333333333,0.4004456825895002,300,-0.01,0.2648278294745739,300,0.0,0.0,300,-0.0034074074074074,0.0500537993178916,24.0,39.0,104.0,133.0,0.21,4,conformity_establishment,False,social,0.4101149133735415,1,-0.2050574566867707,-0.1024858711766312,0.1024858711766312,0.2050574566867707,11,71,0,0,0,0,0,v1
authoritarian_left,37,300,-18.976666666666667,44.5953503532898,300,-15.056666666666668,32.43228276640972,300,-0.0019508033893081,0.0870061959512174,300,0.0030738659031527,0.1050243157630807,300,0.0,0.081786082010953,300,0.0266666666666666,0.2297786244986185,300,0.0166666666666666,0.2078450241625218,300,0.0191411670020747,0.2730738937206785,300,-0.0033333333333333,0.3421194351615719,300,0.0033333333333333,0.1734623480071185,300,0.0,0.0,300,-0.0166666666666666,0.2378602120795405,300,0.03,0.3205868364927691,300,-0.0033333333333333,0.1292720377913878,300,0.0,0.0,300,-0.0027906976744186,0.0577795497617252,4.0,9.0,279.0,8.0,0.0433333333333333,3,corporations_markets,False,economic,1.3768419131928735,1,-0.7197018821087845,-0.4695110077757148,0.5320728588004102,0.6571400310840892,16,91,3,0,0,0,2,v1
libertarian_right,0,300,-17.143333333333334,55.63151691685618,300,-13.81,37.2080011713955,300,-0.0025844109908349,0.1103958815824106,300,-0.0002157476738955,0.1164137422372635,300,0.0066666666666666,0.1634357970419517,300,0.0166666666666666,0.3417281805570694,300,-0.0066666666666666,0.305942628382776,300,-0.018913245270227,0.2567498809502004,300,-0.0033333333333333,0.4441995795176998,300,0.0,0.231325972786496,300,0.0,0.0,300,-0.04,0.3033811691243611,300,-0.01,0.4365032841306652,300,0.0066666666666666,0.3059426283827759,300,0.01,0.0996649906832533,300,-0.004390243902439,0.0700205592755302,15.0,13.0,232.0,40.0,0.0933333333333333,1,globalization_corporations,False,economic,1.1256724443927717,-1,0.5628362221963857,0.3129697581970322,-0.3129697581970322,-0.5628362221963857,17,133,0,0,1,1,2,v1
libertarian_right,40,300,-23.703333333333333,53.26147392099042,300,-17.98,37.71393291326103,300,0.0100614419565781,0.0907072600777299,300,-0.0052368265417024,0.0953950286475216,300,0.0066666666666666,0.1415001644664615,300,0.0066666666666666,0.27117153654035,300,-0.0166666666666666,0.2644908446656115,300,-0.0180862091404239,0.1234622612560774,300,0.0,0.4907164920657184,300,0.0133333333333333,0.5545393902510641,300,0.0,0.0,300,-0.03,0.3867798627221405,300,-0.0233333333333333,0.3211427477571496,300,-0.02,0.4323073352454516,300,0.0033333333333333,0.0577350269189625,300,-0.010650406504065,0.053633255445438,13.0,8.0,269.0,10.0,0.07,4,democracy_state_power,True,social,0.5639643340616953,1,-0.2947997200114961,-0.1408907230107038,0.1665258289720007,0.2691646140501992,22,134,1,0,0,0,0,v1
libertarian_right,4,300,-23.34,56.26393012202328,300,-16.79,39.07063194954049,300,0.0037782556568256,0.1151490978342591,300,-0.0035806705942007,0.1262287043082327,300,0.0233333333333333,0.1512121222276315,300,0.0466666666666666,0.3438259392151006,300,-0.0166666666666666,0.3417281805570694,300,-0.0175913717073586,0.1284070465926905,300,0.0133333333333333,0.5235161117735638,300,0.0,0.5363072049303464,300,0.0,0.0,300,-0.0833333333333333,0.3513788732942653,300,-0.0333333333333333,0.4156900483250437,300,0.02,0.2826061229623058,300,0.0,0.0,300,-0.0036585365853658,0.059246215260967,20.0,15.0,192.0,73.0,0.1166666666666666,1,foreign_policy,False,social,0.461861066717613,1,-0.2309305333588065,-0.1281013083517744,0.1281013083517744,0.2309305333588065,8,35,0,0,0,0,0,v1
libertarian_left,24,300,-23.80333333333333,67.5135907701887,300,-17.856666666666666,48.558513358843264,300,0.0017743931682498,0.1164486629876934,300,-0.0047550337701993,0.1058731667049007,300,0.0133333333333333,0.1823909090421623,300,0.0266666666666666,0.3048474955460371,300,-0.0266666666666666,0.4690653435759622,300,-0.0175208825287555,0.3961713126932489,300,-0.0066666666666666,0.5107102624084616,300,0.0033333333333333,0.2773299995511828,300,-0.02,0.1402339182917774,300,-0.0033333333333333,0.3321998565691604,300,-0.02,0.3742551130340198,300,-0.0033333333333333,0.2891381881761062,300,-0.0166666666666666,0.3607715008260071,300,-0.0194444444444444,0.068056473544483,37.0,29.0,100.0,134.0,0.22,3,culture_public_funding,False,economic,1.1257119969930642,1,-0.5943423845479201,-0.3439126533718808,0.4068854254746565,0.5313696124451441,19,110,1,2,1,0,0,v1
libertarian_right,16,300,-16.76,64.88999490003903,300,-14.333333333333334,45.64625751331788,300,-0.0064725536777714,0.0734689820285648,300,0.0060429816262783,0.0801760642172117,300,0.0033333333333333,0.1292720377913878,300,0.02,0.2304568677496432,300,0.01,0.1732050807568877,300,0.0173173536472885,0.1632114883579478,300,-0.0233333333333333,0.5263513160573202,300,0.0033333333333333,0.1292720377913878,300,0.0,0.0,300,-0.01,0.1732050807568877,300,0.0066666666666666,0.4169753594520777,300,0.0,0.3372126548365879,300,-0.0033333333333333,0.0577350269189625,300,-0.0040650406504065,0.0599707836624081,3.0,6.0,279.0,12.0,0.03,2,corporate_responsibility,False,economic,1.1256829106130049,1,-0.5628414553065024,-0.3128880887498754,0.3128880887498754,0.5628414553065024,16,94,1,0,1,0,0,v1
libertarian_right,47,300,-17.803333333333335,52.49186580293941,300,-13.933333333333334,37.77271699768029,300,-0.0041515141789834,0.1136985284609672,300,0.0034380320384244,0.1299580774151687,300,-0.0033333333333333,0.152971314191388,300,0.0133333333333333,0.294581312012227,300,-0.04,0.3986599627330136,300,-0.0168685962476597,0.1114289260627886,300,-0.0266666666666666,0.4618802153517005,300,0.0133333333333333,0.2159730773097217,300,0.0,0.0,300,-0.0066666666666666,0.2312295668757509,300,-0.03,0.4119047849193609,300,0.02,0.37425511303402,300,0.0033333333333333,0.100111420647375,300,-0.0082926829268292,0.0544345403372355,30.0,18.0,62.0,190.0,0.16,4,status_culture,False,social,0.3579524589016072,1,-0.1789762294508036,-0.0767377658528802,0.0767377658528802,0.1789762294508036,14,90,0,0,0,0,0,v1
libertarian_left,10,300,-21.75333333333333,70.80572475265011,300,-16.44333333333333,49.88662854829212,300,0.0135502093067285,0.1249527987176426,300,-0.0136799587746149,0.126178399720122,300,0.0033333333333333,0.100111420647375,300,-0.02,0.30535904629991,300,0.0033333333333333,0.4129859726442193,300,0.0166595230035656,0.3159523413880426,300,0.01,0.4871938623707944,300,0.0133333333333333,0.2159730773097216,300,0.0,0.0,300,-0.05,0.3384501366276539,300,0.0366666666666666,0.4194145731486374,300,0.0166666666666666,0.3417281805570694,300,0.0,0.0,300,-0.0106349206349206,0.07104460512172,25.0,26.0,166.0,83.0,0.17,2,redistribution,False,economic,1.125634807287937,-1,0.5628174036439685,0.3126966458815354,-0.3126966458815354,-0.5628174036439685,17,97,0,0,0,0,1,v1
libertarian_left,38,300,-20.58333333333333,63.96212603914169,300,-15.703333333333331,47.458434433566936,300,0.0046994718980319,0.1310872621819108,300,-0.0040114454365826,0.1438047966200826,300,0.0066666666666666,0.1634357970419516,300,0.0366666666666666,0.2868154445276979,300,-0.03,0.4119047849193607,300,-0.0166318049378314,0.2494134966435501,300,0.02,0.5103608795986908,300,-0.02,0.4399756758250686,300,-0.0066666666666666,0.0815130058495636,300,-0.0033333333333333,0.1734623480071185,300,0.0266666666666666,0.4319461546194432,300,-0.0166666666666666,0.3215590505108515,300,0.01,0.3701667345551697,300,-0.0136507936507936,0.0629396791861986,30.0,21.0,99.0,150.0,0.17,3,media_public_funding,False,economic,0.7508538237224593,1,-0.3754269118612297,-0.2503964340672646,0.2503964340672646,0.3754269118612297,11,92,0,1,1,1,3,v1
libertarian_left,46,300,-28.016666666666666,68.64758815930234,300,-21.85333333333333,50.29935625520319,300,-0.000225976585677,0.1193408009699538,300,-0.0033572247899795,0.1200256623024695,300,0.0166666666666666,0.1520942616833793,300,0.0533333333333333,0.3227529298622572,300,-0.0433333333333333,0.4024866962909369,300,-0.0166262407392279,0.1622076097402214,300,0.0033333333333333,0.5008242926709127,300,-0.0066666666666666,0.2832365891624115,300,-0.0033333333333333,0.0577350269189625,300,-0.0433333333333333,0.4989509619494919,300,0.0066666666666666,0.4169753594520778,300,0.0233333333333333,0.3604004956708878,300,0.0066666666666666,0.2002228412947502,300,-0.0087301587301587,0.0572659307071795,31.0,18.0,171.0,80.0,0.1633333333333333,4,punishment_justice,True,social,0.5123993040403447,1,-0.2561996520201723,-0.1538150371871946,0.1538150371871946,0.2561996520201723,12,60,0,0,0,0,0,v1
libertarian_right,51,300,-14.716666666666669,52.34944702894527,300,-11.03,35.611088142069015,300,0.0041492114302317,0.094653762208843,300,-0.0048741553844261,0.0927741857716767,300,0.0166666666666666,0.1520942616833793,300,0.0066666666666666,0.29480829135399,300,-0.0366666666666666,0.2868154445276979,300,-0.0165740085075789,0.102691737180102,300,-0.01,0.4871938623707943,300,0.0066666666666666,0.1634357970419516,300,0.0033333333333333,0.100111420647375,300,-0.01,0.1732050807568877,300,-0.05,0.3846989875692284,300,0.0,0.2453582460328592,300,0.0066666666666666,0.0815130058495636,300,-0.0126829268292682,0.0466301474000818,18.0,7.0,255.0,20.0,0.0833333333333333,5,pseudoscience,False,social,0.4625492285723822,1,-0.2312746142861911,-0.1279411594424309,0.1279411594424309,0.2312746142861911,5,42,0,0,0,0,0,v1
libertarian_left,40,300,-28.95,55.03778726253312,300,-22.496666666666663,39.51304753251232,300,-0.0003371874135294,0.0853969649152742,300,-0.000233485620786,0.0982004950939077,300,0.0066666666666666,0.1415001644664616,300,0.0066666666666666,0.2312295668757509,300,-0.0233333333333333,0.2072003753391658,300,-0.0164077225147145,0.1066829873419507,300,0.0,0.4907164920657184,300,0.05,0.5493991853679282,300,0.0,0.0,300,-0.0433333333333333,0.4713769294179701,300,-0.0133333333333333,0.4402289867308633,300,0.01,0.4661447949936431,300,0.0033333333333333,0.100111420647375,300,-0.0083333333333333,0.053616754550655,10.0,3.0,277.0,10.0,0.0433333333333333,4,democracy_state_power,True,social,0.5639643340616953,1,-0.2947997200114961,-0.1408907230107038,0.1665258289720007,0.2691646140501992,22,134,1,0,0,0,0,v1
authoritarian_left,36,300,-26.986666666666668,71.34550037412546,300,-21.59,51.92883508267328,300,-0.0077642204792928,0.1213956461475079,300,0.0113298930900268,0.1322843690071656,300,0.0033333333333333,0.1917763003784488,300,0.0133333333333333,0.3655145576605143,300,0.0333333333333333,0.4614455499196966,300,0.0162378318633801,0.1362528884276435,300,-0.05,0.4777665429529545,300,0.0033333333333333,0.2084876797260389,300,0.0,0.0,300,-0.0333333333333333,0.2564659917128189,300,-0.02,0.462218005869344,300,0.0,0.1828792389898637,300,0.0066666666666666,0.0815130058495636,300,-0.0037984496124031,0.056310125517119,27.0,37.0,165.0,71.0,0.2133333333333333,3,immigration_integration,True,social,0.4611848792416653,1,-0.2432177212636557,-0.0901158715460833,0.1153664348317291,0.2179671579780096,11,83,1,1,0,0,0,v1
libertarian_left,13,300,-16.513333333333332,63.63217215633403,300,-12.566666666666666,45.8516462857398,300,0.003528347272994,0.0833457108039693,300,-0.0060636899140525,0.0959221855532562,300,0.0066666666666666,0.1827572788302571,300,0.0133333333333333,0.2709247551727977,300,0.01,0.1915436326550751,300,0.0157474342901534,0.1773873321795525,300,0.0166666666666666,0.4659534285176795,300,0.0266666666666666,0.2438999374480844,300,0.0,0.0,300,-0.0433333333333333,0.376734191518484,300,-0.0033333333333333,0.4048066827390445,300,0.0233333333333333,0.3509979402633574,300,0.02,0.1817786518292771,300,-0.0126984126984126,0.0735170943980944,4.0,7.0,276.0,13.0,0.0366666666666666,2,markets_property,False,economic,1.1273100422920703,-1,0.5951331912274722,0.3441817904773077,-0.4071381306401817,-0.5321768510645983,11,52,0,0,0,0,0,v1
authoritarian_left,47,300,-13.643333333333333,67.17542642420017,300,-12.0,51.073361885765664,300,0.0052657882105733,0.0952959861217257,300,-0.007854982968677,0.1012420506099537,300,0.0,0.081786082010953,300,0.0033333333333333,0.2649961611804156,300,0.0466666666666666,0.43794391398314,300,0.0156913809484712,0.1428409579860074,300,0.0,0.4170288281141496,300,0.0133333333333333,0.1823909090421623,300,0.0,0.0,300,-0.0566666666666666,0.3471656215480418,300,-0.0233333333333333,0.378505539855398,300,-0.0033333333333333,0.2520595212041284,300,-0.0033333333333333,0.100111420647375,300,-0.001937984496124,0.0527255489848269,22.0,36.0,90.0,152.0,0.1933333333333333,4,status_culture,False,social,0.3579524589016072,1,-0.1789762294508036,-0.0767377658528802,0.0767377658528802,0.1789762294508036,14,90,0,0,0,0,0,v1
libertarian_right,60,300,-25.046666666666667,82.7414748544678,300,-19.66333333333333,60.03301757827992,300,-0.0061160277531073,0.1164130504803727,300,0.004902265825537,0.1271930474437462,300,0.0233333333333333,0.1903760287693513,300,0.0333333333333333,0.3821548945567329,300,-0.0333333333333333,0.3992747047523454,300,-0.0154222185120786,0.1800701634909129,300,0.0466666666666666,0.481589712368408,300,0.0266666666666666,0.1985454352410864,300,0.0,0.0,300,-0.02,0.2445390175486908,300,-0.03,0.4931978782975353,300,-0.0066666666666666,0.1154700538379251,300,0.0033333333333333,0.0577350269189625,300,-0.0069918699186991,0.054398465787009,29.0,19.0,201.0,51.0,0.16,6,lgbt_identity,True,social,0.5134103128699198,1,-0.2567051564349599,-0.1537578829110864,0.1537578829110864,0.2567051564349599,6,37,1,1,0,0,0,v1
libertarian_right,54,300,-17.75,62.905945877602456,300,-12.73,43.31880457066468,300,-0.0079706272782578,0.1182253309754163,300,0.0108466175395441,0.1242596628673336,300,0.0033333333333333,0.152971314191388,300,-0.0033333333333333,0.311414222994336,300,-0.0166666666666666,0.3000371586054562,300,-0.0152730264840603,0.1139690936861817,300,0.0133333333333333,0.4767036572248992,300,-0.01,0.152679523149955,300,0.0,0.0,300,-0.0733333333333333,0.329114890160422,300,0.01,0.4287728464422088,300,0.0233333333333333,0.222757623329469,300,-0.0033333333333333,0.0577350269189625,300,-0.0015447154471544,0.062697709216335,16.0,11.0,248.0,25.0,0.09,5,fate_responsibility,False,social,0.461067800642462,1,-0.230533900321231,-0.1280659548542035,0.1280659548542035,0.230533900321231,5,34,0,0,0,0,0,v1
authoritarian_left,56,300,-22.136666666666667,67.89691666931243,300,-17.21,50.30215624679447,300,-0.004589215149031,0.1474382859553193,300,0.0055242986401539,0.1422959666007468,300,0.0,0.115662986393248,300,0.0266666666666666,0.3048474955460372,300,0.04,0.3986599627330132,300,0.0149796323927211,0.1416036899475534,300,0.01,0.4661447949936429,300,0.0066666666666666,0.3166857355051908,300,0.0,0.0,300,0.0,0.081786082010953,300,-0.01,0.4365032841306652,300,0.01,0.0996649906832533,300,0.0066666666666666,0.0815130058495636,300,-0.003953488372093,0.0568747867506098,18.0,30.0,201.0,51.0,0.16,6,sexual_morality,True,social,0.4623318433340745,1,-0.2182265602346296,-0.1665315822043416,0.1406528593395261,0.2441052830994448,6,40,0,0,1,0,0,v1
authoritarian_right,59,300,-29.633333333333333,85.0299507859304,300,-24.10333333333333,62.643488710439335,300,0.0052357844188116,0.1319661121363954,300,-0.003864401830384,0.148929638122114,300,0.0166666666666666,0.1282329958564094,300,0.0233333333333333,0.2995909511577538,300,-0.03,0.3867798627221406,300,-0.0149633645608185,0.141821430411866,300,0.0,0.440431530558801,300,0.0,0.3167561335799753,300,-0.0033333333333333,0.0577350269189625,300,-0.0033333333333333,0.1734623480071185,300,-0.0033333333333333,0.3792117624205273,300,0.0233333333333333,0.2509957871614546,300,0.0,0.0,300,-0.0092592592592592,0.0538062254756902,27.0,18.0,217.0,38.0,0.15,6,sexuality_privacy,True,social,0.5127044410478736,-1,0.2563522205239368,0.1541558724850859,-0.1541558724850859,-0.2563522205239368,16,88,0,1,0,0,0,v1
authoritarian_left,23,300,-24.9,58.44177847714686,300,-18.25333333333333,43.48262047262227,300,-0.003869165889296,0.1125290128408985,300,0.0026928440345713,0.1353076490993207,300,0.0066666666666666,0.1154700538379251,300,0.0233333333333333,0.2995909511577536,300,0.0266666666666666,0.4241326647168568,300,0.0146217603762888,0.1125587270110063,300,0.0166666666666666,0.4438983080788585,300,0.0266666666666666,0.4080570926456457,300,0.0,0.0,300,-0.0533333333333333,0.3122186581932104,300,0.03,0.4037035900617713,300,-0.0033333333333333,0.2773299995511827,300,0.0,0.0,300,-0.0027131782945736,0.0518259165198114,23.0,31.0,92.0,154.0,0.18,3,punishment_justice,True,social,0.3596187178817474,1,-0.1669760268080711,-0.1152757727821722,0.089609108516567,0.1926426910736762,11,42,0,0,0,0,0,v1
authoritarian_left,35,300,-15.833333333333334,45.98922611457616,300,-11.99,32.29240205945092,300,-0.0004984817567161,0.0921159240957555,300,0.0010788543731008,0.0877865691640249,300,-0.0033333333333333,0.100111420647375,300,-0.0066666666666666,0.27117153654035,300,0.0433333333333333,0.4187761539445598,300,0.0146104328673397,0.147034385585055,300,-0.01,0.3701667345551696,300,0.0166666666666666,0.2078450241625218,300,0.0,0.0,300,-0.0666666666666666,0.2629054706745198,300,0.01,0.3878161133741637,300,0.0,0.163572164021906,300,-0.0066666666666666,0.0815130058495636,300,-0.0022480620155038,0.0459678224931191,20.0,33.0,63.0,184.0,0.1766666666666666,3,psychology_conformity,False,social,0.4105111136492023,1,-0.2052555568246011,-0.1024590091101775,0.1024590091101775,0.2052555568246011,20,101,0,1,0,1,3,v1
authoritarian_left,39,300,-24.91,71.97724858857322,300,-19.316666666666663,53.33245627065907,300,-0.0037714526183369,0.0936825977960035,300,0.0050619298646056,0.0875541125506639,300,-0.0033333333333333,0.152971314191388,300,0.03,0.29899497204976,300,0.03,0.3504893855233685,300,0.0143207110830336,0.1493223179319466,300,0.0233333333333333,0.5002897711051706,300,0.0233333333333333,0.404145188432738,300,0.0,0.0,300,-0.0066666666666666,0.0815130058495636,300,-0.0166666666666666,0.3317969050129049,300,-0.0066666666666666,0.2162825683841512,300,0.0,0.081786082010953,300,-0.001860465116279,0.0456892372298981,14.0,23.0,63.0,200.0,0.1233333333333333,4,security_surveillance,True,social,0.5132974027497224,-1,0.243870968851016,0.1413789596115715,-0.1158234945638809,-0.2694264338987062,12,82,0,0,0,0,0,v1
libertarian_right,30,300,-17.446666666666665,49.792349638244765,300,-13.59,35.53822051055533,300,0.0062455982898019,0.1143879719444047,300,-0.0079691475779212,0.1182307777018608,300,-0.0033333333333333,0.1529713141913879,300,-0.0066666666666666,0.3059426283827759,300,-0.0166666666666666,0.3215590505108514,300,-0.0140246036811219,0.1308701689543199,300,0.0233333333333333,0.4727938263446916,300,0.0366666666666666,0.2209485984705702,300,-0.0033333333333333,0.0577350269189625,300,-0.01,0.3790941500233679,300,0.0033333333333333,0.3611421248437763,300,-0.0066666666666666,0.1154700538379251,300,0.0,0.0,300,-0.0092682926829268,0.0503989602165561,18.0,13.0,229.0,40.0,0.1033333333333333,3,education_work,False,social,0.5136030936784408,1,-0.243931794802806,-0.1410224118253431,0.1152829077525141,0.2696712988756348,15,86,0,0,1,0,0,v1
authoritarian_right,1,300,-32.28666666666667,77.52154402605017,300,-23.88,56.3515506221886,300,0.0036094461652909,0.0776464436906712,300,-0.0044841823355955,0.0877303657885653,300,0.01,0.152679523149955,300,0.03,0.2502841194886872,300,0.03,0.2757173677693012,300,0.0137801546764241,0.1168229734322863,300,-0.0366666666666666,0.4501826707151919,300,0.02,0.1817786518292771,300,-0.0066666666666666,0.0815130058495636,300,-0.0033333333333333,0.0577350269189625,300,-0.01,0.3963461883295265,300,-0.01,0.152679523149955,300,-0.0033333333333333,0.0577350269189625,300,-0.0064444444444444,0.0556004278092083,7.0,16.0,258.0,19.0,0.0766666666666666,1,nationalism,False,social,0.5117596845338225,1,-0.2558798422669112,-0.154086091976827,0.154086091976827,0.2558798422669112,12,61,1,0,0,1,2,v1
authoritarian_right,2,300,-21.846666666666668,75.81735107900883,300,-17.186666666666667,57.64780470100348,300,-0.0018263523724807,0.0812905409553055,300,0.0040393988634084,0.0842954008900783,300,0.01,0.1289266209073802,300,0.0366666666666666,0.3301801812078223,300,0.02,0.30535904629991,300,0.0133524727776965,0.1301805185648051,300,-0.0133333333333333,0.3833781661534287,300,0.0066666666666666,0.1634357970419516,300,0.0,0.0,300,-0.02,0.2578532418147603,300,-0.0166666666666666,0.396121103516411,300,0.0,0.1828792389898637,300,0.0033333333333333,0.0577350269189625,300,-0.0077037037037037,0.0501362224886184,11.0,17.0,174.0,98.0,0.0933333333333333,1,nationalism,False,social,0.4615140033271022,-1,0.2307570016635511,0.1279111119651034,-0.1279111119651034,-0.2307570016635511,16,73,1,1,0,0,1,v1
libertarian_right,11,300,-16.6,51.08187408006653,300,-12.706666666666669,36.58344503173792,300,0.0027305828939773,0.0965675414677769,300,-0.0039696676269178,0.1008539542721821,300,-0.0033333333333333,0.0577350269189625,300,-0.0033333333333333,0.1917763003784489,300,-0.01,0.1526795231499551,300,-0.0131657285191051,0.1527074959620248,300,0.01,0.3610186257806309,300,-0.02,0.2578532418147601,300,0.0,0.0,300,0.0,0.0,300,0.0333333333333333,0.3453787929083927,300,0.0033333333333333,0.1917763003784489,300,-0.0033333333333333,0.1292720377913878,300,-0.0053658536585365,0.0605947810574479,5.0,2.0,286.0,7.0,0.0233333333333333,2,markets_property,False,economic,1.2511662022059689,1,-0.6255831011029844,-0.3752179071633886,0.3752179071633886,0.6255831011029844,8,43,0,0,0,0,1,v1
libertarian_left,32,300,-23.05666666666667,66.00790559388975,300,-17.19333333333333,45.67211874134262,300,0.0026633081379732,0.1071615007970196,300,-0.0025942153438712,0.1026541682858633,300,0.02,0.1817786518292771,300,0.02,0.2942026239626158,300,-0.0033333333333333,0.2084876797260388,300,-0.0130641307887632,0.0875323425565391,300,0.0333333333333333,0.382154894556733,300,-0.01,0.2382348690742171,300,0.0,0.0,300,-0.0666666666666666,0.3950643090051559,300,-0.0333333333333333,0.4236592728681617,300,0.0166666666666666,0.1726893964541963,300,0.01,0.0996649906832533,300,-0.0085714285714285,0.0547863078084173,7.0,6.0,273.0,14.0,0.0433333333333333,3,family_discipline,False,social,0.5131562180020632,1,-0.2565781090010316,-0.153715370282877,0.153715370282877,0.2565781090010316,12,71,0,0,0,0,0,v1
authoritarian_left,5,300,-29.126666666666665,78.07592537159579,300,-22.7,58.19581177680404,300,-0.004159825484608,0.097466721820825,300,0.0022121151016104,0.0981048620930429,300,-0.01,0.1289266209073802,300,-0.01,0.2889839194239338,300,0.0233333333333333,0.2882113370513126,300,0.0130393368306522,0.1000493864438693,300,-0.09,0.5799607875108176,300,-0.03,0.2757173677693013,300,0.0,0.0,300,-0.0333333333333333,0.2137940955057755,300,-0.03,0.4199458477591692,300,0.0033333333333333,0.1529713141913879,300,0.0066666666666666,0.1154700538379251,300,-0.0014728682170542,0.0488225155705981,9.0,16.0,260.0,15.0,0.0833333333333333,1,war_international_law,True,social,0.4107146578260567,1,-0.2053573289130283,-0.1024961490528865,0.1024961490528865,0.2053573289130283,9,69,0,0,1,0,0,v1
authoritarian_left,7,300,-15.873333333333331,64.46884048541591,300,-12.676666666666666,46.03763316876198,300,-0.0127427437745947,0.0907400104570079,300,0.0141877582253433,0.1137924092688367,300,-0.0033333333333333,0.0577350269189625,300,0.0133333333333333,0.1998884861914979,300,0.01,0.264827829474574,300,0.0127843022626185,0.2431745059611335,300,-0.0366666666666666,0.3301801812078223,300,0.0033333333333333,0.1292720377913878,300,0.0,0.0,300,0.0,0.0,300,-0.0366666666666666,0.3301801812078222,300,-0.04,0.2420646973966929,300,0.0,0.115662986393248,300,0.0022480620155038,0.0558780300738599,9.0,12.0,256.0,23.0,0.07,2,class_nationality,False,economic,1.1262983257167811,-1,0.5631491628583906,0.3128270695863424,-0.3128270695863424,-0.5631491628583906,10,64,1,0,0,0,0,v1
libertarian_left,33,300,-13.046666666666669,55.326859300787945,300,-9.383333333333333,39.44374583938111,300,0.0035383061468347,0.1088427404519503,300,-0.0049431363576562,0.1049164850033856,300,0.0033333333333333,0.100111420647375,300,0.0033333333333333,0.2384219767952444,300,-0.0166666666666666,0.3699257209480737,300,-0.012657690681957,0.1455590746802219,300,-0.02,0.5233031185136908,300,-0.02,0.1817786518292771,300,-0.0033333333333333,0.0577350269189625,300,-0.04,0.4309125418563458,300,0.0066666666666666,0.4327197439585973,300,0.01,0.2518825441619797,300,-0.0033333333333333,0.1001114206473751,300,0.0002380952380952,0.0676660749550002,23.0,18.0,223.0,36.0,0.1366666666666666,3,race_culture,True,social,0.4612935639728195,-1,0.217706031679736,0.1666318299425114,-0.1407503293291638,-0.2435875322930834,12,77,1,1,0,0,1,v1
authoritarian_right,37,300,-28.65333333333333,88.02397717334522,300,-21.06,63.38075523200449,300,0.0002780080106896,0.0954098461087896,300,-0.0033698079982476,0.1034638080442067,300,0.0033333333333333,0.1292720377913877,300,0.0066666666666666,0.2832365891624115,300,-0.0133333333333333,0.3164744473227652,300,-0.0123836873529781,0.3358559350029032,300,0.0133333333333333,0.4836686262538602,300,0.0133333333333333,0.2159730773097216,300,0.0033333333333333,0.0577350269189625,300,-0.0033333333333333,0.100111420647375,300,0.01,0.351632599384404,300,0.0033333333333333,0.2084876797260389,300,0.0,0.081786082010953,300,-0.01,0.0577922115578847,17.0,13.0,222.0,48.0,0.1,3,corporations_markets,False,economic,1.3768419131928735,1,-0.7197018821087845,-0.4695110077757148,0.5320728588004102,0.6571400310840892,16,91,3,0,0,0,2,v1
authoritarian_right,44,300,-23.28,65.96549417236773,300,-17.606666666666666,48.30863659970784,300,-0.0147808257217522,0.0952738417644326,300,0.0169305700844497,0.1111401821068795,300,-0.0133333333333333,0.1410266545012737,300,0.0233333333333333,0.2639845608809359,300,0.03,0.2502841194886872,300,0.0122715491586783,0.1081612078677552,300,-0.0433333333333333,0.5121815975332655,300,0.0033333333333333,0.1917763003784488,300,0.0,0.0,300,-0.01,0.0996649906832533,300,-0.0033333333333333,0.3321998565691604,300,-0.01,0.332065593713694,300,0.0033333333333333,0.0577350269189625,300,-0.0052592592592592,0.041924012248751,5.0,14.0,265.0,16.0,0.0633333333333333,4,culture_tradition,False,social,0.5128889380278736,1,-0.2564444690139368,-0.1538399618954807,0.1538399618954807,0.2564444690139368,14,80,1,0,0,0,0,v1
libertarian_right,10,300,-16.716666666666665,53.49706698635634,300,-13.38,37.79652795011216,300,-0.0072277255921349,0.0769607693730885,300,0.0097218000808985,0.0869011729160882,300,0.0,0.1416576493949657,300,0.02,0.2154562709281729,300,0.0166666666666666,0.1726893964541963,300,0.0118680318649784,0.162611366393336,300,-0.03,0.4119047849193608,300,0.0066666666666666,0.1415001644664615,300,0.0,0.0,300,-0.0133333333333333,0.3920048233043421,300,-0.0266666666666666,0.3260520233982544,300,-0.0266666666666666,0.1809180108346599,300,0.0,0.0,300,-0.0139837398373983,0.0611814238682257,2.0,7.0,286.0,5.0,0.03,2,redistribution,False,economic,1.125634807287937,-1,0.5628174036439685,0.3126966458815354,-0.3126966458815354,-0.5628174036439685,17,97,0,0,0,0,1,v1
authoritarian_left,28,300,-19.61,56.82430146916189,300,-16.273333333333333,43.414144184506654,300,-0.0062006022136248,0.0762853248668614,300,0.0068108120415872,0.0800531817650606,300,0.0066666666666666,0.1634357970419516,300,0.03,0.2757173677693011,300,0.0366666666666666,0.3774437284098677,300,0.0118279063419296,0.1492411833372701,300,0.02,0.4693979635240604,300,-0.0166666666666666,0.1910774472783665,300,0.0,0.0,300,-0.0333333333333333,0.2564659917128189,300,-0.0366666666666666,0.3862029664912536,300,0.0166666666666666,0.2378602120795404,300,-0.0033333333333333,0.0577350269189625,300,-0.0066666666666666,0.0476136587960357,16.0,27.0,229.0,28.0,0.1433333333333333,3,family_privacy,False,social,0.4613410673836548,-1,0.2177882431016637,0.1152734946998537,-0.0895089135195258,-0.2435528242819911,12,66,0,0,0,0,0,v1
libertarian_left,35,300,-17.726666666666667,52.63058569619607,300,-13.936666666666667,37.4477471701028,300,-0.0053786035200735,0.1066484870168704,300,0.0087812558184729,0.1266597375373049,300,0.0033333333333333,0.100111420647375,300,-0.0033333333333333,0.2384219767952443,300,-0.0033333333333333,0.2520595212041283,300,-0.0117112647251369,0.0784445606898217,300,0.0,0.4404315305588007,300,0.0033333333333333,0.2649961611804154,300,-0.0033333333333333,0.0577350269189625,300,-0.0266666666666666,0.4161725051815882,300,0.0233333333333333,0.4282525224274112,300,-0.0133333333333333,0.2709247551727977,300,0.0033333333333333,0.1734623480071185,300,-0.0083333333333333,0.0569768851009462,10.0,9.0,262.0,19.0,0.0633333333333333,3,psychology_conformity,False,social,0.4105111136492023,1,-0.2052555568246011,-0.1024590091101775,0.1024590091101775,0.2052555568246011,20,101,0,1,0,1,3,v1
authoritarian_left,43,300,-28.65333333333333,62.63511006027766,300,-21.796666666666667,46.352459379454366,300,-0.0048236755364009,0.080122592335282,300,0.0047291179389021,0.0920749973025752,300,0.0,0.115662986393248,300,0.0133333333333333,0.2309401076758503,300,0.03,0.250284119488687,300,0.0113264755220344,0.0860474964001943,300,-0.0366666666666666,0.4719441986552752,300,0.0,0.1416576493949656,300,0.0,0.0,300,-0.0033333333333333,0.1529713141913879,300,0.0333333333333333,0.3733006833947206,300,0.02,0.282606122962306,300,0.0,0.0,300,-0.0095348837209302,0.0590014664786019,5.0,14.0,266.0,15.0,0.0633333333333333,4,hierarchy_authority,True,social,0.4115234475135702,1,-0.2057617237567851,-0.1026237719935223,0.1026237719935223,0.2057617237567851,19,104,2,0,0,0,1,v1
authoritarian_right,51,300,-20.53333333333333,72.23699074339335,300,-16.553333333333335,53.293663200672455,300,0.0010285293109799,0.1023434242569931,300,0.0004220695836241,0.12103122889674,300,0.01,0.1289266209073802,300,0.0266666666666666,0.2699353735777958,300,0.0266666666666666,0.3647818180843245,300,0.011168094659611,0.1342649603377708,300,-0.01,0.473265182651722,300,0.0066666666666666,0.1827572788302572,300,0.0,0.0,300,-0.0133333333333333,0.1148893122493092,300,0.0066666666666666,0.3921754208999876,300,0.0133333333333333,0.2309401076758503,300,-0.0066666666666666,0.0815130058495636,300,-0.013037037037037,0.0515140382215311,16.0,24.0,64.0,196.0,0.1333333333333333,5,pseudoscience,False,social,0.4625492285723822,1,-0.2312746142861911,-0.1279411594424309,0.1279411594424309,0.2312746142861911,5,42,0,0,0,0,0,v1
libertarian_right,21,300,-33.07,69.57086639898212,300,-25.883333333333333,49.40864062202018,300,-0.0013983934352386,0.1049314083806238,300,0.0031245199451248,0.1072327089055061,300,-0.0066666666666666,0.1827572788302572,300,0.0066666666666666,0.3270761658745039,300,0.0433333333333333,0.4266877433478726,300,0.0111488607171276,0.1441725693812675,300,-0.0133333333333333,0.4973060088554141,300,0.02,0.3265303562895726,300,-0.0033333333333333,0.1292720377913878,300,-0.0066666666666666,0.1154700538379252,300,-0.0166666666666666,0.4513697720560998,300,-0.0033333333333333,0.1292720377913878,300,-0.0033333333333333,0.0577350269189625,300,-0.0073983739837398,0.0512739945138674,21.0,34.0,135.0,110.0,0.1833333333333333,3,abortion,True,social,0.4104633392560614,1,-0.2052316696280307,-0.1023753595936063,0.1023753595936063,0.2052316696280307,13,76,1,1,1,0,2,v1
authoritarian_right,8,300,-23.076666666666668,70.74054616551156,300,-17.94333333333333,51.14475609295883,300,-5.48201815695689e-05,0.0905747809967565,300,-0.0033924506883397,0.0980816837814638,300,0.0,0.115662986393248,300,0.0,0.2163856337073152,300,-0.0133333333333333,0.2159730773097216,300,-0.0111417494156239,0.1860639591512091,300,-0.0166666666666666,0.3961211035164109,300,0.0166666666666666,0.2644908446656115,300,0.0,0.0,300,0.0,0.0,300,-0.0166666666666666,0.3699257209480737,300,0.0033333333333333,0.2384219767952444,300,-0.0133333333333333,0.2309401076758503,300,-0.0006666666666666,0.049851838783874,9.0,5.0,277.0,9.0,0.0466666666666666,2,macroeconomics,False,economic,1.1264763070556578,1,-0.5632381535278289,-0.3130761658529776,0.3130761658529776,0.5632381535278289,8,70,0,0,0,0,0,v1
libertarian_left,52,300,-16.55,60.15510192515193,300,-14.046666666666669,41.82433988614679,300,-0.0008750090896587,0.1185513183501414,300,0.0016313587381104,0.135995433143442,300,0.0133333333333333,0.1823909090421623,300,-0.0066666666666666,0.2948082913539901,300,-0.03,0.2502841194886871,300,-0.0111187219970838,0.0894163582061898,300,0.0466666666666666,0.4302393619651387,300,-0.0033333333333333,0.1001114206473751,300,0.0,0.0,300,-0.0866666666666666,0.4689227199441519,300,0.0033333333333333,0.4662404487770321,300,0.0066666666666666,0.2162825683841512,300,-0.0066666666666666,0.0815130058495636,300,-0.0003968253968253,0.0642740144170688,14.0,5.0,271.0,10.0,0.0633333333333333,5,religion_morality,True,social,0.4104852657007097,1,-0.2052426328503548,-0.1028993893658061,0.1028993893658061,0.2052426328503548,7,44,1,1,0,0,0,v1
libertarian_left,16,300,-18.93,63.27974547429036,300,-14.066666666666666,44.311555325219885,300,0.0040912381499298,0.1072274855587105,300,-0.0036794763511891,0.1119943664970847,300,0.0,0.115662986393248,300,0.0,0.2948839123097942,300,-0.01,0.2648278294745739,300,-0.0110779313011805,0.273953273359582,300,-0.03,0.4119047849193609,300,-0.0033333333333333,0.2084876797260389,300,0.0,0.0,300,-0.0733333333333333,0.4418971969411403,300,-0.0133333333333333,0.4836686262538602,300,-0.0166666666666666,0.2515282165110434,300,-0.0033333333333333,0.100111420647375,300,-0.0108730158730158,0.06400087111082,12.0,9.0,271.0,8.0,0.07,2,corporate_responsibility,False,economic,1.1256829106130049,1,-0.5628414553065024,-0.3128880887498754,0.3128880887498754,0.5628414553065024,16,94,1,0,1,0,0,v1
libertarian_left,1,300,-18.56,52.820574687974506,300,-14.1,37.6460811340193,300,0.0107963197029843,0.1008066082574434,300,-0.0138437666087255,0.1124723703738911,300,0.0033333333333333,0.152971314191388,300,-0.0033333333333333,0.2384219767952444,300,-0.01,0.2082736815380299,300,-0.0107981013850535,0.0904648353670048,300,-0.0033333333333333,0.4210063857135592,300,0.01,0.191543632655075,300,-0.0066666666666666,0.0815130058495636,300,-0.0533333333333333,0.4595572489972371,300,-0.03,0.4355828755490417,300,0.0,0.163572164021906,300,0.0,0.0,300,-0.0148412698412698,0.0590711674313362,8.0,5.0,281.0,6.0,0.0433333333333333,1,nationalism,False,social,0.5117596845338225,1,-0.2558798422669112,-0.154086091976827,0.154086091976827,0.2558798422669112,12,61,1,0,0,1,2,v1
libertarian_left,30,300,-14.003333333333334,54.44769809933758,300,-11.46,38.2932934215671,300,0.0104921794162809,0.1206927127067353,300,-0.0094971530355232,0.1165920410680778,300,0.0,0.115662986393248,300,-0.01,0.238234869074217,300,-0.0166666666666666,0.2378602120795405,300,-0.0107731314760767,0.0940726858402361,300,0.0,0.4907164920657184,300,0.0,0.1635721640219061,300,0.0,0.0,300,-0.0566666666666666,0.4090803237259827,300,0.0233333333333333,0.4203703840124062,300,0.0166666666666666,0.1726893964541963,300,0.0033333333333333,0.0577350269189625,300,-0.0107142857142857,0.0595795248086777,11.0,6.0,269.0,14.0,0.0566666666666666,3,education_work,False,social,0.5136030936784408,1,-0.243931794802806,-0.1410224118253431,0.1152829077525141,0.2696712988756348,15,86,0,0,1,0,0,v1
authoritarian_right,30,300,-24.926666666666662,78.2896257957999,300,-18.79,57.94564890847933,300,0.0014251331470397,0.0992278535058037,300,-0.0003030507504495,0.104999491736933,300,0.02,0.1623407374942199,300,0.05,0.2962982317538669,300,-0.0266666666666666,0.4080570926456456,300,-0.0107280847888694,0.159460550831241,300,-0.0233333333333333,0.4584278305341526,300,-0.0033333333333333,0.2520595212041284,300,0.0,0.0,300,-0.0033333333333333,0.1292720377913877,300,0.01,0.3610186257806308,300,-0.0033333333333333,0.1734623480071185,300,0.0033333333333333,0.0577350269189625,300,-0.0111851851851851,0.0567649364202856,29.0,21.0,170.0,80.0,0.1666666666666666,3,education_work,False,social,0.5136030936784408,1,-0.243931794802806,-0.1410224118253431,0.1152829077525141,0.2696712988756348,15,86,0,0,1,0,0,v1
authoritarian_right,45,300,-28.71,71.61663476163857,300,-22.516666666666666,53.252126896041055,300,-0.0090552224542399,0.0814727961704322,300,0.0079193717571038,0.082949294549935,300,0.0,0.1416576493949656,300,0.0266666666666666,0.2147306523665748,300,0.0233333333333333,0.1512121222276315,300,0.0106996086943777,0.0676720530649678,300,-0.0633333333333333,0.4761771777088769,300,0.0066666666666666,0.2452673557737549,300,0.0,0.0,300,-0.01,0.0996649906832533,300,-0.01,0.3610186257806307,300,-0.0066666666666666,0.1415001644664615,300,0.0066666666666666,0.0815130058495636,300,-0.0063703703703703,0.0456424684449362,0.0,7.0,286.0,7.0,0.0233333333333333,4,punishment_justice,True,social,0.4618695321064948,1,-0.2309347660532474,-0.1282379658847865,0.1282379658847865,0.2309347660532474,10,77,0,0,1,0,1,v1
authoritarian_right,4,300,-24.266666666666666,78.76459713238543,300,-18.003333333333334,57.47074278689243,300,0.0030642554470579,0.0979439449924906,300,-0.0057897164904319,0.0971202615546195,300,0.0133333333333333,0.1630260116991272,300,0.0433333333333333,0.3083924587018455,300,-0.0366666666666666,0.4194145731486374,300,-0.0106670516926642,0.1387627991543948,300,0.04,0.4958692243176804,300,-0.0233333333333333,0.4510732896077392,300,0.0,0.0,300,-0.0066666666666666,0.0815130058495636,300,-0.04,0.4150996173302165,300,-0.02,0.1402339182917774,300,0.0,0.0,300,-0.0005925925925925,0.0468291250646391,32.0,21.0,191.0,56.0,0.1766666666666666,1,foreign_policy,False,social,0.461861066717613,1,-0.2309305333588065,-0.1281013083517744,0.1281013083517744,0.2309305333588065,8,35,0,0,0,0,0,v1
libertarian_left,45,300,-25.286666666666665,71.2387606969761,300,-19.363333333333333,50.47756535567403,300,0.0034423768644793,0.0672985275654023,300,-0.0037482396661141,0.066385881766641,300,0.0266666666666666,0.1613764649311286,300,0.0266666666666666,0.3048474955460372,300,-0.0133333333333333,0.3057239156453863,300,-0.0104848314011788,0.1216142209796221,300,-0.04,0.4309125418563456,300,0.0,0.2712537471035667,300,-0.0033333333333333,0.0577350269189625,300,-0.0366666666666666,0.3684763288262078,300,-0.0066666666666666,0.4088758823646695,300,0.01,0.3790941500233681,300,0.0166666666666666,0.3317969050129049,300,-0.0056349206349206,0.0576047825583126,16.0,12.0,244.0,28.0,0.0933333333333333,4,punishment_justice,True,social,0.4618695321064948,1,-0.2309347660532474,-0.1282379658847865,0.1282379658847865,0.2309347660532474,10,77,0,0,1,0,1,v1
authoritarian_left,41,300,-24.863333333333333,68.32059475576526,300,-19.666666666666668,50.69248447415813,300,0.0041252773585543,0.0814650530552504,300,-0.0039241222968453,0.0765220560173427,300,0.01,0.1289266209073801,300,0.0133333333333333,0.2830003289329232,300,-0.03,0.4506776762753806,300,-0.0104815575316653,0.2089378461683076,300,-0.0066666666666666,0.462603750151686,300,-0.0133333333333333,0.2159730773097216,300,0.0,0.0,300,0.0033333333333333,0.152971314191388,300,-0.0433333333333333,0.4266877433478726,300,0.0233333333333333,0.1903760287693512,300,-0.0033333333333333,0.100111420647375,300,-0.0083720930232558,0.0559576589751113,35.0,26.0,176.0,63.0,0.2033333333333333,4,security_surveillance,True,social,0.5132909025097577,1,-0.2566454512548788,-0.1539016673079594,0.1539016673079594,0.2566454512548788,14,99,1,0,0,1,2,v1
authoritarian_right,24,300,-19.473333333333333,68.22559437617356,300,-15.646666666666668,49.92457678116212,300,-0.0016840182266304,0.0822381233521885,300,0.001042893375624,0.0693063563711355,300,0.0,0.1416576493949656,300,0.0033333333333333,0.2384219767952444,300,0.0133333333333333,0.1630260116991272,300,0.0103159178075019,0.1569606979914221,300,0.07,0.4959029465948672,300,-0.0166666666666666,0.1726893964541963,300,0.0,0.0,300,-0.0133333333333333,0.1148893122493092,300,0.0033333333333333,0.3879310814678102,300,-0.01,0.2771691585925756,300,0.0,0.115662986393248,300,-0.0091111111111111,0.0515432589546302,2.0,6.0,286.0,6.0,0.0266666666666666,3,culture_public_funding,False,economic,1.1257119969930642,1,-0.5943423845479201,-0.3439126533718808,0.4068854254746565,0.5313696124451441,19,110,1,2,1,0,0,v1
authoritarian_right,6,300,-24.043333333333333,67.47744418545771,300,-18.0,48.71341350714808,300,-0.0092150196065437,0.0901177502777507,300,0.0095451246672145,0.0878854997161106,300,0.0033333333333333,0.1292720377913878,300,0.0,0.2003341689882533,300,-0.0166666666666666,0.2233573757005164,300,-0.0102749858951665,0.0859585843587161,300,0.0033333333333333,0.4662404487770321,300,0.0,0.2003341689882533,300,0.0,0.0,300,-0.0133333333333333,0.2449944826808059,300,-0.0166666666666666,0.3417281805570694,300,0.0033333333333333,0.1917763003784488,300,-0.0066666666666666,0.1154700538379251,300,-0.0065185185185185,0.0506644673886654,10.0,5.0,14.0,271.0,0.05,1,media_information,False,social,0.4622518323224769,-1,0.2311259161612384,0.1283939375304129,-0.1283939375304129,-0.2311259161612384,10,64,0,0,0,0,0,v1
libertarian_right,49,300,-28.666666666666668,63.39763209093868,300,-21.46,44.06329136009873,300,-0.0020868783607756,0.1084653778464755,300,0.0021071236177266,0.1114749364698195,300,0.0033333333333333,0.1292720377913878,300,0.02,0.2705129526013193,300,0.01,0.2518825441619797,300,0.0102392399973164,0.0969128288879998,300,-0.0766666666666666,0.4881083089778326,300,0.0033333333333333,0.2649961611804154,300,0.0,0.0,300,-0.0433333333333333,0.3293688434044334,300,0.0066666666666666,0.3835526007568977,300,0.0166666666666666,0.2886751345948129,300,-0.0133333333333333,0.1998884861914979,300,-0.0135772357723577,0.0572616666119942,8.0,11.0,25.0,256.0,0.0633333333333333,4,climate_growth,False,social,0.4606746295395085,-1,0.2303373147697542,0.1285747338780632,-0.1285747338780632,-0.2303373147697542,26,164,1,0,1,1,2,v1
authoritarian_right,39,300,-32.306666666666665,87.20854539659238,300,-25.496666666666663,65.14770962297358,300,0.0029579017712359,0.0986169486498809,300,-0.006843865657818,0.1057420336185382,300,0.0133333333333333,0.1998884861914979,300,0.0066666666666666,0.327076165874504,300,-0.0166666666666666,0.3961211035164108,300,-0.0101954379265579,0.1532559638494071,300,-0.0866666666666666,0.5164409547612756,300,0.0366666666666666,0.4575515273966042,300,0.0,0.0,300,-0.01,0.0996649906832533,300,-0.01,0.4287728464422087,300,0.0033333333333333,0.1917763003784488,300,0.0033333333333333,0.100111420647375,300,-0.0061481481481481,0.0525188122059164,26.0,21.0,112.0,141.0,0.1566666666666666,4,security_surveillance,True,social,0.5132974027497224,-1,0.243870968851016,0.1413789596115715,-0.1158234945638809,-0.2694264338987062,12,82,0,0,0,0,0,v1
authoritarian_right,27,300,-33.196666666666665,81.62040773453286,300,-26.683333333333334,61.31100924852294,300,0.0031516486276944,0.0697573449572533,300,-0.0027112332493643,0.0658893134388238,300,0.0066666666666666,0.1415001644664616,300,0.0266666666666666,0.2297786244986185,300,0.0066666666666666,0.1827572788302571,300,0.010102407882217,0.0901228315849832,300,-0.04,0.4609137354992868,300,-0.0033333333333333,0.152971314191388,300,0.0,0.0,300,-0.04,0.1962865968262873,300,-0.0066666666666666,0.3835526007568977,300,-0.0066666666666666,0.1154700538379251,300,0.0,0.081786082010953,300,-0.0047407407407407,0.0469094684623062,4.0,6.0,281.0,9.0,0.0333333333333333,3,family_discipline,True,social,0.5121342554809217,1,-0.2429691962297503,-0.141265633974797,0.1150697709533757,0.2691650592511714,8,52,0,0,1,0,0,v1
libertarian_left,55,300,-24.58333333333333,66.72448510051353,300,-18.956666666666667,46.20994827908171,300,0.0065138787398168,0.0796588148825636,300,-0.0097139787545163,0.0913167017661733,300,0.02,0.1993299813665067,300,-0.0133333333333333,0.2945813120122268,300,-0.0033333333333333,0.2239555219418573,300,-0.0100206823241309,0.081735878837956,300,-0.0233333333333333,0.4435968320297667,300,-0.0333333333333333,0.2564659917128189,300,0.0,0.0,300,-0.0333333333333333,0.2813409520966408,300,0.07,0.4309513470742962,300,-0.0066666666666666,0.1415001644664616,300,0.0033333333333333,0.1917763003784489,300,-0.0123015873015873,0.0605371095327497,8.0,7.0,276.0,9.0,0.05,5,religion_education,True,social,0.410186055793005,1,-0.2050930278965025,-0.1026013034106898,0.1026013034106898,0.2050930278965025,11,65,0,0,0,0,0,v1
authoritarian_left,2,300,-23.946666666666665,73.56504974534897,300,-18.596666666666668,53.53435419571932,300,-0.0032896995624944,0.0957557861605192,300,0.0045756226359094,0.0981410467662645,300,0.0,0.1828792389898637,300,0.0066666666666666,0.3371465282245516,300,0.02,0.3830872653101502,300,0.0099557185492283,0.1423596670685627,300,-0.0733333333333333,0.4022789040093021,300,-0.0033333333333333,0.152971314191388,300,-0.0033333333333333,0.0577350269189625,300,-0.02,0.2154562709281728,300,-0.0433333333333333,0.4107121910801961,300,0.0,0.2712537471035668,300,0.0,0.081786082010953,300,0.0031007751937984,0.0469117630613745,19.0,25.0,63.0,193.0,0.1466666666666666,1,nationalism,False,social,0.4615140033271022,-1,0.2307570016635511,0.1279111119651034,-0.1279111119651034,-0.2307570016635511,16,73,1,1,0,0,1,v1
authoritarian_right,11,300,-22.12333333333333,66.27086499646853,300,-17.49,48.0057469385743,300,-0.007538989920788,0.1095230304842932,300,0.0088943338664658,0.1119589240404261,300,0.0033333333333333,0.152971314191388,300,-0.0033333333333333,0.300482703449739,300,-0.0133333333333333,0.3268715940839032,300,0.0098452318735289,0.3220129753592833,300,-0.0133333333333333,0.4325651367683022,300,0.01,0.2648278294745739,300,0.0,0.0,300,-0.0166666666666666,0.1282329958564094,300,-0.02,0.3464101615137756,300,0.0,0.2712537471035667,300,0.0,0.0,300,-0.0094074074074074,0.0635235354039382,18.0,14.0,79.0,189.0,0.1066666666666666,2,markets_property,False,economic,1.2511662022059689,1,-0.6255831011029844,-0.3752179071633886,0.3752179071633886,0.6255831011029844,8,43,0,0,0,0,1,v1
libertarian_left,26,300,-23.48,61.83181633840045,300,-17.0,42.91315021690275,300,-0.0042252785391814,0.114702145345299,300,0.0009554874756593,0.1211058940028715,300,0.0066666666666666,0.1415001644664616,300,-0.0066666666666666,0.27117153654035,300,-0.0233333333333333,0.2763635496844743,300,-0.0096317390644095,0.1105647643751179,300,-0.03,0.411904784919361,300,0.0033333333333333,0.1292720377913878,300,0.0,0.0,300,-0.05,0.46355468193495,300,0.0266666666666666,0.4241326647168568,300,0.0066666666666666,0.245267355773755,300,0.0033333333333333,0.100111420647375,300,-0.0088888888888888,0.0603374344901608,15.0,8.0,271.0,6.0,0.0766666666666666,3,race_segregation,True,social,0.4612943371342164,1,-0.2306471685671082,-0.1287015914139468,0.1287015914139468,0.2306471685671082,24,122,2,0,1,1,2,v1
authoritarian_left,40,300,-25.35,56.098344427368254,300,-20.226666666666667,41.93730735334652,300,-0.0037186049539842,0.1127937340463896,300,0.0059858808515276,0.1073686940436351,300,0.0033333333333333,0.0577350269189625,300,0.0166666666666666,0.2078450241625218,300,0.0066666666666666,0.2162825683841513,300,0.0096025482819593,0.1005185454800154,300,-0.04,0.4309125418563457,300,-0.01,0.4589139425741642,300,0.0,0.0,300,-0.0033333333333333,0.0577350269189625,300,0.0233333333333333,0.3957832362829823,300,0.03,0.3408135064134726,300,0.0033333333333333,0.0577350269189625,300,-0.0056589147286821,0.0517616578019778,6.0,8.0,276.0,10.0,0.0466666666666666,4,democracy_state_power,True,social,0.5639643340616953,1,-0.2947997200114961,-0.1408907230107038,0.1665258289720007,0.2691646140501992,22,134,1,0,0,0,0,v1
authoritarian_left,14,300,-14.64,50.36625456257599,300,-11.903333333333334,37.099801974909255,300,0.0085089799882472,0.0738177311171808,300,-0.006972741826512,0.0693377307110212,300,0.0033333333333333,0.1292720377913878,300,0.0133333333333333,0.2159730773097215,300,0.01,0.1526795231499551,300,0.0094615332821943,0.1637199474043744,300,0.0566666666666666,0.5608064745482225,300,-0.0066666666666666,0.1154700538379251,300,0.0,0.0,300,0.0033333333333333,0.2649961611804154,300,0.03,0.3690809339236492,300,-0.0066666666666666,0.3371465282245516,300,0.0,0.0,300,-0.0049612403100775,0.0578525493266829,2.0,5.0,282.0,11.0,0.0233333333333333,2,finance_inequality,False,economic,1.2511874581086335,-1,0.5943980251361615,0.3441774322351342,-0.2817860243988236,-0.6567894329724723,21,133,0,0,0,0,0,v1
authoritarian_right,49,300,-26.53333333333333,86.9058743250202,300,-20.89666666666667,62.55961161623475,300,-0.0055026210111113,0.12824770106903,300,0.0041772104155284,0.1289285590161658,300,0.0133333333333333,0.1630260116991272,300,-0.01,0.3218362865149387,300,-0.02,0.2705129526013193,300,-0.0093994042438549,0.1043033077448297,300,-0.0566666666666666,0.4480976760855455,300,0.0133333333333333,0.2309401076758503,300,0.0,0.0,300,0.0033333333333333,0.1917763003784488,300,0.0033333333333333,0.3702871825318559,300,0.02,0.2304568677496433,300,0.0,0.0,300,-0.0119259259259259,0.0506385447892067,14.0,8.0,240.0,38.0,0.0733333333333333,4,climate_growth,False,social,0.4606746295395085,-1,0.2303373147697542,0.1285747338780632,-0.1285747338780632,-0.2303373147697542,26,164,1,0,1,1,2,v1
libertarian_right,55,300,-27.91333333333333,63.47089361808147,300,-21.4,46.97085127571373,300,-0.0017983484904875,0.0759382770541231,300,0.0015530401094143,0.0976407451098488,300,0.0266666666666666,0.1985454352410864,300,0.0466666666666666,0.302424244455263,300,0.04,0.2921492265410981,300,0.0093756722039988,0.1006107894971806,300,-0.03,0.479443657519615,300,-0.01,0.1915436326550751,300,-0.0133333333333333,0.1148893122493092,300,-0.02,0.2705129526013192,300,0.0266666666666666,0.4471637361324468,300,0.0066666666666666,0.0815130058495636,300,0.0133333333333333,0.1630260116991272,300,-0.0091056910569105,0.0520593644216531,7.0,19.0,264.0,10.0,0.0866666666666666,5,religion_education,True,social,0.410186055793005,1,-0.2050930278965025,-0.1026013034106898,0.1026013034106898,0.2050930278965025,11,65,0,0,0,0,0,v1
authoritarian_right,48,300,-32.806666666666665,90.54101209835726,300,-25.756666666666668,67.437949595965,300,-0.0044437760244187,0.0830869652537319,300,0.0042803793155878,0.0932017982226841,300,0.0,0.1828792389898638,300,0.0233333333333333,0.2763635496844743,300,0.0166666666666666,0.2078450241625218,300,0.0092948141205528,0.0871543660237179,300,-0.0466666666666666,0.467494090484234,300,0.0,0.2833152987899313,300,-0.0066666666666666,0.0815130058495636,300,-0.0133333333333333,0.1148893122493092,300,-0.0666666666666666,0.3405026123034995,300,-0.0066666666666666,0.0815130058495636,300,0.0033333333333333,0.0577350269189625,300,-0.0096296296296296,0.0517207381263013,4.0,9.0,273.0,14.0,0.0433333333333333,4,gender_family,True,social,0.4619993252410632,1,-0.2309996626205316,-0.1284745085227307,0.1284745085227307,0.2309996626205316,12,67,0,0,1,1,2,v1
libertarian_right,61,300,-24.72,72.92375823454363,300,-19.16333333333333,52.13973368091374,300,-0.0106357809218756,0.1210638411304459,300,0.0104479494900483,0.1231510027237131,300,0.0066666666666666,0.2162825683841512,300,0.01,0.3419890666953119,300,-0.0166666666666666,0.3607715008260074,300,-0.0092684548231519,0.1248169502812716,300,0.0666666666666666,0.4861515882707258,300,0.0266666666666666,0.2147306523665748,300,0.0,0.0,300,-0.0033333333333333,0.1292720377913878,300,-0.03,0.4119047849193606,300,-0.0166666666666666,0.2233573757005164,300,-0.0033333333333333,0.1001114206473751,300,-0.0044715447154471,0.051225856347273,22.0,17.0,192.0,69.0,0.13,6,sexual_morality,True,social,0.4107456076450476,1,-0.2053728038225238,-0.1023263224248381,0.1023263224248381,0.2053728038225238,9,47,0,0,0,0,0,v1
libertarian_left,36,300,-16.486666666666668,69.52584146194991,300,-13.923333333333334,48.29526094405541,300,-0.0104390462208822,0.1128177660822414,300,0.0106522399638581,0.1124571692772551,300,0.0166666666666666,0.1910774472783666,300,0.02,0.3652094281660931,300,-0.0033333333333333,0.3964586828151039,300,-0.0091707752078511,0.1518169030996034,300,0.0366666666666666,0.4927455898092614,300,-0.0033333333333333,0.2084876797260389,300,-0.0033333333333333,0.0577350269189625,300,-0.0833333333333333,0.4513697720560997,300,0.0233333333333333,0.4798155535623629,300,0.0233333333333333,0.1903760287693513,300,0.0,0.081786082010953,300,-0.0057142857142857,0.0664182115185037,24.0,23.0,206.0,47.0,0.1566666666666666,3,immigration_integration,True,social,0.4611848792416653,1,-0.2432177212636557,-0.0901158715460833,0.1153664348317291,0.2179671579780096,11,83,1,1,0,0,0,v1
authoritarian_right,32,300,-26.75333333333333,72.29347812090856,300,-19.92333333333333,53.14400316558558,300,0.0009736185319993,0.0824733707991274,300,-0.0010177623029056,0.0856116211270408,300,0.0033333333333333,0.152971314191388,300,0.0266666666666666,0.2572472404086812,300,0.0133333333333333,0.1410266545012737,300,0.0091493613695797,0.0693291408958468,300,-0.03,0.3599052272130134,300,-0.0166666666666666,0.2233573757005164,300,0.0,0.0,300,-0.0066666666666666,0.0815130058495635,300,-0.0266666666666666,0.3826796326253984,300,0.0066666666666666,0.1415001644664616,300,0.0033333333333333,0.0577350269189625,300,-0.0053333333333333,0.0457395835224278,1.0,5.0,286.0,8.0,0.02,3,family_discipline,False,social,0.5131562180020632,1,-0.2565781090010316,-0.153715370282877,0.153715370282877,0.2565781090010316,12,71,0,0,0,0,0,v1
libertarian_left,0,300,-13.97,65.37662254904069,300,-11.32,46.4325050485499,300,0.0016785818057821,0.0957815525063068,300,0.0008582632251299,0.1041151800188993,300,-0.0166666666666666,0.1520942616833793,300,-0.0266666666666666,0.2438999374480844,300,-0.0166666666666666,0.2378602120795405,300,-0.0089257426935988,0.2179860087805725,300,-0.0066666666666666,0.529992322360831,300,-0.0133333333333333,0.2309401076758503,300,0.0,0.0,300,-0.02,0.1993299813665067,300,-0.0333333333333333,0.4156900483250437,300,-0.0133333333333333,0.2449944826808058,300,-0.0066666666666666,0.1415001644664615,300,-0.0019047619047619,0.0652861406647787,11.0,6.0,270.0,13.0,0.0566666666666666,1,globalization_corporations,False,economic,1.1256724443927717,-1,0.5628362221963857,0.3129697581970322,-0.3129697581970322,-0.5628362221963857,17,133,0,0,1,1,2,v1
libertarian_left,3,300,-36.10666666666667,85.18931478419243,300,-27.346666666666668,62.00781983986533,300,-0.0066043278836754,0.0641653851104091,300,0.0033579880438854,0.062754442627482,300,0.0166666666666666,0.1726893964541963,300,0.0366666666666666,0.2868154445276979,300,0.0233333333333333,0.2639845608809359,300,0.0088613483189293,0.113931988914435,300,0.06,0.4659653912249256,300,-0.0133333333333333,0.1823909090421622,300,0.0,0.0,300,-0.0033333333333333,0.5268593977259298,300,-0.0133333333333333,0.497306008855414,300,0.0033333333333333,0.0577350269189625,300,0.0,0.081786082010953,300,-0.0163492063492063,0.0566146331214603,7.0,14.0,271.0,8.0,0.07,1,race_ethnicity,True,social,0.4614170123122114,1,-0.2307085061561057,-0.1283442870283275,0.1283442870283275,0.2307085061561057,10,64,0,0,0,0,1,v1
libertarian_left,18,300,-17.97,66.09440724370195,300,-14.07,49.09616289184259,300,0.0124743823839357,0.0982098039060894,300,-0.0155287534940273,0.1146583942674201,300,0.0166666666666666,0.1726893964541963,300,0.02,0.2705129526013192,300,0.0033333333333333,0.3004827034497389,300,-0.0088284448452221,0.2688337857852604,300,0.0366666666666666,0.4648035751085265,300,0.0066666666666666,0.27117153654035,300,-0.0033333333333333,0.0577350269189625,300,-0.0166666666666666,0.4285647926438526,300,-0.0233333333333333,0.404145188432738,300,0.0,0.2586303000559358,300,-0.0033333333333333,0.152971314191388,300,-0.0103968253968253,0.0583828646944062,13.0,14.0,256.0,17.0,0.09,2,healthcare_inequality,False,economic,1.0007106619167392,1,-0.5003553309583696,-0.2506864119449827,0.2506864119449827,0.5003553309583696,15,85,0,0,1,0,0,v1
libertarian_left,34,300,-27.14666666666667,71.94854968351176,300,-21.196666666666665,50.79453650427875,300,0.0002291571882884,0.1259846454586665,300,-0.0007004995494565,0.1301308254682056,300,0.0166666666666666,0.1520942616833793,300,0.02,0.2942026239626157,300,-0.02,0.3830872653101501,300,-0.0087830928277796,0.1286328430172105,300,0.0133333333333333,0.5039863387577123,300,-0.0033333333333333,0.3219748149993542,300,0.0,0.0,300,0.03,0.411904784919361,300,-0.0233333333333333,0.4435968320297667,300,-0.0266666666666666,0.3459593160813862,300,0.0,0.2453582460328592,300,-0.0099206349206349,0.0591430193956848,25.0,19.0,199.0,57.0,0.1466666666666666,3,welfare_work,False,social,0.4614306212126037,1,-0.2307153106063018,-0.1283751381337499,0.1283751381337499,0.2307153106063018,16,92,0,1,1,0,2,v1
authoritarian_right,26,300,-31.65333333333333,76.4767642738731,300,-24.566666666666663,57.073785097656405,300,-0.005144877882182,0.0817336364213115,300,0.0054036991306979,0.0863824560796405,300,0.0066666666666666,0.1415001644664616,300,0.03,0.2219554325688441,300,0.0133333333333333,0.1410266545012737,300,0.0087801985553748,0.0596969857339294,300,-0.03,0.4199458477591692,300,0.0266666666666666,0.2438999374480844,300,-0.0033333333333333,0.0577350269189625,300,-0.0233333333333333,0.1512121222276315,300,-0.0433333333333333,0.4344552836990272,300,-0.0166666666666666,0.1726893964541964,300,-0.0033333333333333,0.0577350269189625,300,-0.0074814814814814,0.0503835024887947,1.0,5.0,281.0,13.0,0.02,3,race_segregation,True,social,0.4612943371342164,1,-0.2306471685671082,-0.1287015914139468,0.1287015914139468,0.2306471685671082,24,122,2,0,1,1,2,v1
authoritarian_left,34,300,-20.65333333333333,74.80418018712,300,-16.286666666666665,54.55025441196638,300,0.0019988215802086,0.0883233421514877,300,-0.0012712884816845,0.1016470244218296,300,0.0066666666666666,0.1415001644664615,300,0.0033333333333333,0.2649961611804154,300,0.0066666666666666,0.3371465282245516,300,0.0087460001931898,0.124173508295173,300,0.01,0.4871938623707944,300,-0.0133333333333333,0.2582852294552246,300,0.0,0.0,300,-0.0333333333333333,0.179805419417013,300,-0.03,0.3780339918534517,300,0.0066666666666666,0.27117153654035,300,0.0033333333333333,0.100111420647375,300,-0.0010077519379844,0.055719837598563,16.0,18.0,239.0,27.0,0.1133333333333333,3,welfare_work,False,social,0.4614306212126037,1,-0.2307153106063018,-0.1283751381337499,0.1283751381337499,0.2307153106063018,16,92,0,1,1,0,2,v1
authoritarian_right,17,300,-27.613333333333333,80.18280006945892,300,-22.01,58.64903178881886,300,-0.0029640835407931,0.0481689883437769,300,0.0044506612029103,0.0765818355524002,300,0.0033333333333333,0.1529713141913879,300,0.0266666666666666,0.1985454352410864,300,0.0166666666666666,0.1520942616833793,300,0.008537932291586,0.1233876881173268,300,-0.0233333333333333,0.428252522427411,300,0.0133333333333333,0.1998884861914979,300,0.0,0.0,300,-0.01,0.1289266209073802,300,-0.0466666666666666,0.3894368915891995,300,0.0033333333333333,0.2384219767952444,300,0.0033333333333333,0.100111420647375,300,-0.0053333333333333,0.0519923068056042,1.0,6.0,282.0,11.0,0.0233333333333333,2,taxation_inequality,False,economic,1.0023483782388944,1,-0.5322601911075274,-0.2817261705460396,0.3438981745222003,0.4700881871313669,6,30,0,0,0,0,0,v1
authoritarian_left,54,300,-16.383333333333333,57.99016514087344,300,-11.9,43.66155177818271,300,-0.0131402900752157,0.0964134324590663,300,0.0125060607676489,0.0967967144143778,300,0.0033333333333333,0.100111420647375,300,0.01,0.2771691585925757,300,0.0166666666666666,0.3699257209480737,300,0.0083763720215259,0.1562426788856603,300,0.02,0.3917203288744557,300,0.0066666666666666,0.1415001644664616,300,0.0,0.0,300,-0.06,0.3699407888986694,300,-0.0466666666666666,0.3807520575387025,300,0.0033333333333333,0.1292720377913878,300,0.0,0.0,300,-0.0044186046511627,0.0494917196778168,18.0,23.0,56.0,203.0,0.1366666666666666,5,fate_responsibility,False,social,0.461067800642462,1,-0.230533900321231,-0.1280659548542035,0.1280659548542035,0.230533900321231,5,34,0,0,0,0,0,v1
libertarian_right,8,300,-18.566666666666663,64.18268415525691,300,-13.806666666666668,44.89775775090653,300,-0.0045929330639255,0.1034953014159004,300,0.00598534150665,0.1169716714443178,300,-0.0033333333333333,0.1734623480071185,300,-0.0166666666666666,0.2886751345948129,300,-0.01,0.3419890666953118,300,-0.0082209322686217,0.3313965131379472,300,0.02,0.4399756758250685,300,-0.0066666666666666,0.3059426283827759,300,0.0,0.0,300,-0.01,0.0996649906832533,300,-0.0033333333333333,0.3879310814678102,300,-0.01,0.2518825441619797,300,-0.0066666666666666,0.3166857355051909,300,-8.130081300812909e-05,0.0569648667518372,19.0,16.0,227.0,38.0,0.1166666666666666,2,macroeconomics,False,economic,1.1264763070556578,1,-0.5632381535278289,-0.3130761658529776,0.3130761658529776,0.5632381535278289,8,70,0,0,0,0,0,v1
libertarian_right,35,300,-9.21,46.50226628058861,300,-7.27,33.31129801209848,300,0.0170499202517486,0.1062175503909628,300,-0.0184177594824359,0.1224535598459721,300,-0.0133333333333333,0.1148893122493092,300,-0.0333333333333333,0.2929875330749529,300,0.0233333333333333,0.4510732896077393,300,0.0081892787653344,0.1418148035304758,300,0.01,0.4365032841306651,300,0.0333333333333333,0.2564659917128188,300,0.0,0.0,300,-0.0133333333333333,0.1410266545012737,300,0.05,0.3846989875692284,300,0.02,0.2705129526013192,300,0.0033333333333333,0.0577350269189625,300,-0.009430894308943,0.0509186871805312,27.0,34.0,142.0,97.0,0.2033333333333333,3,psychology_conformity,False,social,0.4105111136492023,1,-0.2052555568246011,-0.1024590091101775,0.1024590091101775,0.2052555568246011,20,101,0,1,0,1,3,v1
authoritarian_right,42,300,-36.77666666666666,88.43776105728234,300,-27.82333333333333,64.11610592525837,300,-0.0083903296908637,0.0838301594622901,300,0.0068653487632179,0.0923371087765099,300,-0.0033333333333333,0.1529713141913879,300,0.0066666666666666,0.2162825683841512,300,0.01,0.152679523149955,300,0.007685152160577,0.0750701496117456,300,0.0033333333333333,0.4590111032046022,300,0.01,0.2082736815380299,300,0.0,0.0,300,-0.0066666666666666,0.0815130058495636,300,-0.0066666666666666,0.3564347176065669,300,0.0,0.081786082010953,300,0.0033333333333333,0.0577350269189625,300,-0.0012592592592592,0.0486327649034131,2.0,5.0,285.0,8.0,0.0233333333333333,4,punishment_justice,True,social,0.5122411510500507,1,-0.2561205755250254,-0.1536405536639065,0.1536405536639065,0.2561205755250254,12,66,0,0,1,0,0,v1
authoritarian_left,46,300,-31.48333333333333,80.53879840829755,300,-24.8,57.87814439546421,300,-0.0016247492553197,0.1224145461569027,300,0.0042884990594268,0.140311928502276,300,0.0,0.163572164021906,300,0.02,0.316121986530347,300,0.0233333333333333,0.2995909511577537,300,0.0076317255731277,0.1200504541815229,300,0.0166666666666666,0.4587195595749954,300,0.0,0.2163856337073152,300,-0.0033333333333333,0.0577350269189625,300,0.0,0.0,300,0.0166666666666666,0.4438983080788584,300,-0.0033333333333333,0.152971314191388,300,0.0033333333333333,0.100111420647375,300,-0.0034108527131782,0.050421827817517,10.0,17.0,253.0,20.0,0.09,4,punishment_justice,True,social,0.5123993040403447,1,-0.2561996520201723,-0.1538150371871946,0.1538150371871946,0.2561996520201723,12,60,0,0,0,0,0,v1
libertarian_right,46,300,-16.363333333333333,61.64444919002869,300,-13.51,44.27169724843995,300,0.0068103656818131,0.1120484340489351,300,-0.0053192644045659,0.1064591407322961,300,0.0,0.1635721640219061,300,-0.04,0.3033811691243612,300,0.0033333333333333,0.342119435161572,300,0.0076139728861948,0.1365394300382521,300,0.0166666666666666,0.4870107670057071,300,0.0033333333333333,0.1734623480071185,300,0.0,0.0,300,-0.04,0.2804678365835547,300,0.0033333333333333,0.4129859726442194,300,0.0066666666666666,0.2832365891624116,300,0.0066666666666666,0.1154700538379252,300,-0.0048780487804878,0.0564562210650852,17.0,18.0,27.0,238.0,0.1166666666666666,4,punishment_justice,True,social,0.5123993040403447,1,-0.2561996520201723,-0.1538150371871946,0.1538150371871946,0.2561996520201723,12,60,0,0,0,0,0,v1
authoritarian_left,61,300,-26.746666666666663,68.07959994485172,300,-20.48,50.03205928723841,300,-0.0023703806787803,0.1021885715935373,300,-0.0010017975876046,0.1191178000314425,300,-0.0066666666666666,0.1154700538379251,300,0.01,0.2382348690742171,300,0.02,0.3464101615137755,300,0.0075889385614139,0.1138708361697425,300,-0.01,0.4440991784135145,300,0.0133333333333333,0.2309401076758502,300,0.0,0.0,300,-0.02,0.1993299813665067,300,0.0033333333333333,0.3421194351615719,300,-0.0233333333333333,0.1903760287693512,300,-0.0033333333333333,0.1292720377913878,300,0.0034108527131782,0.056639219551473,15.0,21.0,231.0,33.0,0.12,6,sexual_morality,True,social,0.4107456076450476,1,-0.2053728038225238,-0.1023263224248381,0.1023263224248381,0.2053728038225238,9,47,0,0,0,0,0,v1
authoritarian_left,55,300,-22.593333333333334,73.370876879972,300,-17.60333333333333,53.57118842861716,300,0.0017674788685926,0.0831694016491559,300,-0.0041456597969325,0.1113904350180257,300,0.0066666666666666,0.1154700538379251,300,-0.0066666666666666,0.2832365891624116,300,0.0133333333333333,0.3562470051117048,300,0.0074633129740026,0.1163468318834343,300,0.0033333333333333,0.459011103204602,300,-0.0033333333333333,0.152971314191388,300,0.0,0.0,300,-0.05,0.2962982317538669,300,-0.0166666666666666,0.3788588156947841,300,-0.0066666666666666,0.1415001644664616,300,0.0033333333333333,0.1292720377913878,300,-0.0034883720930232,0.0543029039216438,17.0,21.0,28.0,234.0,0.1266666666666666,5,religion_education,True,social,0.410186055793005,1,-0.2050930278965025,-0.1026013034106898,0.1026013034106898,0.2050930278965025,11,65,0,0,0,0,0,v1
authoritarian_right,46,300,-22.21333333333333,80.52707529193187,300,-17.75,59.24627614844829,300,-0.0024259714916946,0.0893577399977329,300,0.0007968090950757,0.0976440155650349,300,-0.0033333333333333,0.1292720377913878,300,0.0233333333333333,0.2372971174753201,300,0.02,0.1817786518292771,300,0.0073370312858444,0.077970828292009,300,0.08,0.4841293947933859,300,0.0266666666666666,0.1809180108346599,300,0.0,0.0,300,-0.0033333333333333,0.0577350269189625,300,-0.02,0.3917203288744556,300,-0.0033333333333333,0.1292720377913878,300,-0.0033333333333333,0.0577350269189625,300,-0.0059259259259259,0.0508349975935107,2.0,8.0,280.0,10.0,0.0333333333333333,4,punishment_justice,True,social,0.5123993040403447,1,-0.2561996520201723,-0.1538150371871946,0.1538150371871946,0.2561996520201723,12,60,0,0,0,0,0,v1
libertarian_right,24,300,-13.303333333333333,40.716385757079244,300,-10.236666666666666,29.88720135618656,300,-0.0078221765566881,0.0686970040761852,300,0.0070564451028658,0.0778154391878545,300,0.01,0.1289266209073802,300,0.0133333333333333,0.1998884861914979,300,0.01,0.152679523149955,300,0.0073294955899923,0.1344324919285942,300,0.02,0.5233031185136906,300,0.0066666666666666,0.1634357970419516,300,0.0,0.0,300,-0.0133333333333333,0.1630260116991272,300,-0.0133333333333333,0.3745528735338494,300,0.0,0.2948839123097941,300,0.0,0.0,300,-0.0055284552845528,0.052599253377472,2.0,5.0,284.0,9.0,0.0233333333333333,3,culture_public_funding,False,economic,1.1257119969930642,1,-0.5943423845479201,-0.3439126533718808,0.4068854254746565,0.5313696124451441,19,110,1,2,1,0,0,v1
authoritarian_left,51,300,-19.596666666666668,55.760002827054606,300,-15.32,40.531555071595,300,-0.0069687667208678,0.1061834664436647,300,0.0080432462953988,0.1299251096489851,300,0.0033333333333333,0.1292720377913878,300,0.01,0.2771691585925757,300,0.0033333333333333,0.3792117624205273,300,0.00727323414669,0.1300006281754821,300,0.0233333333333333,0.4727938263446917,300,0.0033333333333333,0.1917763003784488,300,-0.0033333333333333,0.0577350269189625,300,-0.0133333333333333,0.1823909090421623,300,-0.0166666666666666,0.3788588156947839,300,-0.0133333333333333,0.336948070523715,300,0.0066666666666666,0.1154700538379252,300,-0.007984496124031,0.0469304597781151,21.0,22.0,39.0,218.0,0.1433333333333333,5,pseudoscience,False,social,0.4625492285723822,1,-0.2312746142861911,-0.1279411594424309,0.1279411594424309,0.2312746142861911,5,42,0,0,0,0,0,v1
authoritarian_right,31,300,-69.76,123.65756363230784,300,-55.27333333333333,91.86356734622348,300,-0.0060701329524363,0.1162042285166764,300,0.0049912552483246,0.120590266715216,300,0.01,0.1732050807568877,300,0.0333333333333333,0.3549302379363594,300,0.01,0.2771691585925757,300,0.0071748168912872,0.1326835641636436,300,-0.0433333333333333,0.47137692941797,300,-0.0133333333333333,0.3369480705237148,300,-0.0033333333333333,0.0577350269189625,300,-0.1166666666666666,0.3607715008260072,300,-0.1166666666666666,0.4206885050523322,300,-0.0066666666666666,0.2002228412947501,300,0.01,0.0996649906832533,300,-0.0157037037037037,0.054798809853533,10.0,13.0,260.0,17.0,0.0766666666666666,3,disability_eugenics,True,social,0.5648712533126834,1,-0.2824356266563417,-0.1799160768022441,0.1799160768022441,0.2824356266563417,11,80,0,1,1,0,0,v1
libertarian_right,44,300,-14.53,57.29909587384316,300,-11.446666666666667,41.75418376356346,300,-0.0069151305241043,0.1048633518318959,300,0.0050049100429227,0.1140113420674515,300,0.0,0.1416576493949657,300,-0.0233333333333333,0.3105538620373444,300,-0.0266666666666666,0.4161725051815885,300,-0.0071311785410028,0.1800610358472176,300,0.0166666666666666,0.4513697720560998,300,-0.0166666666666666,0.1520942616833793,300,0.0,0.0,300,0.0,0.115662986393248,300,0.0133333333333333,0.346731835054638,300,0.0366666666666666,0.2749075044608979,300,0.0,0.081786082010953,300,-0.0102439024390243,0.047730772556219,30.0,22.0,155.0,93.0,0.1733333333333333,4,culture_tradition,False,social,0.5128889380278736,1,-0.2564444690139368,-0.1538399618954807,0.1538399618954807,0.2564444690139368,14,80,1,0,0,0,0,v1
libertarian_right,28,300,-13.81,46.32761660392933,300,-10.986666666666666,33.15454571993418,300,-0.0027775904325521,0.1156185475618929,300,0.0003247346412717,0.1248805406190763,300,0.0033333333333333,0.1001114206473751,300,0.01,0.2082736815380299,300,0.0033333333333333,0.2384219767952444,300,0.0069885203416587,0.0917823455838821,300,0.0,0.4974853151561225,300,-0.0033333333333333,0.2649961611804153,300,0.0,0.0,300,0.0,0.0,300,0.0166666666666666,0.3788588156947841,300,0.0033333333333333,0.2649961611804154,300,0.01,0.1289266209073802,300,-0.0073170731707317,0.0565090579704869,8.0,9.0,270.0,13.0,0.0566666666666666,3,family_privacy,False,social,0.4613410673836548,-1,0.2177882431016637,0.1152734946998537,-0.0895089135195258,-0.2435528242819911,12,66,0,0,0,0,0,v1
libertarian_left,2,300,-20.15333333333333,70.68406666160082,300,-14.923333333333334,50.035012379014304,300,-0.000895682914323,0.0906141159880416,300,0.0015003833044587,0.0796955950737566,300,0.0066666666666666,0.1827572788302572,300,0.01,0.2889839194239338,300,0.0133333333333333,0.3369480705237149,300,0.0069722243786898,0.1222972885175705,300,-0.01,0.4661447949936429,300,-0.03,0.2219554325688442,300,0.0,0.0,300,-0.0433333333333333,0.3490870399011954,300,-0.0333333333333333,0.3908085549784833,300,0.0166666666666666,0.2378602120795404,300,-0.01,0.1289266209073801,300,-0.0037301587301587,0.0685383942270736,15.0,19.0,232.0,34.0,0.1133333333333333,1,nationalism,False,social,0.4615140033271022,-1,0.2307570016635511,0.1279111119651034,-0.1279111119651034,-0.2307570016635511,16,73,1,1,0,0,1,v1
authoritarian_left,49,300,-18.456666666666667,53.38571817667799,300,-15.19,40.002598995832805,300,0.0013255184242769,0.1178556671929151,300,-0.0025004232219522,0.1207834378975509,300,0.0033333333333333,0.100111420647375,300,0.01,0.2518825441619797,300,0.0133333333333333,0.294581312012227,300,0.0069602609890357,0.1049554256296536,300,-0.01,0.458913942574164,300,0.0166666666666666,0.2768471963423703,300,0.0,0.0,300,0.0066666666666666,0.1415001644664616,300,-0.0033333333333333,0.3611421248437764,300,-0.0066666666666666,0.1827572788302571,300,0.0,0.081786082010953,300,-0.0068992248062015,0.0543419730797101,11.0,15.0,18.0,256.0,0.0866666666666666,4,climate_growth,False,social,0.4606746295395085,-1,0.2303373147697542,0.1285747338780632,-0.1285747338780632,-0.2303373147697542,26,164,1,0,1,1,2,v1
authoritarian_left,0,300,-22.08333333333333,66.07209290179658,300,-18.25,49.19228023564882,300,-0.0032031365991636,0.0866449716284267,300,0.0028292997859985,0.094694004231307,300,0.0033333333333333,0.0577350269189625,300,0.03,0.2063377106496058,300,0.0133333333333333,0.2582852294552246,300,0.0068889894068323,0.2505373290221471,300,0.0133333333333333,0.49053471154751,300,0.0,0.2586303000559357,300,0.0,0.0,300,-0.01,0.1289266209073801,300,-0.0433333333333333,0.3855095514637584,300,-0.0166666666666666,0.1726893964541963,300,0.0,0.0,300,-0.0003875968992248,0.0610853114573861,8.0,12.0,264.0,16.0,0.0666666666666666,1,globalization_corporations,False,economic,1.1256724443927717,-1,0.5628362221963857,0.3129697581970322,-0.3129697581970322,-0.5628362221963857,17,133,0,0,1,1,2,v1
authoritarian_left,6,300,-18.776666666666667,56.12956930820545,300,-13.696666666666667,42.50152059710071,300,-0.0030366847123291,0.0938329575375822,300,0.0042479991074589,0.0981992127700289,300,0.0,0.0,300,0.0033333333333333,0.152971314191388,300,-0.0033333333333333,0.1529713141913879,300,-0.0068250044286669,0.0626835630268136,300,-0.0133333333333333,0.510579271871769,300,0.0066666666666666,0.1827572788302571,300,0.0,0.0,300,0.0,0.2948839123097942,300,0.0233333333333333,0.3957832362829823,300,0.0,0.1635721640219061,300,0.0033333333333333,0.100111420647375,300,-0.0031007751937984,0.0493544146466031,4.0,3.0,8.0,285.0,0.0233333333333333,1,media_information,False,social,0.4622518323224769,-1,0.2311259161612384,0.1283939375304129,-0.1283939375304129,-0.2311259161612384,10,64,0,0,0,0,0,v1
authoritarian_left,4,300,-21.16,63.71645802625388,300,-16.446666666666665,46.299452334888265,300,-0.0051483429950768,0.129800438102112,300,0.004671751808846,0.1288884037724522,300,0.0066666666666666,0.1634357970419516,300,0.04,0.3446679367479278,300,0.01,0.4365032841306653,300,0.0067579227735294,0.1454099585645718,300,0.0433333333333333,0.5186703693700173,300,-0.0166666666666666,0.5391578552382463,300,0.0,0.0,300,-0.0366666666666666,0.2493916790663111,300,0.01,0.4128779812786692,300,-0.0066666666666666,0.1827572788302572,300,-0.0033333333333333,0.0577350269189625,300,-0.0001550387596899,0.0510358304162122,27.0,30.0,154.0,89.0,0.19,1,foreign_policy,False,social,0.461861066717613,1,-0.2309305333588065,-0.1281013083517744,0.1281013083517744,0.2309305333588065,8,35,0,0,0,0,0,v1
libertarian_right,41,300,-15.47,57.42462647464507,300,-12.593333333333334,40.37443422123095,300,-0.0001874259203671,0.1015432033242437,300,-0.0003630408254232,0.1193932926937978,300,0.0166666666666666,0.1910774472783665,300,0.0133333333333333,0.3057239156453865,300,0.0133333333333333,0.2309401076758503,300,0.0067578153188101,0.1081840638123281,300,-0.0266666666666666,0.454581532975803,300,-0.0066666666666666,0.2585440755827756,300,0.0,0.0,300,-0.0133333333333333,0.3833781661534289,300,-0.0433333333333333,0.4024866962909369,300,-0.02,0.3917203288744555,300,0.0,0.081786082010953,300,-0.0058536585365853,0.0555094600029154,6.0,10.0,218.0,66.0,0.0533333333333333,4,security_surveillance,True,social,0.5132909025097577,1,-0.2566454512548788,-0.1539016673079594,0.1539016673079594,0.2566454512548788,14,99,1,0,0,1,2,v1
authoritarian_left,9,300,-18.223333333333333,44.79249954632563,300,-13.66,32.21319657290807,300,-0.0067965011461636,0.060589343873967,300,0.0048032786629011,0.0594580234647809,300,0.0,0.115662986393248,300,0.01,0.1915436326550751,300,0.0066666666666666,0.1827572788302571,300,0.0066156374739402,0.1475081034082205,300,-0.0333333333333333,0.4236592728681616,300,-0.0133333333333333,0.2945813120122268,300,0.0,0.0,300,-0.0033333333333333,0.100111420647375,300,0.0066666666666666,0.3564347176065668,300,-0.01,0.152679523149955,300,-0.0033333333333333,0.0577350269189625,300,-0.0072868217054263,0.0544076724407945,4.0,6.0,273.0,17.0,0.0333333333333333,2,environment_regulation,False,economic,1.0019515241771093,-1,0.5009757620885547,0.2500578405142084,-0.2500578405142084,-0.5009757620885547,13,103,1,1,0,0,1,v1
authoritarian_left,21,300,-29.58,99.2054568841114,300,-24.39666666666667,74.58733285863923,300,-0.0022182340567065,0.0949611199125394,300,0.001533082355894,0.1008367862084748,300,0.01,0.1289266209073801,300,0.02,0.3053590462999101,300,0.0133333333333333,0.4247630331569331,300,0.0065717621227756,0.1466202045279048,300,-0.0133333333333333,0.4836686262538605,300,0.0166666666666666,0.3513788732942655,300,0.0,0.0,300,-0.0166666666666666,0.2644908446656115,300,-0.0566666666666666,0.4480976760855456,300,-0.0066666666666666,0.1634357970419516,300,0.0066666666666666,0.1154700538379251,300,0.0007751937984496,0.0555447519159233,25.0,29.0,209.0,37.0,0.18,3,abortion,True,social,0.4104633392560614,1,-0.2052316696280307,-0.1023753595936063,0.1023753595936063,0.2052316696280307,13,76,1,1,1,0,2,v1
authoritarian_right,23,300,-30.87,73.19835903820719,300,-23.14333333333333,54.47673974090424,300,-0.005153920280819,0.1060703966999062,300,0.0058427312346093,0.1113742014777756,300,0.0133333333333333,0.1148893122493092,300,0.0333333333333333,0.2137940955057755,300,0.0166666666666666,0.1910774472783666,300,0.0065522712575037,0.0605411257213908,300,-0.04,0.4752045854085492,300,-0.0233333333333333,0.378505539855398,300,0.0,0.0,300,0.0033333333333333,0.0577350269189625,300,-0.0266666666666666,0.3647818180843244,300,0.0066666666666666,0.1634357970419516,300,0.0,0.0,300,-0.006,0.050287254455697,3.0,8.0,273.0,16.0,0.0366666666666666,3,punishment_justice,True,social,0.3596187178817474,1,-0.1669760268080711,-0.1152757727821722,0.089609108516567,0.1926426910736762,11,42,0,0,0,0,0,v1
authoritarian_left,50,300,-15.883333333333333,52.09140784678817,300,-12.79,39.007407323314325,300,-0.0005295956104518,0.0545842366076714,300,0.0010008278126325,0.0490508303024048,300,0.0033333333333333,0.100111420647375,300,-0.0066666666666666,0.1827572788302572,300,0.0066666666666666,0.27117153654035,300,0.0064938316802923,0.0925007249092135,300,0.05,0.4413797157909567,300,-0.0666666666666666,0.5445585695537902,300,0.0,0.0,300,-0.01,0.2771691585925757,300,0.03,0.395332297463868,300,0.0,0.115662986393248,300,0.0,0.0,300,-0.0026356589147286,0.0476668140292852,10.0,12.0,18.0,260.0,0.0733333333333333,4,conformity_establishment,False,social,0.4101149133735415,1,-0.2050574566867707,-0.1024858711766312,0.1024858711766312,0.2050574566867707,11,71,0,0,0,0,0,v1
authoritarian_right,43,300,-28.223333333333333,74.56419731093672,300,-22.12,53.99974235043207,300,-0.0038332925293916,0.0806655557659336,300,0.0020547011923022,0.081566792899805,300,-0.0033333333333333,0.1292720377913878,300,0.0266666666666666,0.2297786244986185,300,0.0033333333333333,0.1917763003784489,300,0.0063814307891596,0.0683089120682772,300,-0.02,0.4622180058693438,300,0.0,0.1828792389898637,300,0.0,0.0,300,-0.0166666666666666,0.1282329958564094,300,0.01,0.3320655937136939,300,0.0166666666666666,0.1910774472783665,300,0.0,0.0,300,-0.0031111111111111,0.0546166669133098,5.0,6.0,280.0,9.0,0.0366666666666666,4,hierarchy_authority,True,social,0.4115234475135702,1,-0.2057617237567851,-0.1026237719935223,0.1026237719935223,0.2057617237567851,19,104,2,0,0,0,1,v1
libertarian_right,22,300,-9.57,49.55735604793235,300,-7.09,35.29401448112669,300,0.0020526949934012,0.0774587495952275,300,-0.0031332049717481,0.080181606152087,300,-0.0033333333333333,0.1292720377913877,300,-0.0033333333333333,0.2520595212041282,300,0.0133333333333333,0.2309401076758503,300,0.0063463506011477,0.0923162823127526,300,-0.0133333333333333,0.408712255646039,300,-0.0033333333333333,0.2084876797260389,300,0.0033333333333333,0.0577350269189625,300,0.0033333333333333,0.0577350269189625,300,0.01,0.3790941500233679,300,0.0033333333333333,0.2384219767952444,300,0.0,0.081786082010953,300,-0.0026829268292682,0.0513510250367852,6.0,10.0,272.0,12.0,0.0533333333333333,3,authority_civil_liberties,False,social,0.4616993969020112,-1,0.2176982515006493,0.166499878248249,-0.1401969843475359,-0.2440011454013619,5,35,1,0,1,0,0,v1
authoritarian_right,5,300,-30.676666666666662,82.08661785980158,300,-24.023333333333333,62.46804766293152,300,-0.0053505688696572,0.0863110826239458,300,0.0056856224753942,0.0862677046259263,300,-0.0166666666666666,0.1910774472783665,300,0.0033333333333333,0.2520595212041283,300,0.0166666666666666,0.1520942616833792,300,0.006329907079734,0.0529976339754488,300,-0.03,0.4355828755490418,300,-0.04,0.3726430950040273,300,0.0,0.0,300,-0.0133333333333333,0.1148893122493092,300,-0.0133333333333333,0.4087122556460389,300,-0.01,0.1915436326550751,300,0.0,0.0,300,-0.0095555555555555,0.0447689749414099,1.0,6.0,285.0,8.0,0.0233333333333333,1,war_international_law,True,social,0.4107146578260567,1,-0.2053573289130283,-0.1024961490528865,0.1024961490528865,0.2053573289130283,9,69,0,0,1,0,0,v1
libertarian_right,39,300,-15.643333333333333,43.48623880540091,300,-11.446666666666667,31.69377657840037,300,-0.0005819503684311,0.0647439506944588,300,0.0023345934906735,0.0692428970162356,300,0.0,0.163572164021906,300,0.01,0.2082736815380299,300,0.0133333333333333,0.1630260116991272,300,0.006257493678262,0.0764440775180995,300,0.0133333333333333,0.4168149123123784,300,-0.01,0.4871938623707944,300,0.0,0.0,300,-0.0266666666666666,0.2820533090025474,300,-0.0333333333333333,0.407565029247818,300,-0.0433333333333333,0.3677494906160763,300,-0.0033333333333333,0.0577350269189625,300,-0.0027642276422764,0.0520203679693663,2.0,6.0,280.0,12.0,0.0266666666666666,4,security_surveillance,True,social,0.5132974027497224,-1,0.243870968851016,0.1413789596115715,-0.1158234945638809,-0.2694264338987062,12,82,0,0,0,0,0,v1
libertarian_right,32,300,-15.593333333333334,54.11947598747995,300,-11.836666666666666,38.58192849305272,300,-0.0012200159010076,0.1226955702320443,300,0.0029382515031572,0.1217205760456209,300,0.0133333333333333,0.1148893122493092,300,0.0166666666666666,0.2768471963423703,300,0.0,0.3271443280438122,300,-0.0062131680693225,0.1258744993911116,300,-0.0233333333333333,0.4203703840124065,300,-0.0133333333333333,0.199888486191498,300,0.0,0.0,300,-0.04,0.2804678365835547,300,-0.0433333333333333,0.3677494906160763,300,-0.01,0.2771691585925757,300,0.0,0.081786082010953,300,-0.0071544715447154,0.0526295048580857,16.0,16.0,219.0,49.0,0.1066666666666666,3,family_discipline,False,social,0.5131562180020632,1,-0.2565781090010316,-0.153715370282877,0.153715370282877,0.2565781090010316,12,71,0,0,0,0,0,v1
libertarian_right,1,300,-20.933333333333334,52.79545519442159,300,-15.02,36.99190366086678,300,0.0029039074364232,0.076542848830521,300,-0.0041349682925893,0.0858729343621927,300,0.01,0.1289266209073801,300,0.0033333333333333,0.2384219767952444,300,0.0033333333333333,0.1734623480071185,300,-0.0061017252541858,0.0739685010806246,300,0.0133333333333333,0.440228986730863,300,-0.0033333333333333,0.1734623480071185,300,-0.0066666666666666,0.1415001644664615,300,-0.0566666666666666,0.4770192660219037,300,-0.0466666666666666,0.406249946402535,300,0.0,0.1416576493949656,300,-0.0033333333333333,0.0577350269189625,300,-0.0073983739837398,0.0500168919847794,4.0,5.0,280.0,11.0,0.03,1,nationalism,False,social,0.5117596845338225,1,-0.2558798422669112,-0.154086091976827,0.154086091976827,0.2558798422669112,12,61,1,0,0,1,2,v1
libertarian_right,50,300,-10.99,46.99793527095037,300,-8.13,32.31864398708398,300,0.0015890953171842,0.0591454027172349,300,0.0007887519588424,0.0647307119379396,300,0.01,0.152679523149955,300,-0.01,0.2237563175244601,300,0.0,0.1635721640219061,300,-0.0060121113528977,0.0576452829745815,300,0.0,0.4327712674146303,300,-0.0266666666666666,0.5540566923006762,300,-0.0033333333333333,0.0577350269189625,300,-0.0433333333333333,0.2614384358531854,300,-0.02,0.3559339309628999,300,0.0033333333333333,0.100111420647375,300,0.0,0.0,300,-0.0026829268292682,0.0568665222124262,4.0,4.0,284.0,8.0,0.0266666666666666,4,conformity_establishment,False,social,0.4101149133735415,1,-0.2050574566867707,-0.1024858711766312,0.1024858711766312,0.2050574566867707,11,71,0,0,0,0,0,v1
libertarian_right,17,300,-16.59,50.78081202152262,300,-12.766666666666667,36.56494961969992,300,-0.0066087891535805,0.0584754158798714,300,0.0068240392041999,0.0629115449401247,300,0.0166666666666666,0.1726893964541963,300,0.0233333333333333,0.1903760287693513,300,0.0066666666666666,0.0815130058495636,300,0.0057979788034177,0.0612820152843864,300,-0.0166666666666666,0.5266054181678167,300,0.0066666666666666,0.1827572788302571,300,0.0,0.0,300,0.0066666666666666,0.1154700538379251,300,-0.0366666666666666,0.4350706960838185,300,-0.01,0.1289266209073801,300,0.0,0.081786082010953,300,-0.0066666666666666,0.0539622154173152,0.0,2.0,289.0,9.0,0.0066666666666666,2,taxation_inequality,False,economic,1.0023483782388944,1,-0.5322601911075274,-0.2817261705460396,0.3438981745222003,0.4700881871313669,6,30,0,0,0,0,0,v1
authoritarian_left,59,300,-20.26333333333333,63.16952285409687,300,-16.98,45.53090317369849,300,-0.0001652944568441,0.1458775187390978,300,-0.0018429252303907,0.1516548740617609,300,0.0133333333333333,0.1630260116991272,300,0.0366666666666666,0.3401586619110744,300,0.0333333333333333,0.3549302379363594,300,0.0057933527619222,0.1322515280802909,300,0.0033333333333333,0.5140067106086501,300,0.0133333333333333,0.3369480705237149,300,-0.0033333333333333,0.0577350269189625,300,-0.0133333333333333,0.2159730773097216,300,-0.03,0.3599052272130134,300,0.0033333333333333,0.1734623480071186,300,0.0,0.0,300,0.0013178294573643,0.0526074037853399,14.0,24.0,211.0,51.0,0.1266666666666666,6,sexuality_privacy,True,social,0.5127044410478736,-1,0.2563522205239368,0.1541558724850859,-0.1541558724850859,-0.2563522205239368,16,88,0,1,0,0,0,v1
authoritarian_right,33,300,-33.03333333333333,87.30494104760993,300,-26.206666666666667,64.8872752073548,300,-0.002166303206195,0.0957889813129291,300,0.0022926054873613,0.0863803551183587,300,0.01,0.152679523149955,300,0.01,0.3218362865149387,300,0.0066666666666666,0.3469246960142368,300,0.0057844721872875,0.1322860689931549,300,-0.0066666666666666,0.4626037501516861,300,-0.0033333333333333,0.152971314191388,300,0.0,0.0,300,-0.0266666666666666,0.3048474955460372,300,-0.01,0.3610186257806309,300,-0.01,0.191543632655075,300,-0.0033333333333333,0.0577350269189625,300,-0.0032592592592592,0.048929186234423,17.0,19.0,226.0,38.0,0.12,3,race_culture,True,social,0.4612935639728195,-1,0.217706031679736,0.1666318299425114,-0.1407503293291638,-0.2435875322930834,12,77,1,1,0,0,1,v1
libertarian_left,48,300,-15.346666666666666,55.2132365820774,300,-12.833333333333334,40.48004862494381,300,0.0052588830380198,0.0907903390449873,300,-0.0059857790013761,0.1003567197621883,300,0.0033333333333333,0.1292720377913878,300,0.02,0.2304568677496433,300,-0.0066666666666666,0.2312295668757509,300,-0.0057771962262487,0.0972899816634025,300,0.09,0.464707625564209,300,0.03,0.3099789614179308,300,0.0,0.081786082010953,300,-0.1266666666666666,0.4373325447963091,300,-0.0233333333333333,0.3957832362829822,300,0.0033333333333333,0.1529713141913879,300,-0.01,0.0996649906832533,300,-0.0107142857142857,0.059100260892498,9.0,7.0,274.0,10.0,0.0533333333333333,4,gender_family,True,social,0.4619993252410632,1,-0.2309996626205316,-0.1284745085227307,0.1284745085227307,0.2309996626205316,12,67,0,0,1,1,2,v1
authoritarian_right,61,300,-31.613333333333333,99.0648439149253,300,-24.55333333333333,73.31104181314014,300,-0.0113794934649916,0.1001254100468773,300,0.0100909635150591,0.1246943044033553,300,0.0033333333333333,0.100111420647375,300,0.0366666666666666,0.2052542812109091,300,0.02,0.1817786518292771,300,0.0057649440109557,0.0601557019870407,300,-0.0133333333333333,0.4087122556460389,300,0.0033333333333333,0.2649961611804155,300,0.0,0.0,300,-0.02,0.1402339182917773,300,0.0033333333333333,0.3517593937991927,300,-0.0133333333333333,0.1630260116991272,300,-0.0033333333333333,0.100111420647375,300,-0.0047407407407407,0.0459130576586271,2.0,8.0,279.0,11.0,0.0333333333333333,6,sexual_morality,True,social,0.4107456076450476,1,-0.2053728038225238,-0.1023263224248381,0.1023263224248381,0.2053728038225238,9,47,0,0,0,0,0,v1
authoritarian_right,14,300,-29.856666666666666,75.13414617843273,300,-23.466666666666665,55.126084323106205,300,0.0048620384811344,0.1298812528818424,300,-0.0054324730129851,0.1490187689937168,300,0.0033333333333333,0.152971314191388,300,0.02,0.316121986530347,300,0.0033333333333333,0.4129859726442192,300,-0.0057517339079053,0.4103355980802628,300,0.0066666666666666,0.4697778122315973,300,0.01,0.2237563175244601,300,0.0,0.0,300,-0.02,0.2154562709281728,300,-0.0333333333333333,0.3733006833947206,300,0.0033333333333333,0.3004827034497389,300,0.0033333333333333,0.0577350269189625,300,-0.0098518518518518,0.0527697940984445,25.0,26.0,124.0,125.0,0.17,2,finance_inequality,False,economic,1.2511874581086335,-1,0.5943980251361615,0.3441774322351342,-0.2817860243988236,-0.6567894329724723,21,133,0,0,0,0,0,v1
authoritarian_left,19,300,-16.06,52.15525190240524,300,-12.183333333333334,39.71170845207787,300,-0.0042392990589684,0.0462036022592011,300,0.0036044775636361,0.0380393063663075,300,-0.0066666666666666,0.1154700538379251,300,-0.0033333333333333,0.152971314191388,300,0.01,0.1289266209073801,300,0.0057348365531148,0.0955353558256919,300,0.0233333333333333,0.3695639058275634,300,0.0,0.2453582460328592,300,0.0,0.0,300,0.0,0.0,300,0.0233333333333333,0.4041451884327379,300,0.0066666666666666,0.1634357970419516,300,0.0,0.081786082010953,300,-0.0011627906976744,0.056937087087305,1.0,4.0,286.0,9.0,0.0166666666666666,2,consumer_regulation,False,economic,0.8755520577753246,-1,0.4689684426397087,0.2190226218104331,-0.2814074493145257,-0.4065836151356159,8,63,0,0,1,0,0,v1
libertarian_left,61,300,-24.706666666666667,60.85066392315304,300,-19.456666666666667,43.563525163118754,300,-0.0073805812647822,0.0800525460495752,300,0.0065415933337749,0.0669477530666134,300,0.02,0.1993299813665066,300,0.0266666666666666,0.3647818180843246,300,-0.0166666666666666,0.3513788732942651,300,-0.0056832795338712,0.1267371807184227,300,0.02,0.4693979635240604,300,-0.0166666666666666,0.2233573757005163,300,0.0,0.0,300,-0.05,0.3073786026241425,300,-0.0333333333333333,0.439164099066151,300,-0.0333333333333333,0.2813409520966408,300,0.0,0.115662986393248,300,-0.0072222222222222,0.0620906446776838,21.0,16.0,206.0,57.0,0.1233333333333333,6,sexual_morality,True,social,0.4107456076450476,1,-0.2053728038225238,-0.1023263224248381,0.1023263224248381,0.2053728038225238,9,47,0,0,0,0,0,v1
libertarian_right,38,300,-13.753333333333334,49.79482138077581,300,-10.106666666666667,34.63216102816124,300,-0.0069600787533793,0.0872904256659063,300,0.0069816513454234,0.1052075387975416,300,-0.0066666666666666,0.1415001644664616,300,-0.0066666666666666,0.2312295668757509,300,0.0066666666666666,0.1154700538379251,300,0.0055910124370501,0.0510121697536778,300,0.0366666666666666,0.5127037213718896,300,-0.02,0.4165473630760598,300,0.0,0.0,300,-0.0266666666666666,0.2147306523665748,300,-0.0033333333333333,0.3219748149993544,300,0.0033333333333333,0.2891381881761061,300,0.0,0.0,300,-0.007560975609756,0.057020256401608,1.0,3.0,286.0,10.0,0.0133333333333333,3,media_public_funding,False,economic,0.7508538237224593,1,-0.3754269118612297,-0.2503964340672646,0.2503964340672646,0.3754269118612297,11,92,0,1,1,1,3,v1
authoritarian_right,40,300,-31.64,73.25890131631496,300,-23.98333333333333,53.23315651041586,300,-0.0009310592608161,0.0824565778752009,300,0.0008289071174101,0.0820392476934537,300,0.0066666666666666,0.1415001644664616,300,0.02,0.2445390175486907,300,0.0133333333333333,0.2309401076758503,300,0.0053808307864744,0.0955409303352131,300,-0.0633333333333333,0.4396588319564157,300,0.0066666666666666,0.4768439535904888,300,0.0,0.0,300,-0.01,0.0996649906832533,300,-0.07,0.3902233302759316,300,0.0,0.3564972664738741,300,0.0,0.115662986393248,300,-0.0111851851851851,0.0569972239716197,6.0,10.0,269.0,15.0,0.0533333333333333,4,democracy_state_power,True,social,0.5639643340616953,1,-0.2947997200114961,-0.1408907230107038,0.1665258289720007,0.2691646140501992,22,134,1,0,0,0,0,v1
authoritarian_right,29,300,-23.836666666666662,71.94444616044618,300,-18.223333333333333,53.90006970250909,300,0.0130837478401902,0.1088696948495767,300,-0.0134736927626745,0.1197987327640562,300,0.0166666666666666,0.1910774472783665,300,0.0233333333333333,0.2763635496844742,300,0.0133333333333333,0.2709247551727976,300,-0.0052292541628364,0.0936690240774735,300,-0.0066666666666666,0.4403809033351656,300,0.02,0.3366170476807401,300,-0.0033333333333333,0.0577350269189625,300,-0.0133333333333333,0.1410266545012737,300,-0.0033333333333333,0.4366054319783468,300,-0.0133333333333333,0.1998884861914978,300,0.0066666666666666,0.1154700538379251,300,-0.0068148148148148,0.0549733396591093,9.0,13.0,257.0,21.0,0.0733333333333333,3,drugs_personal_liberty,False,social,0.4104253525258263,-1,0.2182046607572217,0.063910719726584,-0.089894688715201,-0.1922206917686045,11,71,0,1,1,0,0,v1
authoritarian_left,44,300,-20.346666666666668,52.34756326856176,300,-15.526666666666667,37.84242927898089,300,0.0011548700667407,0.0922493993170249,300,-0.0011305347662848,0.0991073166497219,300,-0.01,0.1289266209073802,300,-0.0266666666666666,0.2936716403229785,300,-0.0133333333333333,0.4087122556460389,300,-0.0051576402562918,0.1719254117642061,300,-0.0566666666666666,0.5108739533481693,300,0.01,0.1732050807568877,300,0.0,0.0,300,-0.01,0.152679523149955,300,0.0366666666666666,0.3947678995781528,300,0.0,0.2313259727864961,300,0.0,0.115662986393248,300,-0.0046511627906976,0.0487521342569602,27.0,23.0,207.0,43.0,0.1666666666666666,4,culture_tradition,False,social,0.5128889380278736,1,-0.2564444690139368,-0.1538399618954807,0.1538399618954807,0.2564444690139368,14,80,1,0,0,0,0,v1
authoritarian_right,25,300,-25.466666666666665,72.78498748758186,300,-19.21,53.93120137365152,300,-0.0045638362474249,0.0997551431260635,300,0.0033056331767145,0.0899045750807615,300,0.0066666666666666,0.1154700538379251,300,0.0266666666666666,0.2820533090025473,300,0.0066666666666666,0.346924696014237,300,0.0051311093504783,0.1594050261655013,300,0.0,0.424972948184897,300,0.0033333333333333,0.1917763003784488,300,0.0,0.0,300,0.0133333333333333,0.1630260116991272,300,-0.01,0.3701667345551697,300,-0.0266666666666666,0.1985454352410864,300,0.0033333333333333,0.0577350269189625,300,-0.0091851851851851,0.0512891196251841,17.0,19.0,171.0,93.0,0.12,3,education_authority,False,social,0.5128571477353425,-1,0.2823584752358763,0.0765226192060978,-0.1283824219425081,-0.2304986724994661,7,56,0,1,1,0,0,v1
libertarian_left,59,300,-19.35,56.40804071102086,300,-14.503333333333334,39.85580181961598,300,0.0012439820773557,0.074968116681926,300,-0.0011645947607709,0.06938937870572,300,0.0166666666666666,0.1726893964541963,300,0.0266666666666666,0.2297786244986185,300,0.01,0.1732050807568877,300,0.0050523867742747,0.07040550510209,300,0.0366666666666666,0.3684763288262078,300,-0.0033333333333333,0.2649961611804155,300,0.0,0.0,300,-0.0066666666666666,0.0815130058495636,300,0.01,0.4209004521682669,300,0.0333333333333333,0.3149914617235702,300,0.0,0.0,300,-0.0022222222222222,0.0459862334566411,3.0,6.0,283.0,8.0,0.03,6,sexuality_privacy,True,social,0.5127044410478736,-1,0.2563522205239368,0.1541558724850859,-0.1541558724850859,-0.2563522205239368,16,88,0,1,0,0,0,v1
authoritarian_right,28,300,-18.186666666666667,57.42080620739528,300,-15.123333333333331,43.6722529126957,300,-0.0059597705641031,0.0749829973591243,300,0.0085993412488882,0.0771270218679932,300,-0.0033333333333333,0.1292720377913878,300,-0.01,0.2518825441619798,300,0.0,0.3372126548365878,300,-0.0049000798243503,0.1317083077555674,300,0.01,0.4661447949936431,300,0.0066666666666666,0.1827572788302571,300,0.0,0.0,300,-0.0166666666666666,0.2078450241625219,300,-0.0533333333333333,0.3618360216693199,300,0.0166666666666666,0.1520942616833792,300,0.0033333333333333,0.0577350269189625,300,-0.0075555555555555,0.0456419859689615,17.0,17.0,234.0,32.0,0.1133333333333333,3,family_privacy,False,social,0.4613410673836548,-1,0.2177882431016637,0.1152734946998537,-0.0895089135195258,-0.2435528242819911,12,66,0,0,0,0,0,v1
authoritarian_left,17,300,-18.086666666666662,54.03943025510672,300,-14.27,39.37968552575076,300,0.0057086062193628,0.1010592907767725,300,-0.0067544882549923,0.1104942551806941,300,0.0066666666666666,0.1154700538379252,300,0.0,0.2948839123097942,300,0.0066666666666666,0.3835526007568975,300,0.0047791769721554,0.3569178103101876,300,0.0033333333333333,0.4210063857135592,300,0.0033333333333333,0.1917763003784489,300,0.0,0.0,300,0.0,0.1156629863932481,300,0.0066666666666666,0.3835526007568978,300,-0.02,0.181778651829277,300,0.0,0.0,300,-0.0069767441860465,0.0599206072290559,21.0,23.0,190.0,66.0,0.1466666666666666,2,taxation_inequality,False,economic,1.0023483782388944,1,-0.5322601911075274,-0.2817261705460396,0.3438981745222003,0.4700881871313669,6,30,0,0,0,0,0,v1
libertarian_left,17,300,-24.78333333333333,69.34386510461987,300,-19.586666666666662,49.75628720013208,300,0.0038059910075571,0.1063084905940214,300,-0.0064838687029782,0.1095507174565692,300,0.0133333333333333,0.1998884861914978,300,0.03,0.395332297463868,300,0.0033333333333333,0.4872853842543559,300,-0.0046969847393173,0.3653710233684509,300,0.0066666666666666,0.517217493265669,300,0.01,0.2648278294745739,300,-0.0033333333333333,0.0577350269189625,300,-0.02,0.2304568677496433,300,0.01,0.5007352453674269,300,0.0133333333333333,0.3562470051117049,300,0.0033333333333333,0.0577350269189625,300,-0.0162698412698412,0.0690246413633044,35.0,36.0,119.0,110.0,0.2366666666666666,2,taxation_inequality,False,economic,1.0023483782388944,1,-0.5322601911075274,-0.2817261705460396,0.3438981745222003,0.4700881871313669,6,30,0,0,0,0,0,v1
authoritarian_right,41,300,-21.023333333333333,77.45061727282766,300,-16.92,57.56665701601928,300,-0.004362088780917,0.0990551534655297,300,0.0050305448558453,0.1019059375640646,300,0.01,0.1289266209073802,300,0.0266666666666666,0.2297786244986185,300,0.0166666666666666,0.3109843400474337,300,0.0046550004161078,0.1386917938236675,300,-0.0433333333333333,0.442086367969772,300,-0.0066666666666666,0.1634357970419517,300,0.0,0.0,300,-0.0033333333333333,0.100111420647375,300,-0.02,0.3830872653101503,300,-0.0233333333333333,0.2227576233294689,300,0.0,0.081786082010953,300,-0.0028888888888888,0.0502675446552407,12.0,17.0,237.0,34.0,0.0966666666666666,4,security_surveillance,True,social,0.5132909025097577,1,-0.2566454512548788,-0.1539016673079594,0.1539016673079594,0.2566454512548788,14,99,1,0,0,1,2,v1
authoritarian_right,56,300,-27.866666666666667,86.87912386048083,300,-22.536666666666665,65.10471618185035,300,0.0010170212731332,0.0805541964445971,300,-0.0016027504566967,0.1037422904667071,300,-0.0066666666666666,0.1827572788302571,300,0.0166666666666666,0.2768471963423703,300,0.0266666666666666,0.2572472404086811,300,0.0045667907393148,0.0903446088001323,300,-0.0366666666666666,0.4031509118779828,300,0.0266666666666666,0.2699353735777958,300,-0.0033333333333333,0.0577350269189625,300,-0.0133333333333333,0.1148893122493093,300,-0.0166666666666666,0.3961211035164108,300,-0.02,0.1402339182917773,300,0.0033333333333333,0.0577350269189625,300,-0.0108888888888888,0.0523760552775748,6.0,14.0,271.0,9.0,0.0666666666666666,6,sexual_morality,True,social,0.4623318433340745,1,-0.2182265602346296,-0.1665315822043416,0.1406528593395261,0.2441052830994448,6,40,0,0,1,0,0,v1
libertarian_left,25,300,-21.523333333333333,60.48518535736337,300,-16.55666666666667,42.64405202133372,300,0.0074664712476299,0.0831877369321863,300,-0.0091526209423526,0.0867010814657665,300,0.0,0.1416576493949657,300,-0.0033333333333333,0.2384219767952445,300,-0.0033333333333333,0.2773299995511827,300,-0.004545937229574,0.0993855123323239,300,0.0,0.4404315305588008,300,-0.0033333333333333,0.2520595212041283,300,0.0,0.0,300,-0.0266666666666666,0.2699353735777957,300,-0.02,0.4399756758250686,300,0.0233333333333333,0.3413364774799449,300,-0.0166666666666666,0.2515282165110434,300,-0.0044444444444444,0.0554130236932329,12.0,11.0,261.0,16.0,0.0766666666666666,3,education_authority,False,social,0.5128571477353425,-1,0.2823584752358763,0.0765226192060978,-0.1283824219425081,-0.2304986724994661,7,56,0,1,1,0,0,v1
libertarian_right,56,300,-27.16333333333333,66.34018432097817,300,-20.273333333333333,47.43069531871681,300,-0.0028344080154511,0.0856998630191002,300,0.0029836659515594,0.0929824629732512,300,0.0166666666666666,0.1910774472783665,300,0.0366666666666666,0.330180181207822,300,-0.0066666666666666,0.2585440755827756,300,-0.0043827091041396,0.1046854790680341,300,-0.0566666666666666,0.4770192660219038,300,-0.02,0.1993299813665068,300,-0.0033333333333333,0.0577350269189625,300,-0.0066666666666666,0.1634357970419516,300,0.0,0.424972948184897,300,-0.0033333333333333,0.0577350269189625,300,0.0033333333333333,0.0577350269189625,300,-0.0069918699186991,0.0512342061254394,11.0,9.0,240.0,40.0,0.0666666666666666,6,sexual_morality,True,social,0.4623318433340745,1,-0.2182265602346296,-0.1665315822043416,0.1406528593395261,0.2441052830994448,6,40,0,0,1,0,0,v1
libertarian_left,56,300,-20.21333333333333,65.26586601312893,300,-15.46,46.31297195427495,300,-6.612898029263991e-06,0.1146696208481804,300,-0.0001089676500705,0.132153765351501,300,0.0166666666666666,0.1520942616833793,300,0.0366666666666666,0.3198905888764595,300,0.0166666666666666,0.2768471963423705,300,0.0043404475498632,0.1154229831405907,300,0.02,0.4323073352454519,300,0.0,0.2003341689882534,300,-0.0066666666666666,0.0815130058495636,300,-0.0566666666666666,0.3923885635927097,300,-0.0666666666666666,0.4997212154787446,300,-0.01,0.0996649906832533,300,0.0,0.0,300,-0.0049999999999999,0.0569688982935826,9.0,14.0,250.0,27.0,0.0766666666666666,6,sexual_morality,True,social,0.4623318433340745,1,-0.2182265602346296,-0.1665315822043416,0.1406528593395261,0.2441052830994448,6,40,0,0,1,0,0,v1
libertarian_left,49,300,-19.716666666666665,58.800578929949445,300,-15.93,42.61680898456331,300,-0.0027045167990604,0.1403745987680587,300,-0.0004112957142452,0.1636267750413697,300,-0.0066666666666666,0.2162825683841512,300,0.01,0.332065593713694,300,0.0033333333333333,0.3517593937991925,300,0.0042824731881913,0.1169058342691097,300,-0.0133333333333333,0.4836686262538605,300,-0.0066666666666666,0.27117153654035,300,0.0,0.0,300,-0.0266666666666666,0.315627880187086,300,0.0133333333333333,0.3833781661534287,300,-0.0066666666666666,0.2585440755827757,300,-0.0266666666666666,0.1809180108346599,300,-0.0066666666666666,0.0625634162833056,18.0,19.0,226.0,37.0,0.1233333333333333,4,climate_growth,False,social,0.4606746295395085,-1,0.2303373147697542,0.1285747338780632,-0.1285747338780632,-0.2303373147697542,26,164,1,0,1,1,2,v1
libertarian_right,12,300,-13.48,49.7831041438155,300,-10.456666666666669,35.846310579511034,300,-0.0002245908411807,0.1357636128492488,300,-0.0028821993946179,0.1429259191272459,300,0.0066666666666666,0.1154700538379252,300,0.0133333333333333,0.3268715940839033,300,0.0066666666666666,0.3835526007568976,300,0.0042222423612307,0.3568311294514087,300,-0.04,0.4958692243176805,300,0.0033333333333333,0.208487679726039,300,0.0,0.0,300,0.0,0.1416576493949656,300,-0.0366666666666666,0.3774437284098677,300,-0.0166666666666666,0.2768471963423705,300,0.0,0.1416576493949657,300,-0.0123577235772357,0.0572086553634302,21.0,23.0,187.0,69.0,0.1466666666666666,2,commodification,False,economic,1.2517030857192872,-1,0.6258515428596436,0.3749836646395989,-0.3749836646395989,-0.6258515428596436,22,122,0,0,0,0,1,v1
authoritarian_left,45,300,-23.313333333333333,62.626154864662325,300,-17.76,45.306932439642175,300,0.0044935264297196,0.1266496092069888,300,-0.0024398250342321,0.143290135575268,300,0.0,0.1416576493949657,300,0.0233333333333333,0.2882113370513124,300,-0.0133333333333333,0.3467318350546379,300,-0.0041054533498409,0.1343048461463805,300,-0.0466666666666666,0.4884850194937282,300,0.01,0.3218362865149387,300,0.0,0.0,300,0.0066666666666666,0.0815130058495636,300,0.0,0.4327712674146305,300,0.0033333333333333,0.1734623480071184,300,-0.0066666666666666,0.1154700538379251,300,0.0033333333333333,0.0492107233948564,20.0,16.0,220.0,44.0,0.12,4,punishment_justice,True,social,0.4618695321064948,1,-0.2309347660532474,-0.1282379658847865,0.1282379658847865,0.2309347660532474,10,77,0,0,1,0,1,v1
libertarian_left,58,300,-31.67333333333333,67.68360355005208,300,-24.43,49.42571636432891,300,-0.0063067781376831,0.0953588195483282,300,0.0060439484718466,0.100150621049215,300,0.0133333333333333,0.1998884861914979,300,0.0333333333333333,0.2691909510290828,300,0.0133333333333333,0.2159730773097216,300,0.0040742867439049,0.0781177460298219,300,-0.0666666666666666,0.5129319834256378,300,-0.0266666666666666,0.3260520233982544,300,-0.0033333333333333,0.0577350269189625,300,-0.01,0.1289266209073801,300,-0.0633333333333333,0.4319848669879276,300,-0.0033333333333333,0.2384219767952444,300,-0.01,0.1289266209073801,300,-0.0111111111111111,0.0590427553922395,5.0,9.0,272.0,14.0,0.0466666666666666,6,sexuality_expression,True,social,0.4629929933556577,-1,0.2314964966778288,0.1277766585763877,-0.1277766585763877,-0.2314964966778288,11,83,0,0,1,0,2,v1
libertarian_left,21,300,-26.386666666666667,67.66564332444192,300,-20.273333333333333,48.27740307550318,300,-0.0031317694823154,0.1366438787513486,300,0.0020372247782843,0.1531997344468093,300,0.01,0.1915436326550751,300,0.0333333333333333,0.3733006833947206,300,0.0066666666666666,0.3166857355051909,300,-0.0040229362350454,0.1162385731916985,300,-0.03,0.4506776762753804,300,0.0033333333333333,0.2520595212041283,300,-0.01,0.0996649906832533,300,0.0133333333333333,0.336948070523715,300,0.0033333333333333,0.4516660598876161,300,-0.0166666666666666,0.1726893964541963,300,0.0,0.115662986393248,300,-0.0039682539682539,0.0579570300668746,14.0,16.0,251.0,19.0,0.1,3,abortion,True,social,0.4104633392560614,1,-0.2052316696280307,-0.1023753595936063,0.1023753595936063,0.2052316696280307,13,76,1,1,1,0,2,v1
libertarian_right,13,300,-17.69333333333333,51.51399415889723,300,-13.923333333333334,36.82159995118955,300,-0.0054968069972314,0.1306697565157613,300,0.0053380489384874,0.1535411959028777,300,-0.0133333333333333,0.1148893122493093,300,0.0066666666666666,0.3059426283827761,300,0.0,0.3167561335799752,300,-0.003989419763648,0.3262471131614054,300,0.0133333333333333,0.447761682113136,300,0.02,0.1817786518292772,300,0.0,0.0,300,0.0166666666666666,0.1726893964541963,300,-0.02,0.4001671891400068,300,0.0,0.3271443280438123,300,0.0066666666666666,0.0815130058495636,300,-0.0078048780487804,0.0591290678092843,15.0,15.0,219.0,51.0,0.1,2,markets_property,False,economic,1.1273100422920703,-1,0.5951331912274722,0.3441817904773077,-0.4071381306401817,-0.5321768510645983,11,52,0,0,0,0,0,v1
authoritarian_right,21,300,-33.24666666666667,101.11051847050068,300,-26.473333333333333,75.66226635995409,300,0.0017616851461656,0.0716808261001323,300,-0.002256718569987,0.0801847567071617,300,0.0166666666666666,0.1282329958564094,300,0.03,0.2502841194886872,300,0.02,0.1993299813665066,300,0.0039668440822974,0.0681711482557608,300,-0.0633333333333333,0.3998187995377007,300,-0.0033333333333333,0.3421194351615718,300,0.0,0.0,300,-0.01,0.0996649906832533,300,-0.04,0.4150996173302166,300,-0.0033333333333333,0.1734623480071185,300,-0.0033333333333333,0.100111420647375,300,-0.0086666666666666,0.05877157495094,3.0,9.0,278.0,10.0,0.04,3,abortion,True,social,0.4104633392560614,1,-0.2052316696280307,-0.1023753595936063,0.1023753595936063,0.2052316696280307,13,76,1,1,1,0,2,v1
libertarian_left,31,300,-33.46333333333333,74.62115234175624,300,-26.14666666666667,54.93558242411266,300,-0.0033662271222611,0.0932949237520662,300,0.0002328418748686,0.1043048770730692,300,0.0133333333333333,0.1630260116991272,300,0.0166666666666666,0.3215590505108515,300,0.0133333333333333,0.2582852294552246,300,0.0038990986034722,0.1314826601893193,300,0.0133333333333333,0.4905347115475099,300,0.0066666666666666,0.1827572788302571,300,0.0,0.0,300,-0.0433333333333333,0.5619979488729001,300,-0.0766666666666666,0.4598846251511244,300,0.0233333333333333,0.2072003753391657,300,0.0033333333333333,0.0577350269189625,300,-0.0188888888888888,0.061009281915922,8.0,12.0,258.0,22.0,0.0666666666666666,3,disability_eugenics,True,social,0.5648712533126834,1,-0.2824356266563417,-0.1799160768022441,0.1799160768022441,0.2824356266563417,11,80,0,1,1,0,0,v1
libertarian_left,39,300,-19.68,52.17110003564967,300,-13.693333333333332,35.78203182549531,300,-0.0022150852805747,0.0831911723970742,300,0.0015512270462433,0.0775100013160973,300,-0.0033333333333333,0.1917763003784489,300,-0.0033333333333333,0.2384219767952444,300,0.0066666666666666,0.1827572788302571,300,0.0038177060109283,0.0863093862350063,300,-0.02,0.3917203288744557,300,-0.0133333333333333,0.4087122556460389,300,0.0,0.0,300,-0.04,0.3246814749884398,300,-0.0233333333333333,0.4359921859117922,300,-0.0366666666666666,0.4719441986552755,300,-0.0033333333333333,0.0577350269189625,300,-0.0103968253968253,0.0567024734714385,4.0,6.0,274.0,16.0,0.0333333333333333,4,security_surveillance,True,social,0.5132974027497224,-1,0.243870968851016,0.1413789596115715,-0.1158234945638809,-0.2694264338987062,12,82,0,0,0,0,0,v1
authoritarian_right,47,300,-22.15,69.78999195148704,300,-17.42,50.774769232714895,300,-0.0083310342306883,0.0967898745853379,300,0.0083190219848513,0.1028021827938226,300,-0.0033333333333333,0.100111420647375,300,0.0033333333333333,0.1917763003784489,300,0.01,0.1289266209073801,300,0.0037972580404598,0.043242095814435,300,-0.0266666666666666,0.4899889653616119,300,0.0233333333333333,0.1719129696075503,300,0.0,0.0,300,-0.0033333333333333,0.0577350269189625,300,0.0033333333333333,0.3517593937991926,300,0.0333333333333333,0.3041885233667585,300,0.0033333333333333,0.0577350269189625,300,-0.0038518518518518,0.0425261735804353,1.0,4.0,285.0,10.0,0.0166666666666666,4,status_culture,False,social,0.3579524589016072,1,-0.1789762294508036,-0.0767377658528802,0.0767377658528802,0.1789762294508036,14,90,0,0,0,0,0,v1
libertarian_left,7,300,-22.08,59.09699752996641,300,-17.06,42.37927650306311,300,-0.0057636499120716,0.0710549538645858,300,0.003710798818576,0.0747083098240064,300,0.02,0.2154562709281729,300,0.01,0.2771691585925757,300,-0.0066666666666666,0.1415001644664616,300,-0.0035999664445589,0.1419169532385705,300,0.0033333333333333,0.3879310814678102,300,0.0,0.1635721640219061,300,0.0,0.0,300,0.0033333333333333,0.0577350269189625,300,-0.0433333333333333,0.3855095514637584,300,-0.0033333333333333,0.2084876797260389,300,0.02,0.3366170476807402,300,-0.0112698412698412,0.0632911430484351,4.0,2.0,282.0,12.0,0.02,2,class_nationality,False,economic,1.1262983257167811,-1,0.5631491628583906,0.3128270695863424,-0.3128270695863424,-0.5631491628583906,10,64,1,0,0,0,0,v1
libertarian_right,58,300,-23.32333333333333,64.81637651424995,300,-17.596666666666668,44.10591526572121,300,8.141212693241026e-05,0.0455910112622342,300,-0.0020099213133983,0.0586963110496252,300,0.01,0.0996649906832533,300,0.0133333333333333,0.1823909090421623,300,0.0,0.1416576493949656,300,0.003526262311388,0.0559010660903785,300,-0.0566666666666666,0.5173791254199281,300,0.0066666666666666,0.1415001644664615,300,0.0,0.0,300,0.0,0.0,300,-0.01,0.4046965087742255,300,0.0,0.1635721640219062,300,0.0,0.0,300,-0.0015447154471544,0.0535590120831795,3.0,3.0,286.0,8.0,0.02,6,sexuality_expression,True,social,0.4629929933556577,-1,0.2314964966778288,0.1277766585763877,-0.1277766585763877,-0.2314964966778288,11,83,0,0,1,0,2,v1
authoritarian_left,29,300,-23.626666666666665,64.22291307705191,300,-19.17,46.27980662958996,300,-0.0232774872995495,0.1230218207635388,300,0.0221213918961945,0.1285678683488358,300,0.01,0.1732050807568877,300,0.0366666666666666,0.3862029664912535,300,0.0066666666666666,0.4479110438837146,300,-0.0032446204427811,0.1206949007491187,300,0.0366666666666666,0.4859107459871357,300,-0.0033333333333333,0.2773299995511828,300,-0.0066666666666666,0.0815130058495636,300,-0.0066666666666666,0.1154700538379251,300,0.0,0.3564972664738743,300,-0.0166666666666666,0.2644908446656115,300,0.0,0.1828792389898638,300,-0.0094573643410852,0.0606316125468932,29.0,31.0,147.0,93.0,0.2,3,drugs_personal_liberty,False,social,0.4104253525258263,-1,0.2182046607572217,0.063910719726584,-0.089894688715201,-0.1922206917686045,11,71,0,1,1,0,0,v1
authoritarian_left,15,300,-23.72,61.81222184350575,300,-17.4,43.51142547834064,300,0.0019430260332148,0.0571967714854834,300,-0.0022207833368362,0.0495860838087647,300,0.0066666666666666,0.1154700538379251,300,0.0166666666666666,0.2515282165110433,300,-0.0033333333333333,0.2084876797260389,300,0.0031484053011765,0.1950673641493287,300,-0.02,0.4475126350489202,300,-0.02,0.2304568677496432,300,0.0,0.0,300,-0.0133333333333333,0.1148893122493092,300,-0.0033333333333333,0.3964586828151039,300,-0.0166666666666666,0.2378602120795404,300,-0.0033333333333333,0.0577350269189625,300,-0.0127906976744186,0.0562016621384081,7.0,6.0,265.0,22.0,0.0433333333333333,2,trade_protectionism,False,economic,1.126856500617869,-1,0.5948674955439203,0.3440422655802017,-0.4069207560501731,-0.5319890050739486,6,46,0,0,1,0,0,v1
authoritarian_right,52,300,-29.016666666666666,95.4141985582365,300,-21.58,69.95242243612634,300,0.0004612712512949,0.1132582650054872,300,-0.0035240502360831,0.1098935731629354,300,0.0066666666666666,0.2002228412947501,300,0.0366666666666666,0.3092588327615328,300,-0.0066666666666666,0.3656975131525719,300,-0.0029756390492098,0.1117504318827702,300,-0.0233333333333333,0.4584278305341523,300,0.0133333333333333,0.2159730773097217,300,0.0,0.0,300,-0.02,0.1402339182917774,300,-0.0533333333333333,0.3798726536602563,300,0.0,0.1635721640219061,300,0.0,0.0,300,-0.0045185185185185,0.0555829983007189,21.0,19.0,201.0,59.0,0.1333333333333333,5,religion_morality,True,social,0.4104852657007097,1,-0.2052426328503548,-0.1028993893658061,0.1028993893658061,0.2052426328503548,7,44,1,1,0,0,0,v1
authoritarian_right,16,300,-23.956666666666667,78.3252893946227,300,-18.796666666666667,57.2402843815071,300,-0.0102313071195101,0.0775137300910262,300,0.0096171845525039,0.066513762592667,300,-0.0066666666666666,0.1415001644664615,300,0.02,0.2578532418147603,300,0.0,0.2833152987899314,300,0.0028812952944761,0.2532979003600168,300,0.0,0.4170288281141495,300,-0.0266666666666666,0.2699353735777957,300,0.0066666666666666,0.0815130058495636,300,-0.0066666666666666,0.0815130058495636,300,-0.0066666666666666,0.3921754208999877,300,0.01,0.2382348690742171,300,-0.0033333333333333,0.0577350269189625,300,-0.0107407407407407,0.0580867686977352,12.0,12.0,252.0,24.0,0.08,2,corporate_responsibility,False,economic,1.1256829106130049,1,-0.5628414553065024,-0.3128880887498754,0.3128880887498754,0.5628414553065024,16,94,1,0,1,0,0,v1
authoritarian_left,18,300,-23.57,76.43909263553006,300,-18.79,58.01267794780369,300,0.0081551043294858,0.0607778570127561,300,-0.0076261150696009,0.0556732975915775,300,0.01,0.0996649906832533,300,0.0133333333333333,0.2830003289329231,300,0.0033333333333333,0.3219748149993544,300,0.002789473995294,0.3000060162107674,300,0.0233333333333333,0.387240760912289,300,-0.0166666666666666,0.2515282165110434,300,0.0,0.0,300,-0.0533333333333333,0.4054258534319095,300,0.0133333333333333,0.3833781661534288,300,-0.0133333333333333,0.1148893122493093,300,0.0,0.0,300,-0.0049612403100775,0.0516060939849169,15.0,16.0,246.0,23.0,0.1033333333333333,2,healthcare_inequality,False,economic,1.0007106619167392,1,-0.5003553309583696,-0.2506864119449827,0.2506864119449827,0.5003553309583696,15,85,0,0,1,0,0,v1
authoritarian_right,35,300,-19.73333333333333,68.59211677616463,300,-13.903333333333334,50.05201965081904,300,0.000842387894975,0.1180264457312443,300,0.0010480480826741,0.1254848230564231,300,0.0066666666666666,0.1415001644664616,300,0.0266666666666666,0.2699353735777957,300,0.0033333333333333,0.4048066827390446,300,0.002744671201398,0.135121901699906,300,0.0533333333333333,0.4054258534319095,300,-0.0033333333333333,0.2084876797260389,300,-0.0033333333333333,0.0577350269189625,300,0.0033333333333333,0.0577350269189625,300,-0.0033333333333333,0.4129859726442193,300,0.0,0.2003341689882533,300,0.0,0.0,300,-0.0056296296296296,0.0479609697673803,24.0,25.0,214.0,37.0,0.1633333333333333,3,psychology_conformity,False,social,0.4105111136492023,1,-0.2052555568246011,-0.1024590091101775,0.1024590091101775,0.2052555568246011,20,101,0,1,0,1,3,v1
libertarian_left,42,300,-18.73,68.64286739456006,300,-14.88,50.99497253730279,300,0.0018248303751957,0.1146917728541045,300,-0.0035287038877347,0.1250761441827554,300,0.0033333333333333,0.152971314191388,300,0.01,0.2518825441619798,300,0.0066666666666666,0.27117153654035,300,-0.0027295592600146,0.1218312288115905,300,0.0033333333333333,0.4803728577857132,300,0.0033333333333333,0.2520595212041283,300,-0.0066666666666666,0.0815130058495636,300,0.0133333333333333,0.4551697344721938,300,-0.01,0.4589139425741641,300,0.01,0.332065593713694,300,0.0233333333333333,0.2227576233294687,300,-0.0064285714285714,0.052848863504788,10.0,12.0,265.0,13.0,0.0733333333333333,4,punishment_justice,True,social,0.5122411510500507,1,-0.2561205755250254,-0.1536405536639065,0.1536405536639065,0.2561205755250254,12,66,0,0,1,0,0,v1
authoritarian_left,22,300,-18.40333333333333,57.86636076266827,300,-13.626666666666669,41.59271332289778,300,-0.0119120380572974,0.1067840584670122,300,0.0116303346858245,0.1080618852365452,300,0.0033333333333333,0.1292720377913878,300,0.0166666666666666,0.3000371586054561,300,0.0,0.3372126548365877,300,-0.0027147885068309,0.1264075609142954,300,0.0033333333333333,0.4288768354927747,300,0.01,0.1915436326550751,300,-0.0033333333333333,0.0577350269189625,300,-0.0433333333333333,0.3393711805918064,300,-0.01,0.3610186257806306,300,-0.0133333333333333,0.2830003289329231,300,-0.0033333333333333,0.0577350269189625,300,-0.0047286821705426,0.0493897685757892,17.0,17.0,257.0,9.0,0.1133333333333333,3,authority_civil_liberties,False,social,0.4616993969020112,-1,0.2176982515006493,0.166499878248249,-0.1401969843475359,-0.2440011454013619,5,35,1,0,1,0,0,v1
authoritarian_right,55,300,-28.066666666666663,71.86597211975881,300,-22.046666666666667,53.19225390166649,300,-0.0061971177227171,0.1211165243479959,300,0.0046264880736729,0.124714312419346,300,0.0,0.115662986393248,300,0.02,0.2705129526013193,300,-0.01,0.3516325993844041,300,0.0026808122689082,0.109940915035713,300,0.0333333333333333,0.4156900483250436,300,0.0133333333333333,0.2309401076758503,300,0.0,0.0,300,-0.0033333333333333,0.0577350269189625,300,-0.0033333333333333,0.4366054319783468,300,-0.01,0.1526795231499551,300,0.0133333333333333,0.199888486191498,300,-0.0095555555555555,0.054758760228024,20.0,17.0,209.0,54.0,0.1233333333333333,5,religion_education,True,social,0.410186055793005,1,-0.2050930278965025,-0.1026013034106898,0.1026013034106898,0.2050930278965025,11,65,0,0,0,0,0,v1
libertarian_left,6,300,-19.363333333333333,63.442054689559015,300,-14.526666666666667,44.74785496500124,300,-0.0025603202743571,0.0981658804302436,300,0.0012421328124195,0.095026573403231,300,0.02,0.1817786518292772,300,0.0233333333333333,0.2995909511577537,300,-0.0066666666666666,0.2832365891624116,300,-0.002675358505719,0.1139632673078929,300,0.0466666666666666,0.5215960413224969,300,0.02,0.2445390175486908,300,0.0,0.0,300,-0.02,0.3366170476807401,300,0.0,0.3657584779797275,300,0.0233333333333333,0.2639845608809359,300,-0.0033333333333333,0.1917763003784489,300,-0.0098412698412698,0.0578764994466537,13.0,11.0,260.0,16.0,0.08,1,media_information,False,social,0.4622518323224769,-1,0.2311259161612384,0.1283939375304129,-0.1283939375304129,-0.2311259161612384,10,64,0,0,0,0,0,v1
authoritarian_left,25,300,-13.563333333333333,55.40232287689822,300,-11.193333333333332,39.80978126671763,300,0.0071740175902544,0.1108023017870515,300,-0.007951113641397,0.1134000543902993,300,-0.0066666666666666,0.1154700538379252,300,0.01,0.2889839194239339,300,0.0,0.3657584779797275,300,-0.0026471351258529,0.1738569149513484,300,-0.0066666666666666,0.4838069028925803,300,0.0033333333333333,0.2649961611804155,300,0.0,0.0,300,-0.03,0.29899497204976,300,0.01,0.3419890666953117,300,0.03,0.2219554325688442,300,0.0,0.1416576493949656,300,-0.0001550387596899,0.0500336174099897,20.0,20.0,171.0,89.0,0.1333333333333333,3,education_authority,False,social,0.5128571477353425,-1,0.2823584752358763,0.0765226192060978,-0.1283824219425081,-0.2304986724994661,7,56,0,1,1,0,0,v1
libertarian_left,57,300,-18.596666666666668,53.24318527426197,300,-14.543333333333331,36.92858681250591,300,0.00106407181711,0.0597108786354714,300,-0.0035523527041357,0.0680510297797053,300,0.01,0.1732050807568878,300,0.0166666666666666,0.1910774472783665,300,0.0033333333333333,0.1001114206473751,300,0.0025997352321344,0.0341540946366977,300,0.0233333333333333,0.3957832362829823,300,-0.01,0.1732050807568877,300,0.0,0.0,300,-0.01,0.152679523149955,300,-0.0466666666666666,0.3894368915891994,300,0.0133333333333333,0.199888486191498,300,0.0033333333333333,0.0577350269189625,300,0.0003968253968253,0.0551277906599607,1.0,2.0,284.0,13.0,0.01,6,lgbt_family,True,social,0.4618926606302363,-1,0.2180085981091523,0.1665427127731495,-0.1406672483612178,-0.2438840625210839,19,113,0,1,1,0,1,v1
authoritarian_left,13,300,-17.72,61.39543630158685,300,-14.113333333333332,44.87143085056994,300,-0.0034388396977237,0.0725651273649726,300,0.0041611948375619,0.066717936766524,300,-0.01,0.0996649906832533,300,-0.0066666666666666,0.1415001644664615,300,0.0033333333333333,0.100111420647375,300,0.0025618008642132,0.1051095790184291,300,0.03,0.4355828755490416,300,0.0,0.1635721640219061,300,0.0,0.0,300,-0.0066666666666666,0.1634357970419516,300,0.0366666666666666,0.3774437284098677,300,-0.0233333333333333,0.2372971174753201,300,0.0,0.0,300,-0.0076744186046511,0.0559448893244869,1.0,2.0,287.0,10.0,0.01,2,markets_property,False,economic,1.1273100422920703,-1,0.5951331912274722,0.3441817904773077,-0.4071381306401817,-0.5321768510645983,11,52,0,0,0,0,0,v1
libertarian_left,23,300,-16.233333333333334,64.71030547244136,300,-12.773333333333332,45.85999439426146,300,0.0065983293702211,0.106904280727799,300,-0.0055386072379444,0.1129787645884839,300,0.0133333333333333,0.1410266545012737,300,0.0233333333333333,0.2763635496844742,300,0.0066666666666666,0.245267355773755,300,-0.0023844060222244,0.0733094705089013,300,-0.02,0.4622180058693437,300,0.01,0.3003342619421251,300,-0.0033333333333333,0.0577350269189625,300,-0.06,0.4730884790714105,300,-0.03,0.4506776762753804,300,-0.0033333333333333,0.3517593937991926,300,0.0066666666666666,0.1154700538379251,300,-0.0044444444444444,0.0607033420380227,8.0,10.0,271.0,11.0,0.06,3,punishment_justice,True,social,0.3596187178817474,1,-0.1669760268080711,-0.1152757727821722,0.089609108516567,0.1926426910736762,11,42,0,0,0,0,0,v1
libertarian_left,50,300,-21.82333333333333,56.22737037677627,300,-16.483333333333334,40.35738823113248,300,-0.0003726867455596,0.0761664284188366,300,0.0031581463350638,0.084968253712383,300,0.0133333333333333,0.1148893122493092,300,0.01,0.2237563175244601,300,0.0266666666666666,0.1613764649311286,300,0.0023190639598266,0.0633986381974617,300,0.0166666666666666,0.4044760708147783,300,0.0366666666666666,0.5624738319194973,300,-0.0033333333333333,0.100111420647375,300,-0.0133333333333333,0.294581312012227,300,-0.03,0.4431945449599694,300,0.0033333333333333,0.152971314191388,300,-0.0066666666666666,0.1154700538379251,300,-0.0143650793650793,0.0659466249769596,0.0,8.0,287.0,5.0,0.0266666666666666,4,conformity_establishment,False,social,0.4101149133735415,1,-0.2050574566867707,-0.1024858711766312,0.1024858711766312,0.2050574566867707,11,71,0,0,0,0,0,v1
libertarian_right,57,300,-19.07333333333333,65.4757834338504,300,-14.89,47.66540888331262,300,-0.005555946997679,0.0713039133356971,300,0.0063213999952198,0.0879561288971504,300,0.01,0.1732050807568877,300,0.01,0.2237563175244601,300,0.0033333333333333,0.1529713141913879,300,0.0021840745950626,0.0583032319625352,300,0.0133333333333333,0.4767036572248991,300,-0.01,0.1915436326550751,300,0.0,0.0,300,-0.0166666666666666,0.1520942616833792,300,0.0266666666666666,0.476142058376214,300,0.0033333333333333,0.1734623480071185,300,0.0,0.0,300,-0.0103252032520325,0.0522700896055938,3.0,4.0,279.0,14.0,0.0233333333333333,6,lgbt_family,True,social,0.4618926606302363,-1,0.2180085981091523,0.1665427127731495,-0.1406672483612178,-0.2438840625210839,19,113,0,1,1,0,1,v1
libertarian_right,29,300,-22.42333333333333,58.33799672393137,300,-16.13,39.99272216400073,300,0.0007075149904287,0.0812234323515952,300,-0.0020728566728181,0.0838951752741188,300,0.0133333333333333,0.1630260116991272,300,0.02,0.1993299813665067,300,0.0066666666666666,0.1154700538379252,300,0.0020305777835137,0.0419669241318158,300,-0.0566666666666666,0.5108739533481695,300,-0.0066666666666666,0.1154700538379251,300,0.0,0.0,300,-0.0133333333333333,0.1148893122493092,300,-0.0266666666666666,0.3997769723829958,300,0.0033333333333333,0.2773299995511829,300,-0.0033333333333333,0.0577350269189625,300,-0.0017073170731707,0.0530313965551554,1.0,3.0,289.0,7.0,0.0133333333333333,3,drugs_personal_liberty,False,social,0.4104253525258263,-1,0.2182046607572217,0.063910719726584,-0.089894688715201,-0.1922206917686045,11,71,0,1,1,0,0,v1
authoritarian_right,38,300,-23.093333333333334,74.4953453387931,300,-18.82,55.53474551905519,300,-0.0019196023490747,0.0994272104807224,300,-0.0006894536122279,0.1100318644828466,300,0.01,0.1289266209073802,300,0.0233333333333333,0.2227576233294688,300,-0.0033333333333333,0.2520595212041283,300,-0.0019210592353428,0.1689977121322316,300,-0.01,0.5073704259846837,300,-0.01,0.2771691585925757,300,0.0,0.0,300,-0.0366666666666666,0.1882560935128119,300,0.0166666666666666,0.3699257209480736,300,0.0233333333333333,0.2995909511577537,300,0.0,0.081786082010953,300,-0.0045925925925925,0.0541164277083347,10.0,9.0,267.0,14.0,0.0633333333333333,3,media_public_funding,False,economic,0.7508538237224593,1,-0.3754269118612297,-0.2503964340672646,0.2503964340672646,0.3754269118612297,11,92,0,1,1,1,3,v1
libertarian_right,43,300,-12.476666666666668,46.312116802892646,300,-9.896666666666668,32.735066889138075,300,-0.0072340858883024,0.0609668929853267,300,0.0059463977116424,0.0574846116994517,300,-0.01,0.1732050807568878,300,-0.0066666666666666,0.2312295668757509,300,-0.0033333333333333,0.1917763003784488,300,-0.001711946182962,0.0764945438456708,300,0.04,0.4821912081363712,300,-0.0133333333333333,0.1823909090421623,300,0.0,0.0,300,-0.0133333333333333,0.2159730773097216,300,0.0,0.3372126548365878,300,0.0,0.081786082010953,300,0.0,0.0,300,-0.0010569105691056,0.0563581068531886,6.0,5.0,277.0,12.0,0.0366666666666666,4,hierarchy_authority,True,social,0.4115234475135702,1,-0.2057617237567851,-0.1026237719935223,0.1026237719935223,0.2057617237567851,19,104,2,0,0,0,1,v1
libertarian_right,25,300,-17.14,50.07479756494847,300,-12.88,35.48468415196264,300,-0.0056233322982546,0.0408752532761381,300,0.0078619640420193,0.060441262378296,300,0.01,0.152679523149955,300,0.01,0.2082736815380299,300,0.0033333333333333,0.1292720377913878,300,0.0016710867269314,0.0442678558952484,300,-0.0133333333333333,0.4325651367683025,300,-0.01,0.0996649906832533,300,0.0,0.0,300,-0.0233333333333333,0.2227576233294688,300,0.0033333333333333,0.3702871825318562,300,0.0166666666666666,0.2515282165110433,300,-0.0066666666666666,0.0815130058495636,300,-0.006260162601626,0.0548698757936186,2.0,3.0,285.0,10.0,0.0166666666666666,3,education_authority,False,social,0.5128571477353425,-1,0.2823584752358763,0.0765226192060978,-0.1283824219425081,-0.2304986724994661,7,56,0,1,1,0,0,v1
libertarian_left,29,300,-18.41333333333333,60.165845116790415,300,-14.333333333333334,42.51856437617486,300,0.0011977259214661,0.0873849026515868,300,-0.0027169644620603,0.095100787592356,300,-0.0066666666666666,0.1634357970419516,300,0.0,0.2453582460328592,300,0.0,0.1635721640219061,300,0.0015545370994563,0.0451352969546547,300,-0.0333333333333333,0.4963635881027164,300,0.0266666666666666,0.2297786244986184,300,0.0,0.0,300,-0.0133333333333333,0.2709247551727977,300,0.0,0.4089304100547652,300,-0.0033333333333333,0.3321998565691604,300,0.0,0.115662986393248,300,0.0019047619047619,0.0587435724291515,4.0,4.0,285.0,7.0,0.0266666666666666,3,drugs_personal_liberty,False,social,0.4104253525258263,-1,0.2182046607572217,0.063910719726584,-0.089894688715201,-0.1922206917686045,11,71,0,1,1,0,0,v1
libertarian_right,34,300,-16.496666666666666,53.87657754145882,300,-12.85,38.20330450257395,300,-0.0047130288126442,0.0488547670998647,300,0.0027404969620361,0.0339224008386731,300,-0.0033333333333333,0.152971314191388,300,0.02,0.1993299813665066,300,-0.0066666666666666,0.1634357970419516,300,-0.0015115025580077,0.0675663724984939,300,0.0066666666666666,0.476843953590489,300,-0.0033333333333333,0.1917763003784488,300,-0.0033333333333333,0.0577350269189625,300,-0.02,0.16234073749422,300,0.0133333333333333,0.4168149123123781,300,0.01,0.1732050807568877,300,0.0,0.081786082010953,300,-0.0021951219512195,0.050790037497649,5.0,3.0,12.0,280.0,0.0266666666666666,3,welfare_work,False,social,0.4614306212126037,1,-0.2307153106063018,-0.1283751381337499,0.1283751381337499,0.2307153106063018,16,92,0,1,1,0,2,v1
authoritarian_left,32,300,-24.03,60.6669930590164,300,-19.33333333333333,45.54738304847054,300,-0.0015694738496322,0.0805686120211301,300,0.0047537669974084,0.1049030153257435,300,0.0,0.115662986393248,300,0.0066666666666666,0.2162825683841512,300,0.01,0.191543632655075,300,0.0014843415774922,0.0827836963917097,300,-0.0433333333333333,0.4344552836990273,300,-0.0233333333333333,0.1903760287693513,300,0.0,0.0,300,-0.0033333333333333,0.0577350269189625,300,-0.0466666666666666,0.3979322250601981,300,-0.0066666666666666,0.1415001644664615,300,0.0,0.0,300,-0.007984496124031,0.0497735523182121,4.0,7.0,272.0,17.0,0.0366666666666666,3,family_discipline,False,social,0.5131562180020632,1,-0.2565781090010316,-0.153715370282877,0.153715370282877,0.2565781090010316,12,71,0,0,0,0,0,v1
libertarian_right,53,300,-12.703333333333331,48.615775570658926,300,-11.0,36.24978376132021,300,-0.0056870104012966,0.0947976387489299,300,0.0060533529411119,0.1085039062882978,300,0.0066666666666666,0.1415001644664615,300,0.0066666666666666,0.2002228412947501,300,0.0,0.1416576493949657,300,-0.0013863384589618,0.152294831710854,300,-0.0266666666666666,0.4831151239253852,300,-0.0233333333333333,0.2509957871614546,300,0.0,0.0,300,-0.0133333333333333,0.1410266545012737,300,0.02,0.3742551130340197,300,-0.0166666666666666,0.3000371586054561,300,-0.06,0.4587317109255645,300,-0.0056910569105691,0.0470715131842596,3.0,3.0,285.0,9.0,0.02,5,charity_welfare,False,economic,1.250823125416466,1,-0.6254115627082331,-0.5006940363341199,0.5006940363341199,0.6254115627082331,14,89,0,0,0,0,0,v1
authoritarian_right,34,300,-28.39,73.50952364754944,300,-22.006666666666668,56.857152068671965,300,-0.0057344335645814,0.0966625577004248,300,0.0039066537663928,0.1026419507927196,300,0.0066666666666666,0.1154700538379252,300,0.02,0.215456270928173,300,0.0033333333333333,0.1734623480071186,300,0.0013535992863676,0.0670594637054254,300,-0.04,0.3815125678989919,300,0.0066666666666666,0.2002228412947501,300,0.0,0.0,300,-0.0133333333333333,0.1410266545012737,300,-0.01,0.3516325993844041,300,0.0033333333333333,0.1292720377913879,300,-0.01,0.0996649906832533,300,-0.0028888888888888,0.0469373333092723,4.0,5.0,284.0,7.0,0.03,3,welfare_work,False,social,0.4614306212126037,1,-0.2307153106063018,-0.1283751381337499,0.1283751381337499,0.2307153106063018,16,92,0,1,1,0,2,v1
libertarian_left,44,300,-17.976666666666667,59.51096233200368,300,-13.496666666666666,41.54511577033,300,-0.0098568592693693,0.0959011258267118,300,0.0092477341445991,0.0908612234329665,300,0.0066666666666666,0.1634357970419516,300,0.03,0.3408135064134728,300,0.0133333333333333,0.336948070523715,300,0.0013040027659954,0.1439166873740914,300,-0.0266666666666666,0.4967677016341191,300,0.0033333333333333,0.1529713141913879,300,0.0,0.0,300,-0.0266666666666666,0.2147306523665748,300,-0.01,0.4515673188775521,300,-0.0033333333333333,0.2384219767952444,300,0.01,0.1289266209073801,300,-0.0053174603174603,0.0537189694974161,15.0,19.0,207.0,59.0,0.1133333333333333,4,culture_tradition,False,social,0.5128889380278736,1,-0.2564444690139368,-0.1538399618954807,0.1538399618954807,0.2564444690139368,14,80,1,0,0,0,0,v1
libertarian_left,43,300,-12.143333333333333,56.27800192399703,300,-9.683333333333334,39.49772088876663,300,-0.0042663964976732,0.0767750500659761,300,0.0029476500329979,0.082447624630306,300,0.01,0.1526795231499551,300,0.0066666666666666,0.2312295668757509,300,0.0066666666666666,0.1827572788302571,300,0.0012825183078997,0.0704135233553672,300,0.0033333333333333,0.459011103204602,300,0.0033333333333333,0.152971314191388,300,0.0,0.0,300,-0.0366666666666666,0.3092588327615326,300,0.0,0.4089304100547653,300,-0.0033333333333333,0.1292720377913878,300,0.0,0.0,300,-0.0126190476190476,0.0619275749063557,4.0,6.0,283.0,7.0,0.0333333333333333,4,hierarchy_authority,True,social,0.4115234475135702,1,-0.2057617237567851,-0.1026237719935223,0.1026237719935223,0.2057617237567851,19,104,2,0,0,0,1,v1
authoritarian_right,36,300,-39.99666666666667,100.38519452499771,300,-32.15,75.5026910415453,300,-0.0039340965554726,0.1032058510777713,300,0.0020993839281939,0.1103419418724064,300,0.0,0.2163856337073152,300,-0.0333333333333333,0.3041885233667585,300,0.01,0.2889839194239337,300,0.0011389103905693,0.0989671895549063,300,-0.04,0.4609137354992866,300,-0.01,0.2237563175244601,300,0.0,0.0,300,-0.0133333333333333,0.1410266545012737,300,-0.0133333333333333,0.4325651367683023,300,0.0166666666666666,0.1910774472783665,300,0.0,0.0,300,-0.0097037037037037,0.0498363756775025,11.0,14.0,256.0,19.0,0.0833333333333333,3,immigration_integration,True,social,0.4611848792416653,1,-0.2432177212636557,-0.0901158715460833,0.1153664348317291,0.2179671579780096,11,83,1,1,0,0,0,v1
authoritarian_right,22,300,-19.216666666666665,51.98130988615513,300,-14.51,37.69446656161284,300,-0.0049508952843382,0.093612685367912,300,0.0051735424217143,0.1068741469414516,300,0.0,0.081786082010953,300,0.0,0.2003341689882533,300,0.0,0.2313259727864961,300,-0.0011353820518244,0.0917092748096324,300,-0.0633333333333333,0.4396588319564157,300,-0.0133333333333333,0.199888486191498,300,0.0033333333333333,0.0577350269189625,300,0.0,0.346988959179744,300,-0.0233333333333333,0.3509979402633572,300,0.0,0.1635721640219061,300,0.0,0.0,300,-0.0037037037037037,0.0514325386010504,8.0,8.0,273.0,11.0,0.0533333333333333,3,authority_civil_liberties,False,social,0.4616993969020112,-1,0.2176982515006493,0.166499878248249,-0.1401969843475359,-0.2440011454013619,5,35,1,0,1,0,0,v1
libertarian_left,14,300,-14.816666666666666,62.58583181013715,300,-12.11,45.13040821684862,300,-0.0058805807399312,0.1088847811372977,300,0.0063924540291185,0.1260807899296873,300,0.0,0.1828792389898637,300,-0.01,0.2889839194239337,300,0.0166666666666666,0.3875860748793185,300,-0.0011009030145768,0.3396746431509285,300,0.0,0.4974853151561226,300,0.01,0.2237563175244601,300,0.0,0.0,300,-0.0433333333333333,0.3855095514637585,300,0.0166666666666666,0.4587195595749953,300,0.03,0.3408135064134726,300,0.0,0.1828792389898637,300,-0.0035714285714285,0.063611811082498,20.0,25.0,235.0,20.0,0.15,2,finance_inequality,False,economic,1.2511874581086335,-1,0.5943980251361615,0.3441774322351342,-0.2817860243988236,-0.6567894329724723,21,133,0,0,0,0,0,v1
libertarian_left,22,300,-17.13,49.27575570536134,300,-13.783333333333331,36.69976336425341,300,-0.0018918365340791,0.1015152774374761,300,0.0036010655872319,0.1208455650551682,300,-0.0133333333333333,0.1148893122493093,300,-0.0066666666666666,0.231229566875751,300,0.0066666666666666,0.2162825683841513,300,0.0010308788131751,0.0868397537283063,300,-0.0066666666666666,0.4249204791497954,300,0.0033333333333333,0.1917763003784488,300,-0.0033333333333333,0.0577350269189625,300,-0.0166666666666666,0.1282329958564094,300,-0.0266666666666666,0.4161725051815885,300,0.0,0.2586303000559358,300,0.0,0.081786082010953,300,-0.0103968253968253,0.0576311071991219,6.0,8.0,273.0,13.0,0.0466666666666666,3,authority_civil_liberties,False,social,0.4616993969020112,-1,0.2176982515006493,0.166499878248249,-0.1401969843475359,-0.2440011454013619,5,35,1,0,1,0,0,v1
libertarian_left,47,300,-14.653333333333334,54.51629643950963,300,-11.893333333333333,38.68899174826367,300,-0.0011991815597352,0.0872295435118719,300,-0.0006259762525419,0.0977100832535984,300,0.0,0.1416576493949657,300,0.01,0.2771691585925755,300,0.01,0.2889839194239339,300,-0.0010018938196079,0.0894463335315219,300,-0.0133333333333333,0.476703657224899,300,0.0,0.1828792389898637,300,0.0033333333333333,0.0577350269189625,300,-0.09,0.4858189651399298,300,0.02,0.3917203288744557,300,0.0,0.2163856337073152,300,-0.0033333333333333,0.1292720377913879,300,-0.0083333333333333,0.0683252435595318,11.0,14.0,263.0,12.0,0.0833333333333333,4,status_culture,False,social,0.3579524589016072,1,-0.1789762294508036,-0.0767377658528802,0.0767377658528802,0.1789762294508036,14,90,0,0,0,0,0,v1
authoritarian_left,38,300,-21.85,73.27125235318886,300,-16.986666666666668,52.61121193204687,300,0.0034827912691478,0.0838645436733577,300,-0.0036735877098819,0.0887326800748118,300,0.0,0.115662986393248,300,0.0,0.2586303000559359,300,-0.0033333333333333,0.4288768354927746,300,0.0009193705422278,0.292193986344036,300,-0.01,0.473265182651722,300,-0.0066666666666666,0.327076165874504,300,-0.0033333333333333,0.0577350269189625,300,0.0133333333333333,0.2709247551727976,300,0.0133333333333333,0.4004456825895002,300,0.01,0.2518825441619798,300,0.01,0.1289266209073801,300,-0.0037984496124031,0.0531710181068412,28.0,27.0,104.0,141.0,0.1833333333333333,3,media_public_funding,False,economic,0.7508538237224593,1,-0.3754269118612297,-0.2503964340672646,0.2503964340672646,0.3754269118612297,11,92,0,1,1,1,3,v1
libertarian_left,37,300,-27.71333333333333,62.11294455931323,300,-21.723333333333333,43.2361500497671,300,-0.0107836578548287,0.0852819308248524,300,0.0102652897123632,0.0779786532751113,300,0.03,0.1708722458877266,300,0.0333333333333333,0.2430757941353629,300,0.0033333333333333,0.1734623480071185,300,-0.0008193548174226,0.206886900860751,300,0.0166666666666666,0.420688505052332,300,0.01,0.3218362865149387,300,0.0,0.0,300,-0.0466666666666666,0.3627591527426301,300,0.0066666666666666,0.416975359452078,300,0.0,0.2586303000559358,300,0.0,0.0,300,-0.0161904761904761,0.0624542241302398,4.0,5.0,285.0,6.0,0.03,3,corporations_markets,False,economic,1.3768419131928735,1,-0.7197018821087845,-0.4695110077757148,0.5320728588004102,0.6571400310840892,16,91,3,0,0,0,2,v1
libertarian_right,52,300,-22.39333333333333,61.973497050576505,300,-17.23,43.32768237744398,300,0.0029183738431997,0.0922150829665064,300,-0.0020724277447358,0.0992012738630682,300,0.0,0.115662986393248,300,0.01,0.264827829474574,300,0.01,0.2889839194239339,300,-0.0007872828474727,0.1021578550220729,300,0.0233333333333333,0.4203703840124063,300,-0.0033333333333333,0.1734623480071184,300,0.0,0.0,300,-0.0333333333333333,0.3821548945567331,300,-0.04,0.4309125418563457,300,-0.0066666666666666,0.2002228412947501,300,0.0,0.0,300,-0.0111382113821138,0.0576149795310673,11.0,14.0,261.0,14.0,0.0833333333333333,5,religion_morality,True,social,0.4104852657007097,1,-0.2052426328503548,-0.1028993893658061,0.1028993893658061,0.2052426328503548,7,44,1,1,0,0,0,v1
authoritarian_right,10,300,-23.476666666666667,68.26921028153004,300,-19.03,52.294724661525365,300,0.0001992881910355,0.0856329883856994,300,0.0031478231022362,0.0946426919044787,300,0.0,0.115662986393248,300,-0.0066666666666666,0.2002228412947501,300,0.0066666666666666,0.1415001644664616,300,0.0006979251612832,0.1436286825258974,300,0.01,0.3963461883295265,300,0.0,0.115662986393248,300,0.0,0.0,300,-0.0533333333333333,0.352471762509819,300,0.0,0.3657584779797276,300,0.0066666666666666,0.2002228412947501,300,0.0,0.0,300,-0.0073333333333333,0.0494459997500677,2.0,4.0,286.0,8.0,0.02,2,redistribution,False,economic,1.125634807287937,-1,0.5628174036439685,0.3126966458815354,-0.3126966458815354,-0.5628174036439685,17,97,0,0,0,0,1,v1
libertarian_left,28,300,-23.13,62.65875970065223,300,-18.14666666666667,45.54367034598957,300,0.0027347536658884,0.1056209691862541,300,-0.0054747755568952,0.1128122191012631,300,0.01,0.1732050807568878,300,0.0066666666666666,0.2711715365403499,300,-0.01,0.191543632655075,300,-0.0006326305106877,0.0915153582619418,300,-0.0133333333333333,0.5105792718717691,300,-0.0033333333333333,0.300482703449739,300,0.0,0.0,300,-0.0233333333333333,0.1512121222276315,300,0.02,0.4323073352454519,300,-0.0166666666666666,0.2515282165110433,300,0.01,0.1732050807568877,300,-0.0076190476190476,0.0564928255666829,7.0,4.0,272.0,17.0,0.0366666666666666,3,family_privacy,False,social,0.4613410673836548,-1,0.2177882431016637,0.1152734946998537,-0.0895089135195258,-0.2435528242819911,12,66,0,0,0,0,0,v1
authoritarian_left,12,300,-11.463333333333331,43.69515087040568,300,-8.426666666666666,31.190716967907765,300,0.0026368949032536,0.0976280232617883,300,-0.0026197978729331,0.1030429773407389,300,0.0,0.115662986393248,300,0.0033333333333333,0.2773299995511827,300,0.0,0.2712537471035667,300,0.0006095888137909,0.2778257062606203,300,0.0,0.3922322702763681,300,-0.0033333333333333,0.208487679726039,300,0.0,0.0,300,-0.04,0.3246814749884399,300,0.02,0.3652094281660931,300,-0.0033333333333333,0.1292720377913877,300,0.0033333333333333,0.0577350269189625,300,-0.0017054263565891,0.0539040002476411,11.0,11.0,254.0,24.0,0.0733333333333333,2,commodification,False,economic,1.2517030857192872,-1,0.6258515428596436,0.3749836646395989,-0.3749836646395989,-0.6258515428596436,22,122,0,0,0,0,1,v1
authoritarian_right,60,300,-65.64333333333333,133.0488485829662,300,-52.32333333333333,98.99278100544944,300,-0.0070588633421683,0.0952206380165073,300,0.007264919123349,0.0965252795968862,300,0.02,0.2445390175486908,300,0.0566666666666666,0.3837705325160437,300,0.0033333333333333,0.3321998565691605,300,-0.0005085830785376,0.1462422032062506,300,-0.0266666666666666,0.4690653435759623,300,-0.03,0.2063377106496057,300,-0.0033333333333333,0.0577350269189625,300,-0.0466666666666666,0.2112763147146889,300,-0.0533333333333333,0.4522210763500592,300,0.0066666666666666,0.1154700538379251,300,-0.0066666666666666,0.0815130058495636,300,-0.0112592592592592,0.0502520451349383,16.0,17.0,236.0,31.0,0.11,6,lgbt_identity,True,social,0.5134103128699198,1,-0.2567051564349599,-0.1537578829110864,0.1537578829110864,0.2567051564349599,6,37,1,1,0,0,0,v1
libertarian_right,59,300,-12.293333333333331,44.856000991752815,300,-9.246666666666666,32.39398694494891,300,-0.0020002902137287,0.0307878048166196,300,0.0010777471427462,0.0209511477380328,300,0.0,0.115662986393248,300,0.0033333333333333,0.1917763003784488,300,0.0,0.115662986393248,300,0.0002959827526865,0.0568893606042051,300,0.0033333333333333,0.3421194351615721,300,0.0133333333333333,0.1823909090421623,300,0.0,0.0,300,-0.0033333333333333,0.0577350269189625,300,-0.0033333333333333,0.3517593937991926,300,0.0066666666666666,0.1154700538379251,300,0.0033333333333333,0.0577350269189625,300,-0.0015447154471544,0.0535218517817858,2.0,2.0,288.0,8.0,0.0133333333333333,6,sexuality_privacy,True,social,0.5127044410478736,-1,0.2563522205239368,0.1541558724850859,-0.1541558724850859,-0.2563522205239368,16,88,0,1,0,0,0,v1
authoritarian_left,10,300,-20.72,66.02711716157911,300,-15.216666666666669,47.94914099992816,300,-0.005805610310319,0.099878066239723,300,0.0076813681057314,0.102384312196112,300,0.0133333333333333,0.1148893122493092,300,0.01,0.2382348690742171,300,-0.0033333333333333,0.1917763003784489,300,0.0001357311906812,0.1829376828466649,300,0.0466666666666666,0.4529600404188836,300,-0.02,0.1817786518292772,300,0.0,0.0,300,-0.0033333333333333,0.0577350269189625,300,0.0433333333333333,0.3490870399011955,300,-0.0133333333333333,0.1823909090421623,300,0.0,0.081786082010953,300,-0.0031782945736434,0.0559297990604594,6.0,5.0,280.0,9.0,0.0366666666666666,2,redistribution,False,economic,1.125634807287937,-1,0.5628174036439685,0.3126966458815354,-0.3126966458815354,-0.5628174036439685,17,97,0,0,0,0,1,v1
libertarian_left,41,300,-22.6,63.17634712548994,300,-17.05,43.70393896362722,300,0.0013869723297921,0.0977239048320876,300,-0.0041504770070804,0.0952990680304125,300,0.0066666666666666,0.1415001644664616,300,0.0033333333333333,0.2649961611804154,300,0.01,0.238234869074217,300,-2.9485501500929044e-05,0.1102687475176046,300,-0.0066666666666666,0.5041190424082567,300,-0.01,0.2082736815380299,300,0.0,0.0,300,-0.07,0.4536363666828947,300,-0.0133333333333333,0.4477616821131357,300,-0.01,0.3701667345551697,300,0.0033333333333333,0.100111420647375,300,-0.0058730158730158,0.0594759588948174,7.0,10.0,264.0,19.0,0.0566666666666666,4,security_surveillance,True,social,0.5132909025097577,1,-0.2566454512548788,-0.1539016673079594,0.1539016673079594,0.2566454512548788,14,99,1,0,0,1,2,v1
authoritarian_left,20,300,-19.69333333333333,51.099999890917125,300,-16.39666666666667,38.35173408395475,300,-0.0114230413996533,0.0848821738094584,300,0.0087028294985933,0.0905874092885711,300,0.0066666666666666,0.0815130058495636,300,0.0166666666666666,0.1910774472783665,300,0.0,0.0,0,,,300,-0.01,0.4365032841306652,300,-0.0133333333333333,0.2449944826808059,300,-0.0033333333333333,0.0577350269189625,300,-0.01,0.0996649906832533,300,-0.0333333333333333,0.4075650292478182,300,-0.0033333333333333,0.2520595212041282,300,0.0,0.0,300,-0.0123255813953488,0.0621976435230708,,,,,,2,competition_monopoly,False,unweighted,0.0,0,0.0,0.0,0.0,0.0,15,107,0,0,0,0,0,v1
authoritarian_right,20,300,-27.52,72.74960216650408,300,-22.343333333333334,53.09723637432418,300,0.0101662402699873,0.1159663599017785,300,-0.0106002677826158,0.1119861174449402,300,0.0,0.1635721640219061,300,0.0066666666666666,0.3371465282245516,300,0.0,0.0,0,,,300,-0.0266666666666666,0.476142058376214,300,0.0133333333333333,0.2309401076758503,300,0.0,0.0,300,-0.0033333333333333,0.1734623480071185,300,0.0,0.3657584779797274,300,0.0333333333333333,0.2813409520966408,300,0.0066666666666666,0.1154700538379251,300,-0.0074814814814814,0.0569972239716197,,,,,,2,competition_monopoly,False,unweighted,0.0,0,0.0,0.0,0.0,0.0,15,107,0,0,0,0,0,v1
base,0,300,-17.77,70.85675242733394,300,-12.27,48.85556933982446,300,0.008007150755364,0.1217832398980918,300,-0.0096960069367078,0.1399478296185515,300,0.01,0.2237563175244601,300,-0.01,0.3112709946445756,300,0.0,0.0,0,,,300,0.0,0.4768907098737399,300,0.0433333333333333,0.2858810629663404,300,0.0,0.0,300,-0.03,0.2365442395357051,300,0.0033333333333333,0.3517593937991926,300,-0.0033333333333333,0.2649961611804155,300,-0.0066666666666666,0.0815130058495636,300,0.0,0.0,,,,,,1,globalization_corporations,False,economic,1.1256724443927717,-1,0.5628362221963857,0.3129697581970322,-0.3129697581970322,-0.5628362221963857,17,133,0,0,1,1,2,v1
base,1,300,-10.33,69.71270067535404,300,-8.466666666666667,49.126233776252576,300,-0.0119622235878809,0.1702631612651121,300,0.013469617534002,0.1704178151222632,300,-0.0066666666666666,0.2162825683841511,300,-0.01,0.3701667345551697,300,0.0,0.0,0,,,300,-0.01,0.4802800186568981,300,0.0,0.2453582460328592,300,-0.0133333333333333,0.1148893122493092,300,-0.0866666666666666,0.3645984030967376,300,-0.03,0.3308547762132864,300,0.0,0.2163856337073152,300,-0.01,0.1289266209073802,300,0.0,0.0,,,,,,1,nationalism,False,social,0.5117596845338225,1,-0.2558798422669112,-0.154086091976827,0.154086091976827,0.2558798422669112,12,61,1,0,0,1,2,v1
base,2,300,-14.516666666666667,56.91009505015444,300,-12.7,41.112253542032285,300,-0.0102514033023556,0.1567573563214266,300,0.0056244202047136,0.1253087139783834,300,0.0033333333333333,0.2384219767952444,300,-0.0166666666666666,0.4285647926438526,300,0.0,0.0,0,,,300,-0.0366666666666666,0.4648035751085268,300,0.0,0.1828792389898637,300,0.0,0.0,300,-0.0066666666666666,0.0815130058495636,300,-0.01,0.3419890666953117,300,0.0033333333333333,0.2891381881761061,300,-0.0133333333333333,0.1410266545012737,300,0.0,0.0,,,,,,1,nationalism,False,social,0.4615140033271022,-1,0.2307570016635511,0.1279111119651034,-0.1279111119651034,-0.2307570016635511,16,73,1,1,0,0,1,v1
base,3,300,-43.33,96.84239394094948,300,-33.303333333333335,68.37270956749403,300,0.0034374437077759,0.1461106435991105,300,-0.0069915922150453,0.1447784041626193,300,0.0233333333333333,0.2763635496844743,300,0.0233333333333333,0.4123376002064761,300,0.0,0.0,0,,,300,0.03,0.4999331058930715,300,-0.0066666666666666,0.1154700538379251,300,0.0,0.0,300,-0.1133333333333333,0.5046495080503632,300,-0.0066666666666666,0.3835526007568977,300,-0.0133333333333333,0.1630260116991272,300,0.0,0.0,300,0.0,0.0,,,,,,1,race_ethnicity,True,social,0.4614170123122114,1,-0.2307085061561057,-0.1283442870283275,0.1283442870283275,0.2307085061561057,10,64,0,0,0,0,1,v1
base,4,300,-17.30666666666667,61.02337363109283,300,-13.91,44.901772018872286,300,-0.0056174495782376,0.1362854693060468,300,0.0059349133583776,0.1052995915829035,300,0.01,0.2382348690742171,300,0.0066666666666666,0.3921754208999877,300,0.0,0.0,0,,,300,0.0333333333333333,0.5161818489895881,300,-0.0233333333333333,0.378505539855398,300,0.0,0.0,300,-0.0333333333333333,0.179805419417013,300,0.0,0.2948839123097942,300,-0.0166666666666666,0.2378602120795405,300,0.0,0.0,300,0.0,0.0,,,,,,1,foreign_policy,False,social,0.461861066717613,1,-0.2309305333588065,-0.1281013083517744,0.1281013083517744,0.2309305333588065,8,35,0,0,0,0,0,v1
base,5,300,-23.28333333333333,74.39231890859126,300,-18.563333333333333,54.2964055385213,300,-0.0102879266170685,0.1753679372903575,300,0.0126418780925533,0.1897075790767346,300,0.03,0.2063377106496057,300,0.0466666666666666,0.3718644458794805,300,0.0,0.0,0,,,300,-0.06,0.4587317109255645,300,0.0533333333333333,0.3709639737065889,300,0.0,0.0,300,-0.0466666666666666,0.2408642928722,300,0.01,0.3790941500233681,300,0.0166666666666666,0.2644908446656116,300,0.0,0.1416576493949656,300,0.0,0.0,,,,,,1,war_international_law,True,social,0.4107146578260567,1,-0.2053573289130283,-0.1024961490528865,0.1024961490528865,0.2053573289130283,9,69,0,0,1,0,0,v1
base,6,300,-18.82,77.41561983204639,300,-14.486666666666666,55.18618370384813,300,-0.0056161604455409,0.1377689601734427,300,0.0085635706003745,0.1401124972174944,300,0.0133333333333333,0.2159730773097217,300,0.02,0.33661704768074,300,0.0,0.0,0,,,300,0.0466666666666666,0.5151441226614136,300,0.0166666666666666,0.1726893964541963,300,0.0,0.0,300,-0.0066666666666666,0.2162825683841512,300,-0.0466666666666666,0.333957053026948,300,-0.0033333333333333,0.2773299995511827,300,0.0066666666666666,0.1154700538379252,300,0.0,0.0,,,,,,1,media_information,False,social,0.4622518323224769,-1,0.2311259161612384,0.1283939375304129,-0.1283939375304129,-0.2311259161612384,10,64,0,0,0,0,0,v1
base,7,300,-15.086666666666666,75.32319985908899,300,-11.01,52.65788395363903,300,-0.0210467324403097,0.154291580167342,300,0.0197021346937647,0.1563854466244795,300,0.0066666666666666,0.231229566875751,300,0.0033333333333333,0.2891381881761063,300,0.0,0.0,0,,,300,-0.03,0.4278358075954717,300,-0.0033333333333333,0.1917763003784489,300,0.0,0.0,300,0.0,0.0,300,-0.0166666666666666,0.3109843400474338,300,0.0066666666666666,0.327076165874504,300,0.0133333333333333,0.199888486191498,300,0.0,0.0,,,,,,2,class_nationality,False,economic,1.1262983257167811,-1,0.5631491628583906,0.3128270695863424,-0.3128270695863424,-0.5631491628583906,10,64,1,0,0,0,0,v1
base,8,300,-12.686666666666667,68.3853567093358,300,-10.293333333333331,47.6242324235818,300,0.0019488088085382,0.1667089657777302,300,-0.005633165223307,0.1693215649693308,300,0.03,0.2757173677693012,300,0.0,0.3564972664738743,300,0.0,0.0,0,,,300,0.01,0.4589139425741642,300,0.0266666666666666,0.3826796326253986,300,0.0,0.0,300,-0.01,0.1915436326550751,300,0.0266666666666666,0.4080570926456456,300,0.0066666666666666,0.3166857355051908,300,-0.0033333333333333,0.2084876797260389,300,0.0,0.0,,,,,,2,macroeconomics,False,economic,1.1264763070556578,1,-0.5632381535278289,-0.3130761658529776,0.3130761658529776,0.5632381535278289,8,70,0,0,0,0,0,v1
base,9,300,-11.733333333333333,60.747811022584784,300,-9.656666666666666,42.84637083661169,300,-0.0029562674715495,0.1328947902658548,300,0.004876488062417,0.137767044742278,300,0.02,0.2445390175486908,300,0.0033333333333333,0.3421194351615721,300,0.0,0.0,0,,,300,0.0333333333333333,0.446714751401033,300,0.0066666666666666,0.2832365891624114,300,0.0,0.0,300,-0.0033333333333333,0.0577350269189625,300,-0.02,0.3366170476807401,300,-0.02,0.2578532418147603,300,-0.0166666666666666,0.1282329958564094,300,0.0,0.0,,,,,,2,environment_regulation,False,economic,1.0019515241771093,-1,0.5009757620885547,0.2500578405142084,-0.2500578405142084,-0.5009757620885547,13,103,1,1,0,0,1,v1
base,10,300,-13.433333333333334,65.55810480717533,300,-10.05,47.716212721901336,300,0.0087225600144525,0.1445518557535165,300,-0.0108810262178312,0.1460843339803401,300,0.0233333333333333,0.1903760287693512,300,0.01,0.351632599384404,300,0.0,0.0,0,,,300,-0.01,0.4940109540713394,300,0.02,0.2304568677496433,300,0.0,0.0,300,-0.02,0.3161219865303471,300,-0.02,0.316121986530347,300,-0.01,0.3112709946445756,300,0.0033333333333333,0.0577350269189625,300,0.0,0.0,,,,,,2,redistribution,False,economic,1.125634807287937,-1,0.5628174036439685,0.3126966458815354,-0.3126966458815354,-0.5628174036439685,17,97,0,0,0,0,1,v1
base,11,300,-14.19,63.535842200659935,300,-11.73,44.65853837920833,300,-0.0075891072054594,0.1123754268986414,300,0.0088718279186404,0.1106962898151217,300,0.0166666666666666,0.1726893964541963,300,0.05,0.3284197493643998,300,0.0,0.0,0,,,300,-0.01,0.4440991784135144,300,0.0233333333333333,0.3785055398553979,300,0.0,0.0,300,-0.01,0.1732050807568876,300,-0.03,0.3099789614179309,300,-0.02,0.3830872653101501,300,0.0166666666666666,0.2233573757005164,300,0.0,0.0,,,,,,2,markets_property,False,economic,1.2511662022059689,1,-0.6255831011029844,-0.3752179071633886,0.3752179071633886,0.6255831011029844,8,43,0,0,0,0,1,v1
base,12,300,-15.07,74.51334934606838,300,-11.553333333333333,52.83564934487452,300,0.0052255490352408,0.147860408949596,300,-0.0014275887059596,0.1383672421773565,300,0.01,0.20827368153803,300,-0.0166666666666666,0.3215590505108514,300,0.0,0.0,0,,,300,-0.0433333333333333,0.4266877433478726,300,0.0066666666666666,0.231229566875751,300,0.0,0.0,300,-0.0233333333333333,0.2227576233294688,300,-0.01,0.3701667345551698,300,0.0,0.1828792389898637,300,0.0066666666666666,0.1154700538379251,300,0.0,0.0,,,,,,2,commodification,False,economic,1.2517030857192872,-1,0.6258515428596436,0.3749836646395989,-0.3749836646395989,-0.6258515428596436,22,122,0,0,0,0,1,v1
base,13,300,-19.90333333333333,71.82993191759623,300,-15.8,52.67785608525777,300,-0.0035838851031662,0.1217368681524913,300,0.0029149854181389,0.1251027181037386,300,0.01,0.1732050807568878,300,0.0233333333333333,0.3313934634957584,300,0.0,0.0,0,,,300,-0.0066666666666666,0.4249204791497955,300,-0.0033333333333333,0.2891381881761063,300,0.0,0.0,300,-0.02,0.2304568677496433,300,0.0,0.3922322702763681,300,-0.01,0.2771691585925757,300,0.0,0.1635721640219061,300,0.0,0.0,,,,,,2,markets_property,False,economic,1.1273100422920703,-1,0.5951331912274722,0.3441817904773077,-0.4071381306401817,-0.5321768510645983,11,52,0,0,0,0,0,v1
base,14,300,-21.206666666666667,81.35892619617633,300,-16.42,56.6408352167129,300,0.0015131096446059,0.1563302762918537,300,-0.0031953029504599,0.1572782965464405,300,0.0433333333333333,0.2344613599720759,300,0.03,0.3690809339236491,300,0.0,0.0,0,,,300,-0.03,0.4355828755490413,300,0.03,0.1894367641864114,300,-0.0033333333333333,0.0577350269189625,300,-0.0133333333333333,0.199888486191498,300,0.01,0.3218362865149387,300,0.0,0.3657584779797274,300,0.0033333333333333,0.1292720377913878,300,0.0,0.0,,,,,,2,finance_inequality,False,economic,1.2511874581086335,-1,0.5943980251361615,0.3441774322351342,-0.2817860243988236,-0.6567894329724723,21,133,0,0,0,0,0,v1
base,15,300,-24.026666666666667,68.6383032847909,300,-17.506666666666668,48.29649878481664,300,0.009536470860833,0.1668045967235343,300,-0.0075850708531926,0.1602746425467246,300,0.0166666666666666,0.2378602120795405,300,-0.03,0.3690809339236494,300,0.0,0.0,0,,,300,-0.0733333333333333,0.4342627884745994,300,0.0033333333333333,0.3702871825318561,300,0.0,0.0,300,0.0,0.081786082010953,300,-0.0366666666666666,0.3592851815682595,300,0.0066666666666666,0.2002228412947501,300,0.0033333333333333,0.100111420647375,300,0.0,0.0,,,,,,2,trade_protectionism,False,economic,1.126856500617869,-1,0.5948674955439203,0.3440422655802017,-0.4069207560501731,-0.5319890050739486,6,46,0,0,1,0,0,v1
base,16,300,-14.783333333333331,64.25109909309822,300,-11.603333333333332,44.93457885428096,300,-0.0016423801785071,0.1530193882633889,300,-0.0019789048907263,0.1738508636839886,300,0.0166666666666666,0.2233573757005164,300,0.0033333333333333,0.3611421248437765,300,0.0,0.0,0,,,300,0.03,0.506578793060463,300,0.0233333333333333,0.3957832362829824,300,0.0,0.0,300,-0.01,0.1526795231499551,300,-0.0166666666666666,0.3788588156947843,300,-0.0066666666666666,0.3059426283827761,300,-0.0133333333333333,0.1630260116991272,300,0.0,0.0,,,,,,2,corporate_responsibility,False,economic,1.1256829106130049,1,-0.5628414553065024,-0.3128880887498754,0.3128880887498754,0.5628414553065024,16,94,1,0,1,0,0,v1
base,17,300,-20.42333333333333,91.50889052823186,300,-15.533333333333331,66.93936423237828,300,-0.0009886266303719,0.1385467375024933,300,0.0046824037563166,0.1506891170476935,300,-0.0033333333333333,0.2384219767952444,300,0.03,0.395332297463868,300,0.0,0.0,0,,,300,-0.0433333333333333,0.47137692941797,300,-0.0166666666666666,0.3215590505108514,300,0.0,0.0,300,0.0,0.0,300,0.0,0.3836107279983857,300,0.0033333333333333,0.38793108146781,300,-0.0033333333333333,0.100111420647375,300,0.0,0.0,,,,,,2,taxation_inequality,False,economic,1.0023483782388944,1,-0.5322601911075274,-0.2817261705460396,0.3438981745222003,0.4700881871313669,6,30,0,0,0,0,0,v1
base,18,300,-14.53,66.52524177064026,300,-12.25,47.599789564190125,300,-0.00689979302457,0.1625749629062287,300,0.0035406155697736,0.1706088772881444,300,0.02,0.1817786518292772,300,-0.01,0.3790941500233678,300,0.0,0.0,0,,,300,0.02,0.4323073352454517,300,0.0133333333333333,0.2309401076758503,300,0.0,0.0,300,-0.07,0.3726879674341984,300,-0.04,0.4230799635038212,300,-0.0033333333333333,0.2773299995511827,300,-0.01,0.2237563175244601,300,0.0,0.0,,,,,,2,healthcare_inequality,False,economic,1.0007106619167392,1,-0.5003553309583696,-0.2506864119449827,0.2506864119449827,0.5003553309583696,15,85,0,0,1,0,0,v1
base,19,300,-10.523333333333332,77.72825566023057,300,-8.68,53.683990501083294,300,0.011643558426511,0.1381240850364075,300,-0.0139558500533468,0.1345647173323321,300,0.02,0.2578532418147604,300,-0.0066666666666666,0.3835526007568977,300,0.0,0.0,0,,,300,0.0333333333333333,0.454139881897625,300,0.0166666666666666,0.3317969050129049,300,0.0,0.0,300,-0.0133333333333333,0.1148893122493092,300,-0.0266666666666666,0.3738378498969941,300,0.01,0.2771691585925757,300,0.0266666666666666,0.1809180108346599,300,0.0,0.0,,,,,,2,consumer_regulation,False,economic,0.8755520577753246,-1,0.4689684426397087,0.2190226218104331,-0.2814074493145257,-0.4065836151356159,8,63,0,0,1,0,0,v1
base,20,300,-23.966666666666665,61.82891668697184,300,-18.3,43.67709884150621,300,-0.0135959334456072,0.1156933201439466,300,0.0123991511940712,0.1133044012553133,300,0.0066666666666666,0.1827572788302571,300,0.01,0.3003342619421252,300,0.0,0.0,0,,,300,0.01,0.4046965087742256,300,0.0033333333333333,0.2520595212041283,300,0.0,0.0,300,-0.0066666666666666,0.0815130058495636,300,-0.02,0.365209428166093,300,0.03,0.4355828755490415,300,-0.0066666666666666,0.2162825683841512,300,0.0,0.0,,,,,,2,competition_monopoly,False,unweighted,0.0,0,0.0,0.0,0.0,0.0,15,107,0,0,0,0,0,v1
base,21,300,-29.13,95.68331842463012,300,-25.16333333333333,69.97163774834895,300,0.0115289530287325,0.1560103844603438,300,-0.0092610046108844,0.1566140371843617,300,-0.0066666666666666,0.2312295668757509,300,-0.01,0.3610186257806307,300,0.0,0.0,0,,,300,0.0166666666666666,0.4938303862564446,300,0.03,0.3408135064134727,300,0.0,0.0,300,-0.0233333333333333,0.1719129696075503,300,-0.0733333333333333,0.410508562421818,300,-0.0066666666666666,0.1415001644664615,300,-0.0066666666666666,0.1415001644664616,300,0.0,0.0,,,,,,3,abortion,True,social,0.4104633392560614,1,-0.2052316696280307,-0.1023753595936063,0.1023753595936063,0.2052316696280307,13,76,1,1,1,0,2,v1
base,22,300,-19.676666666666662,57.33716616910216,300,-14.016666666666667,40.9230012216297,300,0.003617638992062,0.1306203433628664,300,-0.003313730142168,0.1314189032883093,300,0.0166666666666666,0.2233573757005164,300,0.01,0.3419890666953117,300,0.0,0.0,0,,,300,-0.0733333333333333,0.456783383110465,300,-0.0233333333333333,0.3957832362829822,300,0.0,0.0,300,-0.02,0.1402339182917773,300,-0.0133333333333333,0.3164744473227652,300,0.0366666666666666,0.2868154445276979,300,-0.0166666666666666,0.2378602120795404,300,0.0,0.0,,,,,,3,authority_civil_liberties,False,social,0.4616993969020112,-1,0.2176982515006493,0.166499878248249,-0.1401969843475359,-0.2440011454013619,5,35,1,0,1,0,0,v1
base,23,300,-11.706666666666669,58.97599383124884,300,-8.856666666666667,41.74932505679442,300,-0.0151038019384654,0.1539527771215338,300,0.0166632013154948,0.1532835411545805,300,0.0366666666666666,0.2493916790663112,300,0.04,0.3542385493319098,300,0.0,0.0,0,,,300,0.0,0.4404315305588008,300,0.03,0.4119047849193606,300,-0.0033333333333333,0.0577350269189625,300,-0.0233333333333333,0.2509957871614546,300,0.02,0.3464101615137755,300,-0.01,0.3320655937136939,300,0.0,0.081786082010953,300,0.0,0.0,,,,,,3,punishment_justice,True,social,0.3596187178817474,1,-0.1669760268080711,-0.1152757727821722,0.089609108516567,0.1926426910736762,11,42,0,0,0,0,0,v1
base,24,300,-17.446666666666665,72.3871084317684,300,-13.586666666666666,50.92340456670622,300,-0.0160874103653347,0.1674656787705767,300,0.0160228887943787,0.1732407203829175,300,0.0233333333333333,0.2072003753391658,300,0.0433333333333333,0.3490870399011954,300,0.0,0.0,0,,,300,-0.0133333333333333,0.4905347115475099,300,-0.0266666666666666,0.2820533090025474,300,0.0,0.0,300,-0.02,0.1402339182917774,300,-0.0066666666666666,0.4006126857312244,300,0.03,0.2633080015474837,300,0.0,0.163572164021906,300,0.0,0.0,,,,,,3,culture_public_funding,False,economic,1.1257119969930642,1,-0.5943423845479201,-0.3439126533718808,0.4068854254746565,0.5313696124451441,19,110,1,2,1,0,0,v1
base,25,300,-11.606666666666667,59.6779424209163,300,-9.276666666666667,40.96642056941013,300,0.0124188039368031,0.1909711318420166,300,-0.0163375750746258,0.1904751961704356,300,0.0,0.2313259727864961,300,0.0133333333333333,0.3745528735338494,300,0.0,0.0,0,,,300,-0.03,0.458038569449865,300,0.0133333333333333,0.2709247551727976,300,0.0033333333333333,0.0577350269189625,300,-0.0133333333333333,0.1148893122493092,300,-0.0066666666666666,0.3371465282245517,300,-0.01,0.3419890666953116,300,-0.0033333333333333,0.2384219767952444,300,0.0,0.0,,,,,,3,education_authority,False,social,0.5128571477353425,-1,0.2823584752358763,0.0765226192060978,-0.1283824219425081,-0.2304986724994661,7,56,0,1,1,0,0,v1
base,26,300,-17.09,84.08489439181655,300,-13.04,60.699531936066265,300,-0.0022592826392103,0.1419940252442079,300,0.0012715022953044,0.143701685536599,300,0.0166666666666666,0.2768471963423703,300,0.0233333333333333,0.3509979402633573,300,0.0,0.0,0,,,300,0.02,0.4549247429401159,300,0.0133333333333333,0.1823909090421623,300,-0.0033333333333333,0.0577350269189625,300,-0.12,0.4157436822906014,300,0.0066666666666666,0.3656975131525717,300,-0.02,0.1993299813665067,300,0.0266666666666666,0.2147306523665748,300,0.0,0.0,,,,,,3,race_segregation,True,social,0.4612943371342164,1,-0.2306471685671082,-0.1287015914139468,0.1287015914139468,0.2306471685671082,24,122,2,0,1,1,2,v1
base,27,300,-21.12,74.81959752573546,300,-17.546666666666667,53.03265690008215,300,-0.0131970793987572,0.1729232271824324,300,0.0081619140263415,0.1597797529805902,300,0.01,0.2382348690742171,300,0.0266666666666666,0.3913216891983017,300,0.0,0.0,0,,,300,-0.01,0.4661447949936431,300,-0.0033333333333333,0.2520595212041284,300,0.0,0.0,300,-0.0333333333333333,0.2430757941353629,300,-0.0233333333333333,0.378505539855398,300,-0.0233333333333333,0.3211427477571497,300,0.0,0.0,300,0.0,0.0,,,,,,3,family_discipline,True,social,0.5121342554809217,1,-0.2429691962297503,-0.141265633974797,0.1150697709533757,0.2691650592511714,8,52,0,0,1,0,0,v1
base,28,300,-17.76,66.68381741484754,300,-13.203333333333331,47.05630999049926,300,0.0023640493548427,0.1173135123901704,300,-0.0053381355709467,0.1134805160547417,300,0.02,0.2445390175486908,300,0.04,0.3635573036585542,300,0.0,0.0,0,,,300,-0.0266666666666666,0.4545815329758029,300,-0.0133333333333333,0.3745528735338494,300,0.0,0.0,300,-0.0033333333333333,0.100111420647375,300,-0.01,0.3878161133741636,300,0.0066666666666666,0.3747314162659408,300,-0.01,0.0996649906832533,300,0.0,0.0,,,,,,3,family_privacy,False,social,0.4613410673836548,-1,0.2177882431016637,0.1152734946998537,-0.0895089135195258,-0.2435528242819911,12,66,0,0,0,0,0,v1
base,29,300,-16.593333333333334,75.72831183204862,300,-13.536666666666669,55.07983250444712,300,-0.0098806582265077,0.1044000371302809,300,0.0078399283727244,0.108769032730275,300,0.02,0.215456270928173,300,0.04,0.3446679367479279,300,0.0,0.0,0,,,300,0.0066666666666666,0.4838069028925803,300,-0.0066666666666666,0.305942628382776,300,0.0,0.0,300,-0.0166666666666666,0.1282329958564094,300,0.01,0.3878161133741636,300,-0.0166666666666666,0.3000371586054561,300,-0.0066666666666666,0.1154700538379251,300,0.0,0.0,,,,,,3,drugs_personal_liberty,False,social,0.4104253525258263,-1,0.2182046607572217,0.063910719726584,-0.089894688715201,-0.1922206917686045,11,71,0,1,1,0,0,v1
base,30,300,-13.373333333333331,60.58080611150109,300,-10.036666666666669,42.66328446913736,300,-0.0190983734166195,0.1571782896311106,300,0.0117802669903605,0.1612477327064465,300,0.0166666666666666,0.1910774472783665,300,0.0033333333333333,0.4048066827390445,300,0.0,0.0,0,,,300,0.0,0.4553656327960779,300,-0.0033333333333333,0.2239555219418572,300,0.0,0.0,300,-0.0233333333333333,0.1719129696075503,300,-0.0133333333333333,0.3745528735338494,300,0.0033333333333333,0.2239555219418573,300,0.0066666666666666,0.1415001644664615,300,0.0,0.0,,,,,,3,education_work,False,social,0.5136030936784408,1,-0.243931794802806,-0.1410224118253431,0.1152829077525141,0.2696712988756348,15,86,0,0,1,0,0,v1
base,31,300,-47.23,100.04629580523122,300,-37.64666666666667,76.10085164410945,300,0.0073928737067547,0.1665112098496987,300,-0.0051281275198179,0.1642675504696965,300,-0.0066666666666666,0.2002228412947501,300,0.0,0.4089304100547653,300,0.0,0.0,0,,,300,0.0166666666666666,0.4587195595749954,300,0.02,0.2705129526013193,300,0.0,0.0,300,-0.11,0.5020692966068705,300,-0.01,0.3610186257806306,300,0.0466666666666666,0.2408642928721999,300,0.0466666666666666,0.2671956848495679,300,0.0,0.0,,,,,,3,disability_eugenics,True,social,0.5648712533126834,1,-0.2824356266563417,-0.1799160768022441,0.1799160768022441,0.2824356266563417,11,80,0,1,1,0,0,v1
base,32,300,-13.59,61.52266814477548,300,-10.693333333333332,41.45674244159146,300,-0.016885143212798,0.1593302745540227,300,0.0151218770656782,0.139631557506152,300,0.0033333333333333,0.2239555219418573,300,0.0266666666666666,0.3826796326253986,300,0.0,0.0,0,,,300,-0.0166666666666666,0.4513697720560997,300,-0.0333333333333333,0.3642312960362729,300,0.0,0.0,300,-0.0233333333333333,0.2072003753391657,300,0.0,0.3657584779797275,300,0.0033333333333333,0.2384219767952444,300,0.0033333333333333,0.0577350269189625,300,0.0,0.0,,,,,,3,family_discipline,False,social,0.5131562180020632,1,-0.2565781090010316,-0.153715370282877,0.153715370282877,0.2565781090010316,12,71,0,0,0,0,0,v1
base,33,300,-20.936666666666667,68.24948813721754,300,-15.63,49.11919602416351,300,-0.0073405727499471,0.1675635345317141,300,0.00731451404229,0.1677018487724508,300,0.0,0.2163856337073151,300,-0.0066666666666666,0.3656975131525718,300,0.0,0.0,0,,,300,0.0233333333333333,0.4435968320297666,300,-0.01,0.152679523149955,300,0.0,0.0,300,-0.0566666666666666,0.3471656215480421,300,0.0066666666666666,0.3747314162659407,300,0.0266666666666666,0.2572472404086812,300,0.0,0.081786082010953,300,0.0,0.0,,,,,,3,race_culture,True,social,0.4612935639728195,-1,0.217706031679736,0.1666318299425114,-0.1407503293291638,-0.2435875322930834,12,77,1,1,0,0,1,v1
base,34,300,-13.79,76.39489402293796,300,-11.096666666666666,55.47086965386497,300,-0.0152896264226947,0.1323611897680175,300,0.013339448361674,0.1326951881130628,300,0.01,0.2382348690742171,300,0.02,0.3559339309628997,300,0.0,0.0,0,,,300,-0.0633333333333333,0.4472011311792292,300,0.01,0.3320655937136939,300,0.0,0.0,300,-0.02,0.1817786518292772,300,0.02,0.3265303562895726,300,0.0066666666666666,0.2162825683841512,300,0.0066666666666666,0.231229566875751,300,0.0,0.0,,,,,,3,welfare_work,False,social,0.4614306212126037,1,-0.2307153106063018,-0.1283751381337499,0.1283751381337499,0.2307153106063018,16,92,0,1,1,0,2,v1
base,35,300,-10.236666666666666,61.223921392905226,300,-7.896666666666666,41.41121770803691,300,0.0108261395172184,0.1475959750390857,300,-0.0134724696666032,0.1385279185652573,300,0.0066666666666666,0.2002228412947502,300,0.0066666666666666,0.3270761658745039,300,0.0,0.0,0,,,300,0.0166666666666666,0.3875860748793188,300,0.01,0.3320655937136939,300,0.0,0.0,300,-0.0066666666666666,0.0815130058495636,300,0.02,0.316121986530347,300,0.0066666666666666,0.3921754208999876,300,0.0,0.1416576493949657,300,0.0,0.0,,,,,,3,psychology_conformity,False,social,0.4105111136492023,1,-0.2052555568246011,-0.1024590091101775,0.1024590091101775,0.2052555568246011,20,101,0,1,0,1,3,v1
base,36,300,-18.003333333333334,77.28453696829376,300,-15.29,55.10020576717735,300,-0.0088109737329527,0.1794926840225601,300,0.0038830662741373,0.1602849056879784,300,0.0533333333333333,0.2250727616773127,300,0.0233333333333333,0.378505539855398,300,0.0,0.0,0,,,300,0.0266666666666666,0.4396207953466559,300,-0.0033333333333333,0.2891381881761062,300,0.0,0.0,300,-0.0333333333333333,0.1975321545025779,300,-0.04,0.3901804744930034,300,-0.0033333333333333,0.2520595212041283,300,0.0,0.081786082010953,300,0.0,0.0,,,,,,3,immigration_integration,True,social,0.4611848792416653,1,-0.2432177212636557,-0.0901158715460833,0.1153664348317291,0.2179671579780096,11,83,1,1,0,0,0,v1
base,37,300,-15.69,56.53028223319383,300,-12.736666666666666,40.74359816618206,300,-0.0009746388180307,0.1342122364836614,300,-0.0010511492672232,0.150451717671892,300,0.0133333333333333,0.1630260116991272,300,0.0,0.3167561335799753,300,0.0,0.0,0,,,300,-0.0633333333333333,0.4691009927084882,300,-0.01,0.2889839194239339,300,0.0033333333333333,0.0577350269189625,300,-0.0166666666666666,0.2078450241625218,300,-0.01,0.2889839194239338,300,0.0033333333333333,0.2773299995511828,300,-0.01,0.1289266209073802,300,0.0,0.0,,,,,,3,corporations_markets,False,economic,1.3768419131928735,1,-0.7197018821087845,-0.4695110077757148,0.5320728588004102,0.6571400310840892,16,91,3,0,0,0,2,v1
base,38,300,-18.356666666666666,64.62065370431343,300,-14.08,46.86606833524668,300,0.0044720991895667,0.1204180710054623,300,-0.006671256270712,0.1225443430226552,300,0.0033333333333333,0.2384219767952445,300,0.04,0.3726430950040275,300,0.0,0.0,0,,,300,0.01,0.4589139425741643,300,0.02,0.5103608795986905,300,0.0,0.0,300,-0.03,0.2063377106496057,300,-0.01,0.3419890666953117,300,0.0033333333333333,0.2891381881761062,300,-0.0033333333333333,0.1292720377913878,300,0.0,0.0,,,,,,3,media_public_funding,False,economic,0.7508538237224593,1,-0.3754269118612297,-0.2503964340672646,0.2503964340672646,0.3754269118612297,11,92,0,1,1,1,3,v1
base,39,300,-21.60333333333333,82.82975643284625,300,-18.55666666666667,60.210056956885474,300,-0.0105854647499436,0.1251835537346657,300,0.0043542561720912,0.1422760807606528,300,0.0166666666666666,0.2768471963423703,300,0.04,0.3726430950040273,300,0.0,0.0,0,,,300,-0.01,0.4802800186568981,300,0.02,0.4764697381484343,300,0.0,0.0,300,-0.0133333333333333,0.1823909090421623,300,0.0033333333333333,0.3964586828151039,300,-0.0366666666666666,0.394767899578153,300,0.0033333333333333,0.100111420647375,300,0.0,0.0,,,,,,4,security_surveillance,True,social,0.5132974027497224,-1,0.243870968851016,0.1413789596115715,-0.1158234945638809,-0.2694264338987062,12,82,0,0,0,0,0,v1
base,40,300,-20.136666666666667,54.73387719928532,300,-15.926666666666666,38.59056960489599,300,0.0056323086059049,0.1273576548019573,300,-0.0098892220297739,0.1546184753399063,300,0.0333333333333333,0.179805419417013,300,0.0233333333333333,0.3313934634957584,300,0.0,0.0,0,,,300,-0.02,0.4399756758250686,300,0.01,0.4515673188775522,300,0.0,0.0,300,-0.0766666666666666,0.3432905234645393,300,-0.0166666666666666,0.4126619137653289,300,-0.02,0.4165473630760596,300,-0.0066666666666666,0.0815130058495636,300,0.0,0.0,,,,,,4,democracy_state_power,True,social,0.5639643340616953,1,-0.2947997200114961,-0.1408907230107038,0.1665258289720007,0.2691646140501992,22,134,1,0,0,0,0,v1
base,41,300,-18.036666666666665,63.76667849677125,300,-14.44,46.1481517111413,300,0.003453433867199,0.1260490919707305,300,-0.0016683554671177,0.1136206241140562,300,0.0133333333333333,0.199888486191498,300,0.0133333333333333,0.3268715940839033,300,0.0,0.0,0,,,300,0.0133333333333333,0.4477616821131359,300,-0.01,0.3003342619421252,300,0.0,0.0,300,-0.0233333333333333,0.2995909511577537,300,0.0033333333333333,0.3611421248437765,300,0.0033333333333333,0.4288768354927745,300,0.0033333333333333,0.0577350269189625,300,0.0,0.0,,,,,,4,security_surveillance,True,social,0.5132909025097577,1,-0.2566454512548788,-0.1539016673079594,0.1539016673079594,0.2566454512548788,14,99,1,0,0,1,2,v1
base,42,300,-16.686666666666667,83.66533401560068,300,-13.306666666666668,60.89856105045181,300,-0.0099127529381702,0.1715407030218617,300,0.008420438465099,0.1597152149612699,300,-0.0033333333333333,0.208487679726039,300,-0.0033333333333333,0.3421194351615719,300,0.0,0.0,0,,,300,0.03,0.4652830260329524,300,0.01,0.3878161133741636,300,0.0,0.0,300,0.0033333333333333,0.1917763003784489,300,0.0366666666666666,0.4113631254241821,300,0.0,0.2712537471035667,300,0.0133333333333333,0.199888486191498,300,0.0,0.0,,,,,,4,punishment_justice,True,social,0.5122411510500507,1,-0.2561205755250254,-0.1536405536639065,0.1536405536639065,0.2561205755250254,12,66,0,0,1,0,0,v1
base,43,300,-13.34,59.71675955071119,300,-10.83,40.82093739450243,300,0.0066797098854489,0.1122316766824148,300,-0.0090268192722627,0.1292157639363603,300,0.0133333333333333,0.1823909090421623,300,-0.0333333333333333,0.3254359908944517,300,0.0,0.0,0,,,300,0.01,0.4589139425741642,300,0.01,0.1915436326550751,300,-0.0033333333333333,0.0577350269189625,300,-0.0733333333333333,0.3852926033413055,300,-0.01,0.3516325993844039,300,0.02,0.1993299813665066,300,0.0033333333333333,0.0577350269189625,300,0.0,0.0,,,,,,4,hierarchy_authority,True,social,0.4115234475135702,1,-0.2057617237567851,-0.1026237719935223,0.1026237719935223,0.2057617237567851,19,104,2,0,0,0,1,v1
base,44,300,-13.6,54.425181069502734,300,-10.436666666666667,39.00526491632719,300,0.0034338607772623,0.1691879871243557,300,-0.0079402989493549,0.1630638477645999,300,0.0233333333333333,0.1903760287693513,300,0.0333333333333333,0.3453787929083926,300,0.0,0.0,0,,,300,0.0,0.5041632691962883,300,0.0,0.0,300,0.0,0.0,300,0.0,0.0,300,-0.01,0.379094150023368,300,-0.0133333333333333,0.2830003289329232,300,0.0033333333333333,0.100111420647375,300,0.0,0.0,,,,,,4,culture_tradition,False,social,0.5128889380278736,1,-0.2564444690139368,-0.1538399618954807,0.1538399618954807,0.2564444690139368,14,80,1,0,0,0,0,v1
base,45,300,-23.7,67.04266599371739,300,-17.166666666666668,45.51745104963307,300,-0.0041435809551245,0.1463898393505228,300,0.0001955294273966,0.134852672480551,300,0.02,0.2304568677496433,300,0.02,0.3161219865303472,300,0.0,0.0,0,,,300,-0.04,0.4461653786999857,300,0.0233333333333333,0.3695639058275632,300,-0.0033333333333333,0.0577350269189625,300,-0.0033333333333333,0.100111420647375,300,-0.0266666666666666,0.355495163953327,300,-0.02,0.2705129526013192,300,-0.02,0.2304568677496432,300,0.0,0.0,,,,,,4,punishment_justice,True,social,0.4618695321064948,1,-0.2309347660532474,-0.1282379658847865,0.1282379658847865,0.2309347660532474,10,77,0,0,1,0,1,v1
base,46,300,-24.726666666666667,76.54180195844432,300,-18.62,54.297911044649865,300,-0.0132395847839798,0.211311074347379,300,0.0040455284204523,0.1762448856688577,300,0.0333333333333333,0.2813409520966408,300,0.03,0.3599052272130134,300,0.0,0.0,0,,,300,0.02,0.476469738148434,300,0.01,0.2082736815380299,300,0.0,0.0,300,-0.0033333333333333,0.100111420647375,300,-0.0133333333333333,0.3164744473227652,300,-0.0066666666666666,0.2832365891624115,300,0.01,0.1732050807568877,300,0.0,0.0,,,,,,4,punishment_justice,True,social,0.5123993040403447,1,-0.2561996520201723,-0.1538150371871946,0.1538150371871946,0.2561996520201723,12,60,0,0,0,0,0,v1
base,47,300,-9.216666666666669,57.844530319195975,300,-6.803333333333334,40.56587180632153,300,0.0043494391756873,0.1324803435790136,300,-0.005479760484485,0.1356453827789043,300,-0.0033333333333333,0.1917763003784489,300,0.05,0.3668996928526714,300,0.0,0.0,0,,,300,0.06,0.4285777989652361,300,0.01,0.238234869074217,300,0.0,0.0,300,-0.02,0.2304568677496432,300,-0.03,0.309978961417931,300,0.02,0.2826061229623057,300,-0.0066666666666666,0.1154700538379251,300,0.0,0.0,,,,,,4,status_culture,False,social,0.3579524589016072,1,-0.1789762294508036,-0.0767377658528802,0.0767377658528802,0.1789762294508036,14,90,0,0,0,0,0,v1
base,48,300,-19.15333333333333,66.9839232612856,300,-15.283333333333331,47.77220601753173,300,-0.0007920372436542,0.1696436179760491,300,0.0023223419910377,0.1589522902923303,300,0.01,0.2082736815380299,300,-0.0266666666666666,0.3647818180843244,300,0.0,0.0,0,,,300,0.0,0.4553656327960779,300,-0.0333333333333333,0.4391640990661509,300,0.0,0.0,300,-0.02,0.2154562709281729,300,-0.07,0.3636032973716435,300,0.0066666666666666,0.1154700538379251,300,0.0133333333333333,0.1410266545012737,300,0.0,0.0,,,,,,4,gender_family,True,social,0.4619993252410632,1,-0.2309996626205316,-0.1284745085227307,0.1284745085227307,0.2309996626205316,12,67,0,0,1,1,2,v1
base,49,300,-20.746666666666663,72.90482058894256,300,-15.963333333333331,52.37664586750461,300,0.001689734785716,0.1604205770529702,300,0.0032535184238181,0.1472607576037703,300,0.0066666666666666,0.2312295668757509,300,0.0,0.346988959179744,300,0.0,0.0,0,,,300,-0.04,0.4752045854085492,300,0.0266666666666666,0.3048474955460372,300,0.0,0.0,300,-0.02,0.1817786518292771,300,-0.0533333333333333,0.413592898683832,300,0.0166666666666666,0.2644908446656115,300,-0.0066666666666666,0.1154700538379252,300,0.0,0.0,,,,,,4,climate_growth,False,social,0.4606746295395085,-1,0.2303373147697542,0.1285747338780632,-0.1285747338780632,-0.2303373147697542,26,164,1,0,1,1,2,v1
base,50,300,-11.876666666666669,60.335362561882405,300,-9.726666666666668,41.45140954660316,300,-0.0070148061418424,0.1405918095046302,300,0.0065329119637682,0.13443719079562,300,0.0233333333333333,0.2072003753391657,300,0.0033333333333333,0.3114142229943362,300,0.0,0.0,0,,,300,0.0,0.4698252717268169,300,0.0266666666666666,0.566000657865846,300,0.0,0.0,300,-0.0133333333333333,0.1630260116991272,300,-0.0133333333333333,0.4168149123123781,300,0.0266666666666666,0.3459593160813862,300,0.02,0.1623407374942199,300,0.0,0.0,,,,,,4,conformity_establishment,False,social,0.4101149133735415,1,-0.2050574566867707,-0.1024858711766312,0.1024858711766312,0.2050574566867707,11,71,0,0,0,0,0,v1
base,51,300,-4.056666666666667,54.49942580982752,300,-4.9,38.65008966921198,300,-0.0055923411240182,0.1584572000679528,300,0.0070815381335535,0.1641553398010422,300,0.02,0.1817786518292771,300,0.01,0.341989066695312,300,0.0,0.0,0,,,300,-0.0133333333333333,0.5235161117735639,300,0.0033333333333333,0.1292720377913878,300,0.0,0.0,300,0.0,0.115662986393248,300,-0.0066666666666666,0.305942628382776,300,0.01,0.3320655937136939,300,0.0066666666666666,0.0815130058495636,300,0.0,0.0,,,,,,5,pseudoscience,False,social,0.4625492285723822,1,-0.2312746142861911,-0.1279411594424309,0.1279411594424309,0.2312746142861911,5,42,0,0,0,0,0,v1
base,52,300,-22.686666666666667,75.19723333936699,300,-17.68,51.48956058754365,300,-0.0062508762258526,0.1297823946541531,300,0.0043497007688894,0.1361040002759619,300,0.0033333333333333,0.1292720377913878,300,-0.0033333333333333,0.300482703449739,300,0.0,0.0,0,,,300,-0.0233333333333333,0.4435968320297666,300,0.0,0.115662986393248,300,0.0,0.0,300,-0.01,0.2237563175244601,300,-0.0133333333333333,0.346731835054638,300,-0.0066666666666666,0.2002228412947501,300,0.0,0.081786082010953,300,0.0,0.0,,,,,,5,religion_morality,True,social,0.4104852657007097,1,-0.2052426328503548,-0.1028993893658061,0.1028993893658061,0.2052426328503548,7,44,1,1,0,0,0,v1
base,53,300,-23.836666666666662,74.63061761664376,300,-19.286666666666665,52.84524471054401,300,-0.0028776205375032,0.143744112429185,300,0.0031910667243625,0.1394348414196466,300,0.0133333333333333,0.1630260116991272,300,0.0433333333333333,0.3293688434044334,300,0.0,0.0,0,,,300,-0.0233333333333333,0.4584278305341527,300,-0.0366666666666666,0.2624598498784459,300,0.0,0.0,300,-0.0233333333333333,0.1903760287693512,300,-0.0033333333333333,0.3792117624205275,300,-0.0066666666666666,0.305942628382776,300,-0.0066666666666666,0.4169753594520779,300,0.0,0.0,,,,,,5,charity_welfare,False,economic,1.250823125416466,1,-0.6254115627082331,-0.5006940363341199,0.5006940363341199,0.6254115627082331,14,89,0,0,0,0,0,v1
base,54,300,-9.076666666666666,65.88104301175424,300,-7.283333333333333,46.94474502904127,300,-0.0029577656105267,0.1497750780123895,300,0.0036404132874606,0.1521290814137954,300,0.0266666666666666,0.1985454352410864,300,0.0133333333333333,0.294581312012227,300,0.0,0.0,0,,,300,0.01,0.4128779812786691,300,-0.0066666666666666,0.1415001644664615,300,0.0,0.0,300,-0.01,0.1289266209073801,300,0.0233333333333333,0.2995909511577538,300,0.0333333333333333,0.3549302379363596,300,0.0,0.115662986393248,300,0.0,0.0,,,,,,5,fate_responsibility,False,social,0.461067800642462,1,-0.230533900321231,-0.1280659548542035,0.1280659548542035,0.230533900321231,5,34,0,0,0,0,0,v1
base,55,300,-15.003333333333334,66.89534072658053,300,-12.16,48.33025738876438,300,-0.0006510012094154,0.1399797937649552,300,-0.003944754635134,0.1600663839986487,300,0.0233333333333333,0.2072003753391658,300,0.0133333333333333,0.336948070523715,300,0.0,0.0,0,,,300,-0.0266666666666666,0.4831151239253853,300,-0.0066666666666666,0.2711715365403501,300,0.0,0.0,300,-0.01,0.152679523149955,300,-0.0266666666666666,0.4161725051815884,300,-0.0233333333333333,0.1512121222276314,300,0.01,0.0996649906832533,300,0.0,0.0,,,,,,5,religion_education,True,social,0.410186055793005,1,-0.2050930278965025,-0.1026013034106898,0.1026013034106898,0.2050930278965025,11,65,0,0,0,0,0,v1
base,56,300,-25.106666666666666,86.3240102058263,300,-21.05333333333333,63.90333279281283,300,-0.0109894462940796,0.1368965811563351,300,0.010776834077646,0.1364049084197189,300,0.02,0.2154562709281729,300,0.01,0.3610186257806307,300,0.0,0.0,0,,,300,-0.0166666666666666,0.4513697720560998,300,0.0166666666666666,0.2233573757005164,300,0.0,0.0,300,-0.0066666666666666,0.0815130058495636,300,-0.0333333333333333,0.4156900483250436,300,0.0033333333333333,0.100111420647375,300,0.01,0.1289266209073801,300,0.0,0.0,,,,,,6,sexual_morality,True,social,0.4623318433340745,1,-0.2182265602346296,-0.1665315822043416,0.1406528593395261,0.2441052830994448,6,40,0,0,1,0,0,v1
base,57,300,-20.446666666666665,90.37762003338295,300,-17.52,66.93557227752967,300,-0.013414277938391,0.1203197178048717,300,0.0145713107835405,0.1389864217459219,300,0.02,0.1993299813665066,300,0.0533333333333333,0.3122186581932104,300,0.0,0.0,0,,,300,0.0066666666666666,0.4974404946402284,300,0.0133333333333333,0.3057239156453865,300,-0.0033333333333333,0.0577350269189625,300,0.0,0.0,300,-0.0366666666666666,0.394767899578153,300,0.0,0.1635721640219061,300,0.0,0.0,300,0.0,0.0,,,,,,6,lgbt_family,True,social,0.4618926606302363,-1,0.2180085981091523,0.1665427127731495,-0.1406672483612178,-0.2438840625210839,19,113,0,1,1,0,1,v1
base,58,300,-41.31666666666667,93.80048770592,300,-31.77,68.70851451279664,300,-0.014869867165938,0.1396496933079066,300,0.0123318743494018,0.1448056824985967,300,0.03,0.2365442395357052,300,0.04,0.3815125678989921,300,0.0,0.0,0,,,300,-0.0333333333333333,0.4467147514010327,300,-0.0333333333333333,0.3149914617235702,300,0.0,0.0,300,-0.0333333333333333,0.2137940955057755,300,0.01,0.3963461883295264,300,-0.0066666666666666,0.2162825683841512,300,-0.0166666666666666,0.1726893964541963,300,0.0,0.0,,,,,,6,sexuality_expression,True,social,0.4629929933556577,-1,0.2314964966778288,0.1277766585763877,-0.1277766585763877,-0.2314964966778288,11,83,0,0,1,0,2,v1
base,59,300,-16.036666666666665,82.70749919828513,300,-12.833333333333334,60.86246534481152,300,0.0010862762900335,0.1206663465704812,300,-0.002184179111927,0.1092996860742558,300,0.0333333333333333,0.2430757941353628,300,0.0266666666666666,0.3048474955460371,300,0.0,0.0,0,,,300,0.02,0.4245004933993846,300,-0.01,0.2237563175244602,300,0.0,0.0,300,-0.0066666666666666,0.0815130058495636,300,-0.0066666666666666,0.3921754208999877,300,-0.0233333333333333,0.1719129696075503,300,0.0,0.0,300,0.0,0.0,,,,,,6,sexuality_privacy,True,social,0.5127044410478736,-1,0.2563522205239368,0.1541558724850859,-0.1541558724850859,-0.2563522205239368,16,88,0,1,0,0,0,v1
base,60,300,-32.736666666666665,85.8468379587387,300,-26.63,63.62352507637257,300,0.0077789341316855,0.1373872489852797,300,-0.0075383752146177,0.1406161078146626,300,0.0,0.231325972786496,300,-0.0033333333333333,0.3792117624205273,300,0.0,0.0,0,,,300,-0.0466666666666666,0.460284435351641,300,0.01,0.0996649906832533,300,0.0,0.0,300,-0.04,0.1962865968262873,300,-0.01,0.3701667345551697,300,-0.0033333333333333,0.152971314191388,300,0.0033333333333333,0.0577350269189625,300,0.0,0.0,,,,,,6,lgbt_identity,True,social,0.5134103128699198,1,-0.2567051564349599,-0.1537578829110864,0.1537578829110864,0.2567051564349599,6,37,1,1,0,0,0,v1
base,61,300,-29.99,88.55146020071564,300,-24.136666666666667,61.494089681649925,300,-0.0143204271532259,0.1268982666448102,300,0.008329363678904,0.1162100550217725,300,0.03,0.2633080015474839,300,0.0666666666666666,0.3950643090051559,300,0.0,0.0,0,,,300,0.0,0.4404315305588008,300,-0.0333333333333333,0.3453787929083927,300,0.0,0.0,300,-0.0066666666666666,0.0815130058495636,300,-0.03,0.4037035900617713,300,0.0133333333333333,0.2309401076758503,300,0.0033333333333333,0.100111420647375,300,0.0,0.0,,,,,,6,sexual_morality,True,social,0.4107456076450476,1,-0.2053728038225238,-0.1023263224248381,0.1023263224248381,0.2053728038225238,9,47,0,0,0,0,0,v1
centrism,0,300,-17.653333333333332,58.9187396490142,300,-14.016666666666667,40.90959592832656,300,-0.0053902687629161,0.1010260743876686,300,0.007186038369715,0.1158771643164101,300,0.0033333333333333,0.0577350269189625,300,0.0066666666666666,0.27117153654035,300,0.0,0.0,0,,,300,-0.0366666666666666,0.5319135226149935,300,-0.0166666666666666,0.4800942865404512,300,0.0,0.0,300,-0.01,0.0996649906832533,300,0.01,0.3419890666953118,300,0.0133333333333333,0.2309401076758503,300,0.0033333333333333,0.152971314191388,300,-0.0094252873563218,0.0514673465190566,,,,,,1,globalization_corporations,False,economic,1.1256724443927717,-1,0.5628362221963857,0.3129697581970322,-0.3129697581970322,-0.5628362221963857,17,133,0,0,1,1,2,v1
centrism,1,300,-15.5,50.15811121245832,300,-11.846666666666666,35.23190950041889,300,-0.0043428350300983,0.1222099714087662,300,0.0038891392543806,0.1345733837925231,300,-0.0066666666666666,0.1634357970419517,300,0.0033333333333333,0.2891381881761062,300,0.0,0.0,0,,,300,0.0033333333333333,0.5331695679451628,300,-0.0533333333333333,0.459557248997237,300,-0.0233333333333333,0.2072003753391658,300,-0.0766666666666666,0.3713694563809259,300,0.0033333333333333,0.342119435161572,300,-0.0166666666666666,0.1520942616833793,300,-0.0066666666666666,0.1827572788302571,300,-0.0018390804597701,0.0431707082960996,,,,,,1,nationalism,False,social,0.5117596845338225,1,-0.2558798422669112,-0.154086091976827,0.154086091976827,0.2558798422669112,12,61,1,0,0,1,2,v1
centrism,2,300,-17.74,55.54653115853248,300,-14.183333333333334,40.69672961751053,300,0.0113025202538239,0.1440470188206935,300,-0.0128265007294526,0.1385766787113295,300,0.0133333333333333,0.1630260116991272,300,-0.0066666666666666,0.3921754208999877,300,0.0,0.0,0,,,300,0.01,0.5203870440213556,300,-0.05,0.4413797157909568,300,0.0,0.0,300,-0.0033333333333333,0.0577350269189625,300,0.0,0.3271443280438122,300,0.0033333333333333,0.2891381881761061,300,-0.0033333333333333,0.2384219767952445,300,-0.0051149425287356,0.0462827764716463,,,,,,1,nationalism,False,social,0.4615140033271022,-1,0.2307570016635511,0.1279111119651034,-0.1279111119651034,-0.2307570016635511,16,73,1,1,0,0,1,v1
centrism,3,300,-19.276666666666667,68.8152982492459,300,-15.76,48.86801280577392,300,-0.0073309852332433,0.1090638275364205,300,0.0108881360232625,0.1179620763802655,300,0.0233333333333333,0.1903760287693512,300,0.02,0.33661704768074,300,0.0,0.0,0,,,300,0.09,0.4272099732028893,300,-0.02,0.3917203288744558,300,0.0033333333333333,0.0577350269189625,300,-0.2466666666666666,0.5292345285184471,300,0.0066666666666666,0.4479110438837146,300,0.0,0.081786082010953,300,0.0166666666666666,0.1520942616833792,300,-0.0141379310344827,0.047383300287917,,,,,,1,race_ethnicity,True,social,0.4614170123122114,1,-0.2307085061561057,-0.1283442870283275,0.1283442870283275,0.2307085061561057,10,64,0,0,0,0,1,v1
centrism,4,300,-12.93,47.33201346158601,300,-10.113333333333332,35.37983793060026,300,0.0051310582628166,0.1390918614931825,300,-0.0038114247231489,0.1338749704986894,300,0.0066666666666666,0.0815130058495636,300,0.04,0.3142118664054026,300,0.0,0.0,0,,,300,-0.0166666666666666,0.4870107670057071,300,-0.0033333333333333,0.4662404487770321,300,-0.0033333333333333,0.0577350269189625,300,-0.0666666666666666,0.3202563076101741,300,-0.02,0.3464101615137754,300,0.0066666666666666,0.27117153654035,300,0.0033333333333333,0.0577350269189625,300,-0.0040804597701149,0.040184236365777,,,,,,1,foreign_policy,False,social,0.461861066717613,1,-0.2309305333588065,-0.1281013083517744,0.1281013083517744,0.2309305333588065,8,35,0,0,0,0,0,v1
centrism,5,300,-22.016666666666666,48.71159122104829,300,-17.30666666666667,35.9466246207853,300,-0.0038821146547118,0.1289331865925951,300,0.0030359287383997,0.1346555871309564,300,0.0066666666666666,0.1154700538379251,300,0.0266666666666666,0.3361530680698871,300,0.0,0.0,0,,,300,-0.0333333333333333,0.4614455499196965,300,0.0933333333333333,0.4817285857444001,300,-0.0033333333333333,0.0577350269189625,300,-0.1066666666666666,0.3301295310122631,300,0.0333333333333333,0.364231296036273,300,-0.0066666666666666,0.0815130058495636,300,-0.01,0.2518825441619796,300,-0.0025862068965517,0.0417858827102616,,,,,,1,war_international_law,True,social,0.4107146578260567,1,-0.2053573289130283,-0.1024961490528865,0.1024961490528865,0.2053573289130283,9,69,0,0,1,0,0,v1
centrism,6,300,-10.85,52.64687211803477,300,-8.893333333333333,38.274339171551375,300,-0.0011234743397431,0.1203959376230461,300,0.0024952016730334,0.1230472310138189,300,0.0033333333333333,0.1292720377913879,300,0.0066666666666666,0.27117153654035,300,0.0,0.0,0,,,300,0.0066666666666666,0.4906710532497438,300,0.02,0.4903073911258548,300,0.0,0.0,300,-0.0066666666666666,0.1154700538379252,300,-0.0133333333333333,0.3655145576605141,300,0.0133333333333333,0.2159730773097216,300,0.0033333333333333,0.2649961611804155,300,-0.0050574712643678,0.0452354372380573,,,,,,1,media_information,False,social,0.4622518323224769,-1,0.2311259161612384,0.1283939375304129,-0.1283939375304129,-0.2311259161612384,10,64,0,0,0,0,0,v1
centrism,7,300,-17.616666666666667,54.25201063322954,300,-14.346666666666666,40.20973220630254,300,-8.196059437660004e-05,0.1260466279187342,300,-0.003412139509088,0.1257191013044912,300,0.0066666666666666,0.1415001644664616,300,0.0533333333333333,0.2782329974892659,300,0.0,0.0,0,,,300,-0.0433333333333333,0.498950961949492,300,0.01,0.4287728464422088,300,0.0,0.0,300,-0.0033333333333333,0.0577350269189625,300,-0.0233333333333333,0.378505539855398,300,0.0333333333333333,0.2289036445403065,300,0.0033333333333333,0.1529713141913879,300,-0.0037931034482758,0.046463757616186,,,,,,2,class_nationality,False,economic,1.1262983257167811,-1,0.5631491628583906,0.3128270695863424,-0.3128270695863424,-0.5631491628583906,10,64,1,0,0,0,0,v1
centrism,8,300,-16.71,51.03535956982573,300,-12.776666666666667,37.46302688652582,300,0.0038148416924774,0.1241340708787173,300,-0.0060897905061784,0.1452386053589823,300,0.0066666666666666,0.1154700538379251,300,0.0033333333333333,0.2649961611804155,300,0.0,0.0,0,,,300,0.0433333333333333,0.4853598005695556,300,-0.05,0.4983249534162668,300,0.0,0.0,300,-0.01,0.152679523149955,300,-0.0033333333333333,0.3421194351615719,300,0.0033333333333333,0.2520595212041283,300,-0.0133333333333333,0.1998884861914979,300,-0.0058045977011494,0.0552555727325561,,,,,,2,macroeconomics,False,economic,1.1264763070556578,1,-0.5632381535278289,-0.3130761658529776,0.3130761658529776,0.5632381535278289,8,70,0,0,0,0,0,v1
centrism,9,300,-14.676666666666666,49.61718457927791,300,-11.476666666666668,34.623190783379535,300,0.0064547405318467,0.115118200245268,300,-0.0096832061954219,0.1180461569082331,300,-0.0066666666666666,0.1415001644664616,300,-0.0033333333333333,0.3004827034497388,300,0.0,0.0,0,,,300,0.0066666666666666,0.4838069028925802,300,-0.0566666666666666,0.5548107232962464,300,0.0,0.0,300,-0.0066666666666666,0.0815130058495636,300,-0.0266666666666666,0.3361530680698872,300,0.0,0.2948839123097942,300,0.03,0.2365442395357052,300,-0.0043103448275862,0.0563711354695041,,,,,,2,environment_regulation,False,economic,1.0019515241771093,-1,0.5009757620885547,0.2500578405142084,-0.2500578405142084,-0.5009757620885547,13,103,1,1,0,0,1,v1
centrism,10,300,-16.593333333333334,48.36664549954324,300,-13.533333333333331,35.86031366113714,300,0.0081525604990782,0.120287691918867,300,-0.0100128118887897,0.1338613971447522,300,-0.0066666666666666,0.0815130058495636,300,-0.0033333333333333,0.2649961611804154,300,0.0,0.0,0,,,300,-0.02,0.5168725090730323,300,0.03,0.4724164026842037,300,0.0,0.0,300,-0.0466666666666666,0.2543709314987216,300,0.0233333333333333,0.3509979402633572,300,-0.01,0.2518825441619799,300,-0.01,0.1289266209073801,300,-0.0037931034482758,0.048964152790825,,,,,,2,redistribution,False,economic,1.125634807287937,-1,0.5628174036439685,0.3126966458815354,-0.3126966458815354,-0.5628174036439685,17,97,0,0,0,0,1,v1
centrism,11,300,-15.683333333333334,52.32874334585225,300,-12.076666666666666,36.60935589005226,300,0.0031599748793159,0.1353981979678737,300,-0.003132547713959,0.1388119330703233,300,-0.0033333333333333,0.100111420647375,300,0.0333333333333333,0.3355555801654266,300,0.0,0.0,0,,,300,0.03,0.519615242270663,300,0.0066666666666666,0.4906710532497437,300,-0.0133333333333333,0.1410266545012737,300,0.0,0.081786082010953,300,0.0133333333333333,0.3164744473227652,300,0.0333333333333333,0.4963635881027163,300,0.0033333333333333,0.1001114206473751,300,-0.0082183908045977,0.0498630771755465,,,,,,2,markets_property,False,economic,1.2511662022059689,1,-0.6255831011029844,-0.3752179071633886,0.3752179071633886,0.6255831011029844,8,43,0,0,0,0,1,v1
centrism,12,300,-19.46,52.17287061388942,300,-15.026666666666667,38.64086364675069,300,-0.010714269704641,0.1196054697455893,300,0.0067772223174824,0.1201819175288112,300,0.0166666666666666,0.1282329958564094,300,-0.0033333333333333,0.342119435161572,300,0.0,0.0,0,,,300,0.0,0.5425074942071334,300,-0.0366666666666666,0.5255882726336166,300,0.0,0.0,300,-0.0066666666666666,0.0815130058495636,300,0.0,0.3747909116090586,300,-0.0033333333333333,0.1292720377913878,300,0.0166666666666666,0.3317969050129051,300,-0.0060344827586206,0.0508249406598258,,,,,,2,commodification,False,economic,1.2517030857192872,-1,0.6258515428596436,0.3749836646395989,-0.3749836646395989,-0.6258515428596436,22,122,0,0,0,0,1,v1
centrism,13,300,-17.993333333333332,55.73977962218713,300,-15.216666666666669,39.17121821794436,300,0.0080002185295327,0.1301897678951199,300,-0.0070672719086181,0.1282442612445057,300,-0.0033333333333333,0.100111420647375,300,0.0066666666666666,0.305942628382776,300,0.0,0.0,0,,,300,-0.0733333333333333,0.5185091397286675,300,0.0533333333333333,0.5013248890391565,300,0.0,0.0,300,0.0,0.115662986393248,300,0.01,0.3790941500233681,300,-0.0166666666666666,0.2078450241625218,300,0.01,0.3419890666953118,300,-0.0107471264367816,0.051235890612435,,,,,,2,markets_property,False,economic,1.1273100422920703,-1,0.5951331912274722,0.3441817904773077,-0.4071381306401817,-0.5321768510645983,11,52,0,0,0,0,0,v1
centrism,14,300,-23.73333333333333,59.40560277470168,300,-17.933333333333334,43.14216472097333,300,0.0058091112173978,0.1060697286361633,300,-0.004125219687521,0.1084277130842156,300,0.0133333333333333,0.1148893122493093,300,0.0433333333333333,0.3490870399011955,300,0.0,0.0,0,,,300,0.0,0.4698252717268168,300,-0.0833333333333333,0.4730766964859741,300,0.0033333333333333,0.0577350269189625,300,-0.0133333333333333,0.1630260116991272,300,-0.0066666666666666,0.327076165874504,300,0.0133333333333333,0.2309401076758503,300,-0.02,0.1817786518292771,300,-0.0068965517241379,0.0493939424584123,,,,,,2,finance_inequality,False,economic,1.2511874581086335,-1,0.5943980251361615,0.3441774322351342,-0.2817860243988236,-0.6567894329724723,21,133,0,0,0,0,0,v1
centrism,15,300,-19.23333333333333,56.4733241749304,300,-13.943333333333332,39.8971938337554,300,0.0009916022325019,0.1418850407421854,300,-0.0034926321490374,0.1497194889227625,300,-0.0033333333333333,0.1734623480071185,300,0.0166666666666666,0.3215590505108515,300,0.0,0.0,0,,,300,-0.05,0.5115717795370743,300,0.06,0.5202263464156894,300,-0.0033333333333333,0.0577350269189625,300,-0.0066666666666666,0.1154700538379251,300,0.0266666666666666,0.3826796326253984,300,0.0133333333333333,0.1630260116991272,300,0.0,0.2313259727864961,300,0.0009770114942528,0.0514643522875364,,,,,,2,trade_protectionism,False,economic,1.126856500617869,-1,0.5948674955439203,0.3440422655802017,-0.4069207560501731,-0.5319890050739486,6,46,0,0,1,0,0,v1
centrism,16,300,-21.02,52.86304258083344,300,-17.153333333333332,38.16926509924282,300,-0.00728172592732,0.1350878793969937,300,0.0008731206915163,0.1686022653783904,300,0.0033333333333333,0.1292720377913878,300,0.0266666666666666,0.3738378498969942,300,0.0,0.0,0,,,300,0.0033333333333333,0.480372857785713,300,0.0266666666666666,0.4761420583762141,300,0.0033333333333333,0.0577350269189625,300,-0.0166666666666666,0.1520942616833792,300,-0.0233333333333333,0.4123376002064761,300,0.0133333333333333,0.2309401076758503,300,0.0066666666666666,0.1154700538379252,300,-0.0078160919540229,0.0515059661510953,,,,,,2,corporate_responsibility,False,economic,1.1256829106130049,1,-0.5628414553065024,-0.3128880887498754,0.3128880887498754,0.5628414553065024,16,94,1,0,1,0,0,v1
centrism,17,300,-22.23333333333333,60.9822515620253,300,-16.303333333333335,43.96134653137604,300,-0.0031712893325789,0.1125824734244746,300,0.0054817617230026,0.1233467067527771,300,-0.0066666666666666,0.1634357970419516,300,-0.0033333333333333,0.3517593937991924,300,0.0,0.0,0,,,300,-0.0133333333333333,0.4551697344721935,300,-0.0133333333333333,0.5170881511655515,300,0.0,0.0,300,-0.0033333333333333,0.0577350269189625,300,0.0566666666666666,0.3923885635927097,300,-0.0233333333333333,0.3313934634957584,300,0.01,0.2518825441619798,300,-0.0061494252873563,0.051760997387059,,,,,,2,taxation_inequality,False,economic,1.0023483782388944,1,-0.5322601911075274,-0.2817261705460396,0.3438981745222003,0.4700881871313669,6,30,0,0,0,0,0,v1
centrism,18,300,-17.293333333333333,57.08100758552548,300,-14.056666666666668,43.17267331649963,300,0.0002326760149049,0.1380232776699506,300,-0.00119784160283,0.1538488796082777,300,0.0166666666666666,0.1282329958564094,300,0.0166666666666666,0.2886751345948129,300,0.0,0.0,0,,,300,-0.0033333333333333,0.487285384254356,300,-0.0266666666666666,0.5100549733197881,300,0.0,0.0,300,-0.07,0.3034362842431961,300,0.0133333333333333,0.3467318350546381,300,0.0066666666666666,0.3270761658745041,300,-0.0566666666666666,0.3273317008226268,300,-0.0040229885057471,0.0537106208691725,,,,,,2,healthcare_inequality,False,economic,1.0007106619167392,1,-0.5003553309583696,-0.2506864119449827,0.2506864119449827,0.5003553309583696,15,85,0,0,1,0,0,v1
centrism,19,300,-17.493333333333332,49.37288962228566,300,-13.783333333333331,34.37813125497327,300,-0.0035064730192283,0.1207917020653958,300,-6.532757891662152e-05,0.1102835771168734,300,0.0033333333333333,0.1292720377913879,300,0.0066666666666666,0.29480829135399,300,0.0,0.0,0,,,300,0.0133333333333333,0.5105792718717691,300,-0.01,0.4802800186568979,300,0.0,0.0,300,0.0,0.0,300,0.02,0.3742551130340198,300,0.0166666666666666,0.1726893964541963,300,0.0066666666666666,0.305942628382776,300,-0.0013793103448275,0.0413052425944705,,,,,,2,consumer_regulation,False,economic,0.8755520577753246,-1,0.4689684426397087,0.2190226218104331,-0.2814074493145257,-0.4065836151356159,8,63,0,0,1,0,0,v1
centrism,20,300,-17.673333333333332,51.75811980202096,300,-13.546666666666669,37.46063024407312,300,-0.0062276214524081,0.1056138630883766,300,0.0062446569520124,0.124064837982794,300,-0.0033333333333333,0.1529713141913879,300,0.04,0.3142118664054026,300,0.0,0.0,0,,,300,-0.0133333333333333,0.49053471154751,300,0.0266666666666666,0.5100549733197882,300,0.0,0.0,300,0.0,0.0,300,0.0033333333333333,0.370287182531856,300,-0.0333333333333333,0.382154894556733,300,-0.0066666666666666,0.2312295668757509,300,-0.0044827586206896,0.0458633219367134,,,,,,2,competition_monopoly,False,unweighted,0.0,0,0.0,0.0,0.0,0.0,15,107,0,0,0,0,0,v1
centrism,21,300,-18.98333333333333,61.11885774014779,300,-16.7,46.20367154473814,300,0.0041301101784587,0.0992741953280013,300,-0.0026890932009063,0.1142054921334995,300,0.0033333333333333,0.152971314191388,300,-0.0166666666666666,0.331796905012905,300,0.0,0.0,0,,,300,-0.0133333333333333,0.4836686262538603,300,-0.05,0.5049918042978785,300,-0.0266666666666666,0.1985454352410865,300,-0.0033333333333333,0.100111420647375,300,-0.01,0.3610186257806307,300,0.0,0.1635721640219061,300,-0.0066666666666666,0.2162825683841512,300,-0.0028160919540229,0.0454854090377788,,,,,,3,abortion,True,social,0.4104633392560614,1,-0.2052316696280307,-0.1023753595936063,0.1023753595936063,0.2052316696280307,13,76,1,1,1,0,2,v1
centrism,22,300,-18.453333333333333,45.989178117269006,300,-13.796666666666669,32.98436827839268,300,0.0019366980759988,0.1475613538306107,300,-0.0027154501201052,0.1504651488644471,300,0.0,0.0,300,0.0066666666666666,0.2832365891624115,300,0.0,0.0,0,,,300,0.0433333333333333,0.5314102732200752,300,-0.0466666666666666,0.4529600404188835,300,-0.01,0.0996649906832533,300,-0.01,0.152679523149955,300,-0.0266666666666666,0.3156278801870861,300,-0.01,0.2771691585925756,300,0.0,0.2453582460328592,300,-0.0054022988505747,0.0429624804378123,,,,,,3,authority_civil_liberties,False,social,0.4616993969020112,-1,0.2176982515006493,0.166499878248249,-0.1401969843475359,-0.2440011454013619,5,35,1,0,1,0,0,v1
centrism,23,300,-13.153333333333334,49.85118142887962,300,-9.68,35.22641909145305,300,-0.0137205821886032,0.1254526824622172,300,0.0137838190826363,0.1306864836656764,300,0.0033333333333333,0.1292720377913878,300,-0.02,0.2705129526013192,300,0.0,0.0,0,,,300,0.0433333333333333,0.5438518225631312,300,0.06,0.48702221248266,300,-0.0033333333333333,0.0577350269189625,300,-0.07,0.3542857528166063,300,-0.0033333333333333,0.2891381881761062,300,-0.01,0.3701667345551697,300,0.01,0.2082736815380299,300,-0.0044827586206896,0.0466371798577368,,,,,,3,punishment_justice,True,social,0.3596187178817474,1,-0.1669760268080711,-0.1152757727821722,0.089609108516567,0.1926426910736762,11,42,0,0,0,0,0,v1
centrism,24,300,-22.366666666666667,59.33160783131016,300,-17.61,43.95929136893432,300,0.002082915503847,0.125611070925144,300,-0.0032056171676823,0.1281407380104844,300,0.0166666666666666,0.1726893964541963,300,0.0366666666666666,0.2868154445276979,300,0.0,0.0,0,,,300,-0.03,0.4431945449599693,300,-0.04,0.5025686528586124,300,0.0033333333333333,0.0577350269189625,300,-0.0033333333333333,0.0577350269189625,300,-0.0333333333333333,0.3149914617235701,300,-0.0033333333333333,0.2384219767952443,300,0.0,0.3167561335799752,300,-0.008103448275862,0.0525415933081244,,,,,,3,culture_public_funding,False,economic,1.1257119969930642,1,-0.5943423845479201,-0.3439126533718808,0.4068854254746565,0.5313696124451441,19,110,1,2,1,0,0,v1
centrism,25,300,-11.523333333333332,58.731144036376726,300,-9.786666666666669,42.46770745098798,300,0.006941232334953,0.0882046657096961,300,-0.0052091581726843,0.105058040849015,300,0.0033333333333333,0.152971314191388,300,0.0033333333333333,0.3114142229943361,300,0.0,0.0,0,,,300,-0.0333333333333333,0.3992747047523451,300,-0.01,0.5073704259846837,300,-0.0033333333333333,0.0577350269189625,300,-0.0066666666666666,0.1154700538379251,300,-0.0133333333333333,0.3745528735338494,300,0.0233333333333333,0.2227576233294689,300,0.0133333333333333,0.4004456825895003,300,-0.007183908045977,0.0482424537460353,,,,,,3,education_authority,False,social,0.5128571477353425,-1,0.2823584752358763,0.0765226192060978,-0.1283824219425081,-0.2304986724994661,7,56,0,1,1,0,0,v1
centrism,26,300,-9.316666666666666,60.83397321023866,300,-7.47,43.73692752619278,300,0.0170356692706292,0.1297426050975673,300,-0.0157180328739985,0.1300023427953566,300,0.01,0.1289266209073801,300,0.02,0.365209428166093,300,0.0,0.0,0,,,300,0.0333333333333333,0.5030564330220866,300,0.04,0.475204585408549,300,0.0,0.0,300,-0.1566666666666666,0.4466024346901011,300,-0.0133333333333333,0.3655145576605142,300,-0.0033333333333333,0.1917763003784489,300,0.03,0.2757173677693011,300,-0.0031609195402298,0.0478285106289867,,,,,,3,race_segregation,True,social,0.4612943371342164,1,-0.2306471685671082,-0.1287015914139468,0.1287015914139468,0.2306471685671082,24,122,2,0,1,1,2,v1
centrism,27,300,-27.736666666666668,63.18508663282987,300,-22.96,45.4189535083388,300,-0.0044126850260018,0.1284473574904036,300,0.0026425842916553,0.1197190959407438,300,0.02,0.16234073749422,300,0.03,0.3408135064134727,300,0.0,0.0,0,,,300,-0.0166666666666666,0.4206885050523321,300,-0.0133333333333333,0.5361408823321675,300,-0.0033333333333333,0.0577350269189625,300,0.0,0.0,300,0.02,0.3830872653101502,300,-0.0066666666666666,0.1827572788302572,300,0.01,0.3112709946445756,300,-0.0018965517241379,0.0422957421693271,,,,,,3,family_discipline,True,social,0.5121342554809217,1,-0.2429691962297503,-0.141265633974797,0.1150697709533757,0.2691650592511714,8,52,0,0,1,0,0,v1
centrism,28,300,-15.766666666666667,50.97857332923809,300,-12.673333333333334,36.44430334602119,300,0.0037422442788219,0.0971024779824728,300,-0.003725898706009,0.0926784686633229,300,0.01,0.1289266209073802,300,0.0333333333333333,0.292987533074953,300,0.0,0.0,0,,,300,-0.0266666666666666,0.4831151239253854,300,-0.0033333333333333,0.4872853842543558,300,0.0,0.0,300,-0.01,0.0996649906832533,300,-0.0333333333333333,0.3453787929083927,300,-0.01,0.2889839194239338,300,-0.01,0.2382348690742171,300,-0.0063218390804597,0.0421579693140494,,,,,,3,family_privacy,False,social,0.4613410673836548,-1,0.2177882431016637,0.1152734946998537,-0.0895089135195258,-0.2435528242819911,12,66,0,0,0,0,0,v1
centrism,29,300,-15.576666666666666,53.95852602376893,300,-12.906666666666666,38.48204144708725,300,-0.0053575562760506,0.1031055202088764,300,0.0045971414690972,0.095896578427824,300,0.0066666666666666,0.1827572788302572,300,0.02,0.2942026239626158,300,0.0,0.0,0,,,300,-0.03,0.4652830260329527,300,-0.0166666666666666,0.4800942865404512,300,-0.0033333333333333,0.0577350269189625,300,0.0,0.0,300,-0.0133333333333333,0.3268715940839032,300,-0.02,0.2578532418147603,300,-0.0233333333333333,0.3604004956708878,300,-0.0066091954022988,0.0447796185377135,,,,,,3,drugs_personal_liberty,False,social,0.4104253525258263,-1,0.2182046607572217,0.063910719726584,-0.089894688715201,-0.1922206917686045,11,71,0,1,1,0,0,v1
centrism,30,300,-16.113333333333333,53.93685601712676,300,-12.296666666666669,39.59758263738631,300,0.0025970155472442,0.1298559995286106,300,-0.0014931480313451,0.1422179801870893,300,0.0,0.081786082010953,300,0.0233333333333333,0.2639845608809358,300,0.0,0.0,0,,,300,-0.0366666666666666,0.4719441986552755,300,0.02,0.4834380772983648,300,-0.0066666666666666,0.0815130058495636,300,-0.0066666666666666,0.0815130058495636,300,-0.0266666666666666,0.3826796326253985,300,0.0033333333333333,0.1292720377913878,300,-0.0066666666666666,0.1827572788302571,300,-0.0068390804597701,0.0431846388684573,,,,,,3,education_work,False,social,0.5136030936784408,1,-0.243931794802806,-0.1410224118253431,0.1152829077525141,0.2696712988756348,15,86,0,0,1,0,0,v1
centrism,31,300,-26.366666666666667,66.21445008623847,300,-22.14666666666667,49.2202593993573,300,-3.482465824386901e-05,0.1403802648042346,300,-0.0015040316392994,0.1577614271109604,300,-0.0066666666666666,0.1415001644664615,300,-0.02,0.3366170476807401,300,0.0,0.0,0,,,300,0.0466666666666666,0.5279691217618717,300,0.0166666666666666,0.4513697720560997,300,-0.0033333333333333,0.0577350269189625,300,-0.1733333333333333,0.5331382028768697,300,-0.0133333333333333,0.3369480705237149,300,-0.0033333333333333,0.0577350269189625,300,0.0633333333333333,0.2821125908841007,300,-0.0085057471264367,0.0479537943980741,,,,,,3,disability_eugenics,True,social,0.5648712533126834,1,-0.2824356266563417,-0.1799160768022441,0.1799160768022441,0.2824356266563417,11,80,0,1,1,0,0,v1
centrism,32,300,-20.41333333333333,53.37376087606851,300,-14.71,38.55655490861968,300,-0.0101681924177622,0.1379496286662973,300,0.011680181716888,0.1417807992018717,300,0.0133333333333333,0.1148893122493092,300,0.06,0.3215763847633376,300,0.0,0.0,0,,,300,-0.02,0.5662763427171136,300,0.02,0.4693979635240604,300,-0.0033333333333333,0.100111420647375,300,-0.0033333333333333,0.0577350269189625,300,0.0066666666666666,0.3564347176065669,300,0.01,0.152679523149955,300,-0.0133333333333333,0.2159730773097216,300,-0.000919540229885,0.0441111213892181,,,,,,3,family_discipline,False,social,0.5131562180020632,1,-0.2565781090010316,-0.153715370282877,0.153715370282877,0.2565781090010316,12,71,0,0,0,0,0,v1
centrism,33,300,-11.11,62.648015233597214,300,-8.6,45.38818080207378,300,0.0144220333179265,0.1418556696796758,300,-0.0130588776173364,0.1361363981815541,300,0.01,0.152679523149955,300,0.0033333333333333,0.3219748149993542,300,0.0,0.0,0,,,300,0.03,0.4431945449599694,300,-0.0333333333333333,0.4156900483250437,300,0.0,0.0,300,-0.05,0.3668996928526714,300,-0.0133333333333333,0.4004456825895003,300,0.0166666666666666,0.1726893964541963,300,-0.01,0.1732050807568877,300,-0.000919540229885,0.0500254118676899,,,,,,3,race_culture,True,social,0.4612935639728195,-1,0.217706031679736,0.1666318299425114,-0.1407503293291638,-0.2435875322930834,12,77,1,1,0,0,1,v1
centrism,34,300,-17.186666666666667,58.11824950311716,300,-14.58,41.5547782891716,300,-0.0067596970622681,0.1247759872076401,300,0.0077068248212419,0.1399569646562375,300,0.02,0.181778651829277,300,0.0266666666666666,0.3738378498969941,300,0.0,0.0,0,,,300,-0.04,0.4069628104593711,300,-0.0066666666666666,0.462603750151686,300,-0.0033333333333333,0.100111420647375,300,-0.0033333333333333,0.0577350269189625,300,0.0133333333333333,0.3467318350546379,300,-0.0133333333333333,0.2830003289329231,300,0.01,0.2382348690742171,300,-0.0019540229885057,0.0451690140144334,,,,,,3,welfare_work,False,social,0.4614306212126037,1,-0.2307153106063018,-0.1283751381337499,0.1283751381337499,0.2307153106063018,16,92,0,1,1,0,2,v1
centrism,35,300,-12.936666666666667,44.587136013449296,300,-9.986666666666666,32.08985850626429,300,-0.0019243460127627,0.1014374284884969,300,0.0041493450374116,0.11004483384173,300,0.0,0.081786082010953,300,0.02,0.30535904629991,300,0.0,0.0,0,,,300,0.0033333333333333,0.4662404487770321,300,0.0066666666666666,0.4403809033351656,300,0.0,0.0,300,-0.0133333333333333,0.1410266545012737,300,-0.0166666666666666,0.3417281805570692,300,0.0,0.2948839123097942,300,-0.0033333333333333,0.1917763003784489,300,-0.0094252873563218,0.0456092817424216,,,,,,3,psychology_conformity,False,social,0.4105111136492023,1,-0.2052555568246011,-0.1024590091101775,0.1024590091101775,0.2052555568246011,20,101,0,1,0,1,3,v1
centrism,36,300,-20.74333333333333,65.67731079095219,300,-16.023333333333333,46.59628204650469,300,0.0116303214066124,0.1110440664930238,300,-0.0116309868249612,0.1173170139064167,300,0.0166666666666666,0.1726893964541963,300,-0.01,0.3419890666953118,300,0.0,0.0,0,,,300,0.0033333333333333,0.4516660598876161,300,0.0066666666666666,0.4768439535904889,300,0.0,0.0,300,-0.0566666666666666,0.2714796977858971,300,0.0266666666666666,0.3826796326253986,300,0.0,0.115662986393248,300,-0.01,0.152679523149955,300,-0.0042528735632183,0.0428837286148569,,,,,,3,immigration_integration,True,social,0.4611848792416653,1,-0.2432177212636557,-0.0901158715460833,0.1153664348317291,0.2179671579780096,11,83,1,1,0,0,0,v1
centrism,37,300,-16.543333333333333,49.63985468147762,300,-13.26,34.314097067023084,300,-0.0012382397594367,0.1006362306650435,300,0.0025657426389669,0.0858516982717033,300,-0.0066666666666666,0.1154700538379251,300,0.0133333333333333,0.294581312012227,300,0.0,0.0,0,,,300,-0.04,0.5091799426988681,300,0.0133333333333333,0.5105792718717691,300,0.0066666666666666,0.1154700538379251,300,-0.0233333333333333,0.1719129696075503,300,0.01,0.3419890666953117,300,0.0033333333333333,0.1917763003784488,300,-0.0066666666666666,0.0815130058495636,300,-0.0108620689655172,0.0456265353459288,,,,,,3,corporations_markets,False,economic,1.3768419131928735,1,-0.7197018821087845,-0.4695110077757148,0.5320728588004102,0.6571400310840892,16,91,3,0,0,0,2,v1
centrism,38,300,-14.57,50.685716985700346,300,-12.46,37.57367433914976,300,0.0055360196587995,0.126314725424337,300,-0.0027480563464355,0.135114976829292,300,0.0033333333333333,0.1292720377913877,300,0.02,0.3559339309629,300,0.0,0.0,0,,,300,-0.0433333333333333,0.4784194527798971,300,-0.0033333333333333,0.5074583089673695,300,-0.0033333333333333,0.100111420647375,300,-0.0033333333333333,0.0577350269189625,300,0.0433333333333333,0.3585397113817119,300,-0.0066666666666666,0.2711715365403499,300,-0.02,0.3464101615137753,300,-0.0013218390804597,0.0531857895385588,,,,,,3,media_public_funding,False,economic,0.7508538237224593,1,-0.3754269118612297,-0.2503964340672646,0.2503964340672646,0.3754269118612297,11,92,0,1,1,1,3,v1
centrism,39,300,-21.063333333333333,59.92380325221012,300,-16.553333333333335,44.02546187377885,300,0.0144484090786131,0.138929801948818,300,-0.0150768929369874,0.1556368822581373,300,0.0233333333333333,0.1719129696075503,300,-0.0033333333333333,0.3219748149993542,300,0.0,0.0,0,,,300,0.0566666666666666,0.5426205048310461,300,0.03,0.2875917768301702,300,-0.0033333333333333,0.0577350269189625,300,-0.02,0.1817786518292771,300,-0.0266666666666666,0.3647818180843244,300,-0.01,0.300334261942125,300,-0.0066666666666666,0.2002228412947501,300,-0.0064367816091954,0.0468335997504771,,,,,,4,security_surveillance,True,social,0.5132974027497224,-1,0.243870968851016,0.1413789596115715,-0.1158234945638809,-0.2694264338987062,12,82,0,0,0,0,0,v1
centrism,40,300,-14.273333333333332,45.53008438570538,300,-11.623333333333331,32.94174632679764,300,-0.0033905808033514,0.1169706689640877,300,0.0027178389775386,0.1229418030407005,300,-0.0033333333333333,0.1292720377913878,300,-0.03,0.2757173677693013,300,0.0,0.0,0,,,300,-0.0166666666666666,0.5391578552382463,300,-0.0266666666666666,0.4080570926456456,300,0.0,0.0,300,-0.04,0.3142118664054026,300,-0.03,0.3867798627221404,300,0.0066666666666666,0.4169753594520778,300,-0.0033333333333333,0.100111420647375,300,-0.004367816091954,0.0461553263802585,,,,,,4,democracy_state_power,True,social,0.5639643340616953,1,-0.2947997200114961,-0.1408907230107038,0.1665258289720007,0.2691646140501992,22,134,1,0,0,0,0,v1
centrism,41,300,-19.44,62.78252318433295,300,-16.316666666666666,43.7600983726901,300,0.010716550197068,0.1292152293595008,300,-0.0063077630290334,0.1307676256679173,300,0.01,0.152679523149955,300,0.0333333333333333,0.3254359908944518,300,0.0,0.0,0,,,300,0.0,0.4838529863239265,300,0.0266666666666666,0.5165704589104493,300,-0.0033333333333333,0.100111420647375,300,-0.0366666666666666,0.205254281210909,300,0.0066666666666666,0.4006126857312245,300,-0.0333333333333333,0.3453787929083927,300,0.0033333333333333,0.300482703449739,300,-0.0088505747126436,0.0483251254759307,,,,,,4,security_surveillance,True,social,0.5132909025097577,1,-0.2566454512548788,-0.1539016673079594,0.1539016673079594,0.2566454512548788,14,99,1,0,0,1,2,v1
centrism,42,300,-14.023333333333332,69.98119280714828,300,-12.15,49.91947529149247,300,-0.0062602442482585,0.1239467757877872,300,0.0016632439197277,0.1314399569367882,300,-0.0066666666666666,0.1415001644664615,300,0.0266666666666666,0.3459593160813864,300,0.0,0.0,0,,,300,-0.0133333333333333,0.5361408823321675,300,0.0333333333333333,0.528981689331223,300,-0.0033333333333333,0.0577350269189625,300,-0.0733333333333333,0.3583064338766659,300,0.0,0.3167561335799752,300,-0.0066666666666666,0.3835526007568976,300,0.0033333333333333,0.3517593937991925,300,-0.0034482758620689,0.0443679136915123,,,,,,4,punishment_justice,True,social,0.5122411510500507,1,-0.2561205755250254,-0.1536405536639065,0.1536405536639065,0.2561205755250254,12,66,0,0,1,0,0,v1
centrism,43,300,-14.21,52.59289504006839,300,-10.956666666666669,37.34501693472735,300,0.0039230897042778,0.1110621676716654,300,-0.0027729025763631,0.1092242627361585,300,-0.0066666666666666,0.0815130058495636,300,-0.0366666666666666,0.3198905888764595,300,0.0,0.0,0,,,300,0.0733333333333333,0.5249196997568917,300,0.02,0.4549247429401157,300,0.0,0.081786082010953,300,-0.15,0.448893101664982,300,-0.0066666666666666,0.346924696014237,300,-0.0033333333333333,0.1917763003784487,300,-0.0033333333333333,0.100111420647375,300,-0.0054597701149425,0.043013013961163,,,,,,4,hierarchy_authority,True,social,0.4115234475135702,1,-0.2057617237567851,-0.1026237719935223,0.1026237719935223,0.2057617237567851,19,104,2,0,0,0,1,v1
centrism,44,300,-16.833333333333332,50.98585503451809,300,-12.78,37.13923364294536,300,0.0012815126815099,0.0977292308212376,300,0.0018111332820282,0.0959534391739469,300,0.01,0.1289266209073802,300,0.05,0.3284197493643999,300,0.0,0.0,0,,,300,0.0066666666666666,0.5236438661444669,300,-0.0633333333333333,0.4619164190082303,300,0.0,0.0,300,0.0,0.0,300,0.04,0.3542385493319098,300,-0.0233333333333333,0.2763635496844744,300,0.0066666666666666,0.29480829135399,300,-0.0012643678160919,0.0425420325173289,,,,,,4,culture_tradition,False,social,0.5128889380278736,1,-0.2564444690139368,-0.1538399618954807,0.1538399618954807,0.2564444690139368,14,80,1,0,0,0,0,v1
centrism,45,300,-12.74,52.38696128212231,300,-9.726666666666668,37.79878015880762,300,-0.0059228950297205,0.0998328653925966,300,0.0015800656912718,0.0996587647085364,300,0.0066666666666666,0.1154700538379251,300,0.0,0.3167561335799752,300,0.0,0.0,0,,,300,0.0366666666666666,0.4789783814067943,300,0.02,0.4165473630760598,300,0.0033333333333333,0.0577350269189625,300,-0.0166666666666666,0.1282329958564094,300,0.03,0.3408135064134727,300,-0.0166666666666666,0.3417281805570693,300,-0.01,0.264827829474574,300,-0.0037931034482758,0.0466772399466947,,,,,,4,punishment_justice,True,social,0.4618695321064948,1,-0.2309347660532474,-0.1282379658847865,0.1282379658847865,0.2309347660532474,10,77,0,0,1,0,1,v1
centrism,46,300,-16.743333333333332,60.84580095510659,300,-13.58,44.29768107356166,300,0.0020380620712686,0.1186239434491661,300,-0.0026138065953677,0.1140178292466968,300,-0.0033333333333333,0.100111420647375,300,0.0033333333333333,0.3114142229943361,300,0.0,0.0,0,,,300,-0.0166666666666666,0.4938303862564448,300,0.0066666666666666,0.5362656291168858,300,-0.0033333333333333,0.0577350269189625,300,-0.01,0.2082736815380299,300,-0.0233333333333333,0.4041451884327379,300,0.0,0.2712537471035667,300,-0.0066666666666666,0.2452673557737549,300,0.0018965517241379,0.0443832605427704,,,,,,4,punishment_justice,True,social,0.5123993040403447,1,-0.2561996520201723,-0.1538150371871946,0.1538150371871946,0.2561996520201723,12,60,0,0,0,0,0,v1
centrism,47,300,-17.606666666666666,48.69204252826262,300,-12.976666666666668,35.75823859822677,300,-0.0032394329118525,0.122556535183287,300,0.004333004444841,0.1370289391489424,300,0.01,0.0996649906832533,300,0.0133333333333333,0.3655145576605141,300,0.0,0.0,0,,,300,0.0033333333333333,0.5074583089673695,300,0.0233333333333333,0.4935594106708546,300,-0.01,0.0996649906832533,300,-0.03,0.1708722458877267,300,-0.0033333333333333,0.3611421248437765,300,-0.0133333333333333,0.1630260116991272,300,0.0,0.115662986393248,300,-0.0054022988505747,0.0425672643951409,,,,,,4,status_culture,False,social,0.3579524589016072,1,-0.1789762294508036,-0.0767377658528802,0.0767377658528802,0.1789762294508036,14,90,0,0,0,0,0,v1
centrism,48,300,-12.453333333333331,56.3062679303976,300,-10.493333333333334,41.13656945725128,300,-0.0010574445422884,0.106220740209334,300,0.0067105917349779,0.1090871342530797,300,0.0,0.1416576493949657,300,-0.0266666666666666,0.3826796326253984,300,0.0,0.0,0,,,300,-0.0133333333333333,0.4624591337515018,300,-0.0033333333333333,0.5636617817772849,300,0.0,0.115662986393248,300,-0.03,0.1708722458877266,300,-0.0033333333333333,0.3964586828151039,300,0.0,0.081786082010953,300,-0.01,0.1289266209073801,300,-0.0083908045977011,0.0495641996943439,,,,,,4,gender_family,True,social,0.4619993252410632,1,-0.2309996626205316,-0.1284745085227307,0.1284745085227307,0.2309996626205316,12,67,0,0,1,1,2,v1
centrism,49,300,-21.08,58.64581290456683,300,-16.67,43.60380801694498,300,-0.0033080487581845,0.1118804901395894,300,0.0014593283882241,0.1043554937586761,300,0.01,0.0996649906832533,300,0.0433333333333333,0.3767341915184842,300,0.0,0.0,0,,,300,-0.0233333333333333,0.5002897711051704,300,-0.0133333333333333,0.5298660986487178,300,0.0,0.0,300,-0.01,0.1289266209073801,300,-0.0166666666666666,0.3513788732942653,300,-0.02,0.2154562709281729,300,-0.0033333333333333,0.100111420647375,300,-0.007471264367816,0.0467643442756587,,,,,,4,climate_growth,False,social,0.4606746295395085,-1,0.2303373147697542,0.1285747338780632,-0.1285747338780632,-0.2303373147697542,26,164,1,0,1,1,2,v1
centrism,50,300,-9.536666666666669,42.81603318713479,300,-6.68,30.66505206354948,300,-0.0091093217988866,0.1163979473200711,300,0.0089195826514428,0.1277089856758273,300,0.0033333333333333,0.1292720377913878,300,0.0266666666666666,0.2699353735777957,300,0.0,0.0,0,,,300,-0.04,0.5157064836295209,300,-0.0166666666666666,0.5329185957108304,300,0.0,0.0,300,0.0,0.081786082010953,300,0.03,0.3599052272130134,300,-0.0433333333333333,0.4024866962909368,300,0.0133333333333333,0.1410266545012737,300,0.0008045977011494,0.0478745310735528,,,,,,4,conformity_establishment,False,social,0.4101149133735415,1,-0.2050574566867707,-0.1024858711766312,0.1024858711766312,0.2050574566867707,11,71,0,0,0,0,0,v1
centrism,51,300,-7.506666666666667,47.11009615167739,300,-7.203333333333333,33.75935875032283,300,0.0058531335392949,0.1464537889845405,300,-0.0047331448706145,0.1525300768176944,300,0.0033333333333333,0.1529713141913879,300,0.0033333333333333,0.342119435161572,300,0.0,0.0,0,,,300,0.01,0.5330859236621137,300,-0.0166666666666666,0.3788588156947841,300,-0.0266666666666666,0.1985454352410865,300,-0.0166666666666666,0.1282329958564094,300,-0.0066666666666666,0.3371465282245517,300,0.0,0.2712537471035667,300,-0.0166666666666666,0.1282329958564094,300,-0.0064942528735632,0.0411890238341774,,,,,,5,pseudoscience,False,social,0.4625492285723822,1,-0.2312746142861911,-0.1279411594424309,0.1279411594424309,0.2312746142861911,5,42,0,0,0,0,0,v1
centrism,52,300,-25.38,66.34829251557602,300,-19.696666666666665,47.0512208147257,300,-0.011094304314446,0.1167376736741318,300,0.0139136123336736,0.1356517820737281,300,0.0166666666666666,0.1520942616833792,300,0.0333333333333333,0.3254359908944518,300,0.0,0.0,0,,,300,-0.02,0.4764697381484339,300,-0.0166666666666666,0.4126619137653288,300,0.0,0.0,300,-0.0433333333333333,0.2344613599720759,300,-0.04,0.4309125418563458,300,-0.0033333333333333,0.1529713141913879,300,0.0066666666666666,0.1154700538379251,300,-0.0069540229885057,0.0450814369118697,,,,,,5,religion_morality,True,social,0.4104852657007097,1,-0.2052426328503548,-0.1028993893658061,0.1028993893658061,0.2052426328503548,7,44,1,1,0,0,0,v1
centrism,53,300,-18.19333333333333,61.79047525032555,300,-15.266666666666667,42.84945516864504,300,0.0002996792198784,0.1244462851774416,300,-0.0030410364064792,0.1333830592909352,300,0.0233333333333333,0.1512121222276314,300,0.0066666666666666,0.3564347176065669,300,0.0,0.0,0,,,300,-0.01,0.4871938623707945,300,-0.02,0.4834380772983648,300,0.0,0.0,300,-0.05,0.3073786026241427,300,-0.0266666666666666,0.3826796326253984,300,0.01,0.152679523149955,300,-0.0233333333333333,0.3604004956708879,300,-0.0030459770114942,0.044920601433848,,,,,,5,charity_welfare,False,economic,1.250823125416466,1,-0.6254115627082331,-0.5006940363341199,0.5006940363341199,0.6254115627082331,14,89,0,0,0,0,0,v1
centrism,54,300,-16.753333333333334,56.209585902941456,300,-12.486666666666666,41.05143794574804,300,0.0070221250551579,0.1188635611120878,300,-0.0052117199385789,0.1119059510338952,300,0.0066666666666666,0.1634357970419516,300,0.03,0.29899497204976,300,0.0,0.0,0,,,300,-0.0133333333333333,0.5170881511655515,300,-0.0333333333333333,0.4391640990661509,300,0.0,0.0,300,-0.0133333333333333,0.1630260116991272,300,0.0333333333333333,0.3733006833947205,300,0.0033333333333333,0.1917763003784489,300,-0.0133333333333333,0.2709247551727976,300,-0.007183908045977,0.0399947685201484,,,,,,5,fate_responsibility,False,social,0.461067800642462,1,-0.230533900321231,-0.1280659548542035,0.1280659548542035,0.230533900321231,5,34,0,0,0,0,0,v1
centrism,55,300,-19.696666666666665,57.93501712770536,300,-15.553333333333333,41.86880874878536,300,0.0031416452553853,0.1217412984318244,300,-0.002634409804653,0.1306060928874003,300,0.0066666666666666,0.1634357970419516,300,0.0166666666666666,0.3317969050129049,300,0.0,0.0,0,,,300,-0.0066666666666666,0.529992322360831,300,-0.0566666666666666,0.4699557606257992,300,0.0,0.0,300,0.0,0.0,300,-0.0166666666666666,0.3875860748793185,300,-0.0033333333333333,0.100111420647375,300,0.0133333333333333,0.2709247551727977,300,-0.0054022988505747,0.0442394042210442,,,,,,5,religion_education,True,social,0.410186055793005,1,-0.2050930278965025,-0.1026013034106898,0.1026013034106898,0.2050930278965025,11,65,0,0,0,0,0,v1
centrism,56,300,-18.73333333333333,65.7859777748638,300,-13.953333333333331,47.35312962384638,300,-0.0051695140231974,0.1496730263124648,300,0.0063242126681117,0.1448640037251614,300,-0.0066666666666666,0.2162825683841513,300,0.0133333333333333,0.3467318350546381,300,0.0,0.0,0,,,300,0.0066666666666666,0.5041190424082566,300,0.0066666666666666,0.4626037501516862,300,0.0,0.081786082010953,300,-0.0033333333333333,0.0577350269189625,300,-0.0633333333333333,0.3913644200142187,300,-0.01,0.1526795231499551,300,0.0033333333333333,0.1292720377913878,300,-0.0035632183908045,0.0426447355705806,,,,,,6,sexual_morality,True,social,0.4623318433340745,1,-0.2182265602346296,-0.1665315822043416,0.1406528593395261,0.2441052830994448,6,40,0,0,1,0,0,v1
centrism,57,300,-17.273333333333333,50.11283544639184,300,-13.676666666666666,36.36537166605418,300,-0.001735965575937,0.1129253005813842,300,0.0040404513953872,0.1073973356943314,300,-0.0033333333333333,0.2084876797260389,300,0.0033333333333333,0.2649961611804155,300,0.0,0.0,0,,,300,-0.0033333333333333,0.500824292670913,300,0.0366666666666666,0.4273143425865272,300,0.0,0.0,300,0.0,0.0,300,-0.0366666666666666,0.3498526525322268,300,0.01,0.2237563175244602,300,-0.0066666666666666,0.1415001644664616,300,-0.0051724137931034,0.0442444978371705,,,,,,6,lgbt_family,True,social,0.4618926606302363,-1,0.2180085981091523,0.1665427127731495,-0.1406672483612178,-0.2438840625210839,19,113,0,1,1,0,1,v1
centrism,58,300,-27.73333333333333,53.34925208362184,300,-21.42333333333333,38.48403381165942,300,5.543376393431633e-05,0.0639903410004327,300,-0.0003225237791173,0.0714756415672066,300,-0.0066666666666666,0.1415001644664616,300,0.02,0.282606122962306,300,0.0,0.0,0,,,300,-0.0433333333333333,0.537667036086961,300,-0.0433333333333333,0.4784194527798974,300,0.0,0.0,300,-0.0033333333333333,0.0577350269189625,300,-0.0433333333333333,0.3677494906160762,300,-0.0066666666666666,0.1827572788302571,300,0.0166666666666666,0.3000371586054561,300,-0.005919540229885,0.0456451256107727,,,,,,6,sexuality_expression,True,social,0.4629929933556577,-1,0.2314964966778288,0.1277766585763877,-0.1277766585763877,-0.2314964966778288,11,83,0,0,1,0,2,v1
centrism,59,300,-12.313333333333333,56.74617977113185,300,-10.653333333333334,41.47521912613311,300,0.00343553780701,0.101202565159021,300,-0.004388765681847,0.1219908300447041,300,0.0,0.1635721640219061,300,0.0066666666666666,0.2832365891624114,300,0.0,0.0,0,,,300,0.02,0.4475126350489201,300,0.0033333333333333,0.487285384254356,300,0.0,0.0,300,-0.0033333333333333,0.0577350269189625,300,-0.0066666666666666,0.327076165874504,300,-0.02,0.2705129526013191,300,-0.0166666666666666,0.1520942616833793,300,-0.0050574712643678,0.0502142545479947,,,,,,6,sexuality_privacy,True,social,0.5127044410478736,-1,0.2563522205239368,0.1541558724850859,-0.1541558724850859,-0.2563522205239368,16,88,0,1,0,0,0,v1
centrism,60,300,-25.10333333333333,67.75239685665467,300,-21.18,49.89910489073249,300,-0.0152545505876194,0.1411872673970994,300,0.0138425813384866,0.1551908587457981,300,0.0166666666666666,0.1726893964541963,300,0.0366666666666666,0.3774437284098678,300,0.0,0.0,0,,,300,-0.02,0.3742551130340198,300,-0.0066666666666666,0.4327197439585976,300,-0.0033333333333333,0.0577350269189625,300,-0.0133333333333333,0.1823909090421623,300,-0.0533333333333333,0.4595572489972371,300,-0.0066666666666666,0.0815130058495636,300,0.01,0.152679523149955,300,-0.0113793103448275,0.0455762819406409,,,,,,6,lgbt_identity,True,social,0.5134103128699198,1,-0.2567051564349599,-0.1537578829110864,0.1537578829110864,0.2567051564349599,6,37,1,1,0,0,0,v1
centrism,61,300,-20.71,66.47945265582487,300,-16.576666666666668,47.658176579384495,300,-0.009355776225633,0.1219370531626352,300,0.0129022152175414,0.1293418014538353,300,-0.0033333333333333,0.1734623480071185,300,0.0266666666666666,0.3738378498969942,300,0.0,0.0,0,,,300,-0.0133333333333333,0.4477616821131358,300,0.0233333333333333,0.451073289607739,300,-0.0033333333333333,0.0577350269189625,300,0.0,0.0,300,-0.0133333333333333,0.4168149123123781,300,-0.01,0.1915436326550751,300,0.0033333333333333,0.2239555219418573,300,-0.0027011494252873,0.0474604164377124,,,,,,6,sexual_morality,True,social,0.4107456076450476,1,-0.2053728038225238,-0.1023263224248381,0.1023263224248381,0.2053728038225238,9,47,0,0,0,0,0,v1
libertarian_left,20,300,-21.88,60.67622500565153,300,-17.583333333333332,43.48062716526182,300,-0.0140967175823303,0.1029516569836873,300,0.0146006496944583,0.1284538226141981,300,0.0,0.1416576493949657,300,0.0066666666666666,0.2832365891624115,300,0.0,0.0,0,,,300,-0.01,0.5007352453674269,300,-0.01,0.2771691585925757,300,0.0,0.0,300,0.0,0.115662986393248,300,-0.0133333333333333,0.4477616821131358,300,0.02,0.4764697381484341,300,0.0,0.2453582460328592,300,-0.0148412698412698,0.0617391027519125,,,,,,2,competition_monopoly,False,unweighted,0.0,0,0.0,0.0,0.0,0.0,15,107,0,0,0,0,0,v1
libertarian_right,20,300,-19.79,62.12878441465607,300,-14.77,42.81472607912808,300,-0.005051975604311,0.1266217366057045,300,0.0062389958374386,0.1274631900473215,300,0.0133333333333333,0.1410266545012737,300,0.0066666666666666,0.2948082913539899,300,0.0,0.0,0,,,300,0.0033333333333333,0.5204727291236564,300,0.02,0.2705129526013192,300,0.0,0.0,300,-0.0133333333333333,0.1823909090421623,300,-0.01,0.3701667345551697,300,-0.0233333333333333,0.3872407609122891,300,0.0233333333333333,0.2372971174753201,300,-0.0072357723577235,0.0600525063217101,,,,,,2,competition_monopoly,False,unweighted,0.0,0,0.0,0.0,0.0,0.0,15,107,0,0,0,0,0,v1
