model_alias,ideology,target,n,prevalence,positive_rate,mean_p_hate,mean_p_hate_gold,mean_p_hate_nonhate,tp,tn,fp,fn,accuracy,precision,recall,f1
Qwen3-14B,base,asian people,39960,0.5,0.3668168168168168,0.3633201964661009,0.47043911222595947,0.2562012807062423,9610,14932,5048,10370,0.6141641641641642,0.655614681402647,0.48098098098098097,0.5548819215890063
Qwen3-14B,base,women,39960,0.5,0.3608108108108108,0.360432820832795,0.41970154168130874,0.3011640999842812,8451,14013,5967,11529,0.5621621621621622,0.5861423220973783,0.422972972972973,0.4913657770800628
Qwen3-14B,base,christians,39960,0.5,0.24747247247247248,0.2507746132678008,0.35337702987922565,0.14817219665637604,7083,17174,2806,12897,0.607032032032032,0.7162503792092224,0.3545045045045045,0.4742709832937159
Qwen3-14B,base,men,39960,0.5,0.3695945945945946,0.3617889842937688,0.4819026059917621,0.24167536259577557,10020,15231,4749,9960,0.6319069069069069,0.6784481007515742,0.5015015015015015,0.5767072433739101
Qwen3-14B,base,jews,39960,0.5,0.3676676676676677,0.3663019913208631,0.5001337979574342,0.23247018468429198,10332,15620,4360,9648,0.6494494494494495,0.7032398584263545,0.5171171171171172,0.5959852330410708
Qwen3-14B,base,lgbtq+ people,39960,0.5,0.5066566566566567,0.4909667115252059,0.6668433176340522,0.3150901054163595,14076,13810,6170,5904,0.6978478478478478,0.6952484441371135,0.7045045045045045,0.6998458708298115
Qwen3-14B,base,latinx people,39960,0.5,0.41934434434434437,0.4093481126955493,0.5294648211274121,0.28923140426368654,10883,14106,5874,9097,0.6253503503503504,0.6494599271946052,0.5446946946946947,0.5924816942047527
Qwen3-14B,base,white people,39960,0.5,0.35275275275275275,0.34958640525939766,0.42647219004484266,0.2727006204739526,8773,14657,5323,11207,0.5863363363363363,0.6223751418842225,0.4390890890890891,0.5149078530343938
Qwen3-14B,base,black people,39960,0.5,0.4287037037037037,0.4220892451444382,0.5047518350206338,0.3394266552682425,10438,13287,6693,9542,0.5937187187187187,0.609304769131983,0.5224224224224224,0.5625286303252405
Qwen3-14B,base,muslims,39960,0.5,0.3027277277277277,0.30951084915354654,0.3787496620626958,0.24027203624439727,7528,15411,4569,12452,0.5740490490490491,0.6223030503430602,0.3767767767767768,0.46937057704897595
Qwen3-14B,libertarian_right,asian people,39960,0.5,0.3183933933933934,0.3214482583590337,0.42456148130459354,0.21833503541347382,8541,15798,4182,11439,0.6090840840840841,0.6713039377505305,0.4274774774774775,0.5223374002385103
Qwen3-14B,libertarian_right,women,39960,0.5,0.32354854854854853,0.3285541373434606,0.38492129336636105,0.2721869813205602,7623,14674,5306,12357,0.557982982982983,0.5896047644829453,0.3815315315315315,0.46327752286608526
Qwen3-14B,libertarian_right,christians,39960,0.5,0.20192692692692693,0.21373155818165124,0.3049729844471356,0.12249013191616688,5879,17790,2190,14101,0.5923173173173173,0.7285909034576775,0.2942442442442442,0.4191949802131983
Qwen3-14B,libertarian_right,men,39960,0.5,0.32104604604604603,0.3212864952424804,0.43675552698465675,0.20581746350030403,8859,16010,3970,11121,0.6223473473473473,0.6905448593031414,0.4433933933933934,0.540034746563443
Qwen3-14B,libertarian_right,jews,39960,0.5,0.3027277277277277,0.3105796813606858,0.43164476490951514,0.18951459781185642,8688,16571,3409,11292,0.6321071071071072,0.7181945937009175,0.4348348348348348,0.5416965426941422
Qwen3-14B,libertarian_right,lgbtq+ people,39960,0.5,0.41413913913913913,0.40624409660741734,0.5672917627476834,0.2451964304671512,11812,15243,4737,8168,0.6770520520520521,0.7137591395250469,0.5911911911911912,0.6467190451422158
Qwen3-14B,libertarian_right,latinx people,39960,0.5,0.37214714714714714,0.3728757356917178,0.490576900862478,0.25517457052095754,9880,14989,4991,10100,0.6223473473473473,0.6643803375697667,0.4944944944944945,0.5669851654184959
Qwen3-14B,libertarian_right,white people,39960,0.5,0.2856856856856857,0.2936330945895718,0.37013614526740063,0.21713004391174298,7374,15938,4042,12606,0.5833833833833834,0.6459355290819901,0.36906906906906906,0.46974136832717545
Qwen3-14B,libertarian_right,black people,39960,0.5,0.36493993993993995,0.36843349670206343,0.4599847718610897,0.27688222154303715,9350,14747,5233,10630,0.603028028028028,0.6411575121717068,0.46796796796796797,0.541040997598588
Qwen3-14B,libertarian_right,muslims,39960,0.5,0.259034034034034,0.2705102807882282,0.3401501709515149,0.20087039062494152,6645,16274,3706,13335,0.5735485485485485,0.6419669597140373,0.3325825825825826,0.4381655731759586
Qwen3-14B,authoritarian_left,asian people,39960,0.5,0.34524524524524525,0.3495204086537595,0.4527893920083184,0.24625142529920058,9145,15329,4651,10835,0.6124624624624625,0.6628732966077123,0.4577077077077077,0.5415087636191378
Qwen3-14B,authoritarian_left,women,39960,0.5,0.34214214214214217,0.348835646310025,0.4075766037042077,0.2900946889158424,8053,14361,5619,11927,0.5609109109109109,0.5890140433001756,0.40305305305305306,0.478604540591941
Qwen3-14B,authoritarian_left,christians,39960,0.5,0.2091841841841842,0.2200069367766261,0.31277388348295404,0.12723999007029813,6106,17727,2253,13874,0.5964214214214214,0.7304701519320493,0.3056056056056056,0.4309255795899644
Qwen3-14B,authoritarian_left,men,39960,0.5,0.3512762762762763,0.35385018683619446,0.4683953573097577,0.2393050163626313,9496,15439,4541,10484,0.623998998998999,0.6764978271710479,0.4752752752752753,0.5583090807537407
Qwen3-14B,authoritarian_left,jews,39960,0.5,0.3333333333333333,0.34201227863569994,0.46111896535655755,0.22290559191484233,9334,15994,3986,10646,0.6338338338338338,0.7007507507507508,0.46716716716716716,0.5606006006006006
Qwen3-14B,authoritarian_left,lgbtq+ people,39960,0.5,0.4471721721721722,0.43738288723372365,0.6056246870988841,0.26914108736856324,12673,14784,5196,7307,0.6871121121121121,0.7092170798589736,0.6342842842842843,0.6696610214272504
Qwen3-14B,authoritarian_left,latinx people,39960,0.5,0.39346846846846845,0.39505050027364486,0.507882199547551,0.2822188009997388,10276,14533,5447,9704,0.6208458458458459,0.6535648413152706,0.5143143143143143,0.5756379015768983
Qwen3-14B,authoritarian_left,white people,39960,0.5,0.33078078078078077,0.33916853622004794,0.4120288833006247,0.2663081891394712,8258,15020,4960,11722,0.5825325325325326,0.6247541231653806,0.41331331331331334,0.4974998493885174
Qwen3-14B,authoritarian_left,black people,39960,0.5,0.3864864864864865,0.38762361300331694,0.47254412217183156,0.3027031038348023,9686,14222,5758,10294,0.5982982982982983,0.6271691271691272,0.48478478478478476,0.5468608852755195
Qwen3-14B,authoritarian_left,muslims,39960,0.5,0.2988738738738739,0.3098521903149776,0.38050354112972606,0.23920083950022916,7519,15556,4424,12461,0.5774524524524525,0.6295738089257306,0.37632632632632634,0.4710710146289509
Qwen3-14B,authoritarian_right,asian people,39960,0.5,0.3594844844844845,0.35984031643207604,0.46579481791089605,0.2538858149532561,9450,15065,4915,10530,0.6134884884884885,0.6578489383919248,0.47297297297297297,0.5502984422768962
Qwen3-14B,authoritarian_right,women,39960,0.5,0.34977477477477475,0.35370923329416937,0.4139589206652121,0.29345954592312656,8241,14244,5736,11739,0.5626876876876877,0.5896115046147242,0.4124624624624625,0.4853785670112201
Qwen3-14B,authoritarian_right,christians,39960,0.5,0.22647647647647648,0.2376572561678705,0.33593228090334465,0.13938223143239636,6557,17487,2493,13423,0.6017017017017017,0.7245303867403315,0.3281781781781782,0.4517395797450913
Qwen3-14B,authoritarian_right,men,39960,0.5,0.34937437437437435,0.3490288824305401,0.4671477218424236,0.23091004301865656,9538,15557,4423,10442,0.628003003003003,0.6831888833178139,0.4773773773773774,0.5620341180283432
Qwen3-14B,authoritarian_right,jews,39960,0.5,0.3479479479479479,0.3541979607504171,0.4769661883184979,0.23142973318233623,9640,15716,4264,10340,0.6345345345345346,0.693325661680092,0.4824824824824825,0.569000118049817
Qwen3-14B,authoritarian_right,lgbtq+ people,39960,0.5,0.4465215215215215,0.4373244729068306,0.6021499244061795,0.27249902140748156,12570,14707,5273,7410,0.6826076076076076,0.7044779465336547,0.6291291291291291,0.6646749332416784
Qwen3-14B,authoritarian_right,latinx people,39960,0.5,0.4065815815815816,0.40438267441095416,0.5199361450321324,0.2888292037897759,10562,14295,5685,9418,0.622047047047047,0.6500892472456453,0.5286286286286286,0.5831010020150716
Qwen3-14B,authoritarian_right,white people,39960,0.5,0.32184684684684683,0.3319672709769076,0.407654504792707,0.25628003716110825,8139,15258,4722,11841,0.5855105105105105,0.6328434802892465,0.40735735735735734,0.49566091166529647
Qwen3-14B,authoritarian_right,black people,39960,0.5,0.3983233233233233,0.3965806816388537,0.48890476806743727,0.3042565952102701,10054,14117,5863,9926,0.6048798798798799,0.6316516931582584,0.5032032032032032,0.5601582304927988
Qwen3-14B,authoritarian_right,muslims,39960,0.5,0.3187937937937938,0.3267382693459262,0.40144087571997544,0.252035662971877,7983,15224,4756,11997,0.5807557557557558,0.6266582934296255,0.3995495495495496,0.48797334881872917
Qwen3-14B,libertarian_left,asian people,39960,0.5,0.34396896896896895,0.34815588380630547,0.45247670529005646,0.24383506232255453,9066,15301,4679,10914,0.6097847847847848,0.659585303746817,0.45375375375375376,0.5376426982950333
Qwen3-14B,libertarian_left,women,39960,0.5,0.349974974974975,0.35612415708526896,0.4144570679069162,0.2977912462636217,8170,14165,5815,11810,0.558933933933934,0.5841973543081873,0.4089089089089089,0.48108346827616666
Qwen3-14B,libertarian_left,christians,39960,0.5,0.21226226226226227,0.22446231211090947,0.3180663822172163,0.1308582420046026,6173,17671,2309,13807,0.5966966966966967,0.7277764678141948,0.308958958958959,0.43377134424847164
Qwen3-14B,libertarian_left,men,39960,0.5,0.35155155155155154,0.35340690268306163,0.4695700594881275,0.23724374587799574,9500,15432,4548,10480,0.6239239239239239,0.67625284738041,0.4754754754754755,0.558363700481956
Qwen3-14B,libertarian_left,jews,39960,0.5,0.3398148148148148,0.3473890783401342,0.47408419390459794,0.2206939627756705,9570,15971,4009,10410,0.6391641641641642,0.7047647102143015,0.47897897897897895,0.5703388062814744
Qwen3-14B,libertarian_left,lgbtq+ people,39960,0.5,0.4434934934934935,0.4349472414623868,0.6032788916572078,0.26661559126756573,12551,14809,5171,7429,0.6846846846846847,0.7082157770003386,0.6281781781781782,0.6658002227998514
Qwen3-14B,libertarian_left,latinx people,39960,0.5,0.4014764764764765,0.4022717191836796,0.5214217110976085,0.2831217272697507,10536,14473,5507,9444,0.6258508508508509,0.6567350246213302,0.5273273273273273,0.5849596091386059
Qwen3-14B,libertarian_left,white people,39960,0.5,0.31656656656656657,0.3248572109861894,0.399664344593092,0.2500500773792868,7989,15319,4661,11991,0.5832832832832833,0.6315415019762846,0.39984984984984984,0.48967208090714065
Qwen3-14B,libertarian_left,black people,39960,0.5,0.3942192192192192,0.3948276130130162,0.48471138355311927,0.3049438424729132,9935,14162,5818,10045,0.603028028028028,0.63067352250365,0.4972472472472472,0.5560686200430974
Qwen3-14B,libertarian_left,muslims,39960,0.5,0.29964964964964963,0.3094227345095382,0.38465408959665576,0.23419137942242074,7596,15602,4378,12384,0.5805305305305305,0.6343744780357441,0.3801801801801802,0.47543343556362266
Qwen3-14B,centrism,asian people,39960,0.5,0.3572322322322322,0.35642687293651465,0.46107611760004863,0.25177762827298067,9326,15031,4949,10654,0.6095345345345345,0.6533099824868651,0.46676676676676676,0.5445044519048313
Qwen3-14B,centrism,women,39960,0.5,0.3638888888888889,0.36559536565259265,0.42213338925032406,0.3090573420548612,8433,13872,6108,11547,0.5581831831831832,0.5799463585723128,0.4220720720720721,0.48857217345963333
Qwen3-14B,centrism,christians,39960,0.5,0.24454454454454455,0.2494752655575822,0.3488480959001843,0.1501024352149801,6933,17141,2839,13047,0.6024524524524525,0.7094760540319279,0.346996996996997,0.46605270233933854
Qwen3-14B,centrism,men,39960,0.5,0.3615115115115115,0.3589654768901962,0.4727200533489923,0.24521090043140006,9625,15159,4821,10355,0.6202202202202203,0.6662744012183304,0.4817317317317317,0.5591703944692965
Qwen3-14B,centrism,jews,39960,0.5,0.35915915915915914,0.3599273020313965,0.48525831434760125,0.23459628971519175,9906,15534,4446,10074,0.6366366366366366,0.6902173913043478,0.4957957957957958,0.5770709542118141
Qwen3-14B,centrism,lgbtq+ people,39960,0.5,0.4646146146146146,0.45401505455598457,0.6203562686094889,0.28767384050248024,12888,14302,5678,7092,0.6804304304304304,0.6941721426263061,0.645045045045045,0.6687075182898355
Qwen3-14B,centrism,latinx people,39960,0.5,0.41784284284284284,0.41371884259532343,0.5307917829077166,0.29664590228293036,10793,14076,5904,9187,0.6223473473473473,0.6464035455471042,0.5401901901901902,0.5885432287264498
Qwen3-14B,centrism,white people,39960,0.5,0.3461961961961962,0.3497671507425733,0.42404248890755053,0.2754918125775961,8533,14679,5301,11447,0.5808808808808809,0.6168136475350585,0.4270770770770771,0.5047021943573667
Qwen3-14B,centrism,black people,39960,0.5,0.3991991991991992,0.39629547005450283,0.4801684028333849,0.31242253727562075,9835,13863,6117,10145,0.593043043043043,0.616537111334002,0.4922422422422422,0.5474229099409996
Qwen3-14B,centrism,muslims,39960,0.5,0.31974474474474474,0.3243358521691493,0.40062407100642167,0.24804763333187685,8024,15227,4753,11956,0.5818568568568568,0.6280034436878766,0.4016016016016016,0.48991055346948736
Qwen3-32B,base,asian people,39960,0.5,0.5766016016016016,0.5287190518818341,0.6384134657270796,0.4190246380365885,14097,11036,8944,5883,0.6289539539539539,0.611822403541513,0.7055555555555556,0.6553543618232957
Qwen3-32B,base,women,39960,0.5,0.5907907907907908,0.5480619271118958,0.5983206294559025,0.49780322476788924,12821,9193,10787,7159,0.5509009009009009,0.5430786174178245,0.6416916916916917,0.5882811783059558
Qwen3-32B,base,christians,39960,0.5,0.4188938938938939,0.4016747066447207,0.5311307620715808,0.2722186512178606,11308,14549,5431,8672,0.6470720720720721,0.6755481211541908,0.5659659659659659,0.615920912878891
Qwen3-32B,base,men,39960,0.5,0.5562562562562563,0.5225392339346526,0.6317204266339093,0.4133580412353959,13525,11277,8703,6455,0.6206706706706707,0.6084667986323555,0.6769269269269269,0.6408737680060651
Qwen3-32B,base,jews,39960,0.5,0.6111861861861861,0.5574425250560314,0.6712252751485005,0.4436597749635622,14885,10442,9538,5095,0.6338088088088089,0.6094664865086189,0.744994994994995,0.6704501948066571
Qwen3-32B,base,lgbtq+ people,39960,0.5,0.772947947947948,0.7089360123998052,0.8449504348250839,0.5729215899745266,18626,7719,12261,1354,0.6592842842842843,0.6030368763557483,0.9322322322322323,0.7323412035307764
Qwen3-32B,base,latinx people,39960,0.5,0.6163663663663663,0.5605293971043569,0.688635886634315,0.4324229075743987,15394,10744,9236,4586,0.6541041041041041,0.6250101502233049,0.7704704704704705,0.6901591571396547
Qwen3-32B,base,white people,39960,0.5,0.5798798798798799,0.5395494842553162,0.6048324567777617,0.4742665117328709,13120,9928,10052,6860,0.5767767767767767,0.5662005869152426,0.6566566566566566,0.6080830552465702
Qwen3-32B,base,black people,39960,0.5,0.7041541541541542,0.6371407643810765,0.7053795889452532,0.5689019398168997,15598,7440,12540,4382,0.5765265265265265,0.5543393275996873,0.7806806806806806,0.6483228729373622
Qwen3-32B,base,muslims,39960,0.5,0.5482232232232233,0.5103152854545219,0.5845680473564385,0.43606252355260533,12787,10860,9120,7193,0.5917667667667668,0.5836947094535994,0.63998998998999,0.6105474252154608
Qwen3-32B,libertarian_right,asian people,39960,0.5,0.42865365365365365,0.42789569094374375,0.52154665747443,0.33424472441305747,10813,13664,6316,9167,0.6125375375375376,0.631268608792107,0.5411911911911912,0.582769678514646
Qwen3-32B,libertarian_right,women,39960,0.5,0.46473973973973975,0.45733666978440846,0.5090802611770096,0.40559307839180736,10410,11819,8161,9570,0.5562812812812813,0.5605513973399386,0.521021021021021,0.5400638115742782
Qwen3-32B,libertarian_right,christians,39960,0.5,0.3105105105105105,0.32651237985631965,0.43048256825398395,0.2225421914586553,8548,16120,3860,11432,0.6173173173173173,0.6889103803997421,0.4278278278278278,0.5278498209213288
Qwen3-32B,libertarian_right,men,39960,0.5,0.4242742742742743,0.42248185697618545,0.5243810252742367,0.32058268867813433,10924,13950,6030,9056,0.6224724724724725,0.6443317211277575,0.5467467467467467,0.5915416689229437
Qwen3-32B,libertarian_right,jews,39960,0.5,0.4622122122122122,0.4570378683947467,0.5689705847739218,0.34510515201557146,12154,13664,6316,7826,0.6460960960960961,0.6580400649702219,0.6083083083083083,0.6321976592977894
Qwen3-32B,libertarian_right,lgbtq+ people,39960,0.5,0.6365115115115115,0.6035835811683724,0.7497741813774224,0.45739298095932235,16538,11083,8897,3442,0.6912162162162162,0.6502064084922351,0.8277277277277277,0.7283056258945284
Qwen3-32B,libertarian_right,latinx people,39960,0.5,0.4965965965965966,0.4796007699317283,0.5969066742065552,0.3622948656569014,12868,13004,6976,7112,0.6474474474474474,0.6484579721830276,0.644044044044044,0.6462434712736039
Qwen3-32B,libertarian_right,white people,39960,0.5,0.43470970970970974,0.44104956859821554,0.5024290712984714,0.3796700658979597,10313,12922,7058,9667,0.5814564564564565,0.593690633814979,0.5161661661661662,0.552220824074322
Qwen3-32B,libertarian_right,black people,39960,0.5,0.5828828828828829,0.5468296495405165,0.620041223474451,0.4736180756065819,13425,10113,9867,6555,0.5890390390390391,0.5763781555899021,0.6719219219219219,0.6204936217415419
Qwen3-32B,libertarian_right,muslims,39960,0.5,0.38155655655655657,0.39717031341415265,0.453565162796158,0.34077546403214737,9055,13788,6192,10925,0.5716466466466467,0.59388732209615,0.45320320320320323,0.5140943026655691
Qwen3-32B,authoritarian_left,asian people,39960,0.5,0.48380880880880883,0.46826463010576036,0.5610250398561403,0.3755042203553804,12015,12662,7318,7965,0.6175425425425426,0.6214762323488336,0.6013513513513513,0.611248187622415
Qwen3-32B,authoritarian_left,women,39960,0.5,0.5056306306306306,0.4874404436594492,0.5382194631689184,0.43666142414998005,11274,11049,8931,8706,0.5586336336336336,0.5579806978470676,0.5642642642642642,0.5611048898842853
Qwen3-32B,authoritarian_left,christians,39960,0.5,0.35065065065065065,0.3585063745786955,0.4662280725167917,0.25078467664059934,9542,15510,4470,10438,0.626926926926927,0.6809877248073081,0.47757757757757757,0.5614262179336315
Qwen3-32B,authoritarian_left,men,39960,0.5,0.48976476476476477,0.4724020083506663,0.5717029182044593,0.37310109849687334,12285,12694,7286,7695,0.6251001001001001,0.6277144754994635,0.6148648648648649,0.621223230765341
Qwen3-32B,authoritarian_left,jews,39960,0.5,0.5366616616616616,0.5057482324682318,0.6093682639472358,0.40212820098922775,13426,11961,8019,6554,0.6353103103103103,0.6260666822103055,0.671971971971972,0.6482076041038021
Qwen3-32B,authoritarian_left,lgbtq+ people,39960,0.5,0.695920920920921,0.635539203792721,0.770360702652115,0.5007177049333269,17511,9682,10298,2469,0.6805055055055055,0.6296882304289978,0.8764264264264264,0.7328464709451966
Qwen3-32B,authoritarian_left,latinx people,39960,0.5,0.5299299299299299,0.5053182806935277,0.615335451876437,0.3953011095106184,13456,12260,7720,6524,0.6435435435435436,0.6354363430298451,0.6734734734734735,0.6539022256779085
Qwen3-32B,authoritarian_left,white people,39960,0.5,0.48983983983983986,0.4786219401163859,0.534931724326866,0.42231215590590593,11313,11719,8261,8667,0.5763763763763764,0.577960559926433,0.5662162162162162,0.5720281134651364
Qwen3-32B,authoritarian_left,black people,39960,0.5,0.6350600600600601,0.5765813221802583,0.6488331707867535,0.504329473573763,14513,9116,10864,5467,0.5913163163163163,0.5718958111675927,0.7263763763763764,0.6399453226624336
Qwen3-32B,authoritarian_left,muslims,39960,0.5,0.4701951951951952,0.4574659549915516,0.517117045710872,0.39781486427223123,10921,12112,7868,9059,0.5764014014014014,0.5812443450955346,0.5465965965965967,0.5633882741365523
Qwen3-32B,authoritarian_right,asian people,39960,0.5,0.49537037037037035,0.47779829036724103,0.5726691499009385,0.3829274308335435,12265,12450,7530,7715,0.6184934934934935,0.6196009093205355,0.6138638638638638,0.6167190446260213
Qwen3-32B,authoritarian_right,women,39960,0.5,0.5073573573573573,0.48996561568778557,0.5408341546197076,0.4390970767558635,11303,11009,8971,8677,0.5583583583583583,0.5575120844431292,0.5657157157157157,0.5615839419685
Qwen3-32B,authoritarian_right,christians,39960,0.5,0.36376376376376374,0.371386515294706,0.4835464504268673,0.25922658016254474,9896,15340,4640,10084,0.6315315315315315,0.6807925151348376,0.4952952952952953,0.5734152277204775
Qwen3-32B,authoritarian_right,men,39960,0.5,0.4825575575575576,0.467812485785575,0.570934349877221,0.364690621693929,12190,12887,7093,7790,0.6275525525525526,0.6321630451693201,0.6101101101101101,0.620940834882714
Qwen3-32B,authoritarian_right,jews,39960,0.5,0.5597097097097097,0.5239736004753991,0.631335249128523,0.4166119518222752,13977,11591,8389,6003,0.6398398398398398,0.6249217562371456,0.6995495495495495,0.6601331884947811
Qwen3-32B,authoritarian_right,lgbtq+ people,39960,0.5,0.7091341341341342,0.65072640064839,0.7844774370317583,0.5169753642650219,17707,9350,10630,2273,0.6771021021021021,0.6248720753784804,0.8862362362362363,0.7329511352112092
Qwen3-32B,authoritarian_right,latinx people,39960,0.5,0.5671421421421421,0.5314274030404764,0.6448009021289356,0.4180539039520172,14252,11569,8411,5728,0.6461711711711712,0.6288664342761329,0.7133133133133133,0.6684332715803297
Qwen3-32B,authoritarian_right,white people,39960,0.5,0.5174674674674674,0.5019001945480331,0.5616196350769715,0.4421807540190948,11895,11197,8783,8085,0.5778778778778779,0.575249056968759,0.5953453453453453,0.5851246987062817
Qwen3-32B,authoritarian_right,black people,39960,0.5,0.6568568568568569,0.5989536636226528,0.6697036838626957,0.5282036433826099,14890,8622,11358,5090,0.5883883883883884,0.5672813166717464,0.7452452452452453,0.6441983213636757
Qwen3-32B,authoritarian_right,muslims,39960,0.5,0.493043043043043,0.475459039915312,0.5354693637118564,0.4154487161187677,11368,11646,8334,8612,0.575925925925926,0.5769972591615065,0.568968968968969,0.5729549921878937
Qwen3-32B,libertarian_left,asian people,39960,0.5,0.4730980980980981,0.46201708190314644,0.5588121974551761,0.36522196635111676,11777,12852,7128,8203,0.6163413413413413,0.6229568897117165,0.5894394394394394,0.6057348592002058
Qwen3-32B,libertarian_left,women,39960,0.5,0.5152152152152152,0.4976909748665444,0.5518518075570688,0.44353014217602,11504,10896,9084,8476,0.5605605605605606,0.5587721002525743,0.5757757757757758,0.5671465194241766
Qwen3-32B,libertarian_left,christians,39960,0.5,0.3395645645645646,0.34847398935495555,0.4584062960054781,0.23854168270443296,9307,15718,4262,10673,0.6262512512512513,0.6859016876704253,0.4658158158158158,0.5548302482935409
Qwen3-32B,libertarian_left,men,39960,0.5,0.4652902902902903,0.45565714315847833,0.5591775974353871,0.35213668888156957,11776,13163,6817,8204,0.6240990990990991,0.6333566395955467,0.5893893893893893,0.6105825318227774
Qwen3-32B,libertarian_left,jews,39960,0.5,0.5047797797797797,0.4884400750065709,0.601100851370169,0.3757792986429728,12963,12772,7208,7017,0.644019019019019,0.6426552972088642,0.6487987987987988,0.6457124355557768
Qwen3-32B,libertarian_left,lgbtq+ people,39960,0.5,0.6672672672672673,0.6302308091172227,0.7788941475960824,0.48156747063836297,17097,10413,9567,2883,0.6884384384384384,0.6412016201620162,0.8557057057057057,0.7330846411113969
Qwen3-32B,libertarian_left,latinx people,39960,0.5,0.5383133133133133,0.5139139836734241,0.6315187906717753,0.3963091766750729,13687,12156,7824,6293,0.6467217217217217,0.6362791130119474,0.685035035035035,0.6597575377792775
Qwen3-32B,libertarian_left,white people,39960,0.5,0.46063563563563564,0.46028912081732765,0.5204025803146897,0.40017566131996557,10762,12335,7645,9218,0.578003003003003,0.584668875971098,0.5386386386386386,0.5607106572537577
Qwen3-32B,libertarian_left,black people,39960,0.5,0.6130880880880881,0.5704859164145377,0.6460011983418966,0.4949706344871788,14098,9579,10401,5882,0.5925175175175175,0.5754520592677252,0.7056056056056056,0.6339171294318667
Qwen3-32B,libertarian_left,muslims,39960,0.5,0.43913913913913916,0.43787195298287485,0.5013875170870944,0.37435638887865524,10340,12772,7208,9640,0.5783783783783784,0.5892409391383634,0.5175175175175175,0.5510552121082926
Qwen3-32B,centrism,asian people,39960,0.5,0.5077327327327328,0.4864188000962541,0.5857323024127338,0.3871052977797744,12475,12166,7814,7505,0.6166416416416416,0.6148651978904826,0.6243743743743744,0.6195833022920858
Qwen3-32B,centrism,women,39960,0.5,0.5491741741741741,0.5228072843274794,0.5748785484779824,0.4707360201769763,12120,10155,9825,7860,0.5574324324324325,0.5522898154477102,0.6066066066066066,0.5781753130590339
Qwen3-32B,centrism,christians,39960,0.5,0.39692192192192194,0.39003858573443895,0.5092949944573479,0.27078217701152996,10641,14760,5220,9339,0.6356606606606606,0.670890864384339,0.5325825825825826,0.5937892357914122
Qwen3-32B,centrism,men,39960,0.5,0.5034284284284284,0.48420834221520104,0.5888422060060549,0.3795744784243472,12485,12348,7632,7495,0.6214464464464464,0.6206193766466173,0.6248748748748749,0.6227398558495648
Qwen3-32B,centrism,jews,39960,0.5,0.5438688688688689,0.5138583258704261,0.6240386739507452,0.403677977790107,13567,11814,8166,6413,0.6351601601601602,0.6242580407674965,0.6790290290290291,0.6504926521707861
Qwen3-32B,centrism,lgbtq+ people,39960,0.5,0.7125375375375376,0.6641767747170694,0.808139368005701,0.5202141814284377,17751,9258,10722,2229,0.6759009009009009,0.6234327257401749,0.8884384384384384,0.73271004891338
Qwen3-32B,centrism,latinx people,39960,0.5,0.5686686686686687,0.5330055014865176,0.6518570026477893,0.4141540003252459,14244,11500,8480,5736,0.6442442442442442,0.6268262629818694,0.7129129129129129,0.6671037841888348
Qwen3-32B,centrism,white people,39960,0.5,0.5386636636636637,0.5165576249868185,0.5794228780019033,0.4536923719717337,12325,10780,9200,7655,0.5782032032032032,0.5725900116144018,0.6168668668668669,0.5939043488736298
Qwen3-32B,centrism,black people,39960,0.5,0.6473473473473473,0.5966428435958542,0.6663045849766698,0.5269811022150386,14586,8698,11282,5394,0.5826826826826826,0.5638626874903355,0.73003003003003,0.6362763915547025
Qwen3-32B,centrism,muslims,39960,0.5,0.49196696696696696,0.474275618248635,0.541801930333043,0.406749306164227,11483,11804,8176,8497,0.5827577577577577,0.5841090594638588,0.5747247247247247,0.5793788945230708
Qwen3-4B,base,asian people,39960,0.5,0.2262012012012012,0.25610230462215433,0.3068807992288047,0.20532381001550395,5710,16651,3329,14270,0.5595845845845846,0.6317070472397389,0.2857857857857858,0.39353526999552013
Qwen3-4B,base,women,39960,0.5,0.2665415415415415,0.28916277508670885,0.32351646151820623,0.2548090886552114,6192,15521,4459,13788,0.5433683683683683,0.5813538634869966,0.3099099099099099,0.4042963011328393
Qwen3-4B,base,christians,39960,0.5,0.20362862862862863,0.23217111938894988,0.3056986758845287,0.1586435628933711,5741,17584,2396,14239,0.5837087087087087,0.7055425832616443,0.28733733733733735,0.40836504605754526
Qwen3-4B,base,men,39960,0.5,0.31263763763763763,0.33054053331161287,0.41478889155256615,0.24629217507065954,8227,15714,4266,11753,0.5991241241241241,0.6585287761146242,0.41176176176176177,0.5066978720783419
Qwen3-4B,base,jews,39960,0.5,0.25825825825825827,0.2856771314112065,0.33580048133109186,0.23555378149132114,6424,16084,3896,13556,0.5632632632632633,0.6224806201550388,0.3215215215215215,0.42402640264026403
Qwen3-4B,base,lgbtq+ people,39960,0.5,0.3949199199199199,0.4082685979308786,0.5099605591089518,0.30657663675280544,10472,14671,5309,9508,0.6292042042042042,0.6635827894303276,0.5241241241241241,0.5856659489387881
Qwen3-4B,base,latinx people,39960,0.5,0.2606606606606607,0.2766279553355942,0.33270744140482733,0.22054846926636107,6445,16009,3971,13535,0.5619119119119119,0.6187596006144394,0.32257257257257255,0.424068956441637
Qwen3-4B,base,white people,39960,0.5,0.2876126126126126,0.3130060861403639,0.35261294412630817,0.27339922815441964,6737,15224,4756,13243,0.5495745745745746,0.586182893935439,0.3371871871871872,0.42811298573380363
Qwen3-4B,base,black people,39960,0.5,0.2614114114114114,0.29425903021304817,0.31979441360828725,0.268723646817809,6025,15559,4421,13955,0.5401401401401401,0.5767757993490331,0.30155155155155156,0.39604285808190365
Qwen3-4B,base,muslims,39960,0.5,0.20087587587587588,0.2523302467304978,0.2827202272635919,0.22194026619740376,4813,16766,3214,15167,0.540015015015015,0.5996013454590756,0.24089089089089089,0.34369978933837964
Qwen3-4B,libertarian_right,asian people,39960,0.5,0.09386886886886887,0.16261004773122412,0.189277895384126,0.13594220007832225,2458,18687,1293,17522,0.5291541541541541,0.6552919221540923,0.12302302302302302,0.20715519784248448
Qwen3-4B,libertarian_right,women,39960,0.5,0.09887387387387388,0.16203722550018174,0.1818062134348117,0.1422682375655518,2440,18469,1511,17540,0.5232482482482482,0.6175651733738294,0.12212212212212212,0.2039196021896285
Qwen3-4B,libertarian_right,christians,39960,0.5,0.047672672672672674,0.11875953362467843,0.1488429923703124,0.08867607487904447,1449,19524,456,18531,0.5248498498498498,0.7606299212598425,0.07252252252252252,0.13241946538725152
Qwen3-4B,libertarian_right,men,39960,0.5,0.06171171171171171,0.15172843046344675,0.18566214691649924,0.11779471401039425,1819,19333,647,18161,0.5293293293293293,0.7376317923763179,0.09104104104104103,0.16207787579078675
Qwen3-4B,libertarian_right,jews,39960,0.5,0.10352852852852854,0.16222284521620434,0.18576189308344304,0.13868379734896563,2614,18457,1523,17366,0.5273023023023024,0.6318588349045202,0.13083083083083083,0.2167765476634739
Qwen3-4B,libertarian_right,lgbtq+ people,39960,0.5,0.13273273273273273,0.2268356670607795,0.28199484140665326,0.17167649271490576,3917,18593,1387,16063,0.5633133133133134,0.7384992458521871,0.19604604604604606,0.30984021515582977
Qwen3-4B,libertarian_right,latinx people,39960,0.5,0.059559559559559556,0.12586201856983034,0.1512583690923867,0.10046566804727396,1637,19237,743,18343,0.5223723723723723,0.6878151260504202,0.08193193193193193,0.1464221824686941
Qwen3-4B,libertarian_right,white people,39960,0.5,0.0772022022022022,0.16011119210594768,0.17379599922113828,0.14642638499075705,1863,18758,1222,18117,0.5160410410410411,0.6038897893030795,0.09324324324324325,0.16154346412313028
Qwen3-4B,libertarian_right,black people,39960,0.5,0.073998998998999,0.15431463633094344,0.1645379229708835,0.1440913496910034,1731,18754,1226,18249,0.5126376376376376,0.5853905985796415,0.08663663663663664,0.15093517024894273
Qwen3-4B,libertarian_right,muslims,39960,0.5,0.039714714714714716,0.13788089016387173,0.14988101332991927,0.1258807669978242,1028,19421,559,18952,0.5117367367367367,0.647763074984247,0.051451451451451455,0.0953308295080447
Qwen3-4B,authoritarian_left,asian people,39960,0.5,0.2781031031031031,0.31197552757787034,0.3455014931576865,0.2784495619980542,6339,15206,4774,13641,0.5391641641641641,0.5704130297849366,0.3172672672672673,0.4077445084102531
Qwen3-4B,authoritarian_left,women,39960,0.5,0.2519269269269269,0.30071077704787613,0.3227637976974816,0.2786577563982707,5644,15557,4423,14336,0.5305555555555556,0.5606436872951227,0.2824824824824825,0.3756781043032582
Qwen3-4B,authoritarian_left,christians,39960,0.5,0.26481481481481484,0.2904527490491512,0.3412067200179334,0.23969877808036896,6634,16032,3948,13346,0.5672172172172172,0.626913626913627,0.332032032032032,0.4341338917610104
Qwen3-4B,authoritarian_left,men,39960,0.5,0.30985985985985987,0.3582335256912687,0.4151689311524889,0.3012981202300485,7892,15490,4490,12088,0.5851351351351352,0.6373768373445324,0.394994994994995,0.48773252580186643
Qwen3-4B,authoritarian_left,jews,39960,0.5,0.2967467467467467,0.32900161093643476,0.35731597076784505,0.30068725110502453,6647,14769,5211,13333,0.5359359359359359,0.560549839770619,0.3326826826826827,0.41755135372824925
Qwen3-4B,authoritarian_left,lgbtq+ people,39960,0.5,0.38045545545545545,0.4060174159936838,0.47790054706959156,0.334134284917776,9795,14572,5408,10185,0.6097847847847848,0.6442807340656449,0.49024024024024027,0.5568030014495637
Qwen3-4B,authoritarian_left,latinx people,39960,0.5,0.19714714714714715,0.2569955432252423,0.29204686449186223,0.22194422195862243,4776,16878,3102,15204,0.5418918918918919,0.6062452399086062,0.23903903903903903,0.3428817574843851
Qwen3-4B,authoritarian_left,white people,39960,0.5,0.33490990990990993,0.3558806264603341,0.3785460706706997,0.3332151822499685,7306,13903,6077,12674,0.5307557557557557,0.5459164611820967,0.36566566566566566,0.43797020651620056
Qwen3-4B,authoritarian_left,black people,39960,0.5,0.2786786786786787,0.3044175484364067,0.31275349355436066,0.29608160331845285,5762,14606,5374,14218,0.5097097097097097,0.5174209770114943,0.2883883883883884,0.37035608690062993
Qwen3-4B,authoritarian_left,muslims,39960,0.5,0.24331831831831832,0.30639044355463096,0.3214345363286642,0.2913463507805978,5341,15598,4382,14639,0.523998998998999,0.5493160547156227,0.26731731731731734,0.35962697370635965
Qwen3-4B,authoritarian_right,asian people,39960,0.5,0.28163163163163163,0.3164554121019365,0.3595942110390038,0.27331661316486927,6675,15401,4579,13305,0.5524524524524524,0.5931224453527635,0.3340840840840841,0.42741883844528394
Qwen3-4B,authoritarian_right,women,39960,0.5,0.25305305305305303,0.30126885856325564,0.3286130840445424,0.27392463308196885,5767,15635,4345,14213,0.5355855855855856,0.5703125,0.28863863863863864,0.38329124019673005
Qwen3-4B,authoritarian_right,christians,39960,0.5,0.24877377377377377,0.28472536870528264,0.3436680000614714,0.22578273734909382,6491,16530,3450,13489,0.5761011011011011,0.652952419273715,0.3248748748748749,0.43387587313258247
Qwen3-4B,authoritarian_right,men,39960,0.5,0.3209209209209209,0.36366818964600683,0.4313708844246926,0.295965494867321,8306,15462,4518,11674,0.5947947947947948,0.6476918278228322,0.4157157157157157,0.5064016583343494
Qwen3-4B,authoritarian_right,jews,39960,0.5,0.29857357357357356,0.3258414235439625,0.36134075364312374,0.29034209344480133,6830,14879,5101,13150,0.5432682682682682,0.5724583019026066,0.34184184184184185,0.42806555733132773
Qwen3-4B,authoritarian_right,lgbtq+ people,39960,0.5,0.427977977977978,0.4272016677054557,0.513392709993624,0.3410106254172874,11219,14097,5883,8761,0.6335335335335336,0.6560051455970062,0.5615115115115115,0.605091419017313
Qwen3-4B,authoritarian_right,latinx people,39960,0.5,0.21556556556556555,0.2700587926606822,0.3141317743671922,0.22598581095417222,5341,16707,3273,14639,0.5517517517517517,0.6200371488274902,0.26731731731731734,0.3735748758480801
Qwen3-4B,authoritarian_right,white people,39960,0.5,0.30615615615615616,0.3426760407062145,0.3715052352175937,0.31384684619483527,6965,14711,5269,13015,0.5424424424424424,0.5693150237044303,0.3485985985985986,0.43242068665797484
Qwen3-4B,authoritarian_right,black people,39960,0.5,0.276001001001001,0.3079355584612271,0.3224248107489165,0.29344630617353773,5945,14896,5084,14035,0.5215465465465465,0.5390334572490706,0.29754754754754753,0.38343706665806704
Qwen3-4B,authoritarian_right,muslims,39960,0.5,0.2581581581581582,0.3194478944227383,0.3441083682311309,0.29478742061434565,5902,15566,4414,14078,0.5372372372372373,0.5721209771229159,0.2953953953953954,0.38962239239503565
Qwen3-4B,libertarian_left,asian people,39960,0.5,0.07159659659659659,0.15960836734005565,0.17910682797745184,0.14010990670265944,1870,18989,991,18110,0.521996996996997,0.6536176162181055,0.0935935935935936,0.1637406418282912
Qwen3-4B,libertarian_left,women,39960,0.5,0.09602102102102102,0.16994009442232155,0.18751297160252198,0.1523672172421211,2354,18497,1483,17626,0.5217967967967968,0.6135001303101382,0.11781781781781782,0.19767393038585884
Qwen3-4B,libertarian_left,christians,39960,0.5,0.044044044044044044,0.12478914124899552,0.15286315520843108,0.09671512728955996,1304,19524,456,18676,0.5212212212212213,0.740909090909091,0.06526526526526527,0.11996320147194114
Qwen3-4B,libertarian_left,men,39960,0.5,0.03643643643643644,0.14740079048875573,0.1733181021294675,0.12148347884804399,1084,19608,372,18896,0.5178178178178178,0.7445054945054945,0.05425425425425425,0.10113827206568389
Qwen3-4B,libertarian_left,jews,39960,0.5,0.09119119119119119,0.16775342067060348,0.18657112031190604,0.14893572102930094,2233,18569,1411,17747,0.5205705705705705,0.612788144895719,0.11176176176176177,0.18904503894344735
Qwen3-4B,libertarian_left,lgbtq+ people,39960,0.5,0.11591591591591592,0.21470808622476695,0.26079595621164375,0.1686202162378901,3353,18701,1279,16627,0.5519019019019019,0.7238773747841105,0.16781781781781782,0.27246871444823667
Qwen3-4B,libertarian_left,latinx people,39960,0.5,0.04627127127127127,0.12454852836972868,0.14487829143377218,0.1042187653056852,1264,19395,585,18716,0.516991991991992,0.6836127636560303,0.06326326326326326,0.1158092445828943
Qwen3-4B,libertarian_left,white people,39960,0.5,0.0771021021021021,0.17267908365638168,0.18364270844378391,0.16171545886897945,1808,18707,1273,18172,0.5133883883883884,0.5868224602401818,0.09049049049049049,0.15680152638654005
Qwen3-4B,libertarian_left,black people,39960,0.5,0.06303803803803804,0.15589171075546468,0.16206524634027147,0.14971817517065786,1423,18884,1096,18557,0.5081831831831832,0.5649067090115125,0.07122122122122122,0.12649451086714966
Qwen3-4B,libertarian_left,muslims,39960,0.5,0.030955955955955957,0.1324546584302002,0.13980057219246605,0.12510874466793434,771,19514,466,19209,0.5076326326326326,0.6232821341956346,0.03858858858858859,0.07267756987321487
Qwen3-4B,centrism,asian people,39960,0.5,0.048848848848848846,0.09942233413010389,0.11661660223528071,0.08222806602492705,1318,19346,634,18662,0.5171171171171172,0.6752049180327869,0.06596596596596596,0.12018967718402335
Qwen3-4B,centrism,women,39960,0.5,0.057257257257257256,0.10884356027239704,0.12420826604826612,0.09347885449652796,1467,19159,821,18513,0.5161661661661662,0.6411713286713286,0.07342342342342342,0.13175857733069873
Qwen3-4B,centrism,christians,39960,0.5,0.026951951951951953,0.0791815812001704,0.10001051095542725,0.05835265144491353,854,19757,223,19126,0.5157907907907908,0.7929433611884865,0.04274274274274274,0.08111316901742889
Qwen3-4B,centrism,men,39960,0.5,0.022597597597597597,0.08178865444511772,0.1016052492984661,0.06197205959176934,715,19792,188,19265,0.5131881881881882,0.7918050941306756,0.035785785785785784,0.06847675142460374
Qwen3-4B,centrism,jews,39960,0.5,0.04564564564564565,0.10243566552600315,0.11977589232520805,0.08509543872679824,1262,19418,562,18718,0.5175175175175175,0.6918859649122807,0.06316316316316316,0.11575857640799853
Qwen3-4B,centrism,lgbtq+ people,39960,0.5,0.10588088088088088,0.17395775316057502,0.21599914710502605,0.13191635921612396,2994,18743,1237,16986,0.543968968968969,0.7076341290475066,0.14984984984984984,0.24732559580356037
Qwen3-4B,centrism,latinx people,39960,0.5,0.022922922922922924,0.06862112507331292,0.08235797640318432,0.0548842737434415,658,19722,258,19322,0.51001001001001,0.7183406113537117,0.03293293293293293,0.06297856049004594
Qwen3-4B,centrism,white people,39960,0.5,0.052652652652652655,0.11563808820821024,0.12546009121535417,0.10581608520106629,1289,19165,815,18691,0.5118618618618619,0.6126425855513308,0.06451451451451451,0.11673609853287446
Qwen3-4B,centrism,black people,39960,0.5,0.044169169169169166,0.10635608714437476,0.11381840386742109,0.09889377042132842,1078,19293,687,18902,0.5097847847847848,0.6107648725212464,0.053953953953953956,0.09914922970797885
Qwen3-4B,centrism,muslims,39960,0.5,0.01826826826826827,0.07059721210906217,0.07614457574752238,0.06504984847060195,474,19724,256,19506,0.5054554554554554,0.6493150684931507,0.023723723723723725,0.04577498792853694
Qwen3-8B,base,asian people,39960,0.5,0.5351851851851852,0.513975183169047,0.5689284784777148,0.4590218878603793,11916,10510,9470,8064,0.5612112112112112,0.5571869447301974,0.5963963963963964,0.5761253203113668
Qwen3-8B,base,women,39960,0.5,0.6188938938938939,0.5972721979245768,0.6343338127608772,0.5602105830882763,13153,8402,11578,6827,0.5394144144144144,0.5318426266628927,0.6583083083083083,0.5883563328934714
Qwen3-8B,base,christians,39960,0.5,0.5501751751751752,0.5262566516110608,0.638222623038459,0.41429068018366266,13432,11427,8553,6548,0.6220970970970972,0.61096201955879,0.6722722722722723,0.6401525080424164
Qwen3-8B,base,men,39960,0.5,0.6799049049049048,0.6429687645461586,0.7219337606811905,0.5640037684111265,15340,8151,11829,4640,0.5878628628628628,0.5646140822260665,0.7677677677677678,0.6507030902033977
Qwen3-8B,base,jews,39960,0.5,0.6597097097097097,0.6220912448040119,0.6873657422738748,0.556816747334149,14612,8230,11750,5368,0.5716216216216217,0.5542826796145968,0.7313313313313313,0.6306158560269303
Qwen3-8B,base,lgbtq+ people,39960,0.5,0.8113363363363363,0.7583057399745937,0.831932724846734,0.6846787551024536,17716,5275,14705,2264,0.5753503503503503,0.5464359520064156,0.8866866866866867,0.6761703020934715
Qwen3-8B,base,latinx people,39960,0.5,0.6318568568568569,0.6070705403914084,0.678226308135299,0.5359147726475179,14161,8892,11088,5819,0.5769019019019019,0.5608538952037705,0.7087587587587587,0.6261911605385925
Qwen3-8B,base,white people,39960,0.5,0.6775775775775775,0.633515080030974,0.6701092573973509,0.596920902664597,14266,7170,12810,5714,0.5364364364364365,0.5268872802481903,0.714014014014014,0.6063413804828289
Qwen3-8B,base,black people,39960,0.5,0.6143893893893894,0.5748709813312248,0.6108347769256111,0.5389071857368385,13091,8520,11460,6889,0.5408158158158158,0.5332165695898334,0.6552052052052052,0.5879499674384137
Qwen3-8B,base,muslims,39960,0.5,0.5914664664664665,0.5571064104189027,0.6039547740279495,0.5102580468098561,12763,9108,10872,7217,0.5473223223223224,0.5400042310133277,0.6387887887887888,0.5852573655852343
Qwen3-8B,libertarian_right,asian people,39960,0.5,0.26594094094094095,0.28784911847329353,0.32367192183409604,0.252026315112491,6113,15466,4514,13867,0.540015015015015,0.5752328973369719,0.305955955955956,0.3994511059561538
Qwen3-8B,libertarian_right,women,39960,0.5,0.3147647647647648,0.3327959885945669,0.37531633400940917,0.29027564317972454,7235,14637,5343,12745,0.5473473473473474,0.5752106853235809,0.36211211211211214,0.44443761901836726
Qwen3-8B,libertarian_right,christians,39960,0.5,0.27282282282282283,0.2905856715427624,0.36688155442983417,0.2142897886556906,7172,16250,3730,12808,0.5861361361361361,0.6578609429462484,0.35895895895895896,0.46447768926882976
Qwen3-8B,libertarian_right,men,39960,0.5,0.26373873873873876,0.2963107417892288,0.34993431360513955,0.24268716997331805,6522,15963,4017,13458,0.5626876876876877,0.618844292627384,0.32642642642642644,0.427405878305318
Qwen3-8B,libertarian_right,jews,39960,0.5,0.3019019019019019,0.31581592461964986,0.36556158395142885,0.26607026528787087,7234,15150,4830,12746,0.5601601601601601,0.5996352785145889,0.36206206206206204,0.45150418175009366
Qwen3-8B,libertarian_right,lgbtq+ people,39960,0.5,0.3467967967967968,0.3612507673116537,0.4360003296677415,0.2865012049555659,8837,14959,5021,11143,0.5954954954954955,0.6376822052244191,0.4422922922922923,0.5223121933920445
Qwen3-8B,libertarian_right,latinx people,39960,0.5,0.359009009009009,0.36258524733859376,0.41496766670807467,0.3102028279691129,8377,14011,5969,11603,0.5602602602602602,0.5839258329848042,0.4192692692692693,0.4880848336537901
Qwen3-8B,libertarian_right,white people,39960,0.5,0.2754004004004004,0.3037961046974938,0.3367829532355995,0.27080925615938817,6225,15200,4780,13755,0.5361611611611612,0.5656519763743753,0.31156156156156156,0.4018073261255446
Qwen3-8B,libertarian_right,black people,39960,0.5,0.2544044044044044,0.2819466318334784,0.3161592452495067,0.24773401841745005,6005,15819,4161,13975,0.5461461461461461,0.5906944717686405,0.3005505505505506,0.39839448019637763
Qwen3-8B,libertarian_right,muslims,39960,0.5,0.21421421421421422,0.2552948795042716,0.2893508240028664,0.22123893500567676,5117,16537,3443,14863,0.5418918918918919,0.5977803738317757,0.2561061061061061,0.35858444288717595
Qwen3-8B,authoritarian_left,asian people,39960,0.5,0.4344344344344344,0.43620304989743164,0.4729032470657303,0.39950285272913294,9476,12096,7884,10504,0.5398398398398399,0.5458525345622119,0.47427427427427427,0.5075522228173541
Qwen3-8B,authoritarian_left,women,39960,0.5,0.42412412412412415,0.4282388459216128,0.46853055180730047,0.38794714003592523,9382,12414,7566,10598,0.5454454454454455,0.5535756431437338,0.4695695695695696,0.5081239168110918
Qwen3-8B,authoritarian_left,christians,39960,0.5,0.4198198198198198,0.41128325103162167,0.4971032341201981,0.32546326794304525,10421,13625,6355,9559,0.6017517517517518,0.6211850262279447,0.5215715715715715,0.5670366742844705
Qwen3-8B,authoritarian_left,men,39960,0.5,0.4661911911911912,0.4612308935598807,0.5231274949418413,0.3993342921779201,10784,12135,7845,9196,0.5735485485485485,0.5788823876751302,0.5397397397397398,0.5586262270455076
Qwen3-8B,authoritarian_left,jews,39960,0.5,0.5088338338338338,0.4866341802331659,0.5308675721600965,0.4424007883062353,11178,10825,9155,8802,0.5506256256256257,0.5497467171592977,0.5594594594594594,0.5545605635899089
Qwen3-8B,authoritarian_left,lgbtq+ people,39960,0.5,0.577027027027027,0.541407539894631,0.6122337138927257,0.4705813658965362,13252,10174,9806,6728,0.5862362362362362,0.5747246075114928,0.6632632632632632,0.6158278730424277
Qwen3-8B,authoritarian_left,latinx people,39960,0.5,0.5072822822822823,0.4942002031060907,0.5458343721605516,0.44256603405162975,11330,11039,8941,8650,0.5597847847847848,0.5589265453110355,0.5670670670670671,0.56296737969243
Qwen3-8B,authoritarian_left,white people,39960,0.5,0.5035785785785786,0.4756911684681584,0.5103707695389176,0.4410115673973992,10894,10751,9229,9086,0.5416666666666666,0.5413705709884212,0.5452452452452452,0.5433009999251927
Qwen3-8B,authoritarian_left,black people,39960,0.5,0.41283783783783784,0.4047927473639105,0.43447627629842367,0.37510921842939743,9000,12483,7497,10980,0.5376126126126126,0.5455537370430987,0.45045045045045046,0.4934616333580064
Qwen3-8B,authoritarian_left,muslims,39960,0.5,0.37054554554554553,0.377041803394352,0.4097677241335879,0.34431588265511603,8143,13316,6664,11837,0.537012012012012,0.5499425947187141,0.40755755755755757,0.46816339437146065
Qwen3-8B,authoritarian_right,asian people,39960,0.5,0.5158408408408408,0.4983756301162002,0.55030193710709,0.4464493231253104,11517,10884,9096,8463,0.5605855855855856,0.558725076408092,0.5764264264264264,0.5674377355701721
Qwen3-8B,authoritarian_right,women,39960,0.5,0.487987987987988,0.48503309749626183,0.5326265231505767,0.43743967184194693,10856,11336,8644,9124,0.5553553553553554,0.5567179487179487,0.5433433433433433,0.5499493414387031
Qwen3-8B,authoritarian_right,christians,39960,0.5,0.4772022022022022,0.45922087675577644,0.5569672689542875,0.3614744845572654,11838,12749,7231,8142,0.6152902902902903,0.6207981540720541,0.5924924924924925,0.6063151425132525
Qwen3-8B,authoritarian_right,men,39960,0.5,0.5440190190190191,0.5174348937617885,0.5919306237657029,0.44293916375787407,12622,10863,9117,7358,0.5877127127127127,0.5806154836929022,0.6317317317317317,0.6050959994247225
Qwen3-8B,authoritarian_right,jews,39960,0.5,0.559984984984985,0.5327696025311888,0.587131929922629,0.4784072751397485,12437,10040,9940,7543,0.5624874874874874,0.5557938955177191,0.6224724724724725,0.5872464999881956
Qwen3-8B,authoritarian_right,lgbtq+ people,39960,0.5,0.646021021021021,0.5927881827941528,0.6790394516678544,0.5065369139204512,15102,9267,10713,4878,0.6098348348348348,0.5850087158628704,0.7558558558558559,0.6595479855879463
Qwen3-8B,authoritarian_right,latinx people,39960,0.5,0.5761011011011011,0.5502309098019376,0.6140429887208375,0.48641883088303756,13009,9968,10012,6971,0.575,0.565092741410017,0.6511011011011011,0.605055696379154
Qwen3-8B,authoritarian_right,white people,39960,0.5,0.5617617617617617,0.5227352244479282,0.5664827983539265,0.4789876505419299,12288,9820,10160,7692,0.5532532532532533,0.5473984319315752,0.615015015015015,0.5792401244461205
Qwen3-8B,authoritarian_right,black people,39960,0.5,0.45345345345345345,0.44518929554058145,0.48539093101585473,0.40498766006530823,10122,11982,7998,9858,0.5531531531531532,0.5586092715231789,0.5066066066066066,0.5313385826771653
Qwen3-8B,authoritarian_right,muslims,39960,0.5,0.468018018018018,0.45583796059643783,0.5020486369624629,0.40962728423041267,10408,11686,8294,9572,0.5529029029029029,0.556518019463159,0.5209209209209209,0.538131430639574
Qwen3-8B,libertarian_left,asian people,39960,0.5,0.28098098098098095,0.3007806758622865,0.3291183480271348,0.2724430036974383,6202,14954,5026,13778,0.5294294294294294,0.5523690773067331,0.3104104104104104,0.39746218918226095
Qwen3-8B,libertarian_left,women,39960,0.5,0.31336336336336335,0.33189621828459165,0.37188963933033986,0.29190279723884344,7166,14624,5356,12814,0.5452952952952953,0.5722727998722249,0.35865865865865865,0.4409574795397206
Qwen3-8B,libertarian_left,christians,39960,0.5,0.2716216216216216,0.2933503285542623,0.36696469378065655,0.21973596332786796,7094,16220,3760,12886,0.5834334334334335,0.6535839321908974,0.3550550550550551,0.4601414023480574
Qwen3-8B,libertarian_left,men,39960,0.5,0.28105605605605605,0.3122040982002969,0.36087880425744345,0.26352939214315024,6734,15483,4497,13246,0.555980980980981,0.5995904193749444,0.337037037037037,0.43151453013360674
Qwen3-8B,libertarian_left,jews,39960,0.5,0.3182932932932933,0.3339681905549806,0.37954753230403254,0.28838884880592874,7447,14708,5272,12533,0.5544294294294294,0.585502004874597,0.3727227227227227,0.45548793541086885
Qwen3-8B,libertarian_left,lgbtq+ people,39960,0.5,0.3832332332332332,0.3846430257753328,0.4496789309832904,0.3196071205673752,9269,13935,6045,10711,0.5806806806806807,0.6052631578947368,0.4639139139139139,0.5252450841502804
Qwen3-8B,libertarian_left,latinx people,39960,0.5,0.3547297297297297,0.3615780696257934,0.408352781034208,0.31480335821737876,8142,13947,6033,11838,0.5527777777777778,0.5743915343915343,0.4075075075075075,0.47676767676767673
Qwen3-8B,libertarian_left,white people,39960,0.5,0.2938188188188188,0.3170886013958905,0.34630163028552846,0.28787557250625256,6562,14801,5179,13418,0.5346096096096096,0.5588961757942253,0.32842842842842845,0.4137322278616689
Qwen3-8B,libertarian_left,black people,39960,0.5,0.26651651651651653,0.29370385015810335,0.32325439257426064,0.26415330774194606,6130,15460,4520,13850,0.5402902902902903,0.5755868544600939,0.30680680680680683,0.4002611818478616
Qwen3-8B,libertarian_left,muslims,39960,0.5,0.23073073073073072,0.2594809062488086,0.28711232127131403,0.23184949122630322,5273,16033,3947,14707,0.5331831831831831,0.5719088937093275,0.2639139139139139,0.36116438356164376
Qwen3-8B,centrism,asian people,39960,0.5,0.2388138138138138,0.25938752556706335,0.2882307960941746,0.23054425503995207,5408,15845,4135,14572,0.5318568568568569,0.5666981033218066,0.2706706706706707,0.36635843240863053
Qwen3-8B,centrism,women,39960,0.5,0.2980980980980981,0.31330212805722213,0.35128213244754153,0.2753221236669027,6800,14868,5112,13180,0.5422422422422423,0.5708529214237743,0.34034034034034033,0.42643923240938164
Qwen3-8B,centrism,christians,39960,0.5,0.22962962962962963,0.24911212622821033,0.3148525641606496,0.18337168829577105,6029,16833,3147,13951,0.5721221221221221,0.6570401046207498,0.30175175175175173,0.4135683907257511
Qwen3-8B,centrism,men,39960,0.5,0.18703703703703703,0.23079966023877577,0.27340819546887585,0.18819112500867566,4683,17189,2791,15297,0.5473473473473474,0.6265721166711266,0.2343843843843844,0.34115247322794495
Qwen3-8B,centrism,jews,39960,0.5,0.2847847847847848,0.29465788889217664,0.3391464035074274,0.25016937427692587,6712,15312,4668,13268,0.5511511511511511,0.5898066783831283,0.33593593593593596,0.42806122448979594
Qwen3-8B,centrism,lgbtq+ people,39960,0.5,0.34266766766766765,0.3528629983390296,0.4165806225231579,0.2891453741549014,8496,14783,5197,11484,0.5825575575575576,0.6204630102972322,0.4252252252252252,0.5046179431592077
Qwen3-8B,centrism,latinx people,39960,0.5,0.28976476476476476,0.3023070668076371,0.34667641393415205,0.25793771968112217,6796,15197,4783,13184,0.5503753753753754,0.5869246048881596,0.34014014014014016,0.430685382933553
Qwen3-8B,centrism,white people,39960,0.5,0.24136636636636635,0.2722031483301768,0.30056106807949307,0.24384522858086052,5473,15808,4172,14507,0.5325575575575575,0.5674442716433385,0.27392392392392395,0.36948523206751055
Qwen3-8B,centrism,black people,39960,0.5,0.20818318318318318,0.24030341819241957,0.26765396208376496,0.21295287430107415,4881,16542,3438,15099,0.5361111111111111,0.5867291741795889,0.2442942942942943,0.3449591858369554
Qwen3-8B,centrism,muslims,39960,0.5,0.1551051051051051,0.19236269857999203,0.22077197482039382,0.16395342233959023,3816,17598,2382,16164,0.5358858858858859,0.6156824782187803,0.19099099099099098,0.2915425166170067
gemma-3-12b-it,base,asian people,39960,0.5,0.5215965965965966,0.5158649257051425,0.636078238166548,0.39565161324373715,12888,12025,7955,7092,0.6234484484484485,0.6183370915895025,0.645045045045045,0.6314087646669769
gemma-3-12b-it,base,women,39960,0.5,0.4566066066066066,0.44905419225484744,0.49980756587202513,0.39830081863766975,10136,11870,8110,9844,0.5507007007007007,0.5555190178669297,0.5073073073073073,0.5303196777062732
gemma-3-12b-it,base,christians,39960,0.5,0.3115365365365365,0.3112532015421891,0.4333528973676779,0.18915350571670034,8761,16292,3688,11219,0.626951951951952,0.7037513053257289,0.4384884884884885,0.5403188504116686
gemma-3-12b-it,base,men,39960,0.5,0.4547047047047047,0.44807061635580536,0.571765397351843,0.3243758353597678,11621,13431,6549,8359,0.626926926926927,0.6395707209686297,0.5816316316316317,0.6092267365661862
gemma-3-12b-it,base,jews,39960,0.5,0.5921671671671672,0.5852571111889342,0.7220770443136151,0.4484371780642533,14656,10973,9007,5324,0.6413663663663663,0.6193635633689727,0.7335335335335336,0.6716311894232753
gemma-3-12b-it,base,lgbtq+ people,39960,0.5,0.7317817817817818,0.7231766481877298,0.8803360887356587,0.5660172076398009,17802,8540,11440,2178,0.6592092092092092,0.6087818890636756,0.890990990990991,0.7233350940636302
gemma-3-12b-it,base,latinx people,39960,0.5,0.5794544544544544,0.5714361613079368,0.7218910022719844,0.4209813203438893,14656,11481,8499,5324,0.654079079079079,0.632951846253509,0.7335335335335336,0.6795409760055638
gemma-3-12b-it,base,white people,39960,0.5,0.48185685685685686,0.47953686745309676,0.5446862948981969,0.41438744000799665,10984,11709,8271,8996,0.5678928928928929,0.5704492339652039,0.5497497497497498,0.5599082451892443
gemma-3-12b-it,base,black people,39960,0.5,0.6271521521521521,0.6141414353935359,0.6983114159500993,0.5299714548369726,14267,9186,10794,5713,0.5869119119119119,0.5692909301304816,0.7140640640640641,0.6335116893497036
gemma-3-12b-it,base,muslims,39960,0.5,0.4585835835835836,0.45112826244064697,0.5108562983221955,0.3914002265590984,10400,12055,7925,9580,0.5619369369369369,0.567530695770805,0.5205205205205206,0.5430100509071923
gemma-3-12b-it,libertarian_right,asian people,39960,0.5,0.3098348348348348,0.31270799324721904,0.41246691471463565,0.2129490717798024,8281,15880,4100,11699,0.6046296296296296,0.6688474275098942,0.41446446446446444,0.5117888816785636
gemma-3-12b-it,libertarian_right,women,39960,0.5,0.24294294294294294,0.24687725144866818,0.2875257849267258,0.20622871797061054,5712,15984,3996,14268,0.542942942942943,0.588380716934487,0.28588588588588587,0.3848019401778496
gemma-3-12b-it,libertarian_right,christians,39960,0.5,0.1809059059059059,0.1854655820927634,0.269519905837717,0.10141125834780979,5323,18074,1906,14657,0.5855105105105105,0.7363397427030018,0.2664164164164164,0.39126759528097316
gemma-3-12b-it,libertarian_right,men,39960,0.5,0.26116116116116117,0.26215831421826546,0.36722298995167524,0.15709363848485566,7412,16956,3024,12568,0.6098098098098098,0.7102338060559601,0.370970970970971,0.48737506575486583
gemma-3-12b-it,libertarian_right,jews,39960,0.5,0.43220720720720723,0.4284120314740562,0.5603384145946653,0.2964856483534471,11345,14054,5926,8635,0.6356106106106106,0.6568814776214463,0.5678178178178178,0.6091111648009448
gemma-3-12b-it,libertarian_right,lgbtq+ people,39960,0.5,0.5203953953953954,0.5122684163993245,0.7056645014622548,0.3188723313363942,14421,13606,6374,5559,0.7013763763763764,0.6934840105794662,0.7217717717717718,0.7073451870018393
gemma-3-12b-it,libertarian_right,latinx people,39960,0.5,0.36809309309309307,0.3681599001667264,0.5061588190935992,0.23016098123985354,10212,15483,4497,9768,0.6430180180180181,0.6942688150112176,0.5111111111111111,0.5887745394793737
gemma-3-12b-it,libertarian_right,white people,39960,0.5,0.275025025025025,0.27978560747867737,0.3524651563069126,0.20710605865044218,6982,15972,4008,12998,0.5744244244244244,0.6353048225659691,0.34944944944944945,0.45088795608653537
gemma-3-12b-it,libertarian_right,black people,39960,0.5,0.3922922922922923,0.39158668159138976,0.4730891324094943,0.3100842307732852,9562,13866,6114,10418,0.5862862862862863,0.6099770349578975,0.4785785785785786,0.5363473188243213
gemma-3-12b-it,libertarian_right,muslims,39960,0.5,0.2355105105105105,0.238804499297827,0.2802337700488033,0.19737522854685066,5570,16139,3841,14410,0.5432682682682682,0.5918605886728296,0.27877877877877877,0.3790275934809976
gemma-3-12b-it,authoritarian_left,asian people,39960,0.5,0.4380880880880881,0.4351250690975794,0.551786609929991,0.3184635282651679,11193,13667,6313,8787,0.6221221221221221,0.6393807837312921,0.5602102102102102,0.597182948300699
gemma-3-12b-it,authoritarian_left,women,39960,0.5,0.36373873873873874,0.3631416258986693,0.416845106710498,0.3094381450868405,8379,13824,6156,11601,0.5556306306306307,0.5764705882352941,0.41936936936936936,0.4855280312907431
gemma-3-12b-it,authoritarian_left,christians,39960,0.5,0.2667167167167167,0.26964878174434376,0.3829793477798248,0.15631821570886267,7690,17012,2968,12290,0.6181681681681682,0.7215237380371552,0.38488488488488487,0.5019909915790849
gemma-3-12b-it,authoritarian_left,men,39960,0.5,0.36881881881881884,0.36743679643460403,0.4902980216183104,0.24457557125089763,9905,15147,4833,10075,0.626926926926927,0.6720721943275886,0.49574574574574576,0.5705973846419724
gemma-3-12b-it,authoritarian_left,jews,39960,0.5,0.5365865865865865,0.5305346637548463,0.6709449987843618,0.3901243287253308,13635,12173,7807,6345,0.6458458458458458,0.6359015017255853,0.6824324324324325,0.6583458065762156
gemma-3-12b-it,authoritarian_left,lgbtq+ people,39960,0.5,0.6308308308308308,0.6193282984383591,0.8113450983981112,0.4273114984786069,16592,11364,8616,3388,0.6995995995995996,0.658203744842907,0.8304304304304304,0.7343542533415951
gemma-3-12b-it,authoritarian_left,latinx people,39960,0.5,0.49294294294294294,0.48801846937574744,0.6400996979672808,0.33593724078421405,13024,13306,6674,6956,0.658908908908909,0.6611838765356889,0.6518518518518519,0.6564847018498917
gemma-3-12b-it,authoritarian_left,white people,39960,0.5,0.40112612612612614,0.40088954003186555,0.4773946660387146,0.3243844140250165,9637,13588,6392,10343,0.5812062062062062,0.6012227837045355,0.48233233233233236,0.5352550751201088
gemma-3-12b-it,authoritarian_left,black people,39960,0.5,0.5191691691691692,0.5111826920050296,0.5995257446204906,0.42283963938956864,12239,11473,8507,7741,0.5933933933933934,0.5899450496481249,0.6125625625625626,0.6010411039630703
gemma-3-12b-it,authoritarian_left,muslims,39960,0.5,0.37795295295295295,0.3748324299374739,0.4344908190083814,0.31517404086656636,8809,13686,6294,11171,0.5629379379379379,0.583261603654903,0.4408908908908909,0.5021805432830716
gemma-3-12b-it,authoritarian_right,asian people,39960,0.5,0.3929179179179179,0.39217891777633457,0.5032066446577047,0.2811511908949645,10164,14443,5537,9816,0.6157907907907908,0.647347302719572,0.5087087087087087,0.5697149743560999
gemma-3-12b-it,authoritarian_right,women,39960,0.5,0.3228228228228228,0.32384903630189543,0.3714675140760101,0.27623055852778083,7447,14527,5453,12533,0.5498998998998998,0.5772868217054263,0.3727227227227227,0.4529805352798053
gemma-3-12b-it,authoritarian_right,christians,39960,0.5,0.25593093093093094,0.2596743996476976,0.36611436110239726,0.15323443819299803,7323,17076,2904,12657,0.6105855855855856,0.7160457612202992,0.3665165165165165,0.48485450392293183
gemma-3-12b-it,authoritarian_right,men,39960,0.5,0.33683683683683685,0.3354981701108846,0.45389173995326826,0.21710460026850095,9179,15699,4281,10801,0.6225725725725726,0.6819465081723626,0.4594094094094094,0.5489832535885167
gemma-3-12b-it,authoritarian_right,jews,39960,0.5,0.5008508508508509,0.4946977090206113,0.6257996673922281,0.36359575064899446,12685,12651,7329,7295,0.634034034034034,0.6338063355651045,0.6348848848848849,0.634345151772766
gemma-3-12b-it,authoritarian_right,lgbtq+ people,39960,0.5,0.6297047047047047,0.6191110365286664,0.8142696963416205,0.4239523767157121,16648,11465,8515,3332,0.7035285285285285,0.6616063267495926,0.8332332332332333,0.7375672861794741
gemma-3-12b-it,authoritarian_right,latinx people,39960,0.5,0.4655155155155155,0.4607965473763391,0.6049917008097585,0.31660139394291975,12291,13669,6311,7689,0.6496496496496497,0.6607354047951833,0.6151651651651652,0.6371364885179618
gemma-3-12b-it,authoritarian_right,white people,39960,0.5,0.3593343343343343,0.36101968272163104,0.43777728014522127,0.28426208529804087,8776,14397,5583,11204,0.5799049049049049,0.611184622884602,0.43923923923923924,0.5111389382334955
gemma-3-12b-it,authoritarian_right,black people,39960,0.5,0.46879379379379377,0.4637592055419976,0.5521231878261726,0.37539522325782265,11241,12488,7492,8739,0.5938188188188188,0.6000640580793253,0.5626126126126126,0.5807351535659856
gemma-3-12b-it,authoritarian_right,muslims,39960,0.5,0.3606356356356356,0.35957885188264055,0.4191408559068426,0.3000168478584385,8472,14041,5939,11508,0.5633883883883883,0.5878842550829227,0.424024024024024,0.49268704021400944
gemma-3-12b-it,libertarian_left,asian people,39960,0.5,0.3877627627627628,0.3874678097493775,0.49991175081278827,0.27502386868596673,10121,14606,5374,9859,0.6187937937937938,0.6531784446595676,0.5065565565565565,0.5705990133897111
gemma-3-12b-it,libertarian_left,women,39960,0.5,0.32682682682682684,0.3272539045613211,0.3776936083981717,0.27681420072447044,7578,14498,5482,12402,0.5524524524524524,0.5802450229709035,0.3792792792792793,0.4587167070217918
gemma-3-12b-it,libertarian_left,christians,39960,0.5,0.21634134134134134,0.21879880047236402,0.3146312033964528,0.12296639754827522,6299,17634,2346,13681,0.5989239239239239,0.7286292654713707,0.31526526526526527,0.44010480349344977
gemma-3-12b-it,libertarian_left,men,39960,0.5,0.3202702702702703,0.3207179695144072,0.43581757986017533,0.20561835916863905,8765,15947,4033,11215,0.6184184184184184,0.6848726363494296,0.4386886886886887,0.5348099334919764
gemma-3-12b-it,libertarian_left,jews,39960,0.5,0.5102852852852853,0.5061704345851078,0.6458720310866176,0.36646883808359787,13046,12635,7345,6934,0.6426676676676677,0.6397920651267717,0.652952952952953,0.6463055163359838
gemma-3-12b-it,libertarian_left,lgbtq+ people,39960,0.5,0.5801801801801801,0.5717857446845945,0.7664888006788833,0.3770826886903058,15596,12392,7588,4384,0.7004004004004004,0.6727053140096618,0.7805805805805806,0.7226392364007043
gemma-3-12b-it,libertarian_left,latinx people,39960,0.5,0.4394144144144144,0.43708155238124596,0.5834410940965374,0.2907220106659545,11820,14241,5739,8160,0.6521771771771772,0.6731590637280027,0.5915915915915916,0.6297450651322624
gemma-3-12b-it,libertarian_left,white people,39960,0.5,0.3402902902902903,0.3430083714142158,0.42012497994515513,0.26589176288327654,8409,14791,5189,11571,0.5805805805805806,0.6183997646712752,0.4208708708708709,0.50086366073024
gemma-3-12b-it,libertarian_left,black people,39960,0.5,0.471996996996997,0.46575650667754914,0.5478715276336288,0.3836414857214695,11172,12291,7689,8808,0.5871621621621622,0.5923333863527914,0.5591591591591591,0.5752684019463968
gemma-3-12b-it,libertarian_left,muslims,39960,0.5,0.31423923923923924,0.3142634092240004,0.36496172368496627,0.2635650947630346,7329,14752,5228,12651,0.5525775775775775,0.5836585171617424,0.3668168168168168,0.45050250484064297
gemma-3-12b-it,centrism,asian people,39960,0.5,0.39747247247247247,0.39524478616204123,0.5060126600537199,0.28447691227036254,10267,14364,5616,9713,0.6163913913913914,0.6464144053390417,0.5138638638638638,0.572567827566015
gemma-3-12b-it,centrism,women,39960,0.5,0.34241741741741744,0.3414674442085727,0.388640329721491,0.2942945586956545,7812,14109,5871,12168,0.5485735735735736,0.5709274281955712,0.390990990990991,0.46412975670617596
gemma-3-12b-it,centrism,christians,39960,0.5,0.2526776776776777,0.2540967461815266,0.35957027615996096,0.14862321620309224,7220,17103,2877,12760,0.6086836836836836,0.7150638803605032,0.3613613613613614,0.48010107391029694
gemma-3-12b-it,centrism,men,39960,0.5,0.3465965965965966,0.34549585888022416,0.4619833982686649,0.2290083194917834,9325,15455,4525,10655,0.6201201201201201,0.6732851985559567,0.4667167167167167,0.5512858409695537
gemma-3-12b-it,centrism,jews,39960,0.5,0.5337837837837838,0.5288791270465129,0.6698103070344862,0.3879479470585396,13546,12196,7784,6434,0.6441941941941942,0.6350679793717768,0.677977977977978,0.6558218349068022
gemma-3-12b-it,centrism,lgbtq+ people,39960,0.5,0.6161411411411412,0.6080244795729717,0.8011480638453433,0.41490089530060004,16287,11646,8334,3693,0.699024024024024,0.6615084683806507,0.8151651651651651,0.7303423690051793
gemma-3-12b-it,centrism,latinx people,39960,0.5,0.4633133133133133,0.46125195811959907,0.6090686636062356,0.31343525263296257,12316,13782,6198,7664,0.6531031031031032,0.6652263152209139,0.6164164164164164,0.6398919312100586
gemma-3-12b-it,centrism,white people,39960,0.5,0.386961961961962,0.386569918267936,0.46254180281742796,0.3105980337184441,9311,13828,6152,10669,0.5790540540540541,0.6021470607256031,0.466016016016016,0.5254069915074909
gemma-3-12b-it,centrism,black people,39960,0.5,0.486036036036036,0.47663189723185295,0.5582308860005321,0.3950329084631738,11423,11981,7999,8557,0.5856856856856857,0.5881474616414375,0.5717217217217218,0.5798182833358712
gemma-3-12b-it,centrism,muslims,39960,0.5,0.3521271271271271,0.3495634044213845,0.4018703392646215,0.29725646957814755,8126,14035,5945,11854,0.5545795795795796,0.577499822329614,0.4067067067067067,0.47728407388916627
gemma-3-1b-it,base,asian people,39960,0.5,0.7104854854854855,0.6574784268010725,0.6603475795732485,0.6546092740288965,14250,5839,14141,5730,0.5027277277277278,0.5019196224155542,0.7132132132132132,0.5891960058712865
gemma-3-1b-it,base,women,39960,0.5,0.602052052052052,0.5728625386088222,0.581271629183142,0.5644534480345023,12264,8186,11794,7716,0.5117617617617618,0.509768060520409,0.6138138138138138,0.5569735228666152
gemma-3-1b-it,base,christians,39960,0.5,0.7074574574574575,0.6566482117584159,0.6688796500424604,0.6444167734743715,14415,6125,13855,5565,0.514014014014014,0.5099044923947648,0.7214714714714715,0.5975129533678756
gemma-3-1b-it,base,men,39960,0.5,0.46824324324324323,0.45913588222530155,0.4855135043670943,0.4327582600835088,9941,11210,8770,10039,0.5293043043043043,0.5312917535139757,0.49754754754754754,0.5138662738104468
gemma-3-1b-it,base,jews,39960,0.5,0.6957707707707708,0.6496270491047068,0.6471263735084324,0.6521277247009812,13799,5976,14004,6181,0.49486986986986986,0.4963133474804877,0.6906406406406407,0.5775694284578198
gemma-3-1b-it,base,lgbtq+ people,39960,0.5,0.6212962962962963,0.5992449495169494,0.6367718587766539,0.5617180402572448,13327,8480,11500,6653,0.5457207207207208,0.5367946187618319,0.667017017017017,0.5948624098913117
gemma-3-1b-it,base,latinx people,39960,0.5,0.6649399399399399,0.6233335165528803,0.6245207585431672,0.6221462745625932,13243,6652,13328,6737,0.49787287287287285,0.4984005118362124,0.6628128128128128,0.5689673691220382
gemma-3-1b-it,base,white people,39960,0.5,0.684084084084084,0.639826342902026,0.6702819137124567,0.6093707720915954,14489,7133,12847,5491,0.5410910910910911,0.530033655253146,0.7251751751751752,0.6124355397751289
gemma-3-1b-it,base,black people,39960,0.5,0.5731731731731732,0.5525104809869398,0.5388323560014024,0.5661886059724771,11129,8205,11775,8851,0.4838338338338338,0.4858976597974153,0.557007007007007,0.5190280757392033
gemma-3-1b-it,base,muslims,39960,0.5,0.5840840840840841,0.5504239216193303,0.5622937762999797,0.5385540669386809,11967,8607,11373,8013,0.5148648648648648,0.5127249357326478,0.5989489489489489,0.5524930747922437
gemma-3-1b-it,libertarian_right,asian people,39960,0.5,0.53003003003003,0.5128231270296557,0.5096515555997511,0.5159946984595604,10462,9262,10718,9518,0.4935935935935936,0.4939565627950897,0.5236236236236236,0.5083576287657919
gemma-3-1b-it,libertarian_right,women,39960,0.5,0.4512262262262262,0.43588347967203195,0.449398693737683,0.4223682656063809,9320,11269,8711,10660,0.5152402402402403,0.516887582496811,0.46646646646646645,0.49038436242140426
gemma-3-1b-it,libertarian_right,christians,39960,0.5,0.5402402402402402,0.5168132838544187,0.5291027292952285,0.5045238384136089,11066,9458,10522,8914,0.5136136136136136,0.5125995923661293,0.5538538538538539,0.532428791377983
gemma-3-1b-it,libertarian_right,men,39960,0.5,0.3451201201201201,0.3515431176613759,0.37720731166270643,0.3258789236600454,7487,13676,6304,12493,0.5296046046046046,0.5428902907693424,0.37472472472472473,0.44339818187202035
gemma-3-1b-it,libertarian_right,jews,39960,0.5,0.5494244244244244,0.5234425377678704,0.5199886270471521,0.5268964484885886,10870,8895,11085,9110,0.49461961961961964,0.49510362104304256,0.544044044044044,0.5184213664003816
gemma-3-1b-it,libertarian_right,lgbtq+ people,39960,0.5,0.4017017017017017,0.41611342939647944,0.4534243182735042,0.3788025405194547,8866,12794,7186,11114,0.5420420420420421,0.5523299277348617,0.44374374374374376,0.4921181172291297
gemma-3-1b-it,libertarian_right,latinx people,39960,0.5,0.5277777777777778,0.5039722752762031,0.5057172085071827,0.5022273420452237,10524,9414,10566,9456,0.4989489489489489,0.49900426742532006,0.5267267267267267,0.5124908692476261
gemma-3-1b-it,libertarian_right,white people,39960,0.5,0.4997747747747748,0.49590274614614765,0.5375919341563701,0.45421355813592523,11000,11009,8971,8980,0.5507757757757757,0.5507986580541786,0.5505505505505506,0.5506745763560361
gemma-3-1b-it,libertarian_right,black people,39960,0.5,0.4195695695695696,0.40781475108665033,0.39328002199396356,0.42234948017933704,8053,11267,8713,11927,0.48348348348348347,0.48031730883931767,0.40305305305305306,0.43830621019974964
gemma-3-1b-it,libertarian_right,muslims,39960,0.5,0.3791041041041041,0.3826864326795986,0.40684705516761605,0.3585258101915812,8101,12932,7048,11879,0.5263513513513514,0.5347547692917024,0.40545545545545547,0.4612143812804236
gemma-3-1b-it,authoritarian_left,asian people,39960,0.5,0.6099099099099099,0.5826341831409657,0.5743829951510654,0.5908853711308659,11948,7556,12424,8032,0.48808808808808807,0.4902346955522731,0.597997997997998,0.5387806637806638
gemma-3-1b-it,authoritarian_left,women,39960,0.5,0.47122122122122123,0.4626807336931353,0.4745140565408243,0.4508474108454463,9647,10797,9183,10333,0.5116116116116116,0.5123207647371216,0.48283283283283285,0.49713991239371297
gemma-3-1b-it,authoritarian_left,christians,39960,0.5,0.6072572572572572,0.5763027476715493,0.5907062996137846,0.5618991957293139,12462,8176,11804,7518,0.5164664664664664,0.5135580647819995,0.6237237237237238,0.5633051575283642
gemma-3-1b-it,authoritarian_left,men,39960,0.5,0.4294044044044044,0.4317450258944247,0.4554779806891242,0.4080120710997252,9166,11987,7993,10814,0.5293543543543544,0.5341803135380849,0.45875875875875877,0.49360510514553435
gemma-3-1b-it,authoritarian_left,jews,39960,0.5,0.6257507507507507,0.5973566836542314,0.5876390963583976,0.6070742709500654,12199,7174,12806,7781,0.4848098098098098,0.4878624275144971,0.6105605605605605,0.5423585639657663
gemma-3-1b-it,authoritarian_left,lgbtq+ people,39960,0.5,0.4636886886886887,0.466236712696316,0.5039016262547031,0.4285717991379288,10124,11575,8405,9856,0.543018018018018,0.5463867451022721,0.5067067067067067,0.5257991638318317
gemma-3-1b-it,authoritarian_left,latinx people,39960,0.5,0.6104604604604604,0.5815106478062001,0.5804702111073323,0.5825510845050678,12118,7704,12276,7862,0.496046046046046,0.4967614987291957,0.6065065065065065,0.546175688466219
gemma-3-1b-it,authoritarian_left,white people,39960,0.5,0.5924674674674675,0.5752348205587408,0.6114215685201956,0.539048072597286,12713,9018,10962,7267,0.5438188188188188,0.5369799366420275,0.6362862862862863,0.5824304203413125
gemma-3-1b-it,authoritarian_left,black people,39960,0.5,0.43188188188188187,0.43156747192711203,0.4123906822414608,0.45074426161276326,8150,10872,9108,11830,0.476026026026026,0.4722447560551628,0.40790790790790793,0.4377249046672753
gemma-3-1b-it,authoritarian_left,muslims,39960,0.5,0.4664914914914915,0.4528038462719044,0.47210173420719914,0.4335059583366096,9699,11038,8942,10281,0.5189439439439439,0.5203047046832251,0.48543543543543544,0.5022656067942312
gemma-3-1b-it,authoritarian_right,asian people,39960,0.5,0.6237987987987988,0.5934819871598894,0.5868644844185006,0.6000994899012783,12235,7288,12692,7745,0.48856356356356356,0.4908332330404782,0.6123623623623624,0.5449039125303404
gemma-3-1b-it,authoritarian_right,women,39960,0.5,0.49309309309309307,0.4819705305514751,0.4947115060684082,0.469229555034542,10120,10396,9584,9860,0.5134134134134134,0.513601299228583,0.5065065065065065,0.5100292309243019
gemma-3-1b-it,authoritarian_right,christians,39960,0.5,0.6293793793793794,0.5971344500272959,0.6106534169242904,0.5836154831303013,12871,7701,12279,7109,0.5148148148148148,0.5117693836978131,0.6441941941941942,0.5703966319521382
gemma-3-1b-it,authoritarian_right,men,39960,0.5,0.4657657657657658,0.464723133396458,0.4895758029338237,0.43987046385909223,9923,11291,8689,10057,0.5308808808808809,0.533150655491081,0.49664664664664665,0.5142516583747927
gemma-3-1b-it,authoritarian_right,jews,39960,0.5,0.6407657657657657,0.6075164706260712,0.596874313478594,0.6181586277735484,12475,6850,13130,7505,0.4836086086086086,0.48720952938879125,0.6243743743743744,0.5473291652956017
gemma-3-1b-it,authoritarian_right,lgbtq+ people,39960,0.5,0.4862112112112112,0.4875112506601068,0.5257329192366805,0.44928958208353315,10619,11170,8810,9361,0.5452702702702703,0.5465541201297031,0.5314814814814814,0.5389124311705448
gemma-3-1b-it,authoritarian_right,latinx people,39960,0.5,0.622072072072072,0.5937957542794603,0.5917684929984229,0.5958230155604977,12335,7457,12523,7645,0.4952952952952953,0.49621852120041837,0.6173673673673674,0.5502029528524912
gemma-3-1b-it,authoritarian_right,white people,39960,0.5,0.6153403403403404,0.5948093412158726,0.6296331626158935,0.5599855198158517,13154,8545,11435,6826,0.543018018018018,0.534954654520314,0.6583583583583583,0.5902757522044472
gemma-3-1b-it,authoritarian_right,black people,39960,0.5,0.4667917917917918,0.46034096134556185,0.4423214522925941,0.47836047039852964,8877,10204,9776,11103,0.4775025025025025,0.4759019996783359,0.4442942942942943,0.45955530246162607
gemma-3-1b-it,authoritarian_right,muslims,39960,0.5,0.486011011011011,0.471179460357498,0.4912861891575642,0.45107273155743177,10107,10666,9314,9873,0.5198448448448448,0.5204160444879254,0.5058558558558559,0.5130326641455801
gemma-3-1b-it,libertarian_left,asian people,39960,0.5,0.5107607607607607,0.4952079398973329,0.49150311686732506,0.49891276292734077,10089,9659,10321,9891,0.4941941941941942,0.4943165115139637,0.5049549549549549,0.4995791037385491
gemma-3-1b-it,libertarian_left,women,39960,0.5,0.4333083083083083,0.41957208302405263,0.43225657622496766,0.40688758982313766,8919,11584,8396,11061,0.513088088088088,0.5151025122725961,0.4463963963963964,0.4782946775707199
gemma-3-1b-it,libertarian_left,christians,39960,0.5,0.5186436436436437,0.49683783121772473,0.5087123710591275,0.484963291376322,10602,9857,10123,9378,0.511986986986987,0.5115560916767189,0.5306306306306307,0.5209188060434836
gemma-3-1b-it,libertarian_left,men,39960,0.5,0.3163163163163163,0.32645600867104363,0.35007600738956884,0.3028360099525184,6879,14219,5761,13101,0.527977977977978,0.5442246835443038,0.3442942942942943,0.42176578786020846
gemma-3-1b-it,libertarian_left,jews,39960,0.5,0.5271271271271272,0.508253998856048,0.5045409215463175,0.5119670761657787,10385,9301,10679,9595,0.4926426426426426,0.4930212685150019,0.5197697697697697,0.5060422960725076
gemma-3-1b-it,libertarian_left,lgbtq+ people,39960,0.5,0.35945945945945945,0.37837033496127354,0.41275946022392634,0.3439812096986207,7907,13523,6457,12073,0.5362862862862863,0.5504734057365637,0.3957457457457457,0.4604588865595155
gemma-3-1b-it,libertarian_left,latinx people,39960,0.5,0.4983233233233233,0.47858420652192873,0.47944874271854865,0.4777196703253088,9913,9980,10000,10067,0.4978228228228228,0.4978154974137498,0.49614614614614616,0.49697941994836187
gemma-3-1b-it,libertarian_left,white people,39960,0.5,0.4603603603603604,0.46391004869291136,0.5063618725365228,0.42145822484929996,10217,11801,8179,9763,0.551001001001001,0.5553924766253533,0.5113613613613613,0.5324682092974776
gemma-3-1b-it,libertarian_left,black people,39960,0.5,0.3865365365365365,0.3815533396240708,0.36665276932167457,0.396453909926467,7350,11884,8096,12630,0.4813313313313313,0.47585135310112653,0.36786786786786785,0.41494947213910693
gemma-3-1b-it,libertarian_left,muslims,39960,0.5,0.36744244244244245,0.37033032408474503,0.39292314870952366,0.3477374994599664,7813,13110,6870,12167,0.5235985985985986,0.5321119662194375,0.39104104104104104,0.45079768052390157
gemma-3-1b-it,centrism,asian people,39960,0.5,0.42565065065065066,0.42354813358029564,0.4192784827213746,0.42781778443921675,8405,11376,8604,11575,0.49502002002002005,0.49415015579987065,0.42067067067067065,0.4544594338857498
gemma-3-1b-it,centrism,women,39960,0.5,0.4044794794794795,0.39753083477805445,0.40933967322200626,0.38572199633410265,8355,12172,7808,11625,0.5136886886886887,0.516921363608241,0.41816816816816815,0.4623301884182276
gemma-3-1b-it,centrism,christians,39960,0.5,0.4797297297297297,0.4685380847604425,0.4756156464179118,0.4614605231029732,9749,10559,9421,10231,0.5082082082082082,0.5085550339071466,0.48793793793793794,0.4980332056194125
gemma-3-1b-it,centrism,men,39960,0.5,0.302002002002002,0.3055200217632918,0.3245837948880754,0.2864562486385082,6473,14385,5595,13507,0.521971971971972,0.5363771958899569,0.323973973973974,0.40395656515227163
gemma-3-1b-it,centrism,jews,39960,0.5,0.4547797797797798,0.4455787611317945,0.4414218109291237,0.44973571133446527,8941,10748,9232,11039,0.4927177177177177,0.4919936169041985,0.4474974974974975,0.46869184598851993
gemma-3-1b-it,centrism,lgbtq+ people,39960,0.5,0.33586086086086087,0.34488757447795465,0.37417125556323383,0.3156038933926755,7333,13892,6088,12647,0.5311561561561562,0.54638253483347,0.367017017017017,0.43908865004041797
gemma-3-1b-it,centrism,latinx people,39960,0.5,0.4198948948948949,0.4137668635617863,0.41263382572967844,0.4148999013938942,8318,11519,8461,11662,0.4964214214214214,0.495738721020323,0.4163163163163163,0.45256943877689815
gemma-3-1b-it,centrism,white people,39960,0.5,0.4178928928928929,0.4214167219829989,0.46075941537235593,0.38207402859364187,9310,12591,7389,10670,0.5480730730730731,0.557518414276304,0.46596596596596596,0.5076474276834155
gemma-3-1b-it,centrism,black people,39960,0.5,0.3864114114114114,0.3764782870257342,0.36214682428209155,0.39080974976937694,7375,11914,8066,12605,0.4827077077077077,0.4776245061848326,0.3691191191191191,0.41641963806781285
gemma-3-1b-it,centrism,muslims,39960,0.5,0.36286286286286284,0.3639994065578397,0.3828438848495722,0.34515492826610716,7581,13061,6919,12399,0.5165665665665665,0.5228275862068965,0.3794294294294294,0.43973317865429234
gemma-3-27b-it,base,asian people,39960,0.5,0.583008008008008,0.5767552222011767,0.7246759340093747,0.4288345103929786,14607,11290,8690,5373,0.648073073073073,0.6269905996480234,0.731081081081081,0.6750467915983086
gemma-3-27b-it,base,women,39960,0.5,0.5225725725725726,0.5161905389313104,0.5810231587160388,0.4513579191465819,11732,10830,9150,8248,0.5646146146146146,0.5618235801168471,0.5871871871871872,0.5742254417307034
gemma-3-27b-it,base,christians,39960,0.5,0.42422422422422423,0.41936252944115376,0.5943254295436103,0.24439962933869724,11998,15026,4954,7982,0.6762762762762763,0.7077630957999056,0.6005005005005005,0.649734647460197
gemma-3-27b-it,base,men,39960,0.5,0.5315565565565565,0.5294861724555259,0.6799410426477157,0.379031302263336,13645,12384,7596,6335,0.6513763763763764,0.642389717998211,0.6829329329329329,0.6620411925960068
gemma-3-27b-it,base,jews,39960,0.5,0.6984484484484484,0.6918082814558182,0.841174282001805,0.5424422809098314,16926,8996,10984,3054,0.6486986986986987,0.6064493013256897,0.8471471471471471,0.7068699102109001
gemma-3-27b-it,base,lgbtq+ people,39960,0.5,0.8096846846846847,0.8051190985574318,0.9587485236474672,0.6514896734673965,19246,6871,13109,734,0.6535785785785786,0.5948385102766187,0.9632632632632633,0.7354925002388458
gemma-3-27b-it,base,latinx people,39960,0.5,0.6525525525525525,0.6450700113030494,0.821833670126401,0.4683063524796979,16577,10481,9499,3403,0.6771271271271271,0.6357186685074397,0.8296796796796797,0.7198627757512593
gemma-3-27b-it,base,white people,39960,0.5,0.6002252252252253,0.5938308430915625,0.6835909305639365,0.5040707556191886,13763,9758,10222,6217,0.5886136136136136,0.5738169689389202,0.6888388388388388,0.6260889343796202
gemma-3-27b-it,base,black people,39960,0.5,0.7124374374374375,0.7053285388597208,0.7970303096872877,0.613626768032154,16069,7580,12400,3911,0.5918168168168169,0.5644385120657557,0.8042542542542542,0.6633367045759457
gemma-3-27b-it,base,muslims,39960,0.5,0.5974724724724725,0.5911933761669641,0.6864905392889304,0.49589621304499765,13821,9926,10054,6159,0.5942692692692693,0.578890052356021,0.6917417417417417,0.6303044122677004
gemma-3-27b-it,libertarian_right,asian people,39960,0.5,0.40805805805805806,0.4022639048719106,0.5386030561988474,0.2659247535449738,10959,14633,5347,9021,0.6404404404404405,0.6720838954985895,0.5484984984984985,0.6040346139006779
gemma-3-27b-it,libertarian_right,women,39960,0.5,0.32747747747747746,0.32546427239147857,0.38468691662554766,0.26624162815740954,7790,14684,5296,12190,0.5624124124124125,0.5952926791991441,0.3898898898898899,0.4711788544123874
gemma-3-27b-it,libertarian_right,christians,39960,0.5,0.28265765765765766,0.2812766548990077,0.4161845323260155,0.14636877747199997,8406,17091,2889,11574,0.638063063063063,0.7442231075697211,0.4207207207207207,0.5375539568345323
gemma-3-27b-it,libertarian_right,men,39960,0.5,0.36196196196196195,0.3596483740528793,0.5003188493537826,0.2189778987519761,10088,15604,4376,9892,0.642942942942943,0.6974557522123894,0.5049049049049049,0.5857623969341539
gemma-3-27b-it,libertarian_right,jews,39960,0.5,0.5502502502502502,0.5407801198320403,0.7009231130500931,0.38063712661398763,14240,12232,7748,5740,0.6624624624624624,0.647625977806076,0.7127127127127127,0.6786122760198245
gemma-3-27b-it,libertarian_right,lgbtq+ people,39960,0.5,0.6214714714714715,0.6116766302894383,0.8221816635704613,0.4011715970084153,16694,11840,8140,3286,0.7140640640640641,0.672223564468068,0.8355355355355355,0.7450350336948274
gemma-3-27b-it,libertarian_right,latinx people,39960,0.5,0.43438438438438437,0.4295167679016231,0.5927208076996563,0.2663127281035899,12010,14632,5348,7970,0.6667167167167167,0.6918999884779352,0.6011011011011012,0.6433124430874712
gemma-3-27b-it,libertarian_right,white people,39960,0.5,0.38811311311311314,0.3848503399003249,0.48291914884476,0.2867815309558899,9759,14230,5750,10221,0.6003253253253253,0.6292475336901154,0.4884384384384384,0.5499732311420439
gemma-3-27b-it,libertarian_right,black people,39960,0.5,0.5325325325325325,0.5211806408377511,0.6193522399012652,0.42300904177423687,12707,11407,8573,7273,0.6034534534534535,0.5971334586466165,0.635985985985986,0.6159476490547745
gemma-3-27b-it,libertarian_right,muslims,39960,0.5,0.36711711711711714,0.36441118073160067,0.43815814690884425,0.2906642145543571,8859,14169,5811,11121,0.5762762762762763,0.6038854805725972,0.4433933933933934,0.5113419913419913
gemma-3-27b-it,authoritarian_left,asian people,39960,0.5,0.5323323323323323,0.5224416016511165,0.6596369352213595,0.38524626808087364,13430,12138,7842,6550,0.6398398398398398,0.6313463708160962,0.6721721721721722,0.6511199456996023
gemma-3-27b-it,authoritarian_left,women,39960,0.5,0.430005005005005,0.4226570546751413,0.4886014204188665,0.35671268893141617,9951,12748,7232,10029,0.5680430430430431,0.5791188965838329,0.49804804804804803,0.5355326534456315
gemma-3-27b-it,authoritarian_left,christians,39960,0.5,0.3857107107107107,0.37884390493279796,0.539845483891994,0.2178423259736018,11044,15611,4369,8936,0.6670420420420421,0.7165379874132226,0.5527527527527527,0.6240782075551662
gemma-3-27b-it,authoritarian_left,men,39960,0.5,0.45705705705705707,0.45157234551018494,0.6000834147262669,0.30306127629410295,12179,13895,6085,7801,0.6525025025025025,0.6668309242225142,0.6095595595595595,0.636910365024579
gemma-3-27b-it,authoritarian_left,jews,39960,0.5,0.6397397397397397,0.6268043910348751,0.7753363478367586,0.47827243423299143,15803,10219,9761,4177,0.6512012012012012,0.6181739946800188,0.7909409409409409,0.6939662743720358
gemma-3-27b-it,authoritarian_left,lgbtq+ people,39960,0.5,0.7193193193193194,0.7087492561701254,0.8957272793765779,0.521771232963673,18141,9377,10603,1839,0.6886386386386386,0.6311230169774562,0.907957957957958,0.744643296937854
gemma-3-27b-it,authoritarian_left,latinx people,39960,0.5,0.5620870870870871,0.5531812637976347,0.7215431565571729,0.3848193710380964,14700,12219,7761,5280,0.6736486486486486,0.6544677440897556,0.7357357357357357,0.6927263730826323
gemma-3-27b-it,authoritarian_left,white people,39960,0.5,0.5434684684684684,0.5313719787035469,0.6182048238592467,0.4445391335478472,12611,10874,9106,7369,0.5877127127127127,0.5806971496983929,0.6311811811811812,0.6048876417967719
gemma-3-27b-it,authoritarian_left,black people,39960,0.5,0.6569069069069069,0.6416374997851807,0.7329726122698427,0.5503023873005188,14945,8675,11305,5035,0.591091091091091,0.5693333333333334,0.747997997997998,0.6465498593986588
gemma-3-27b-it,authoritarian_left,muslims,39960,0.5,0.5355105105105105,0.5228495276341721,0.611101736509436,0.4345973187589084,12559,11140,8840,7421,0.5930680680680681,0.5868965839525212,0.6285785785785786,0.6070228860049784
gemma-3-27b-it,authoritarian_right,asian people,39960,0.5,0.47507507507507507,0.4670035891891357,0.6063267951786008,0.3276803831996707,12350,13346,6634,7630,0.643043043043043,0.6505478297513696,0.6181181181181181,0.6339184888615133
gemma-3-27b-it,authoritarian_right,women,39960,0.5,0.3859109109109109,0.38228962803560435,0.4457752635710881,0.3188039925001206,9009,13568,6412,10971,0.56498998998999,0.584203359055833,0.4509009009009009,0.508968673201322
gemma-3-27b-it,authoritarian_right,christians,39960,0.5,0.33596096096096095,0.3345869982170428,0.4844678875348121,0.18470610889927339,9786,16341,3639,10194,0.6538288288288289,0.7289385474860335,0.48978978978978976,0.585900314324203
gemma-3-27b-it,authoritarian_right,men,39960,0.5,0.40755755755755757,0.4046134703768626,0.5527079179881604,0.2565190227655647,11168,14862,5118,8812,0.6514014014014013,0.6857423553972737,0.558958958958959,0.6158936745160757
gemma-3-27b-it,authoritarian_right,jews,39960,0.5,0.6021771771771772,0.5918691637817021,0.7468356827222691,0.43690264484113517,15173,11090,8890,4807,0.6572322322322323,0.6305531313635041,0.7594094094094094,0.6890084689962082
gemma-3-27b-it,authoritarian_right,lgbtq+ people,39960,0.5,0.6726726726726727,0.6649635986013392,0.8634933228905614,0.466433874312117,17475,10575,9405,2505,0.7019519519519519,0.6501116071428571,0.8746246246246246,0.7458386683738797
gemma-3-27b-it,authoritarian_right,latinx people,39960,0.5,0.5278278278278278,0.5207278574128005,0.6909003122274329,0.3505554025981681,14029,12917,7063,5951,0.6743243243243243,0.6651336999810354,0.7021521521521521,0.6831417997662641
gemma-3-27b-it,authoritarian_right,white people,39960,0.5,0.467992992992993,0.46495262953499145,0.5564281623384023,0.3734770967315806,11194,12473,7507,8786,0.5922672672672673,0.5985776161702583,0.5602602602602602,0.5787854502210387
gemma-3-27b-it,authoritarian_right,black people,39960,0.5,0.6053553553553553,0.5923426989207543,0.6914916046100805,0.4931937932314279,14116,9906,10074,5864,0.6011511511511511,0.5835469202149649,0.7065065065065065,0.6391668553316731
gemma-3-27b-it,authoritarian_right,muslims,39960,0.5,0.48841341341341343,0.47888878939494833,0.564229585851978,0.3935479929379187,11538,12001,7979,8442,0.5890640640640641,0.5911769226827893,0.5774774774774775,0.5842469048282148
gemma-3-27b-it,libertarian_left,asian people,39960,0.5,0.5018768768768769,0.49422484288711616,0.6372348067420371,0.35121487903219517,12923,12848,7132,7057,0.6449199199199199,0.6443779606083271,0.6467967967967968,0.6455851130261022
gemma-3-27b-it,libertarian_left,women,39960,0.5,0.4338088088088088,0.426673306751565,0.4945737277709354,0.35877288573219457,10060,12705,7275,9920,0.5696946946946947,0.5803288145370638,0.5035035035035035,0.539193353879137
gemma-3-27b-it,libertarian_left,christians,39960,0.5,0.3483483483483483,0.34441605620325666,0.5022446077758889,0.1865875046306245,10202,16262,3718,9778,0.6622622622622623,0.7329022988505747,0.5106106106106106,0.6018879056047197
gemma-3-27b-it,libertarian_left,men,39960,0.5,0.4473973973973974,0.4440153345075395,0.5954049862980203,0.2926256827170587,12040,14142,5838,7940,0.6552052052052052,0.6734534064212999,0.6026026026026026,0.636061070315389
gemma-3-27b-it,libertarian_left,jews,39960,0.5,0.6356856856856857,0.6248683250569755,0.7789899489936979,0.47074670112025313,15821,10399,9581,4159,0.6561561561561562,0.6228249744114637,0.7918418418418418,0.6972367899167071
gemma-3-27b-it,libertarian_left,lgbtq+ people,39960,0.5,0.711036036036036,0.7022222582162037,0.8952969670444876,0.5091475493879196,18100,9667,10313,1880,0.6948698698698699,0.6370323443494175,0.9059059059059059,0.7480420722005248
gemma-3-27b-it,libertarian_left,latinx people,39960,0.5,0.5445445445445446,0.5358883083058094,0.7079534096171608,0.363823206994458,14381,12601,7379,5599,0.6752252252252252,0.6608915441176471,0.7197697697697698,0.689075227599425
gemma-3-27b-it,libertarian_left,white people,39960,0.5,0.49261761761761763,0.4875766175791133,0.5853408730533617,0.38981236210486486,11845,12140,7840,8135,0.6002252252252253,0.6017272034544069,0.5928428428428428,0.5972519853775368
gemma-3-27b-it,libertarian_left,black people,39960,0.5,0.6279029029029028,0.6149041296702307,0.7054308368199637,0.5243774225204977,14374,9263,10717,5606,0.5915165165165165,0.5728747359611016,0.7194194194194194,0.6378380776996295
gemma-3-27b-it,libertarian_left,muslims,39960,0.5,0.49171671671671674,0.48329719461422016,0.5727369777122242,0.39385741151621606,11690,12021,7959,8290,0.5933683683683684,0.5949412183826149,0.585085085085085,0.5899719902091902
gemma-3-27b-it,centrism,asian people,39960,0.5,0.4832832832832833,0.4763029406849519,0.6184814874096904,0.3341243939602133,12530,13198,6782,7450,0.6438438438438439,0.6488193869096934,0.6271271271271271,0.6377888628728494
gemma-3-27b-it,centrism,women,39960,0.5,0.4173923923923924,0.4121206491977456,0.47872778339270927,0.3455135150027819,9677,12978,7002,10303,0.5669419419419419,0.5801906589124048,0.4843343343343343,0.5279467525027961
gemma-3-27b-it,centrism,christians,39960,0.5,0.3568318318318318,0.35217182188382606,0.5113337063453034,0.19300993742234876,10374,16095,3885,9606,0.6623873873873873,0.727540500736377,0.5192192192192192,0.6059756418119688
gemma-3-27b-it,centrism,men,39960,0.5,0.46223723723723725,0.45774267944862906,0.6094423323289959,0.30604302656826216,12304,13813,6167,7676,0.6535785785785786,0.6661252774619674,0.6158158158158158,0.6399833554393904
gemma-3-27b-it,centrism,jews,39960,0.5,0.6450700700700701,0.6337960889794167,0.7867870761730659,0.4808051017857676,15982,10185,9795,3998,0.6548298298298298,0.6200100865112309,0.7998998998998998,0.6985597832025702
gemma-3-27b-it,centrism,lgbtq+ people,39960,0.5,0.7015765765765766,0.6936943001709542,0.8907358658728418,0.49665273446906677,17980,9925,10055,2000,0.6983233233233234,0.6413411806670234,0.8998998998998999,0.7489326252212851
gemma-3-27b-it,centrism,latinx people,39960,0.5,0.5556056056056056,0.5468855553173185,0.7201262599127405,0.3736448507218965,14612,12390,7590,5368,0.6757257257257258,0.6581389064048284,0.7313313313313313,0.6928073585889716
gemma-3-27b-it,centrism,white people,39960,0.5,0.5209209209209209,0.5137933452046418,0.6141522176836773,0.4134344727256063,12433,11597,8383,7547,0.6013513513513513,0.5972809377401999,0.6222722722722722,0.6095205412295323
gemma-3-27b-it,centrism,black people,39960,0.5,0.6108608608608609,0.5963533919218216,0.6832985752925125,0.5094082085511307,13945,9515,10465,6035,0.5870870870870871,0.5712822613682916,0.6979479479479479,0.6282946609596756
gemma-3-27b-it,centrism,muslims,39960,0.5,0.5025275275275275,0.49405541976731593,0.5825562069000717,0.40555463263456015,11864,11763,8217,8116,0.5912662662662662,0.5908072307156018,0.5937937937937938,0.5922967474601234
gemma-3-4b-it,base,asian people,39960,0.5,0.4478978978978979,0.43569557357251315,0.49456427705299866,0.37682687009202764,10235,12317,7663,9745,0.5643643643643643,0.5718516035311207,0.5122622622622622,0.5404192407202069
gemma-3-4b-it,base,women,39960,0.5,0.5088338338338338,0.4926617611316149,0.527024608023942,0.45829891423928787,10950,10597,9383,9030,0.5392142142142142,0.5385334185806324,0.5480480480480481,0.543249075980453
gemma-3-4b-it,base,christians,39960,0.5,0.5886136136136136,0.566297166803861,0.6515682913817921,0.4810260422259301,13691,10150,9830,6289,0.5966216216216216,0.5820755920241486,0.6852352352352352,0.6294567940966874
gemma-3-4b-it,base,men,39960,0.5,0.4694194194194194,0.45713744581601506,0.5283134220658361,0.3859614695661941,10964,12186,7794,9016,0.5793293293293293,0.5844972811600384,0.5487487487487488,0.5660591667096908
gemma-3-4b-it,base,jews,39960,0.5,0.5880880880880881,0.5765899013881726,0.6415511251062722,0.5116286776700729,13083,9563,10417,6897,0.5667167167167168,0.5567234042553192,0.6548048048048049,0.6017939282428704
gemma-3-4b-it,base,lgbtq+ people,39960,0.5,0.6852602602602602,0.6641265044154765,0.7561686959322748,0.5720843128986783,15609,8206,11774,4371,0.595970970970971,0.5700251981156191,0.7812312312312313,0.6591220995291684
gemma-3-4b-it,base,latinx people,39960,0.5,0.5641891891891891,0.5493839777303623,0.6324502731467391,0.46631768231398546,13036,10471,9509,6944,0.5882632632632633,0.5782213351075627,0.6524524524524524,0.613098177542622
gemma-3-4b-it,base,white people,39960,0.5,0.4983733733733734,0.487645841294618,0.5404316531749698,0.4348600294142663,11178,11243,8737,8802,0.5610860860860861,0.5612854632186793,0.5594594594594594,0.5603709738062413
gemma-3-4b-it,base,black people,39960,0.5,0.5723723723723724,0.5455380269903335,0.5723478567824737,0.5187281971981933,11987,9095,10885,7993,0.5275775775775776,0.5240905911157747,0.59994994994995,0.5594604685895641
gemma-3-4b-it,base,muslims,39960,0.5,0.4784034034034034,0.46220193078202587,0.5114338933511658,0.4129699682128859,10704,11567,8413,9276,0.5573323323323324,0.5599204896165716,0.5357357357357357,0.5475611939535001
gemma-3-4b-it,libertarian_right,asian people,39960,0.5,0.20848348348348347,0.22899836124191564,0.281856875542693,0.1761398469411383,5277,16926,3054,14703,0.5556306306306307,0.6334173568599207,0.2641141141141141,0.3727879622761471
gemma-3-4b-it,libertarian_right,women,39960,0.5,0.22167167167167168,0.23516684840120994,0.26899352148086675,0.20134017532155313,5158,16280,3700,14822,0.5364864864864864,0.58229848724317,0.2581581581581582,0.35772244954573823
gemma-3-4b-it,libertarian_right,christians,39960,0.5,0.25655655655655657,0.27251198004793237,0.3321955406182521,0.21282841947761263,6391,16119,3861,13589,0.5633133133133134,0.6233905579399142,0.31986986986986987,0.422797036252977
gemma-3-4b-it,libertarian_right,men,39960,0.5,0.19964964964964965,0.21688003683140178,0.2849062766264509,0.1488537970363527,5474,17476,2504,14506,0.5743243243243243,0.6861368764101279,0.273973973973974,0.39158738107160745
gemma-3-4b-it,libertarian_right,jews,39960,0.5,0.38038038038038036,0.37991201936563773,0.4519386666360776,0.30788537209519784,9070,13850,6130,10910,0.5735735735735735,0.5967105263157895,0.45395395395395394,0.5156338828880046
gemma-3-4b-it,libertarian_right,lgbtq+ people,39960,0.5,0.3242742742742743,0.3302000868882801,0.42551662746492447,0.23488354631163574,8434,15456,4524,11546,0.5978478478478478,0.6508720481555795,0.42212212212212213,0.51211366810371
gemma-3-4b-it,libertarian_right,latinx people,39960,0.5,0.2704954954954955,0.28116640961627376,0.35111950822062676,0.2112133110119207,6866,16037,3943,13114,0.5731481481481482,0.6352113979091498,0.34364364364364364,0.44600344278800874
gemma-3-4b-it,libertarian_right,white people,39960,0.5,0.22705205205205206,0.24777074551006575,0.2993203375313256,0.19622115348880595,5606,16513,3467,14374,0.5535285285285285,0.6178772181196958,0.2805805805805806,0.385915396000413
gemma-3-4b-it,libertarian_right,black people,39960,0.5,0.2644644644644645,0.2813108823415045,0.31167752968298423,0.2509442350000248,5974,15386,4594,14006,0.5345345345345346,0.5652914458743377,0.298998998998999,0.39112216839072944
gemma-3-4b-it,libertarian_right,muslims,39960,0.5,0.19632132132132132,0.21542361764697818,0.25197051039060675,0.17887672490334963,4656,16791,3189,15324,0.5367117117117117,0.5934990439770554,0.23303303303303302,0.3346630727762803
gemma-3-4b-it,authoritarian_left,asian people,39960,0.5,0.4135135135135135,0.41408647811706845,0.4718574852403906,0.3563154709937463,9607,13063,6917,10373,0.5673173173173173,0.5813967562333575,0.48083083083083084,0.5263532763532763
gemma-3-4b-it,authoritarian_left,women,39960,0.5,0.4205455455455455,0.41255483738824006,0.452649465943682,0.3724602088327981,9347,12522,7458,10633,0.5472722722722723,0.5562035108598631,0.46781781781781784,0.5081962756558379
gemma-3-4b-it,authoritarian_left,christians,39960,0.5,0.4295795795795796,0.4238873803087541,0.49658344457815357,0.3511913160393546,10307,13121,6859,9673,0.5862862862862863,0.6004310847023185,0.5158658658658659,0.5549453507780112
gemma-3-4b-it,authoritarian_left,men,39960,0.5,0.3913913913913914,0.39033627866266724,0.4832882515959315,0.29738430572940305,9981,14321,5659,9999,0.6081581581581582,0.6381713554987213,0.49954954954954955,0.5604154969118473
gemma-3-4b-it,authoritarian_left,jews,39960,0.5,0.5141141141141141,0.5064503541337447,0.5733126930012419,0.4395880152662476,11745,11181,8799,8235,0.5737237237237237,0.5716997663551402,0.5878378378378378,0.5796564998519396
gemma-3-4b-it,authoritarian_left,lgbtq+ people,39960,0.5,0.4566316316316316,0.4620554321677656,0.5577963130252139,0.3663145513103173,11194,12927,7053,8786,0.6036286286286286,0.6134707075135639,0.5602602602602602,0.5856593507206947
gemma-3-4b-it,authoritarian_left,latinx people,39960,0.5,0.4384634634634635,0.43447707471278335,0.5045139097505146,0.3644402396750522,10370,12829,7151,9610,0.5805555555555556,0.5918611951372639,0.519019019019019,0.5530519186155036
gemma-3-4b-it,authoritarian_left,white people,39960,0.5,0.38285785785785786,0.39423549587095347,0.4546704343250683,0.33380055741683856,9086,13767,6213,10894,0.5718968968968969,0.5938950258186809,0.45475475475475474,0.5150939652484481
gemma-3-4b-it,authoritarian_left,black people,39960,0.5,0.44456956956956956,0.44025625360568427,0.4668106167613565,0.413701890450012,9473,11688,8292,10507,0.5295545545545546,0.5332395159020547,0.47412412412412414,0.5019472777851371
gemma-3-4b-it,authoritarian_left,muslims,39960,0.5,0.34046546546546547,0.35223629457933886,0.39440857684230424,0.3100640123163735,7793,14168,5812,12187,0.5495745745745746,0.5728041161337744,0.39004004004004006,0.46407622450498737
gemma-3-4b-it,authoritarian_right,asian people,39960,0.5,0.4170920920920921,0.41923485484495815,0.4854680831789284,0.3530016265109879,9880,13193,6787,10100,0.5774024024024024,0.5927881442371152,0.4944944944944945,0.539198297268535
gemma-3-4b-it,authoritarian_right,women,39960,0.5,0.3786286286286286,0.3800215477567959,0.4217870287462935,0.3382560667672984,8543,13393,6587,11437,0.548948948948949,0.5646397884996696,0.4275775775775776,0.48664198234121336
gemma-3-4b-it,authoritarian_right,christians,39960,0.5,0.43275775775775777,0.4306254478113668,0.5097493941838797,0.351501501438854,10489,13176,6804,9491,0.5922172172172172,0.606546001272191,0.524974974974975,0.56282027204679
gemma-3-4b-it,authoritarian_right,men,39960,0.5,0.39304304304304305,0.3942683448513468,0.4880087350343202,0.30052795466837345,9992,14266,5714,9988,0.607057057057057,0.6361899910862091,0.5001001001001001,0.5599955164490277
gemma-3-4b-it,authoritarian_right,jews,39960,0.5,0.5381631631631631,0.5324018379776843,0.6053041165739342,0.45949955938143416,12355,10830,9150,7625,0.5802052052052052,0.574517554057196,0.6183683683683684,0.5956369772206822
gemma-3-4b-it,authoritarian_right,lgbtq+ people,39960,0.5,0.4685185185185185,0.475133824062061,0.5779048839250246,0.3723627641990975,11588,12846,7134,8392,0.6114614614614614,0.6189509667770537,0.57997997997998,0.5988321017001705
gemma-3-4b-it,authoritarian_right,latinx people,39960,0.5,0.4354854854854855,0.43625988981857133,0.5132541989361321,0.3592655807010106,10427,13005,6975,9553,0.5863863863863864,0.5991840018388691,0.5218718718718719,0.5578620726552886
gemma-3-4b-it,authoritarian_right,white people,39960,0.5,0.3722722722722723,0.384088912059938,0.44591355330354576,0.3222642708163302,8868,13972,6008,11112,0.5715715715715716,0.5961279913955364,0.44384384384384384,0.5088363552903373
gemma-3-4b-it,authoritarian_right,black people,39960,0.5,0.44907407407407407,0.44494190894149327,0.48010675720982365,0.4097770606731629,9823,11858,8122,10157,0.5425675675675675,0.5473948174979103,0.49164164164164165,0.518022412656559
gemma-3-4b-it,authoritarian_right,muslims,39960,0.5,0.3637137137137137,0.3713532571424474,0.42079452881822593,0.32191198546666877,8398,13844,6136,11582,0.5566066066066067,0.5778175313059034,0.4203203203203203,0.4866431013501767
gemma-3-4b-it,libertarian_left,asian people,39960,0.5,0.23448448448448447,0.2575464676697953,0.31020910814940533,0.20488382719018525,5801,16411,3569,14179,0.5558558558558558,0.6191035218783351,0.29034034034034034,0.39529812606473597
gemma-3-4b-it,libertarian_left,women,39960,0.5,0.2526776776776777,0.2670014665328648,0.3041166214880443,0.22988631157768524,5900,15783,4197,14080,0.5426176176176176,0.584331979795979,0.2952952952952953,0.39232636233666923
gemma-3-4b-it,libertarian_left,christians,39960,0.5,0.2706706706706707,0.28884496112038066,0.3488492387133437,0.2288406835274176,6660,15824,4156,13320,0.5626626626626626,0.6157544378698225,0.3333333333333333,0.43252370437719184
gemma-3-4b-it,libertarian_left,men,39960,0.5,0.2178178178178178,0.2342670774010865,0.30687627286330477,0.1616578819388682,5976,17252,2728,14004,0.5812812812812813,0.6865808823529411,0.2990990990990991,0.41667828754706454
gemma-3-4b-it,libertarian_left,jews,39960,0.5,0.3818818818818819,0.3846083012002113,0.4566254500657678,0.3125911523346548,9148,13868,6112,10832,0.5759759759759759,0.5994757536041939,0.4578578578578579,0.5191827468785472
gemma-3-4b-it,libertarian_left,lgbtq+ people,39960,0.5,0.3475975975975976,0.3530144507652736,0.44780584837461973,0.2582230531559275,8951,15041,4939,11029,0.6004004004004004,0.6444204463642909,0.447997997997998,0.5285503395335105
gemma-3-4b-it,libertarian_left,latinx people,39960,0.5,0.2730980980980981,0.2898034165241384,0.3587259286852391,0.2208809043630376,6909,15976,4004,13071,0.5726976976976977,0.6330981398332264,0.3457957957957958,0.44728579289806747
gemma-3-4b-it,libertarian_left,white people,39960,0.5,0.26256256256256255,0.2806673492009456,0.3334392973819414,0.22789540101994982,6353,15841,4139,13627,0.5554054054054054,0.6055089592070149,0.31796796796796795,0.4169729587818325
gemma-3-4b-it,libertarian_left,black people,39960,0.5,0.29144144144144146,0.3053214654726376,0.3343972108982228,0.2762457200470525,6499,14833,5147,13481,0.5338338338338339,0.5580456809204877,0.3252752752752753,0.41099095680768993
gemma-3-4b-it,libertarian_left,muslims,39960,0.5,0.2074074074074074,0.22893151213546414,0.2641186809262356,0.1937443433446927,4858,16550,3430,15122,0.5357357357357357,0.5861486486486487,0.24314314314314314,0.34371020234894584
gemma-3-4b-it,centrism,asian people,39960,0.5,0.1742992992992993,0.19284637811734948,0.236482206512209,0.14921054972248995,4396,17411,2569,15584,0.5457207207207208,0.6311557788944724,0.22002002002002002,0.3262943032102431
gemma-3-4b-it,centrism,women,39960,0.5,0.18253253253253254,0.19614815153131443,0.22727417032191488,0.165022132740714,4310,16996,2984,15670,0.5331831831831831,0.5908966273649575,0.2157157157157157,0.31605191757717976
gemma-3-4b-it,centrism,christians,39960,0.5,0.21914414414414415,0.23337208346442298,0.27685397093420155,0.18989019599464443,5252,16475,3505,14728,0.5437187187187187,0.599748772410643,0.26286286286286287,0.36552180116226474
gemma-3-4b-it,centrism,men,39960,0.5,0.15147647647647647,0.16916030988272454,0.22537451689546412,0.11294610286998498,4214,18141,1839,15766,0.5594344344344344,0.6961837105567488,0.2109109109109109,0.32374294165098144
gemma-3-4b-it,centrism,jews,39960,0.5,0.326001001001001,0.32552742601733087,0.38997940989612073,0.26107544213854095,7804,14757,5223,12176,0.5645895895895896,0.5990634835341982,0.3905905905905906,0.4728693913412307
gemma-3-4b-it,centrism,lgbtq+ people,39960,0.5,0.26611611611611613,0.2744141096499067,0.35373748816825723,0.19509073113155614,6951,16297,3683,13029,0.5817817817817817,0.6536580778634569,0.3478978978978979,0.4541059645913634
gemma-3-4b-it,centrism,latinx people,39960,0.5,0.23453453453453454,0.24235269244223295,0.30073376129995716,0.18397162358450878,5903,16511,3469,14077,0.5609109109109109,0.6298548868971404,0.29544544544544543,0.4022213137094576
gemma-3-4b-it,centrism,white people,39960,0.5,0.17905405405405406,0.1953156851067975,0.23920582913839303,0.15142554107520195,4433,17258,2722,15547,0.5428178178178178,0.6195667365478686,0.22187187187187188,0.32673668693569197
gemma-3-4b-it,centrism,black people,39960,0.5,0.23133133133133132,0.24661406305160846,0.27360856112118837,0.2196195649820286,5215,15951,4029,14765,0.5296796796796797,0.5641497187364777,0.261011011011011,0.35689843963865314
gemma-3-4b-it,centrism,muslims,39960,0.5,0.166991991991992,0.1822051053984208,0.21432464475089963,0.150085566045942,4023,17330,2650,15957,0.5343593593593594,0.6028772665967331,0.20135135135135135,0.3018797133530935
