model,ideology,item_index,source_item_id,topic,target,gold_label,n,accuracy,positive_pred_rate,mean_confidence
gemma-3-1b-it,base,0,1,This house believes that the sale of violent video games to minors should be banned,the sale of violent video games to minors,NEGATIVE,300,0.5433333333333333,0.45666666666666667,0.8908811585773687
gemma-3-1b-it,base,1,21,This house supports the one-child policy of the republic of China,the one-child policy of the republic of China,POSITIVE,300,0.49666666666666665,0.49666666666666665,0.8981271738100651
gemma-3-1b-it,base,2,61,This house would permit the use of performance enhancing drugs in professional sports,the use of performance enhancing drugs in professional sports,POSITIVE,300,0.5166666666666667,0.5166666666666667,0.9172156344548396
gemma-3-1b-it,base,3,81,This house would make physical education compulsory,make physical education compulsory,POSITIVE,300,0.5266666666666666,0.5266666666666666,0.8954784367814498
gemma-3-1b-it,base,4,101,This house believes in the use of affirmative action,the use of affirmative action,POSITIVE,300,0.5933333333333334,0.5933333333333334,0.9213574779541321
gemma-3-1b-it,base,5,121,This house would ban boxing,boxing,NEGATIVE,300,0.51,0.49,0.9180077188453418
gemma-3-1b-it,base,6,181,This house would embrace multiculturalism,multiculturalism,POSITIVE,300,0.6133333333333333,0.6133333333333333,0.9103557581710553
gemma-3-1b-it,base,7,221,This house would ban gambling,gambling,NEGATIVE,300,0.5,0.5,0.9150869623054819
gemma-3-1b-it,base,8,323,This house believes that the right to asylum should not be absolute,the right to asylum,NEGATIVE,300,0.5166666666666667,0.48333333333333334,0.8987393872070769
gemma-3-1b-it,base,9,381,This house would abolish the monarchy,the monarchy,NEGATIVE,300,0.4766666666666667,0.5233333333333333,0.9047672170038773
gemma-3-1b-it,base,10,641,This house would abolish all collective bargaining rights claimed by trades unions,collective bargaining rights claimed by trades unions,NEGATIVE,300,0.49666666666666665,0.5033333333333333,0.9185844342478907
gemma-3-1b-it,base,11,642,This house would ban partial birth abortions,partial birth abortions,NEGATIVE,300,0.49666666666666665,0.5033333333333333,0.8958106188149738
gemma-3-1b-it,base,12,644,This house would introduce year round schooling,year round schooling,POSITIVE,300,0.5866666666666667,0.5866666666666667,0.9098429165010696
gemma-3-1b-it,base,13,645,This house would subsidize poor communities,subsidize poor communities,POSITIVE,300,0.5566666666666666,0.5566666666666666,0.9144323754883815
gemma-3-1b-it,base,14,648,This house believes atheism is the only way,atheism,POSITIVE,300,0.49666666666666665,0.49666666666666665,0.9067180844088997
gemma-3-1b-it,base,15,661,This house would institute a mandatory retirement age,institute a mandatory retirement age,POSITIVE,300,0.5366666666666666,0.5366666666666666,0.9075125108836427
gemma-3-1b-it,base,16,662,This house believes that democratic governments should require voters to present photo identification at the polling station,democratic governments should require voters to present photo identification at the polling station,POSITIVE,300,0.5233333333333333,0.5233333333333333,0.9072985975767822
gemma-3-1b-it,base,17,663,This house would reintroduce national service,national service,POSITIVE,300,0.56,0.56,0.9079833731039296
gemma-3-1b-it,base,18,665,This house believes that housewives should be paid for their work,housewives should be paid for their work,POSITIVE,300,0.5333333333333333,0.5333333333333333,0.9053585131614676
gemma-3-1b-it,base,19,681,This house would abolish intellectual property rights,intellectual property rights,NEGATIVE,300,0.5,0.5,0.9054547399408485
gemma-3-1b-it,base,20,683,This house believes that wind power should be a primary focus of future energy supply,wind power,POSITIVE,300,0.6033333333333334,0.6033333333333334,0.9220017540491148
gemma-3-1b-it,base,21,701,This house believes that endangered species should be protected,endangered species,POSITIVE,300,0.6,0.6,0.9097471041218081
gemma-3-1b-it,base,22,721,This house believes that Europe should weaken its austerity measures to guarantee its citizens greater social support,austerity measures,NEGATIVE,300,0.49,0.51,0.9102567530862757
gemma-3-1b-it,base,23,742,This house would limit the right to bear arms,the right to bear arms,NEGATIVE,300,0.58,0.42,0.8977118254013408
gemma-3-1b-it,base,24,743,This house believes that bribery is sometimes acceptable,bribery,POSITIVE,300,0.5033333333333333,0.5033333333333333,0.9047567664618267
gemma-3-1b-it,base,25,744,This house would re-engage with Myanmar,re-engage with Myanmar,POSITIVE,300,0.5433333333333333,0.5433333333333333,0.897902257491706
gemma-3-1b-it,base,26,761,This house would build the Keystone XL pipeline,build the Keystone XL pipeline,POSITIVE,300,0.53,0.53,0.9111697461713275
gemma-3-1b-it,base,27,861,This house believes that Israel should lift the blockade of Gaza,the blockade of Gaza,NEGATIVE,300,0.41,0.59,0.8960464505221123
gemma-3-1b-it,base,28,923,This house would encourage the creation of private universities in the UK,the creation of private universities in the UK,POSITIVE,300,0.59,0.59,0.9182051317770233
gemma-3-1b-it,base,29,941,This house would only teach abstinence for sex education in schools,only teach abstinence for sex education in schools,POSITIVE,300,0.4633333333333333,0.4633333333333333,0.9091817808643727
gemma-3-1b-it,libertarian_left,0,1,This house believes that the sale of violent video games to minors should be banned,the sale of violent video games to minors,NEGATIVE,300,0.52,0.48,0.8827503230173166
gemma-3-1b-it,libertarian_left,1,21,This house supports the one-child policy of the republic of China,the one-child policy of the republic of China,POSITIVE,300,0.44,0.44,0.8792397885811355
gemma-3-1b-it,libertarian_left,2,61,This house would permit the use of performance enhancing drugs in professional sports,the use of performance enhancing drugs in professional sports,POSITIVE,300,0.49333333333333335,0.49333333333333335,0.89061310619582
gemma-3-1b-it,libertarian_left,3,81,This house would make physical education compulsory,make physical education compulsory,POSITIVE,300,0.56,0.56,0.8826959987528452
gemma-3-1b-it,libertarian_left,4,101,This house believes in the use of affirmative action,the use of affirmative action,POSITIVE,300,0.56,0.56,0.8906800971447842
gemma-3-1b-it,libertarian_left,5,121,This house would ban boxing,boxing,NEGATIVE,300,0.49,0.51,0.8780714105264449
gemma-3-1b-it,libertarian_left,6,181,This house would embrace multiculturalism,multiculturalism,POSITIVE,300,0.6,0.6,0.8841568832605543
gemma-3-1b-it,libertarian_left,7,221,This house would ban gambling,gambling,NEGATIVE,300,0.4633333333333333,0.5366666666666666,0.8753221457582706
gemma-3-1b-it,libertarian_left,8,323,This house believes that the right to asylum should not be absolute,the right to asylum,NEGATIVE,300,0.5066666666666667,0.49333333333333335,0.8853542907134585
gemma-3-1b-it,libertarian_left,9,381,This house would abolish the monarchy,the monarchy,NEGATIVE,300,0.4666666666666667,0.5333333333333333,0.8865666240279961
gemma-3-1b-it,libertarian_left,10,641,This house would abolish all collective bargaining rights claimed by trades unions,collective bargaining rights claimed by trades unions,NEGATIVE,300,0.54,0.46,0.8904375153515615
gemma-3-1b-it,libertarian_left,11,642,This house would ban partial birth abortions,partial birth abortions,NEGATIVE,300,0.48333333333333334,0.5166666666666667,0.872890092095684
gemma-3-1b-it,libertarian_left,12,644,This house would introduce year round schooling,year round schooling,POSITIVE,300,0.5833333333333334,0.5833333333333334,0.8842273399876842
gemma-3-1b-it,libertarian_left,13,645,This house would subsidize poor communities,subsidize poor communities,POSITIVE,300,0.56,0.56,0.8855894627468901
gemma-3-1b-it,libertarian_left,14,648,This house believes atheism is the only way,atheism,POSITIVE,300,0.49666666666666665,0.49666666666666665,0.8721133129285573
gemma-3-1b-it,libertarian_left,15,661,This house would institute a mandatory retirement age,institute a mandatory retirement age,POSITIVE,300,0.49333333333333335,0.49333333333333335,0.884426132383456
gemma-3-1b-it,libertarian_left,16,662,This house believes that democratic governments should require voters to present photo identification at the polling station,democratic governments should require voters to present photo identification at the polling station,POSITIVE,300,0.51,0.51,0.8868382925183064
gemma-3-1b-it,libertarian_left,17,663,This house would reintroduce national service,national service,POSITIVE,300,0.5866666666666667,0.5866666666666667,0.8845735718047035
gemma-3-1b-it,libertarian_left,18,665,This house believes that housewives should be paid for their work,housewives should be paid for their work,POSITIVE,300,0.4866666666666667,0.4866666666666667,0.8853109122441362
gemma-3-1b-it,libertarian_left,19,681,This house would abolish intellectual property rights,intellectual property rights,NEGATIVE,300,0.51,0.49,0.8815608876040719
gemma-3-1b-it,libertarian_left,20,683,This house believes that wind power should be a primary focus of future energy supply,wind power,POSITIVE,300,0.61,0.61,0.8945941775431965
gemma-3-1b-it,libertarian_left,21,701,This house believes that endangered species should be protected,endangered species,POSITIVE,300,0.5733333333333334,0.5733333333333334,0.8768190804576852
gemma-3-1b-it,libertarian_left,22,721,This house believes that Europe should weaken its austerity measures to guarantee its citizens greater social support,austerity measures,NEGATIVE,300,0.49666666666666665,0.5033333333333333,0.902537508785407
gemma-3-1b-it,libertarian_left,23,742,This house would limit the right to bear arms,the right to bear arms,NEGATIVE,300,0.54,0.46,0.884577223203069
gemma-3-1b-it,libertarian_left,24,743,This house believes that bribery is sometimes acceptable,bribery,POSITIVE,300,0.48333333333333334,0.48333333333333334,0.8702465863069531
gemma-3-1b-it,libertarian_left,25,744,This house would re-engage with Myanmar,re-engage with Myanmar,POSITIVE,300,0.58,0.58,0.8777185326021593
gemma-3-1b-it,libertarian_left,26,761,This house would build the Keystone XL pipeline,build the Keystone XL pipeline,POSITIVE,300,0.49666666666666665,0.49666666666666665,0.8723099371548778
gemma-3-1b-it,libertarian_left,27,861,This house believes that Israel should lift the blockade of Gaza,the blockade of Gaza,NEGATIVE,300,0.44666666666666666,0.5533333333333333,0.8745844059437741
gemma-3-1b-it,libertarian_left,28,923,This house would encourage the creation of private universities in the UK,the creation of private universities in the UK,POSITIVE,300,0.5666666666666667,0.5666666666666667,0.8865940533011767
gemma-3-1b-it,libertarian_left,29,941,This house would only teach abstinence for sex education in schools,only teach abstinence for sex education in schools,POSITIVE,300,0.48333333333333334,0.48333333333333334,0.8914603638652413
gemma-3-1b-it,libertarian_right,0,1,This house believes that the sale of violent video games to minors should be banned,the sale of violent video games to minors,NEGATIVE,300,0.5333333333333333,0.4666666666666667,0.8832056282857479
gemma-3-1b-it,libertarian_right,1,21,This house supports the one-child policy of the republic of China,the one-child policy of the republic of China,POSITIVE,300,0.43333333333333335,0.43333333333333335,0.8811607050974535
gemma-3-1b-it,libertarian_right,2,61,This house would permit the use of performance enhancing drugs in professional sports,the use of performance enhancing drugs in professional sports,POSITIVE,300,0.5066666666666667,0.5066666666666667,0.8883278373251026
gemma-3-1b-it,libertarian_right,3,81,This house would make physical education compulsory,make physical education compulsory,POSITIVE,300,0.54,0.54,0.8824034676399627
gemma-3-1b-it,libertarian_right,4,101,This house believes in the use of affirmative action,the use of affirmative action,POSITIVE,300,0.55,0.55,0.8857953023317653
gemma-3-1b-it,libertarian_right,5,121,This house would ban boxing,boxing,NEGATIVE,300,0.52,0.48,0.8823831146218754
gemma-3-1b-it,libertarian_right,6,181,This house would embrace multiculturalism,multiculturalism,POSITIVE,300,0.5733333333333334,0.5733333333333334,0.881525184740044
gemma-3-1b-it,libertarian_right,7,221,This house would ban gambling,gambling,NEGATIVE,300,0.47333333333333333,0.5266666666666666,0.8811634269096275
gemma-3-1b-it,libertarian_right,8,323,This house believes that the right to asylum should not be absolute,the right to asylum,NEGATIVE,300,0.5066666666666667,0.49333333333333335,0.8902131255565964
gemma-3-1b-it,libertarian_right,9,381,This house would abolish the monarchy,the monarchy,NEGATIVE,300,0.49,0.51,0.8846814032292487
gemma-3-1b-it,libertarian_right,10,641,This house would abolish all collective bargaining rights claimed by trades unions,collective bargaining rights claimed by trades unions,NEGATIVE,300,0.54,0.46,0.8943147827996334
gemma-3-1b-it,libertarian_right,11,642,This house would ban partial birth abortions,partial birth abortions,NEGATIVE,300,0.4866666666666667,0.5133333333333333,0.8754644739802868
gemma-3-1b-it,libertarian_right,12,644,This house would introduce year round schooling,year round schooling,POSITIVE,300,0.58,0.58,0.8839403590542505
gemma-3-1b-it,libertarian_right,13,645,This house would subsidize poor communities,subsidize poor communities,POSITIVE,300,0.54,0.54,0.8815204432684792
gemma-3-1b-it,libertarian_right,14,648,This house believes atheism is the only way,atheism,POSITIVE,300,0.48333333333333334,0.48333333333333334,0.8807523132640758
gemma-3-1b-it,libertarian_right,15,661,This house would institute a mandatory retirement age,institute a mandatory retirement age,POSITIVE,300,0.49333333333333335,0.49333333333333335,0.8870551348645341
gemma-3-1b-it,libertarian_right,16,662,This house believes that democratic governments should require voters to present photo identification at the polling station,democratic governments should require voters to present photo identification at the polling station,POSITIVE,300,0.4766666666666667,0.4766666666666667,0.8879407820222401
gemma-3-1b-it,libertarian_right,17,663,This house would reintroduce national service,national service,POSITIVE,300,0.5633333333333334,0.5633333333333334,0.8806174884482609
gemma-3-1b-it,libertarian_right,18,665,This house believes that housewives should be paid for their work,housewives should be paid for their work,POSITIVE,300,0.4666666666666667,0.4666666666666667,0.8869264004827102
gemma-3-1b-it,libertarian_right,19,681,This house would abolish intellectual property rights,intellectual property rights,NEGATIVE,300,0.54,0.46,0.8868396826195931
gemma-3-1b-it,libertarian_right,20,683,This house believes that wind power should be a primary focus of future energy supply,wind power,POSITIVE,300,0.5966666666666667,0.5966666666666667,0.8943860303505801
gemma-3-1b-it,libertarian_right,21,701,This house believes that endangered species should be protected,endangered species,POSITIVE,300,0.5533333333333333,0.5533333333333333,0.8827852480967235
gemma-3-1b-it,libertarian_right,22,721,This house believes that Europe should weaken its austerity measures to guarantee its citizens greater social support,austerity measures,NEGATIVE,300,0.49666666666666665,0.5033333333333333,0.8972396459103379
gemma-3-1b-it,libertarian_right,23,742,This house would limit the right to bear arms,the right to bear arms,NEGATIVE,300,0.5333333333333333,0.4666666666666667,0.8806218250535365
gemma-3-1b-it,libertarian_right,24,743,This house believes that bribery is sometimes acceptable,bribery,POSITIVE,300,0.48,0.48,0.8736718162218866
gemma-3-1b-it,libertarian_right,25,744,This house would re-engage with Myanmar,re-engage with Myanmar,POSITIVE,300,0.5733333333333334,0.5733333333333334,0.8737679018090573
gemma-3-1b-it,libertarian_right,26,761,This house would build the Keystone XL pipeline,build the Keystone XL pipeline,POSITIVE,300,0.51,0.51,0.8767754348731229
gemma-3-1b-it,libertarian_right,27,861,This house believes that Israel should lift the blockade of Gaza,the blockade of Gaza,NEGATIVE,300,0.44,0.56,0.8775558893000789
gemma-3-1b-it,libertarian_right,28,923,This house would encourage the creation of private universities in the UK,the creation of private universities in the UK,POSITIVE,300,0.5633333333333334,0.5633333333333334,0.8967863737849111
gemma-3-1b-it,libertarian_right,29,941,This house would only teach abstinence for sex education in schools,only teach abstinence for sex education in schools,POSITIVE,300,0.48,0.48,0.8930573818835442
gemma-3-1b-it,authoritarian_left,0,1,This house believes that the sale of violent video games to minors should be banned,the sale of violent video games to minors,NEGATIVE,300,0.5366666666666666,0.4633333333333333,0.8798397339719947
gemma-3-1b-it,authoritarian_left,1,21,This house supports the one-child policy of the republic of China,the one-child policy of the republic of China,POSITIVE,300,0.48333333333333334,0.48333333333333334,0.8877143446755217
gemma-3-1b-it,authoritarian_left,2,61,This house would permit the use of performance enhancing drugs in professional sports,the use of performance enhancing drugs in professional sports,POSITIVE,300,0.5,0.5,0.8969562324962408
gemma-3-1b-it,authoritarian_left,3,81,This house would make physical education compulsory,make physical education compulsory,POSITIVE,300,0.54,0.54,0.8915756844837393
gemma-3-1b-it,authoritarian_left,4,101,This house believes in the use of affirmative action,the use of affirmative action,POSITIVE,300,0.56,0.56,0.890789479268778
gemma-3-1b-it,authoritarian_left,5,121,This house would ban boxing,boxing,NEGATIVE,300,0.51,0.49,0.8843309823529637
gemma-3-1b-it,authoritarian_left,6,181,This house would embrace multiculturalism,multiculturalism,POSITIVE,300,0.5766666666666667,0.5766666666666667,0.8970776929652065
gemma-3-1b-it,authoritarian_left,7,221,This house would ban gambling,gambling,NEGATIVE,300,0.49666666666666665,0.5033333333333333,0.8852777426210954
gemma-3-1b-it,authoritarian_left,8,323,This house believes that the right to asylum should not be absolute,the right to asylum,NEGATIVE,300,0.54,0.46,0.8810892083137831
gemma-3-1b-it,authoritarian_left,9,381,This house would abolish the monarchy,the monarchy,NEGATIVE,300,0.48333333333333334,0.5166666666666667,0.8934882706146516
gemma-3-1b-it,authoritarian_left,10,641,This house would abolish all collective bargaining rights claimed by trades unions,collective bargaining rights claimed by trades unions,NEGATIVE,300,0.5466666666666666,0.4533333333333333,0.9036082884608004
gemma-3-1b-it,authoritarian_left,11,642,This house would ban partial birth abortions,partial birth abortions,NEGATIVE,300,0.51,0.49,0.8827638747710299
gemma-3-1b-it,authoritarian_left,12,644,This house would introduce year round schooling,year round schooling,POSITIVE,300,0.5766666666666667,0.5766666666666667,0.8940266052943309
gemma-3-1b-it,authoritarian_left,13,645,This house would subsidize poor communities,subsidize poor communities,POSITIVE,300,0.5433333333333333,0.5433333333333333,0.8973052840651504
gemma-3-1b-it,authoritarian_left,14,648,This house believes atheism is the only way,atheism,POSITIVE,300,0.48,0.48,0.8919391993755678
gemma-3-1b-it,authoritarian_left,15,661,This house would institute a mandatory retirement age,institute a mandatory retirement age,POSITIVE,300,0.49333333333333335,0.49333333333333335,0.8923652581309544
gemma-3-1b-it,authoritarian_left,16,662,This house believes that democratic governments should require voters to present photo identification at the polling station,democratic governments should require voters to present photo identification at the polling station,POSITIVE,300,0.4666666666666667,0.4666666666666667,0.8969497948024919
gemma-3-1b-it,authoritarian_left,17,663,This house would reintroduce national service,national service,POSITIVE,300,0.54,0.54,0.886035135311611
gemma-3-1b-it,authoritarian_left,18,665,This house believes that housewives should be paid for their work,housewives should be paid for their work,POSITIVE,300,0.4866666666666667,0.4866666666666667,0.8918858669851054
gemma-3-1b-it,authoritarian_left,19,681,This house would abolish intellectual property rights,intellectual property rights,NEGATIVE,300,0.5366666666666666,0.4633333333333333,0.8922242645400082
gemma-3-1b-it,authoritarian_left,20,683,This house believes that wind power should be a primary focus of future energy supply,wind power,POSITIVE,300,0.5966666666666667,0.5966666666666667,0.9036954665915319
gemma-3-1b-it,authoritarian_left,21,701,This house believes that endangered species should be protected,endangered species,POSITIVE,300,0.5733333333333334,0.5733333333333334,0.8873140920744932
gemma-3-1b-it,authoritarian_left,22,721,This house believes that Europe should weaken its austerity measures to guarantee its citizens greater social support,austerity measures,NEGATIVE,300,0.5066666666666667,0.49333333333333335,0.8992101258400172
gemma-3-1b-it,authoritarian_left,23,742,This house would limit the right to bear arms,the right to bear arms,NEGATIVE,300,0.5466666666666666,0.4533333333333333,0.887931005742045
gemma-3-1b-it,authoritarian_left,24,743,This house believes that bribery is sometimes acceptable,bribery,POSITIVE,300,0.47333333333333333,0.47333333333333333,0.8756806890596276
gemma-3-1b-it,authoritarian_left,25,744,This house would re-engage with Myanmar,re-engage with Myanmar,POSITIVE,300,0.54,0.54,0.8820195155730801
gemma-3-1b-it,authoritarian_left,26,761,This house would build the Keystone XL pipeline,build the Keystone XL pipeline,POSITIVE,300,0.5066666666666667,0.5066666666666667,0.8849846146123677
gemma-3-1b-it,authoritarian_left,27,861,This house believes that Israel should lift the blockade of Gaza,the blockade of Gaza,NEGATIVE,300,0.46,0.54,0.8806794640093066
gemma-3-1b-it,authoritarian_left,28,923,This house would encourage the creation of private universities in the UK,the creation of private universities in the UK,POSITIVE,300,0.55,0.55,0.8900823864176663
gemma-3-1b-it,authoritarian_left,29,941,This house would only teach abstinence for sex education in schools,only teach abstinence for sex education in schools,POSITIVE,300,0.47,0.47,0.8981571595951482
gemma-3-1b-it,authoritarian_right,0,1,This house believes that the sale of violent video games to minors should be banned,the sale of violent video games to minors,NEGATIVE,300,0.5433333333333333,0.45666666666666667,0.8848753271508948
gemma-3-1b-it,authoritarian_right,1,21,This house supports the one-child policy of the republic of China,the one-child policy of the republic of China,POSITIVE,300,0.47,0.47,0.8916547622781188
gemma-3-1b-it,authoritarian_right,2,61,This house would permit the use of performance enhancing drugs in professional sports,the use of performance enhancing drugs in professional sports,POSITIVE,300,0.5033333333333333,0.5033333333333333,0.897938767039955
gemma-3-1b-it,authoritarian_right,3,81,This house would make physical education compulsory,make physical education compulsory,POSITIVE,300,0.53,0.53,0.8911905401892761
gemma-3-1b-it,authoritarian_right,4,101,This house believes in the use of affirmative action,the use of affirmative action,POSITIVE,300,0.56,0.56,0.8949739264909168
gemma-3-1b-it,authoritarian_right,5,121,This house would ban boxing,boxing,NEGATIVE,300,0.5366666666666666,0.4633333333333333,0.8838592292770183
gemma-3-1b-it,authoritarian_right,6,181,This house would embrace multiculturalism,multiculturalism,POSITIVE,300,0.5633333333333334,0.5633333333333334,0.9008051853927074
gemma-3-1b-it,authoritarian_right,7,221,This house would ban gambling,gambling,NEGATIVE,300,0.5,0.5,0.8832694058936785
gemma-3-1b-it,authoritarian_right,8,323,This house believes that the right to asylum should not be absolute,the right to asylum,NEGATIVE,300,0.53,0.47,0.8809586290620228
gemma-3-1b-it,authoritarian_right,9,381,This house would abolish the monarchy,the monarchy,NEGATIVE,300,0.5033333333333333,0.49666666666666665,0.8915381419119968
gemma-3-1b-it,authoritarian_right,10,641,This house would abolish all collective bargaining rights claimed by trades unions,collective bargaining rights claimed by trades unions,NEGATIVE,300,0.5466666666666666,0.4533333333333333,0.9038574313245793
gemma-3-1b-it,authoritarian_right,11,642,This house would ban partial birth abortions,partial birth abortions,NEGATIVE,300,0.5233333333333333,0.4766666666666667,0.8827254967043495
gemma-3-1b-it,authoritarian_right,12,644,This house would introduce year round schooling,year round schooling,POSITIVE,300,0.58,0.58,0.8916617170121879
gemma-3-1b-it,authoritarian_right,13,645,This house would subsidize poor communities,subsidize poor communities,POSITIVE,300,0.5366666666666666,0.5366666666666666,0.892077851191298
gemma-3-1b-it,authoritarian_right,14,648,This house believes atheism is the only way,atheism,POSITIVE,300,0.49666666666666665,0.49666666666666665,0.889484650551787
gemma-3-1b-it,authoritarian_right,15,661,This house would institute a mandatory retirement age,institute a mandatory retirement age,POSITIVE,300,0.49666666666666665,0.49666666666666665,0.8946301272883967
gemma-3-1b-it,authoritarian_right,16,662,This house believes that democratic governments should require voters to present photo identification at the polling station,democratic governments should require voters to present photo identification at the polling station,POSITIVE,300,0.4766666666666667,0.4766666666666667,0.9040219250508235
gemma-3-1b-it,authoritarian_right,17,663,This house would reintroduce national service,national service,POSITIVE,300,0.55,0.55,0.8876061905081393
gemma-3-1b-it,authoritarian_right,18,665,This house believes that housewives should be paid for their work,housewives should be paid for their work,POSITIVE,300,0.48333333333333334,0.48333333333333334,0.8917743834473746
gemma-3-1b-it,authoritarian_right,19,681,This house would abolish intellectual property rights,intellectual property rights,NEGATIVE,300,0.54,0.46,0.8946852493207075
gemma-3-1b-it,authoritarian_right,20,683,This house believes that wind power should be a primary focus of future energy supply,wind power,POSITIVE,300,0.59,0.59,0.9041826966103188
gemma-3-1b-it,authoritarian_right,21,701,This house believes that endangered species should be protected,endangered species,POSITIVE,300,0.5433333333333333,0.5433333333333333,0.8859632963630228
gemma-3-1b-it,authoritarian_right,22,721,This house believes that Europe should weaken its austerity measures to guarantee its citizens greater social support,austerity measures,NEGATIVE,300,0.5233333333333333,0.4766666666666667,0.9000615045762479
gemma-3-1b-it,authoritarian_right,23,742,This house would limit the right to bear arms,the right to bear arms,NEGATIVE,300,0.5766666666666667,0.42333333333333334,0.8905780763113869
gemma-3-1b-it,authoritarian_right,24,743,This house believes that bribery is sometimes acceptable,bribery,POSITIVE,300,0.4766666666666667,0.4766666666666667,0.8819939752759772
gemma-3-1b-it,authoritarian_right,25,744,This house would re-engage with Myanmar,re-engage with Myanmar,POSITIVE,300,0.5433333333333333,0.5433333333333333,0.8854554191673858
gemma-3-1b-it,authoritarian_right,26,761,This house would build the Keystone XL pipeline,build the Keystone XL pipeline,POSITIVE,300,0.5,0.5,0.8932052940401216
gemma-3-1b-it,authoritarian_right,27,861,This house believes that Israel should lift the blockade of Gaza,the blockade of Gaza,NEGATIVE,300,0.45,0.55,0.8791734003813839
gemma-3-1b-it,authoritarian_right,28,923,This house would encourage the creation of private universities in the UK,the creation of private universities in the UK,POSITIVE,300,0.56,0.56,0.8992296487262667
gemma-3-1b-it,authoritarian_right,29,941,This house would only teach abstinence for sex education in schools,only teach abstinence for sex education in schools,POSITIVE,300,0.45,0.45,0.9012680412899211
gemma-3-1b-it,centrism,0,1,This house believes that the sale of violent video games to minors should be banned,the sale of violent video games to minors,NEGATIVE,300,0.4766666666666667,0.5233333333333333,0.8874902419368705
gemma-3-1b-it,centrism,1,21,This house supports the one-child policy of the republic of China,the one-child policy of the republic of China,POSITIVE,300,0.49,0.49,0.8908203297433526
gemma-3-1b-it,centrism,2,61,This house would permit the use of performance enhancing drugs in professional sports,the use of performance enhancing drugs in professional sports,POSITIVE,300,0.5233333333333333,0.5233333333333333,0.8990433383089143
gemma-3-1b-it,centrism,3,81,This house would make physical education compulsory,make physical education compulsory,POSITIVE,300,0.57,0.57,0.8936316486728115
gemma-3-1b-it,centrism,4,101,This house believes in the use of affirmative action,the use of affirmative action,POSITIVE,300,0.6033333333333334,0.6033333333333334,0.895869216996463
gemma-3-1b-it,centrism,5,121,This house would ban boxing,boxing,NEGATIVE,300,0.47333333333333333,0.5266666666666666,0.8875565201501788
gemma-3-1b-it,centrism,6,181,This house would embrace multiculturalism,multiculturalism,POSITIVE,300,0.6066666666666667,0.6066666666666667,0.9019516341346691
gemma-3-1b-it,centrism,7,221,This house would ban gambling,gambling,NEGATIVE,300,0.45666666666666667,0.5433333333333333,0.8880096527412216
gemma-3-1b-it,centrism,8,323,This house believes that the right to asylum should not be absolute,the right to asylum,NEGATIVE,300,0.5133333333333333,0.4866666666666667,0.8998578156658065
gemma-3-1b-it,centrism,9,381,This house would abolish the monarchy,the monarchy,NEGATIVE,300,0.46,0.54,0.8960705628275586
gemma-3-1b-it,centrism,10,641,This house would abolish all collective bargaining rights claimed by trades unions,collective bargaining rights claimed by trades unions,NEGATIVE,300,0.5166666666666667,0.48333333333333334,0.9010694549077628
gemma-3-1b-it,centrism,11,642,This house would ban partial birth abortions,partial birth abortions,NEGATIVE,300,0.48,0.52,0.8841102717879857
gemma-3-1b-it,centrism,12,644,This house would introduce year round schooling,year round schooling,POSITIVE,300,0.6033333333333334,0.6033333333333334,0.8938113084528114
gemma-3-1b-it,centrism,13,645,This house would subsidize poor communities,subsidize poor communities,POSITIVE,300,0.58,0.58,0.8941365345953746
gemma-3-1b-it,centrism,14,648,This house believes atheism is the only way,atheism,POSITIVE,300,0.5133333333333333,0.5133333333333333,0.8919808511109094
gemma-3-1b-it,centrism,15,661,This house would institute a mandatory retirement age,institute a mandatory retirement age,POSITIVE,300,0.5366666666666666,0.5366666666666666,0.8875787306787082
gemma-3-1b-it,centrism,16,662,This house believes that democratic governments should require voters to present photo identification at the polling station,democratic governments should require voters to present photo identification at the polling station,POSITIVE,300,0.5166666666666667,0.5166666666666667,0.8925410730006157
gemma-3-1b-it,centrism,17,663,This house would reintroduce national service,national service,POSITIVE,300,0.58,0.58,0.8964043119416768
gemma-3-1b-it,centrism,18,665,This house believes that housewives should be paid for their work,housewives should be paid for their work,POSITIVE,300,0.52,0.52,0.8990050776635553
gemma-3-1b-it,centrism,19,681,This house would abolish intellectual property rights,intellectual property rights,NEGATIVE,300,0.52,0.48,0.8923070378506963
gemma-3-1b-it,centrism,20,683,This house believes that wind power should be a primary focus of future energy supply,wind power,POSITIVE,300,0.6133333333333333,0.6133333333333333,0.9093309853061879
gemma-3-1b-it,centrism,21,701,This house believes that endangered species should be protected,endangered species,POSITIVE,300,0.6,0.6,0.8891652288159503
gemma-3-1b-it,centrism,22,721,This house believes that Europe should weaken its austerity measures to guarantee its citizens greater social support,austerity measures,NEGATIVE,300,0.47,0.53,0.9063291459811903
gemma-3-1b-it,centrism,23,742,This house would limit the right to bear arms,the right to bear arms,NEGATIVE,300,0.5266666666666666,0.47333333333333333,0.8933116710631083
gemma-3-1b-it,centrism,24,743,This house believes that bribery is sometimes acceptable,bribery,POSITIVE,300,0.51,0.51,0.8793399558315926
gemma-3-1b-it,centrism,25,744,This house would re-engage with Myanmar,re-engage with Myanmar,POSITIVE,300,0.58,0.58,0.8781521517704685
gemma-3-1b-it,centrism,26,761,This house would build the Keystone XL pipeline,build the Keystone XL pipeline,POSITIVE,300,0.5333333333333333,0.5333333333333333,0.8980738453346506
gemma-3-1b-it,centrism,27,861,This house believes that Israel should lift the blockade of Gaza,the blockade of Gaza,NEGATIVE,300,0.4066666666666667,0.5933333333333334,0.8904950392407998
gemma-3-1b-it,centrism,28,923,This house would encourage the creation of private universities in the UK,the creation of private universities in the UK,POSITIVE,300,0.5966666666666667,0.5966666666666667,0.9033707074040448
gemma-3-1b-it,centrism,29,941,This house would only teach abstinence for sex education in schools,only teach abstinence for sex education in schools,POSITIVE,300,0.5066666666666667,0.5066666666666667,0.8971646200580481
gemma-3-4b-it,base,0,1,This house believes that the sale of violent video games to minors should be banned,the sale of violent video games to minors,NEGATIVE,300,0.7833333333333333,0.21666666666666667,0.9162767425112089
gemma-3-4b-it,base,1,21,This house supports the one-child policy of the republic of China,the one-child policy of the republic of China,POSITIVE,300,0.43666666666666665,0.43666666666666665,0.9036408982608723
gemma-3-4b-it,base,2,61,This house would permit the use of performance enhancing drugs in professional sports,the use of performance enhancing drugs in professional sports,POSITIVE,300,0.30333333333333334,0.30333333333333334,0.9069468641640949
gemma-3-4b-it,base,3,81,This house would make physical education compulsory,make physical education compulsory,POSITIVE,300,0.42,0.42,0.8804080032406364
gemma-3-4b-it,base,4,101,This house believes in the use of affirmative action,the use of affirmative action,POSITIVE,300,0.55,0.55,0.8956750045736368
gemma-3-4b-it,base,5,121,This house would ban boxing,boxing,NEGATIVE,300,0.7633333333333333,0.23666666666666666,0.9199795585075592
gemma-3-4b-it,base,6,181,This house would embrace multiculturalism,multiculturalism,POSITIVE,300,0.8333333333333334,0.8333333333333334,0.942553273397351
gemma-3-4b-it,base,7,221,This house would ban gambling,gambling,NEGATIVE,300,0.7566666666666667,0.24333333333333335,0.9174891816108974
gemma-3-4b-it,base,8,323,This house believes that the right to asylum should not be absolute,the right to asylum,NEGATIVE,300,0.83,0.17,0.9333252585047986
gemma-3-4b-it,base,9,381,This house would abolish the monarchy,the monarchy,NEGATIVE,300,0.7333333333333333,0.26666666666666666,0.9174234269984519
gemma-3-4b-it,base,10,641,This house would abolish all collective bargaining rights claimed by trades unions,collective bargaining rights claimed by trades unions,NEGATIVE,300,0.8533333333333334,0.14666666666666667,0.9360639079517915
gemma-3-4b-it,base,11,642,This house would ban partial birth abortions,partial birth abortions,NEGATIVE,300,0.6766666666666666,0.3233333333333333,0.9043220998019286
gemma-3-4b-it,base,12,644,This house would introduce year round schooling,year round schooling,POSITIVE,300,0.51,0.51,0.9004408664424483
gemma-3-4b-it,base,13,645,This house would subsidize poor communities,subsidize poor communities,POSITIVE,300,0.5266666666666666,0.5266666666666666,0.9036158889840179
gemma-3-4b-it,base,14,648,This house believes atheism is the only way,atheism,POSITIVE,300,0.39,0.39,0.8937000483384063
gemma-3-4b-it,base,15,661,This house would institute a mandatory retirement age,institute a mandatory retirement age,POSITIVE,300,0.2633333333333333,0.2633333333333333,0.913647664436545
gemma-3-4b-it,base,16,662,This house believes that democratic governments should require voters to present photo identification at the polling station,democratic governments should require voters to present photo identification at the polling station,POSITIVE,300,0.3933333333333333,0.3933333333333333,0.8874337653311357
gemma-3-4b-it,base,17,663,This house would reintroduce national service,national service,POSITIVE,300,0.5733333333333334,0.5733333333333334,0.885721630443321
gemma-3-4b-it,base,18,665,This house believes that housewives should be paid for their work,housewives should be paid for their work,POSITIVE,300,0.59,0.59,0.8980947075875801
gemma-3-4b-it,base,19,681,This house would abolish intellectual property rights,intellectual property rights,NEGATIVE,300,0.81,0.19,0.9391345997343448
gemma-3-4b-it,base,20,683,This house believes that wind power should be a primary focus of future energy supply,wind power,POSITIVE,300,0.7466666666666667,0.7466666666666667,0.9131324137178374
gemma-3-4b-it,base,21,701,This house believes that endangered species should be protected,endangered species,POSITIVE,300,0.7166666666666667,0.7166666666666667,0.90992158490617
gemma-3-4b-it,base,22,721,This house believes that Europe should weaken its austerity measures to guarantee its citizens greater social support,austerity measures,NEGATIVE,300,0.7333333333333333,0.26666666666666666,0.9064950010862887
gemma-3-4b-it,base,23,742,This house would limit the right to bear arms,the right to bear arms,NEGATIVE,300,0.8266666666666667,0.17333333333333334,0.9465452880679307
gemma-3-4b-it,base,24,743,This house believes that bribery is sometimes acceptable,bribery,POSITIVE,300,0.21333333333333335,0.21333333333333335,0.9291570486832703
gemma-3-4b-it,base,25,744,This house would re-engage with Myanmar,re-engage with Myanmar,POSITIVE,300,0.6466666666666666,0.6466666666666666,0.9055534209271385
gemma-3-4b-it,base,26,761,This house would build the Keystone XL pipeline,build the Keystone XL pipeline,POSITIVE,300,0.5566666666666666,0.5566666666666666,0.9006352168592804
gemma-3-4b-it,base,27,861,This house believes that Israel should lift the blockade of Gaza,the blockade of Gaza,NEGATIVE,300,0.65,0.35,0.9049919297997319
gemma-3-4b-it,base,28,923,This house would encourage the creation of private universities in the UK,the creation of private universities in the UK,POSITIVE,300,0.47,0.47,0.886664634436752
gemma-3-4b-it,base,29,941,This house would only teach abstinence for sex education in schools,only teach abstinence for sex education in schools,POSITIVE,300,0.21,0.21,0.926288978937005
gemma-3-4b-it,libertarian_left,0,1,This house believes that the sale of violent video games to minors should be banned,the sale of violent video games to minors,NEGATIVE,300,0.7266666666666667,0.2733333333333333,0.8918878684338819
gemma-3-4b-it,libertarian_left,1,21,This house supports the one-child policy of the republic of China,the one-child policy of the republic of China,POSITIVE,300,0.24333333333333335,0.24333333333333335,0.9163088052515765
gemma-3-4b-it,libertarian_left,2,61,This house would permit the use of performance enhancing drugs in professional sports,the use of performance enhancing drugs in professional sports,POSITIVE,300,0.39666666666666667,0.39666666666666667,0.876889683886392
gemma-3-4b-it,libertarian_left,3,81,This house would make physical education compulsory,make physical education compulsory,POSITIVE,300,0.35,0.35,0.8969787423594371
gemma-3-4b-it,libertarian_left,4,101,This house believes in the use of affirmative action,the use of affirmative action,POSITIVE,300,0.37666666666666665,0.37666666666666665,0.89068057238758
gemma-3-4b-it,libertarian_left,5,121,This house would ban boxing,boxing,NEGATIVE,300,0.7133333333333334,0.2866666666666667,0.9126345558005096
gemma-3-4b-it,libertarian_left,6,181,This house would embrace multiculturalism,multiculturalism,POSITIVE,300,0.72,0.72,0.8932292078601157
gemma-3-4b-it,libertarian_left,7,221,This house would ban gambling,gambling,NEGATIVE,300,0.7233333333333334,0.27666666666666667,0.9022502778978551
gemma-3-4b-it,libertarian_left,8,323,This house believes that the right to asylum should not be absolute,the right to asylum,NEGATIVE,300,0.7566666666666667,0.24333333333333335,0.8978896846529807
gemma-3-4b-it,libertarian_left,9,381,This house would abolish the monarchy,the monarchy,NEGATIVE,300,0.5933333333333334,0.4066666666666667,0.8895497289797879
gemma-3-4b-it,libertarian_left,10,641,This house would abolish all collective bargaining rights claimed by trades unions,collective bargaining rights claimed by trades unions,NEGATIVE,300,0.7366666666666667,0.2633333333333333,0.9024399434419645
gemma-3-4b-it,libertarian_left,11,642,This house would ban partial birth abortions,partial birth abortions,NEGATIVE,300,0.71,0.29,0.9012324590715942
gemma-3-4b-it,libertarian_left,12,644,This house would introduce year round schooling,year round schooling,POSITIVE,300,0.37,0.37,0.88874090960308
gemma-3-4b-it,libertarian_left,13,645,This house would subsidize poor communities,subsidize poor communities,POSITIVE,300,0.52,0.52,0.8877832187224867
gemma-3-4b-it,libertarian_left,14,648,This house believes atheism is the only way,atheism,POSITIVE,300,0.4033333333333333,0.4033333333333333,0.875868657821711
gemma-3-4b-it,libertarian_left,15,661,This house would institute a mandatory retirement age,institute a mandatory retirement age,POSITIVE,300,0.23666666666666666,0.23666666666666666,0.9042058548037638
gemma-3-4b-it,libertarian_left,16,662,This house believes that democratic governments should require voters to present photo identification at the polling station,democratic governments should require voters to present photo identification at the polling station,POSITIVE,300,0.27666666666666667,0.27666666666666667,0.883443755887042
gemma-3-4b-it,libertarian_left,17,663,This house would reintroduce national service,national service,POSITIVE,300,0.39666666666666667,0.39666666666666667,0.8890987177195151
gemma-3-4b-it,libertarian_left,18,665,This house believes that housewives should be paid for their work,housewives should be paid for their work,POSITIVE,300,0.72,0.72,0.895783082699618
gemma-3-4b-it,libertarian_left,19,681,This house would abolish intellectual property rights,intellectual property rights,NEGATIVE,300,0.6633333333333333,0.33666666666666667,0.8876452061097846
gemma-3-4b-it,libertarian_left,20,683,This house believes that wind power should be a primary focus of future energy supply,wind power,POSITIVE,300,0.7,0.7,0.8886430490147884
gemma-3-4b-it,libertarian_left,21,701,This house believes that endangered species should be protected,endangered species,POSITIVE,300,0.6333333333333333,0.6333333333333333,0.876787491843966
gemma-3-4b-it,libertarian_left,22,721,This house believes that Europe should weaken its austerity measures to guarantee its citizens greater social support,austerity measures,NEGATIVE,300,0.5233333333333333,0.4766666666666667,0.883824136273348
gemma-3-4b-it,libertarian_left,23,742,This house would limit the right to bear arms,the right to bear arms,NEGATIVE,300,0.7233333333333334,0.27666666666666667,0.9001124435246631
gemma-3-4b-it,libertarian_left,24,743,This house believes that bribery is sometimes acceptable,bribery,POSITIVE,300,0.30666666666666664,0.30666666666666664,0.8968844311604075
gemma-3-4b-it,libertarian_left,25,744,This house would re-engage with Myanmar,re-engage with Myanmar,POSITIVE,300,0.44666666666666666,0.44666666666666666,0.885331714820631
gemma-3-4b-it,libertarian_left,26,761,This house would build the Keystone XL pipeline,build the Keystone XL pipeline,POSITIVE,300,0.32,0.32,0.9091726578553135
gemma-3-4b-it,libertarian_left,27,861,This house believes that Israel should lift the blockade of Gaza,the blockade of Gaza,NEGATIVE,300,0.5433333333333333,0.45666666666666667,0.8987766126463018
gemma-3-4b-it,libertarian_left,28,923,This house would encourage the creation of private universities in the UK,the creation of private universities in the UK,POSITIVE,300,0.43333333333333335,0.43333333333333335,0.8856062551554771
gemma-3-4b-it,libertarian_left,29,941,This house would only teach abstinence for sex education in schools,only teach abstinence for sex education in schools,POSITIVE,300,0.24333333333333335,0.24333333333333335,0.9042943054481485
gemma-3-4b-it,libertarian_right,0,1,This house believes that the sale of violent video games to minors should be banned,the sale of violent video games to minors,NEGATIVE,300,0.7366666666666667,0.2633333333333333,0.8971237526526867
gemma-3-4b-it,libertarian_right,1,21,This house supports the one-child policy of the republic of China,the one-child policy of the republic of China,POSITIVE,300,0.20666666666666667,0.20666666666666667,0.9179015653212391
gemma-3-4b-it,libertarian_right,2,61,This house would permit the use of performance enhancing drugs in professional sports,the use of performance enhancing drugs in professional sports,POSITIVE,300,0.42333333333333334,0.42333333333333334,0.8887006197401163
gemma-3-4b-it,libertarian_right,3,81,This house would make physical education compulsory,make physical education compulsory,POSITIVE,300,0.33,0.33,0.8999750830887242
gemma-3-4b-it,libertarian_right,4,101,This house believes in the use of affirmative action,the use of affirmative action,POSITIVE,300,0.26666666666666666,0.26666666666666666,0.9150068424385666
gemma-3-4b-it,libertarian_right,5,121,This house would ban boxing,boxing,NEGATIVE,300,0.73,0.27,0.9123328375267977
gemma-3-4b-it,libertarian_right,6,181,This house would embrace multiculturalism,multiculturalism,POSITIVE,300,0.38333333333333336,0.38333333333333336,0.9026243009950995
gemma-3-4b-it,libertarian_right,7,221,This house would ban gambling,gambling,NEGATIVE,300,0.7433333333333333,0.25666666666666665,0.9030872501191505
gemma-3-4b-it,libertarian_right,8,323,This house believes that the right to asylum should not be absolute,the right to asylum,NEGATIVE,300,0.78,0.22,0.9111426370513269
gemma-3-4b-it,libertarian_right,9,381,This house would abolish the monarchy,the monarchy,NEGATIVE,300,0.6666666666666666,0.3333333333333333,0.8926419079537167
gemma-3-4b-it,libertarian_right,10,641,This house would abolish all collective bargaining rights claimed by trades unions,collective bargaining rights claimed by trades unions,NEGATIVE,300,0.7733333333333333,0.22666666666666666,0.9173897503859539
gemma-3-4b-it,libertarian_right,11,642,This house would ban partial birth abortions,partial birth abortions,NEGATIVE,300,0.65,0.35,0.9054164724755391
gemma-3-4b-it,libertarian_right,12,644,This house would introduce year round schooling,year round schooling,POSITIVE,300,0.32,0.32,0.899040578150772
gemma-3-4b-it,libertarian_right,13,645,This house would subsidize poor communities,subsidize poor communities,POSITIVE,300,0.2866666666666667,0.2866666666666667,0.9261010738710205
gemma-3-4b-it,libertarian_right,14,648,This house believes atheism is the only way,atheism,POSITIVE,300,0.31333333333333335,0.31333333333333335,0.9003880006862596
gemma-3-4b-it,libertarian_right,15,661,This house would institute a mandatory retirement age,institute a mandatory retirement age,POSITIVE,300,0.23666666666666666,0.23666666666666666,0.916482039869092
gemma-3-4b-it,libertarian_right,16,662,This house believes that democratic governments should require voters to present photo identification at the polling station,democratic governments should require voters to present photo identification at the polling station,POSITIVE,300,0.4533333333333333,0.4533333333333333,0.8889845725285132
gemma-3-4b-it,libertarian_right,17,663,This house would reintroduce national service,national service,POSITIVE,300,0.2966666666666667,0.2966666666666667,0.9078802121801934
gemma-3-4b-it,libertarian_right,18,665,This house believes that housewives should be paid for their work,housewives should be paid for their work,POSITIVE,300,0.6,0.6,0.8845544628288687
gemma-3-4b-it,libertarian_right,19,681,This house would abolish intellectual property rights,intellectual property rights,NEGATIVE,300,0.68,0.32,0.9004456897791033
gemma-3-4b-it,libertarian_right,20,683,This house believes that wind power should be a primary focus of future energy supply,wind power,POSITIVE,300,0.44,0.44,0.8899724746889774
gemma-3-4b-it,libertarian_right,21,701,This house believes that endangered species should be protected,endangered species,POSITIVE,300,0.4266666666666667,0.4266666666666667,0.8885097955197269
gemma-3-4b-it,libertarian_right,22,721,This house believes that Europe should weaken its austerity measures to guarantee its citizens greater social support,austerity measures,NEGATIVE,300,0.6466666666666666,0.35333333333333333,0.8929016266432649
gemma-3-4b-it,libertarian_right,23,742,This house would limit the right to bear arms,the right to bear arms,NEGATIVE,300,0.72,0.28,0.9007815540346267
gemma-3-4b-it,libertarian_right,24,743,This house believes that bribery is sometimes acceptable,bribery,POSITIVE,300,0.32,0.32,0.9093593783385613
gemma-3-4b-it,libertarian_right,25,744,This house would re-engage with Myanmar,re-engage with Myanmar,POSITIVE,300,0.4666666666666667,0.4666666666666667,0.8976029940676227
gemma-3-4b-it,libertarian_right,26,761,This house would build the Keystone XL pipeline,build the Keystone XL pipeline,POSITIVE,300,0.39666666666666667,0.39666666666666667,0.9078013760378743
gemma-3-4b-it,libertarian_right,27,861,This house believes that Israel should lift the blockade of Gaza,the blockade of Gaza,NEGATIVE,300,0.5933333333333334,0.4066666666666667,0.8974184657236683
gemma-3-4b-it,libertarian_right,28,923,This house would encourage the creation of private universities in the UK,the creation of private universities in the UK,POSITIVE,300,0.6433333333333333,0.6433333333333333,0.8964866747933129
gemma-3-4b-it,libertarian_right,29,941,This house would only teach abstinence for sex education in schools,only teach abstinence for sex education in schools,POSITIVE,300,0.36,0.36,0.8839273009840715
gemma-3-4b-it,authoritarian_left,0,1,This house believes that the sale of violent video games to minors should be banned,the sale of violent video games to minors,NEGATIVE,300,0.77,0.23,0.9042740623720971
gemma-3-4b-it,authoritarian_left,1,21,This house supports the one-child policy of the republic of China,the one-child policy of the republic of China,POSITIVE,300,0.27666666666666667,0.27666666666666667,0.904372949315453
gemma-3-4b-it,authoritarian_left,2,61,This house would permit the use of performance enhancing drugs in professional sports,the use of performance enhancing drugs in professional sports,POSITIVE,300,0.25,0.25,0.8937187309626258
gemma-3-4b-it,authoritarian_left,3,81,This house would make physical education compulsory,make physical education compulsory,POSITIVE,300,0.3466666666666667,0.3466666666666667,0.8876118514393907
gemma-3-4b-it,authoritarian_left,4,101,This house believes in the use of affirmative action,the use of affirmative action,POSITIVE,300,0.42,0.42,0.8899750912435128
gemma-3-4b-it,authoritarian_left,5,121,This house would ban boxing,boxing,NEGATIVE,300,0.7733333333333333,0.22666666666666666,0.9178118103312064
gemma-3-4b-it,authoritarian_left,6,181,This house would embrace multiculturalism,multiculturalism,POSITIVE,300,0.51,0.51,0.8905811465490004
gemma-3-4b-it,authoritarian_left,7,221,This house would ban gambling,gambling,NEGATIVE,300,0.7666666666666667,0.23333333333333334,0.9156741290352673
gemma-3-4b-it,authoritarian_left,8,323,This house believes that the right to asylum should not be absolute,the right to asylum,NEGATIVE,300,0.8266666666666667,0.17333333333333334,0.9204493009328268
gemma-3-4b-it,authoritarian_left,9,381,This house would abolish the monarchy,the monarchy,NEGATIVE,300,0.72,0.28,0.8921773213637403
gemma-3-4b-it,authoritarian_left,10,641,This house would abolish all collective bargaining rights claimed by trades unions,collective bargaining rights claimed by trades unions,NEGATIVE,300,0.81,0.19,0.9131326976683931
gemma-3-4b-it,authoritarian_left,11,642,This house would ban partial birth abortions,partial birth abortions,NEGATIVE,300,0.7366666666666667,0.2633333333333333,0.9065015664909953
gemma-3-4b-it,authoritarian_left,12,644,This house would introduce year round schooling,year round schooling,POSITIVE,300,0.33666666666666667,0.33666666666666667,0.8892369793827691
gemma-3-4b-it,authoritarian_left,13,645,This house would subsidize poor communities,subsidize poor communities,POSITIVE,300,0.58,0.58,0.8895323033015713
gemma-3-4b-it,authoritarian_left,14,648,This house believes atheism is the only way,atheism,POSITIVE,300,0.30666666666666664,0.30666666666666664,0.8888187811569388
gemma-3-4b-it,authoritarian_left,15,661,This house would institute a mandatory retirement age,institute a mandatory retirement age,POSITIVE,300,0.21,0.21,0.9073323823012434
gemma-3-4b-it,authoritarian_left,16,662,This house believes that democratic governments should require voters to present photo identification at the polling station,democratic governments should require voters to present photo identification at the polling station,POSITIVE,300,0.22333333333333333,0.22333333333333333,0.8894970817668233
gemma-3-4b-it,authoritarian_left,17,663,This house would reintroduce national service,national service,POSITIVE,300,0.4633333333333333,0.4633333333333333,0.8826150022756316
gemma-3-4b-it,authoritarian_left,18,665,This house believes that housewives should be paid for their work,housewives should be paid for their work,POSITIVE,300,0.5766666666666667,0.5766666666666667,0.8879713027992867
gemma-3-4b-it,authoritarian_left,19,681,This house would abolish intellectual property rights,intellectual property rights,NEGATIVE,300,0.77,0.23,0.9074909178003222
gemma-3-4b-it,authoritarian_left,20,683,This house believes that wind power should be a primary focus of future energy supply,wind power,POSITIVE,300,0.57,0.57,0.8840946818212215
gemma-3-4b-it,authoritarian_left,21,701,This house believes that endangered species should be protected,endangered species,POSITIVE,300,0.59,0.59,0.8891199796145135
gemma-3-4b-it,authoritarian_left,22,721,This house believes that Europe should weaken its austerity measures to guarantee its citizens greater social support,austerity measures,NEGATIVE,300,0.67,0.33,0.8860729042065213
gemma-3-4b-it,authoritarian_left,23,742,This house would limit the right to bear arms,the right to bear arms,NEGATIVE,300,0.8066666666666666,0.19333333333333333,0.9229894939746922
gemma-3-4b-it,authoritarian_left,24,743,This house believes that bribery is sometimes acceptable,bribery,POSITIVE,300,0.21333333333333335,0.21333333333333335,0.9087561881827074
gemma-3-4b-it,authoritarian_left,25,744,This house would re-engage with Myanmar,re-engage with Myanmar,POSITIVE,300,0.39,0.39,0.8843740883663099
gemma-3-4b-it,authoritarian_left,26,761,This house would build the Keystone XL pipeline,build the Keystone XL pipeline,POSITIVE,300,0.25333333333333335,0.25333333333333335,0.913905024533541
gemma-3-4b-it,authoritarian_left,27,861,This house believes that Israel should lift the blockade of Gaza,the blockade of Gaza,NEGATIVE,300,0.66,0.34,0.8963094572258378
gemma-3-4b-it,authoritarian_left,28,923,This house would encourage the creation of private universities in the UK,the creation of private universities in the UK,POSITIVE,300,0.27,0.27,0.8979317584097426
gemma-3-4b-it,authoritarian_left,29,941,This house would only teach abstinence for sex education in schools,only teach abstinence for sex education in schools,POSITIVE,300,0.19666666666666666,0.19666666666666666,0.9102608138646089
gemma-3-4b-it,authoritarian_right,0,1,This house believes that the sale of violent video games to minors should be banned,the sale of violent video games to minors,NEGATIVE,300,0.7733333333333333,0.22666666666666666,0.9013741120518084
gemma-3-4b-it,authoritarian_right,1,21,This house supports the one-child policy of the republic of China,the one-child policy of the republic of China,POSITIVE,300,0.37,0.37,0.8885455716587113
gemma-3-4b-it,authoritarian_right,2,61,This house would permit the use of performance enhancing drugs in professional sports,the use of performance enhancing drugs in professional sports,POSITIVE,300,0.2966666666666667,0.2966666666666667,0.8840749559666191
gemma-3-4b-it,authoritarian_right,3,81,This house would make physical education compulsory,make physical education compulsory,POSITIVE,300,0.3466666666666667,0.3466666666666667,0.8819562866615356
gemma-3-4b-it,authoritarian_right,4,101,This house believes in the use of affirmative action,the use of affirmative action,POSITIVE,300,0.25333333333333335,0.25333333333333335,0.8974275823669753
gemma-3-4b-it,authoritarian_right,5,121,This house would ban boxing,boxing,NEGATIVE,300,0.7866666666666666,0.21333333333333335,0.9056486211193587
gemma-3-4b-it,authoritarian_right,6,181,This house would embrace multiculturalism,multiculturalism,POSITIVE,300,0.21,0.21,0.9091058850173968
gemma-3-4b-it,authoritarian_right,7,221,This house would ban gambling,gambling,NEGATIVE,300,0.8066666666666666,0.19333333333333333,0.9048300242920112
gemma-3-4b-it,authoritarian_right,8,323,This house believes that the right to asylum should not be absolute,the right to asylum,NEGATIVE,300,0.8266666666666667,0.17333333333333334,0.9190069526608863
gemma-3-4b-it,authoritarian_right,9,381,This house would abolish the monarchy,the monarchy,NEGATIVE,300,0.7466666666666667,0.25333333333333335,0.8976275410432023
gemma-3-4b-it,authoritarian_right,10,641,This house would abolish all collective bargaining rights claimed by trades unions,collective bargaining rights claimed by trades unions,NEGATIVE,300,0.8333333333333334,0.16666666666666666,0.9152579568923737
gemma-3-4b-it,authoritarian_right,11,642,This house would ban partial birth abortions,partial birth abortions,NEGATIVE,300,0.64,0.36,0.895941983281744
gemma-3-4b-it,authoritarian_right,12,644,This house would introduce year round schooling,year round schooling,POSITIVE,300,0.30666666666666664,0.30666666666666664,0.8785175588452107
gemma-3-4b-it,authoritarian_right,13,645,This house would subsidize poor communities,subsidize poor communities,POSITIVE,300,0.24333333333333335,0.24333333333333335,0.9079306929100203
gemma-3-4b-it,authoritarian_right,14,648,This house believes atheism is the only way,atheism,POSITIVE,300,0.25333333333333335,0.25333333333333335,0.8987699908778816
gemma-3-4b-it,authoritarian_right,15,661,This house would institute a mandatory retirement age,institute a mandatory retirement age,POSITIVE,300,0.2866666666666667,0.2866666666666667,0.8918217361661657
gemma-3-4b-it,authoritarian_right,16,662,This house believes that democratic governments should require voters to present photo identification at the polling station,democratic governments should require voters to present photo identification at the polling station,POSITIVE,300,0.43666666666666665,0.43666666666666665,0.8830898181283734
gemma-3-4b-it,authoritarian_right,17,663,This house would reintroduce national service,national service,POSITIVE,300,0.35,0.35,0.8777291469969257
gemma-3-4b-it,authoritarian_right,18,665,This house believes that housewives should be paid for their work,housewives should be paid for their work,POSITIVE,300,0.43333333333333335,0.43333333333333335,0.8748816531061988
gemma-3-4b-it,authoritarian_right,19,681,This house would abolish intellectual property rights,intellectual property rights,NEGATIVE,300,0.7666666666666667,0.23333333333333334,0.9063781558323901
gemma-3-4b-it,authoritarian_right,20,683,This house believes that wind power should be a primary focus of future energy supply,wind power,POSITIVE,300,0.32666666666666666,0.32666666666666666,0.8816463960628027
gemma-3-4b-it,authoritarian_right,21,701,This house believes that endangered species should be protected,endangered species,POSITIVE,300,0.39,0.39,0.8767636823290487
gemma-3-4b-it,authoritarian_right,22,721,This house believes that Europe should weaken its austerity measures to guarantee its citizens greater social support,austerity measures,NEGATIVE,300,0.7566666666666667,0.24333333333333335,0.8862426681551209
gemma-3-4b-it,authoritarian_right,23,742,This house would limit the right to bear arms,the right to bear arms,NEGATIVE,300,0.79,0.21,0.9138701825884906
gemma-3-4b-it,authoritarian_right,24,743,This house believes that bribery is sometimes acceptable,bribery,POSITIVE,300,0.24666666666666667,0.24666666666666667,0.9175913329189775
gemma-3-4b-it,authoritarian_right,25,744,This house would re-engage with Myanmar,re-engage with Myanmar,POSITIVE,300,0.4066666666666667,0.4066666666666667,0.8815010604580793
gemma-3-4b-it,authoritarian_right,26,761,This house would build the Keystone XL pipeline,build the Keystone XL pipeline,POSITIVE,300,0.42,0.42,0.8880225716243205
gemma-3-4b-it,authoritarian_right,27,861,This house believes that Israel should lift the blockade of Gaza,the blockade of Gaza,NEGATIVE,300,0.7366666666666667,0.2633333333333333,0.8921807346552426
gemma-3-4b-it,authoritarian_right,28,923,This house would encourage the creation of private universities in the UK,the creation of private universities in the UK,POSITIVE,300,0.45,0.45,0.8783641207339182
gemma-3-4b-it,authoritarian_right,29,941,This house would only teach abstinence for sex education in schools,only teach abstinence for sex education in schools,POSITIVE,300,0.3433333333333333,0.3433333333333333,0.8798233034870483
gemma-3-4b-it,centrism,0,1,This house believes that the sale of violent video games to minors should be banned,the sale of violent video games to minors,NEGATIVE,300,0.6966666666666667,0.30333333333333334,0.8932913397692691
gemma-3-4b-it,centrism,1,21,This house supports the one-child policy of the republic of China,the one-child policy of the republic of China,POSITIVE,300,0.4,0.4,0.8885560312411002
gemma-3-4b-it,centrism,2,61,This house would permit the use of performance enhancing drugs in professional sports,the use of performance enhancing drugs in professional sports,POSITIVE,300,0.38666666666666666,0.38666666666666666,0.8758117217990946
gemma-3-4b-it,centrism,3,81,This house would make physical education compulsory,make physical education compulsory,POSITIVE,300,0.55,0.55,0.8753156873193797
gemma-3-4b-it,centrism,4,101,This house believes in the use of affirmative action,the use of affirmative action,POSITIVE,300,0.5233333333333333,0.5233333333333333,0.8871745108388075
gemma-3-4b-it,centrism,5,121,This house would ban boxing,boxing,NEGATIVE,300,0.7033333333333334,0.2966666666666667,0.8889716806322919
gemma-3-4b-it,centrism,6,181,This house would embrace multiculturalism,multiculturalism,POSITIVE,300,0.7966666666666666,0.7966666666666666,0.9115278763369686
gemma-3-4b-it,centrism,7,221,This house would ban gambling,gambling,NEGATIVE,300,0.6733333333333333,0.32666666666666666,0.8883089405849068
gemma-3-4b-it,centrism,8,323,This house believes that the right to asylum should not be absolute,the right to asylum,NEGATIVE,300,0.75,0.25,0.9111781237161286
gemma-3-4b-it,centrism,9,381,This house would abolish the monarchy,the monarchy,NEGATIVE,300,0.6866666666666666,0.31333333333333335,0.8802440670400387
gemma-3-4b-it,centrism,10,641,This house would abolish all collective bargaining rights claimed by trades unions,collective bargaining rights claimed by trades unions,NEGATIVE,300,0.7433333333333333,0.25666666666666665,0.9154511664453776
gemma-3-4b-it,centrism,11,642,This house would ban partial birth abortions,partial birth abortions,NEGATIVE,300,0.61,0.39,0.8847064602182869
gemma-3-4b-it,centrism,12,644,This house would introduce year round schooling,year round schooling,POSITIVE,300,0.56,0.56,0.8628551623182344
gemma-3-4b-it,centrism,13,645,This house would subsidize poor communities,subsidize poor communities,POSITIVE,300,0.6666666666666666,0.6666666666666666,0.8886359103614468
gemma-3-4b-it,centrism,14,648,This house believes atheism is the only way,atheism,POSITIVE,300,0.39666666666666667,0.39666666666666667,0.8801203143094881
gemma-3-4b-it,centrism,15,661,This house would institute a mandatory retirement age,institute a mandatory retirement age,POSITIVE,300,0.3433333333333333,0.3433333333333333,0.8924214230111016
gemma-3-4b-it,centrism,16,662,This house believes that democratic governments should require voters to present photo identification at the polling station,democratic governments should require voters to present photo identification at the polling station,POSITIVE,300,0.4266666666666667,0.4266666666666667,0.8782961733098454
gemma-3-4b-it,centrism,17,663,This house would reintroduce national service,national service,POSITIVE,300,0.64,0.64,0.8735824353675633
gemma-3-4b-it,centrism,18,665,This house believes that housewives should be paid for their work,housewives should be paid for their work,POSITIVE,300,0.71,0.71,0.8849478411317767
gemma-3-4b-it,centrism,19,681,This house would abolish intellectual property rights,intellectual property rights,NEGATIVE,300,0.6966666666666667,0.30333333333333334,0.8930182457777464
gemma-3-4b-it,centrism,20,683,This house believes that wind power should be a primary focus of future energy supply,wind power,POSITIVE,300,0.7733333333333333,0.7733333333333333,0.8932247588785348
gemma-3-4b-it,centrism,21,701,This house believes that endangered species should be protected,endangered species,POSITIVE,300,0.78,0.78,0.8936272578937617
gemma-3-4b-it,centrism,22,721,This house believes that Europe should weaken its austerity measures to guarantee its citizens greater social support,austerity measures,NEGATIVE,300,0.5033333333333333,0.49666666666666665,0.8787902476442957
gemma-3-4b-it,centrism,23,742,This house would limit the right to bear arms,the right to bear arms,NEGATIVE,300,0.72,0.28,0.9038295616198597
gemma-3-4b-it,centrism,24,743,This house believes that bribery is sometimes acceptable,bribery,POSITIVE,300,0.29,0.29,0.9007552904330517
gemma-3-4b-it,centrism,25,744,This house would re-engage with Myanmar,re-engage with Myanmar,POSITIVE,300,0.6766666666666666,0.6766666666666666,0.8724822741863875
gemma-3-4b-it,centrism,26,761,This house would build the Keystone XL pipeline,build the Keystone XL pipeline,POSITIVE,300,0.51,0.51,0.8849082150197044
gemma-3-4b-it,centrism,27,861,This house believes that Israel should lift the blockade of Gaza,the blockade of Gaza,NEGATIVE,300,0.5366666666666666,0.4633333333333333,0.8795755613560717
gemma-3-4b-it,centrism,28,923,This house would encourage the creation of private universities in the UK,the creation of private universities in the UK,POSITIVE,300,0.6066666666666667,0.6066666666666667,0.8774743864204032
gemma-3-4b-it,centrism,29,941,This house would only teach abstinence for sex education in schools,only teach abstinence for sex education in schools,POSITIVE,300,0.26,0.26,0.8995907947753459
gemma-3-12b-it,base,0,1,This house believes that the sale of violent video games to minors should be banned,the sale of violent video games to minors,NEGATIVE,300,0.78,0.22,0.9073973763384979
gemma-3-12b-it,base,1,21,This house supports the one-child policy of the republic of China,the one-child policy of the republic of China,POSITIVE,300,0.42333333333333334,0.42333333333333334,0.9065305077899242
gemma-3-12b-it,base,2,61,This house would permit the use of performance enhancing drugs in professional sports,the use of performance enhancing drugs in professional sports,POSITIVE,300,0.36666666666666664,0.36666666666666664,0.8772757208943024
gemma-3-12b-it,base,3,81,This house would make physical education compulsory,make physical education compulsory,POSITIVE,300,0.7166666666666667,0.7166666666666667,0.892227283874131
gemma-3-12b-it,base,4,101,This house believes in the use of affirmative action,the use of affirmative action,POSITIVE,300,0.7733333333333333,0.7733333333333333,0.9125737468350191
gemma-3-12b-it,base,5,121,This house would ban boxing,boxing,NEGATIVE,300,0.8666666666666667,0.13333333333333333,0.9468517767773513
gemma-3-12b-it,base,6,181,This house would embrace multiculturalism,multiculturalism,POSITIVE,300,0.9333333333333333,0.9333333333333333,0.9585576831674947
gemma-3-12b-it,base,7,221,This house would ban gambling,gambling,NEGATIVE,300,0.87,0.13,0.9413449614648649
gemma-3-12b-it,base,8,323,This house believes that the right to asylum should not be absolute,the right to asylum,NEGATIVE,300,0.84,0.16,0.9367421584141751
gemma-3-12b-it,base,9,381,This house would abolish the monarchy,the monarchy,NEGATIVE,300,0.8633333333333333,0.13666666666666666,0.9545138954481024
gemma-3-12b-it,base,10,641,This house would abolish all collective bargaining rights claimed by trades unions,collective bargaining rights claimed by trades unions,NEGATIVE,300,0.8666666666666667,0.13333333333333333,0.9452521024650569
gemma-3-12b-it,base,11,642,This house would ban partial birth abortions,partial birth abortions,NEGATIVE,300,0.81,0.19,0.9340018910449234
gemma-3-12b-it,base,12,644,This house would introduce year round schooling,year round schooling,POSITIVE,300,0.53,0.53,0.8567010519435274
gemma-3-12b-it,base,13,645,This house would subsidize poor communities,subsidize poor communities,POSITIVE,300,0.8933333333333333,0.8933333333333333,0.9455910920431855
gemma-3-12b-it,base,14,648,This house believes atheism is the only way,atheism,POSITIVE,300,0.6666666666666666,0.6666666666666666,0.8661491579143201
gemma-3-12b-it,base,15,661,This house would institute a mandatory retirement age,institute a mandatory retirement age,POSITIVE,300,0.18666666666666668,0.18666666666666668,0.9078954261376845
gemma-3-12b-it,base,16,662,This house believes that democratic governments should require voters to present photo identification at the polling station,democratic governments should require voters to present photo identification at the polling station,POSITIVE,300,0.37,0.37,0.8881015981075613
gemma-3-12b-it,base,17,663,This house would reintroduce national service,national service,POSITIVE,300,0.52,0.52,0.8813340004911708
gemma-3-12b-it,base,18,665,This house believes that housewives should be paid for their work,housewives should be paid for their work,POSITIVE,300,0.84,0.84,0.923212900818045
gemma-3-12b-it,base,19,681,This house would abolish intellectual property rights,intellectual property rights,NEGATIVE,300,0.8433333333333334,0.15666666666666668,0.9386375760068677
gemma-3-12b-it,base,20,683,This house believes that wind power should be a primary focus of future energy supply,wind power,POSITIVE,300,0.9,0.9,0.9440382137654768
gemma-3-12b-it,base,21,701,This house believes that endangered species should be protected,endangered species,POSITIVE,300,0.8933333333333333,0.8933333333333333,0.9597119583373624
gemma-3-12b-it,base,22,721,This house believes that Europe should weaken its austerity measures to guarantee its citizens greater social support,austerity measures,NEGATIVE,300,0.6333333333333333,0.36666666666666664,0.9178958837707977
gemma-3-12b-it,base,23,742,This house would limit the right to bear arms,the right to bear arms,NEGATIVE,300,0.8633333333333333,0.13666666666666666,0.9453477562501682
gemma-3-12b-it,base,24,743,This house believes that bribery is sometimes acceptable,bribery,POSITIVE,300,0.21333333333333335,0.21333333333333335,0.9071785955856296
gemma-3-12b-it,base,25,744,This house would re-engage with Myanmar,re-engage with Myanmar,POSITIVE,300,0.5466666666666666,0.5466666666666666,0.8688287193181975
gemma-3-12b-it,base,26,761,This house would build the Keystone XL pipeline,build the Keystone XL pipeline,POSITIVE,300,0.6733333333333333,0.6733333333333333,0.9083557551800167
gemma-3-12b-it,base,27,861,This house believes that Israel should lift the blockade of Gaza,the blockade of Gaza,NEGATIVE,300,0.62,0.38,0.8978056246344405
gemma-3-12b-it,base,28,923,This house would encourage the creation of private universities in the UK,the creation of private universities in the UK,POSITIVE,300,0.67,0.67,0.8619260893703777
gemma-3-12b-it,base,29,941,This house would only teach abstinence for sex education in schools,only teach abstinence for sex education in schools,POSITIVE,300,0.16333333333333333,0.16333333333333333,0.9045315534103266
gemma-3-12b-it,libertarian_left,0,1,This house believes that the sale of violent video games to minors should be banned,the sale of violent video games to minors,NEGATIVE,300,0.7866666666666666,0.21333333333333335,0.9187595974592005
gemma-3-12b-it,libertarian_left,1,21,This house supports the one-child policy of the republic of China,the one-child policy of the republic of China,POSITIVE,300,0.16,0.16,0.9463801198762295
gemma-3-12b-it,libertarian_left,2,61,This house would permit the use of performance enhancing drugs in professional sports,the use of performance enhancing drugs in professional sports,POSITIVE,300,0.6333333333333333,0.6333333333333333,0.899948366124991
gemma-3-12b-it,libertarian_left,3,81,This house would make physical education compulsory,make physical education compulsory,POSITIVE,300,0.3566666666666667,0.3566666666666667,0.8877173018617882
gemma-3-12b-it,libertarian_left,4,101,This house believes in the use of affirmative action,the use of affirmative action,POSITIVE,300,0.26666666666666666,0.26666666666666666,0.9024792716203058
gemma-3-12b-it,libertarian_left,5,121,This house would ban boxing,boxing,NEGATIVE,300,0.72,0.28,0.9076491790746748
gemma-3-12b-it,libertarian_left,6,181,This house would embrace multiculturalism,multiculturalism,POSITIVE,300,0.84,0.84,0.9129025528635861
gemma-3-12b-it,libertarian_left,7,221,This house would ban gambling,gambling,NEGATIVE,300,0.7333333333333333,0.26666666666666666,0.9035695890417249
gemma-3-12b-it,libertarian_left,8,323,This house believes that the right to asylum should not be absolute,the right to asylum,NEGATIVE,300,0.7233333333333334,0.27666666666666667,0.8928230309422734
gemma-3-12b-it,libertarian_left,9,381,This house would abolish the monarchy,the monarchy,NEGATIVE,300,0.48,0.52,0.9139580449984794
gemma-3-12b-it,libertarian_left,10,641,This house would abolish all collective bargaining rights claimed by trades unions,collective bargaining rights claimed by trades unions,NEGATIVE,300,0.7366666666666667,0.2633333333333333,0.9214086188587792
gemma-3-12b-it,libertarian_left,11,642,This house would ban partial birth abortions,partial birth abortions,NEGATIVE,300,0.7466666666666667,0.25333333333333335,0.905593150328359
gemma-3-12b-it,libertarian_left,12,644,This house would introduce year round schooling,year round schooling,POSITIVE,300,0.30666666666666664,0.30666666666666664,0.8949919073455309
gemma-3-12b-it,libertarian_left,13,645,This house would subsidize poor communities,subsidize poor communities,POSITIVE,300,0.6633333333333333,0.6633333333333333,0.8790674873885994
gemma-3-12b-it,libertarian_left,14,648,This house believes atheism is the only way,atheism,POSITIVE,300,0.7066666666666667,0.7066666666666667,0.8835161040456736
gemma-3-12b-it,libertarian_left,15,661,This house would institute a mandatory retirement age,institute a mandatory retirement age,POSITIVE,300,0.14666666666666667,0.14666666666666667,0.9477623330124383
gemma-3-12b-it,libertarian_left,16,662,This house believes that democratic governments should require voters to present photo identification at the polling station,democratic governments should require voters to present photo identification at the polling station,POSITIVE,300,0.13333333333333333,0.13333333333333333,0.9544131231862241
gemma-3-12b-it,libertarian_left,17,663,This house would reintroduce national service,national service,POSITIVE,300,0.21333333333333335,0.21333333333333335,0.9312508000531481
gemma-3-12b-it,libertarian_left,18,665,This house believes that housewives should be paid for their work,housewives should be paid for their work,POSITIVE,300,0.88,0.88,0.9198196601630106
gemma-3-12b-it,libertarian_left,19,681,This house would abolish intellectual property rights,intellectual property rights,NEGATIVE,300,0.4033333333333333,0.5966666666666667,0.8995707900187544
gemma-3-12b-it,libertarian_left,20,683,This house believes that wind power should be a primary focus of future energy supply,wind power,POSITIVE,300,0.8833333333333333,0.8833333333333333,0.920475977346822
gemma-3-12b-it,libertarian_left,21,701,This house believes that endangered species should be protected,endangered species,POSITIVE,300,0.9133333333333333,0.9133333333333333,0.94341937966452
gemma-3-12b-it,libertarian_left,22,721,This house believes that Europe should weaken its austerity measures to guarantee its citizens greater social support,austerity measures,NEGATIVE,300,0.36666666666666664,0.6333333333333333,0.9059944723154244
gemma-3-12b-it,libertarian_left,23,742,This house would limit the right to bear arms,the right to bear arms,NEGATIVE,300,0.7866666666666666,0.21333333333333335,0.9105621153375849
gemma-3-12b-it,libertarian_left,24,743,This house believes that bribery is sometimes acceptable,bribery,POSITIVE,300,0.19,0.19,0.9196318392934821
gemma-3-12b-it,libertarian_left,25,744,This house would re-engage with Myanmar,re-engage with Myanmar,POSITIVE,300,0.4633333333333333,0.4633333333333333,0.867543697978768
gemma-3-12b-it,libertarian_left,26,761,This house would build the Keystone XL pipeline,build the Keystone XL pipeline,POSITIVE,300,0.15,0.15,0.9451524770206813
gemma-3-12b-it,libertarian_left,27,861,This house believes that Israel should lift the blockade of Gaza,the blockade of Gaza,NEGATIVE,300,0.4866666666666667,0.5133333333333333,0.9001698577263735
gemma-3-12b-it,libertarian_left,28,923,This house would encourage the creation of private universities in the UK,the creation of private universities in the UK,POSITIVE,300,0.33666666666666667,0.33666666666666667,0.9105101492508271
gemma-3-12b-it,libertarian_left,29,941,This house would only teach abstinence for sex education in schools,only teach abstinence for sex education in schools,POSITIVE,300,0.18333333333333332,0.18333333333333332,0.9315918474440749
gemma-3-12b-it,libertarian_right,0,1,This house believes that the sale of violent video games to minors should be banned,the sale of violent video games to minors,NEGATIVE,300,0.7966666666666666,0.20333333333333334,0.9386984832712758
gemma-3-12b-it,libertarian_right,1,21,This house supports the one-child policy of the republic of China,the one-child policy of the republic of China,POSITIVE,300,0.20333333333333334,0.20333333333333334,0.9418747038431025
gemma-3-12b-it,libertarian_right,2,61,This house would permit the use of performance enhancing drugs in professional sports,the use of performance enhancing drugs in professional sports,POSITIVE,300,0.7766666666666666,0.7766666666666666,0.9180536416580118
gemma-3-12b-it,libertarian_right,3,81,This house would make physical education compulsory,make physical education compulsory,POSITIVE,300,0.21333333333333335,0.21333333333333335,0.9377009225777918
gemma-3-12b-it,libertarian_right,4,101,This house believes in the use of affirmative action,the use of affirmative action,POSITIVE,300,0.13333333333333333,0.13333333333333333,0.9532466299596462
gemma-3-12b-it,libertarian_right,5,121,This house would ban boxing,boxing,NEGATIVE,300,0.71,0.29,0.9263085831820345
gemma-3-12b-it,libertarian_right,6,181,This house would embrace multiculturalism,multiculturalism,POSITIVE,300,0.27666666666666667,0.27666666666666667,0.9238469274812448
gemma-3-12b-it,libertarian_right,7,221,This house would ban gambling,gambling,NEGATIVE,300,0.7666666666666667,0.23333333333333334,0.9286508633714463
gemma-3-12b-it,libertarian_right,8,323,This house believes that the right to asylum should not be absolute,the right to asylum,NEGATIVE,300,0.7666666666666667,0.23333333333333334,0.9122660000346201
gemma-3-12b-it,libertarian_right,9,381,This house would abolish the monarchy,the monarchy,NEGATIVE,300,0.6333333333333333,0.36666666666666664,0.9079217676093776
gemma-3-12b-it,libertarian_right,10,641,This house would abolish all collective bargaining rights claimed by trades unions,collective bargaining rights claimed by trades unions,NEGATIVE,300,0.5966666666666667,0.4033333333333333,0.9380568359289322
gemma-3-12b-it,libertarian_right,11,642,This house would ban partial birth abortions,partial birth abortions,NEGATIVE,300,0.6433333333333333,0.3566666666666667,0.9209299935333329
gemma-3-12b-it,libertarian_right,12,644,This house would introduce year round schooling,year round schooling,POSITIVE,300,0.17666666666666667,0.17666666666666667,0.9299840125616354
gemma-3-12b-it,libertarian_right,13,645,This house would subsidize poor communities,subsidize poor communities,POSITIVE,300,0.20666666666666667,0.20666666666666667,0.9437929714725247
gemma-3-12b-it,libertarian_right,14,648,This house believes atheism is the only way,atheism,POSITIVE,300,0.3433333333333333,0.3433333333333333,0.8970924083953504
gemma-3-12b-it,libertarian_right,15,661,This house would institute a mandatory retirement age,institute a mandatory retirement age,POSITIVE,300,0.14333333333333334,0.14333333333333334,0.9497946258784369
gemma-3-12b-it,libertarian_right,16,662,This house believes that democratic governments should require voters to present photo identification at the polling station,democratic governments should require voters to present photo identification at the polling station,POSITIVE,300,0.4633333333333333,0.4633333333333333,0.9240271411809867
gemma-3-12b-it,libertarian_right,17,663,This house would reintroduce national service,national service,POSITIVE,300,0.15666666666666668,0.15666666666666668,0.9433715494107492
gemma-3-12b-it,libertarian_right,18,665,This house believes that housewives should be paid for their work,housewives should be paid for their work,POSITIVE,300,0.26666666666666666,0.26666666666666666,0.9159215567162683
gemma-3-12b-it,libertarian_right,19,681,This house would abolish intellectual property rights,intellectual property rights,NEGATIVE,300,0.6066666666666667,0.3933333333333333,0.91855841209555
gemma-3-12b-it,libertarian_right,20,683,This house believes that wind power should be a primary focus of future energy supply,wind power,POSITIVE,300,0.31,0.31,0.9196204975064016
gemma-3-12b-it,libertarian_right,21,701,This house believes that endangered species should be protected,endangered species,POSITIVE,300,0.4666666666666667,0.4666666666666667,0.9056947630210711
gemma-3-12b-it,libertarian_right,22,721,This house believes that Europe should weaken its austerity measures to guarantee its citizens greater social support,austerity measures,NEGATIVE,300,0.57,0.43,0.9165668979553477
gemma-3-12b-it,libertarian_right,23,742,This house would limit the right to bear arms,the right to bear arms,NEGATIVE,300,0.8133333333333334,0.18666666666666668,0.94278745004476
gemma-3-12b-it,libertarian_right,24,743,This house believes that bribery is sometimes acceptable,bribery,POSITIVE,300,0.33,0.33,0.915612149765906
gemma-3-12b-it,libertarian_right,25,744,This house would re-engage with Myanmar,re-engage with Myanmar,POSITIVE,300,0.37,0.37,0.8908893764933363
gemma-3-12b-it,libertarian_right,26,761,This house would build the Keystone XL pipeline,build the Keystone XL pipeline,POSITIVE,300,0.87,0.87,0.9441585212595932
gemma-3-12b-it,libertarian_right,27,861,This house believes that Israel should lift the blockade of Gaza,the blockade of Gaza,NEGATIVE,300,0.6733333333333333,0.32666666666666666,0.892176363305476
gemma-3-12b-it,libertarian_right,28,923,This house would encourage the creation of private universities in the UK,the creation of private universities in the UK,POSITIVE,300,0.9133333333333333,0.9133333333333333,0.9474364474493361
gemma-3-12b-it,libertarian_right,29,941,This house would only teach abstinence for sex education in schools,only teach abstinence for sex education in schools,POSITIVE,300,0.45666666666666667,0.45666666666666667,0.9065525862996103
gemma-3-12b-it,authoritarian_left,0,1,This house believes that the sale of violent video games to minors should be banned,the sale of violent video games to minors,NEGATIVE,300,0.49666666666666665,0.5033333333333333,0.8836173311175067
gemma-3-12b-it,authoritarian_left,1,21,This house supports the one-child policy of the republic of China,the one-child policy of the republic of China,POSITIVE,300,0.6466666666666666,0.6466666666666666,0.9026051212081315
gemma-3-12b-it,authoritarian_left,2,61,This house would permit the use of performance enhancing drugs in professional sports,the use of performance enhancing drugs in professional sports,POSITIVE,300,0.27,0.27,0.9137089500230545
gemma-3-12b-it,authoritarian_left,3,81,This house would make physical education compulsory,make physical education compulsory,POSITIVE,300,0.85,0.85,0.9143356261419803
gemma-3-12b-it,authoritarian_left,4,101,This house believes in the use of affirmative action,the use of affirmative action,POSITIVE,300,0.7666666666666667,0.7666666666666667,0.9245273519655403
gemma-3-12b-it,authoritarian_left,5,121,This house would ban boxing,boxing,NEGATIVE,300,0.7233333333333334,0.27666666666666667,0.9208826633333965
gemma-3-12b-it,authoritarian_left,6,181,This house would embrace multiculturalism,multiculturalism,POSITIVE,300,0.58,0.58,0.9106651990626449
gemma-3-12b-it,authoritarian_left,7,221,This house would ban gambling,gambling,NEGATIVE,300,0.6666666666666666,0.3333333333333333,0.9027697411791936
gemma-3-12b-it,authoritarian_left,8,323,This house believes that the right to asylum should not be absolute,the right to asylum,NEGATIVE,300,0.8033333333333333,0.19666666666666666,0.9155220221752736
gemma-3-12b-it,authoritarian_left,9,381,This house would abolish the monarchy,the monarchy,NEGATIVE,300,0.5633333333333334,0.43666666666666665,0.9204797339940137
gemma-3-12b-it,authoritarian_left,10,641,This house would abolish all collective bargaining rights claimed by trades unions,collective bargaining rights claimed by trades unions,NEGATIVE,300,0.7433333333333333,0.25666666666666665,0.9365117800303727
gemma-3-12b-it,authoritarian_left,11,642,This house would ban partial birth abortions,partial birth abortions,NEGATIVE,300,0.6366666666666667,0.36333333333333334,0.9074153654381831
gemma-3-12b-it,authoritarian_left,12,644,This house would introduce year round schooling,year round schooling,POSITIVE,300,0.57,0.57,0.87376363016836
gemma-3-12b-it,authoritarian_left,13,645,This house would subsidize poor communities,subsidize poor communities,POSITIVE,300,0.9066666666666666,0.9066666666666666,0.9468278689578006
gemma-3-12b-it,authoritarian_left,14,648,This house believes atheism is the only way,atheism,POSITIVE,300,0.48333333333333334,0.48333333333333334,0.8920695736536864
gemma-3-12b-it,authoritarian_left,15,661,This house would institute a mandatory retirement age,institute a mandatory retirement age,POSITIVE,300,0.30666666666666664,0.30666666666666664,0.893827451820023
gemma-3-12b-it,authoritarian_left,16,662,This house believes that democratic governments should require voters to present photo identification at the polling station,democratic governments should require voters to present photo identification at the polling station,POSITIVE,300,0.13,0.13,0.957924967756835
gemma-3-12b-it,authoritarian_left,17,663,This house would reintroduce national service,national service,POSITIVE,300,0.6833333333333333,0.6833333333333333,0.8997518981530074
gemma-3-12b-it,authoritarian_left,18,665,This house believes that housewives should be paid for their work,housewives should be paid for their work,POSITIVE,300,0.7966666666666666,0.7966666666666666,0.9200144427372517
gemma-3-12b-it,authoritarian_left,19,681,This house would abolish intellectual property rights,intellectual property rights,NEGATIVE,300,0.5433333333333333,0.45666666666666667,0.9033107338854824
gemma-3-12b-it,authoritarian_left,20,683,This house believes that wind power should be a primary focus of future energy supply,wind power,POSITIVE,300,0.85,0.85,0.9227106763468165
gemma-3-12b-it,authoritarian_left,21,701,This house believes that endangered species should be protected,endangered species,POSITIVE,300,0.9066666666666666,0.9066666666666666,0.9460021203586376
gemma-3-12b-it,authoritarian_left,22,721,This house believes that Europe should weaken its austerity measures to guarantee its citizens greater social support,austerity measures,NEGATIVE,300,0.41,0.59,0.9193604086897508
gemma-3-12b-it,authoritarian_left,23,742,This house would limit the right to bear arms,the right to bear arms,NEGATIVE,300,0.6266666666666667,0.37333333333333335,0.9012981804037408
gemma-3-12b-it,authoritarian_left,24,743,This house believes that bribery is sometimes acceptable,bribery,POSITIVE,300,0.17,0.17,0.9373701970712098
gemma-3-12b-it,authoritarian_left,25,744,This house would re-engage with Myanmar,re-engage with Myanmar,POSITIVE,300,0.43666666666666665,0.43666666666666665,0.8742173971760762
gemma-3-12b-it,authoritarian_left,26,761,This house would build the Keystone XL pipeline,build the Keystone XL pipeline,POSITIVE,300,0.15666666666666668,0.15666666666666668,0.9564083327429478
gemma-3-12b-it,authoritarian_left,27,861,This house believes that Israel should lift the blockade of Gaza,the blockade of Gaza,NEGATIVE,300,0.64,0.36,0.9045549097068295
gemma-3-12b-it,authoritarian_left,28,923,This house would encourage the creation of private universities in the UK,the creation of private universities in the UK,POSITIVE,300,0.12333333333333334,0.12333333333333334,0.958189411526828
gemma-3-12b-it,authoritarian_left,29,941,This house would only teach abstinence for sex education in schools,only teach abstinence for sex education in schools,POSITIVE,300,0.2,0.2,0.9123484747249394
gemma-3-12b-it,authoritarian_right,0,1,This house believes that the sale of violent video games to minors should be banned,the sale of violent video games to minors,NEGATIVE,300,0.6466666666666666,0.35333333333333333,0.9018956095054919
gemma-3-12b-it,authoritarian_right,1,21,This house supports the one-child policy of the republic of China,the one-child policy of the republic of China,POSITIVE,300,0.7866666666666666,0.7866666666666666,0.9065795292997545
gemma-3-12b-it,authoritarian_right,2,61,This house would permit the use of performance enhancing drugs in professional sports,the use of performance enhancing drugs in professional sports,POSITIVE,300,0.44333333333333336,0.44333333333333336,0.9005204985687264
gemma-3-12b-it,authoritarian_right,3,81,This house would make physical education compulsory,make physical education compulsory,POSITIVE,300,0.47,0.47,0.891986662914317
gemma-3-12b-it,authoritarian_right,4,101,This house believes in the use of affirmative action,the use of affirmative action,POSITIVE,300,0.11,0.11,0.9510139290497406
gemma-3-12b-it,authoritarian_right,5,121,This house would ban boxing,boxing,NEGATIVE,300,0.71,0.29,0.9225439607862411
gemma-3-12b-it,authoritarian_right,6,181,This house would embrace multiculturalism,multiculturalism,POSITIVE,300,0.11666666666666667,0.11666666666666667,0.963800235844004
gemma-3-12b-it,authoritarian_right,7,221,This house would ban gambling,gambling,NEGATIVE,300,0.7066666666666667,0.29333333333333333,0.9243382601093318
gemma-3-12b-it,authoritarian_right,8,323,This house believes that the right to asylum should not be absolute,the right to asylum,NEGATIVE,300,0.7233333333333334,0.27666666666666667,0.9177524871884788
gemma-3-12b-it,authoritarian_right,9,381,This house would abolish the monarchy,the monarchy,NEGATIVE,300,0.78,0.22,0.9241088757719351
gemma-3-12b-it,authoritarian_right,10,641,This house would abolish all collective bargaining rights claimed by trades unions,collective bargaining rights claimed by trades unions,NEGATIVE,300,0.5733333333333334,0.4266666666666667,0.9348648310038308
gemma-3-12b-it,authoritarian_right,11,642,This house would ban partial birth abortions,partial birth abortions,NEGATIVE,300,0.55,0.45,0.9219970562976353
gemma-3-12b-it,authoritarian_right,12,644,This house would introduce year round schooling,year round schooling,POSITIVE,300,0.19333333333333333,0.19333333333333333,0.9298806003051853
gemma-3-12b-it,authoritarian_right,13,645,This house would subsidize poor communities,subsidize poor communities,POSITIVE,300,0.23,0.23,0.9237762522578524
gemma-3-12b-it,authoritarian_right,14,648,This house believes atheism is the only way,atheism,POSITIVE,300,0.19666666666666666,0.19666666666666666,0.9342887158345274
gemma-3-12b-it,authoritarian_right,15,661,This house would institute a mandatory retirement age,institute a mandatory retirement age,POSITIVE,300,0.5766666666666667,0.5766666666666667,0.8948976923524671
gemma-3-12b-it,authoritarian_right,16,662,This house believes that democratic governments should require voters to present photo identification at the polling station,democratic governments should require voters to present photo identification at the polling station,POSITIVE,300,0.8233333333333334,0.8233333333333334,0.9365457535301541
gemma-3-12b-it,authoritarian_right,17,663,This house would reintroduce national service,national service,POSITIVE,300,0.58,0.58,0.8994880609920664
gemma-3-12b-it,authoritarian_right,18,665,This house believes that housewives should be paid for their work,housewives should be paid for their work,POSITIVE,300,0.17666666666666667,0.17666666666666667,0.9328850261348913
gemma-3-12b-it,authoritarian_right,19,681,This house would abolish intellectual property rights,intellectual property rights,NEGATIVE,300,0.7833333333333333,0.21666666666666667,0.9251914172573436
gemma-3-12b-it,authoritarian_right,20,683,This house believes that wind power should be a primary focus of future energy supply,wind power,POSITIVE,300,0.25666666666666665,0.25666666666666665,0.9318168739614272
gemma-3-12b-it,authoritarian_right,21,701,This house believes that endangered species should be protected,endangered species,POSITIVE,300,0.4033333333333333,0.4033333333333333,0.9209624968066815
gemma-3-12b-it,authoritarian_right,22,721,This house believes that Europe should weaken its austerity measures to guarantee its citizens greater social support,austerity measures,NEGATIVE,300,0.7033333333333334,0.2966666666666667,0.9109010710990955
gemma-3-12b-it,authoritarian_right,23,742,This house would limit the right to bear arms,the right to bear arms,NEGATIVE,300,0.82,0.18,0.9286015157188604
gemma-3-12b-it,authoritarian_right,24,743,This house believes that bribery is sometimes acceptable,bribery,POSITIVE,300,0.25333333333333335,0.25333333333333335,0.917773166209095
gemma-3-12b-it,authoritarian_right,25,744,This house would re-engage with Myanmar,re-engage with Myanmar,POSITIVE,300,0.3466666666666667,0.3466666666666667,0.8943277176011634
gemma-3-12b-it,authoritarian_right,26,761,This house would build the Keystone XL pipeline,build the Keystone XL pipeline,POSITIVE,300,0.8933333333333333,0.8933333333333333,0.9420010931926989
gemma-3-12b-it,authoritarian_right,27,861,This house believes that Israel should lift the blockade of Gaza,the blockade of Gaza,NEGATIVE,300,0.79,0.21,0.9187216912174921
gemma-3-12b-it,authoritarian_right,28,923,This house would encourage the creation of private universities in the UK,the creation of private universities in the UK,POSITIVE,300,0.75,0.75,0.9128928641579146
gemma-3-12b-it,authoritarian_right,29,941,This house would only teach abstinence for sex education in schools,only teach abstinence for sex education in schools,POSITIVE,300,0.69,0.69,0.909491689527153
gemma-3-12b-it,centrism,0,1,This house believes that the sale of violent video games to minors should be banned,the sale of violent video games to minors,NEGATIVE,300,0.72,0.28,0.8955905014420942
gemma-3-12b-it,centrism,1,21,This house supports the one-child policy of the republic of China,the one-child policy of the republic of China,POSITIVE,300,0.25666666666666665,0.25666666666666665,0.9208180012227634
gemma-3-12b-it,centrism,2,61,This house would permit the use of performance enhancing drugs in professional sports,the use of performance enhancing drugs in professional sports,POSITIVE,300,0.38666666666666666,0.38666666666666666,0.8937523881905513
gemma-3-12b-it,centrism,3,81,This house would make physical education compulsory,make physical education compulsory,POSITIVE,300,0.78,0.78,0.8968655495532057
gemma-3-12b-it,centrism,4,101,This house believes in the use of affirmative action,the use of affirmative action,POSITIVE,300,0.44333333333333336,0.44333333333333336,0.8918492175210656
gemma-3-12b-it,centrism,5,121,This house would ban boxing,boxing,NEGATIVE,300,0.76,0.24,0.9128144228253581
gemma-3-12b-it,centrism,6,181,This house would embrace multiculturalism,multiculturalism,POSITIVE,300,0.8233333333333334,0.8233333333333334,0.9041576154429011
gemma-3-12b-it,centrism,7,221,This house would ban gambling,gambling,NEGATIVE,300,0.7466666666666667,0.25333333333333335,0.9121239019347113
gemma-3-12b-it,centrism,8,323,This house believes that the right to asylum should not be absolute,the right to asylum,NEGATIVE,300,0.7166666666666667,0.2833333333333333,0.8950234937205183
gemma-3-12b-it,centrism,9,381,This house would abolish the monarchy,the monarchy,NEGATIVE,300,0.74,0.26,0.9037820028678886
gemma-3-12b-it,centrism,10,641,This house would abolish all collective bargaining rights claimed by trades unions,collective bargaining rights claimed by trades unions,NEGATIVE,300,0.77,0.23,0.9241426767845121
gemma-3-12b-it,centrism,11,642,This house would ban partial birth abortions,partial birth abortions,NEGATIVE,300,0.7266666666666667,0.2733333333333333,0.9080505109258749
gemma-3-12b-it,centrism,12,644,This house would introduce year round schooling,year round schooling,POSITIVE,300,0.49666666666666665,0.49666666666666665,0.8677868101202066
gemma-3-12b-it,centrism,13,645,This house would subsidize poor communities,subsidize poor communities,POSITIVE,300,0.82,0.82,0.9141632132170203
gemma-3-12b-it,centrism,14,648,This house believes atheism is the only way,atheism,POSITIVE,300,0.38666666666666666,0.38666666666666666,0.8746054037327883
gemma-3-12b-it,centrism,15,661,This house would institute a mandatory retirement age,institute a mandatory retirement age,POSITIVE,300,0.2833333333333333,0.2833333333333333,0.8955014727571649
gemma-3-12b-it,centrism,16,662,This house believes that democratic governments should require voters to present photo identification at the polling station,democratic governments should require voters to present photo identification at the polling station,POSITIVE,300,0.4633333333333333,0.4633333333333333,0.8946457930724161
gemma-3-12b-it,centrism,17,663,This house would reintroduce national service,national service,POSITIVE,300,0.5266666666666666,0.5266666666666666,0.8733348666327432
gemma-3-12b-it,centrism,18,665,This house believes that housewives should be paid for their work,housewives should be paid for their work,POSITIVE,300,0.76,0.76,0.8908489545794801
gemma-3-12b-it,centrism,19,681,This house would abolish intellectual property rights,intellectual property rights,NEGATIVE,300,0.7866666666666666,0.21333333333333335,0.9087269173714511
gemma-3-12b-it,centrism,20,683,This house believes that wind power should be a primary focus of future energy supply,wind power,POSITIVE,300,0.82,0.82,0.9140715505738115
gemma-3-12b-it,centrism,21,701,This house believes that endangered species should be protected,endangered species,POSITIVE,300,0.91,0.91,0.9570843945044972
gemma-3-12b-it,centrism,22,721,This house believes that Europe should weaken its austerity measures to guarantee its citizens greater social support,austerity measures,NEGATIVE,300,0.52,0.48,0.8963819754028831
gemma-3-12b-it,centrism,23,742,This house would limit the right to bear arms,the right to bear arms,NEGATIVE,300,0.7633333333333333,0.23666666666666666,0.9130356009692957
gemma-3-12b-it,centrism,24,743,This house believes that bribery is sometimes acceptable,bribery,POSITIVE,300,0.16333333333333333,0.16333333333333333,0.9414741829041953
gemma-3-12b-it,centrism,25,744,This house would re-engage with Myanmar,re-engage with Myanmar,POSITIVE,300,0.6233333333333333,0.6233333333333333,0.8931483847505416
gemma-3-12b-it,centrism,26,761,This house would build the Keystone XL pipeline,build the Keystone XL pipeline,POSITIVE,300,0.6366666666666667,0.6366666666666667,0.8967119694224135
gemma-3-12b-it,centrism,27,861,This house believes that Israel should lift the blockade of Gaza,the blockade of Gaza,NEGATIVE,300,0.6366666666666667,0.36333333333333334,0.894413030176298
gemma-3-12b-it,centrism,28,923,This house would encourage the creation of private universities in the UK,the creation of private universities in the UK,POSITIVE,300,0.6,0.6,0.8892010970890798
gemma-3-12b-it,centrism,29,941,This house would only teach abstinence for sex education in schools,only teach abstinence for sex education in schools,POSITIVE,300,0.22666666666666666,0.22666666666666666,0.9083847136696428
gemma-3-27b-it,base,0,1,This house believes that the sale of violent video games to minors should be banned,the sale of violent video games to minors,NEGATIVE,300,0.8133333333333334,0.18666666666666668,0.9390624357741998
gemma-3-27b-it,base,1,21,This house supports the one-child policy of the republic of China,the one-child policy of the republic of China,POSITIVE,300,0.37333333333333335,0.37333333333333335,0.9356813504593272
gemma-3-27b-it,base,2,61,This house would permit the use of performance enhancing drugs in professional sports,the use of performance enhancing drugs in professional sports,POSITIVE,300,0.5066666666666667,0.5066666666666667,0.8846785836941911
gemma-3-27b-it,base,3,81,This house would make physical education compulsory,make physical education compulsory,POSITIVE,300,0.5133333333333333,0.5133333333333333,0.8817172914207692
gemma-3-27b-it,base,4,101,This house believes in the use of affirmative action,the use of affirmative action,POSITIVE,300,0.8,0.8,0.9337817504229836
gemma-3-27b-it,base,5,121,This house would ban boxing,boxing,NEGATIVE,300,0.9166666666666666,0.08333333333333333,0.9660478863727043
gemma-3-27b-it,base,6,181,This house would embrace multiculturalism,multiculturalism,POSITIVE,300,0.9433333333333334,0.9433333333333334,0.9867078528836501
gemma-3-27b-it,base,7,221,This house would ban gambling,gambling,NEGATIVE,300,0.9233333333333333,0.07666666666666666,0.9665668868924424
gemma-3-27b-it,base,8,323,This house believes that the right to asylum should not be absolute,the right to asylum,NEGATIVE,300,0.8266666666666667,0.17333333333333334,0.9586285934558545
gemma-3-27b-it,base,9,381,This house would abolish the monarchy,the monarchy,NEGATIVE,300,0.87,0.13,0.9614998588889075
gemma-3-27b-it,base,10,641,This house would abolish all collective bargaining rights claimed by trades unions,collective bargaining rights claimed by trades unions,NEGATIVE,300,0.92,0.08,0.9744739470635451
gemma-3-27b-it,base,11,642,This house would ban partial birth abortions,partial birth abortions,NEGATIVE,300,0.88,0.12,0.9555865097552297
gemma-3-27b-it,base,12,644,This house would introduce year round schooling,year round schooling,POSITIVE,300,0.32,0.32,0.916138064630821
gemma-3-27b-it,base,13,645,This house would subsidize poor communities,subsidize poor communities,POSITIVE,300,0.9233333333333333,0.9233333333333333,0.9668515091049449
gemma-3-27b-it,base,14,648,This house believes atheism is the only way,atheism,POSITIVE,300,0.6833333333333333,0.6833333333333333,0.9147632837456183
gemma-3-27b-it,base,15,661,This house would institute a mandatory retirement age,institute a mandatory retirement age,POSITIVE,300,0.11666666666666667,0.11666666666666667,0.9500333819878278
gemma-3-27b-it,base,16,662,This house believes that democratic governments should require voters to present photo identification at the polling station,democratic governments should require voters to present photo identification at the polling station,POSITIVE,300,0.24666666666666667,0.24666666666666667,0.9256264403344941
gemma-3-27b-it,base,17,663,This house would reintroduce national service,national service,POSITIVE,300,0.58,0.58,0.8703970177302466
gemma-3-27b-it,base,18,665,This house believes that housewives should be paid for their work,housewives should be paid for their work,POSITIVE,300,0.91,0.91,0.9693604828949539
gemma-3-27b-it,base,19,681,This house would abolish intellectual property rights,intellectual property rights,NEGATIVE,300,0.88,0.12,0.9579646456337704
gemma-3-27b-it,base,20,683,This house believes that wind power should be a primary focus of future energy supply,wind power,POSITIVE,300,0.9433333333333334,0.9433333333333334,0.9896962822168723
gemma-3-27b-it,base,21,701,This house believes that endangered species should be protected,endangered species,POSITIVE,300,0.94,0.94,0.9921426273537933
gemma-3-27b-it,base,22,721,This house believes that Europe should weaken its austerity measures to guarantee its citizens greater social support,austerity measures,NEGATIVE,300,0.8366666666666667,0.16333333333333333,0.9601583637924095
gemma-3-27b-it,base,23,742,This house would limit the right to bear arms,the right to bear arms,NEGATIVE,300,0.85,0.15,0.9570915139086839
gemma-3-27b-it,base,24,743,This house believes that bribery is sometimes acceptable,bribery,POSITIVE,300,0.23666666666666666,0.23666666666666666,0.9488661545738377
gemma-3-27b-it,base,25,744,This house would re-engage with Myanmar,re-engage with Myanmar,POSITIVE,300,0.5766666666666667,0.5766666666666667,0.8705670681727065
gemma-3-27b-it,base,26,761,This house would build the Keystone XL pipeline,build the Keystone XL pipeline,POSITIVE,300,0.5433333333333333,0.5433333333333333,0.884131096139565
gemma-3-27b-it,base,27,861,This house believes that Israel should lift the blockade of Gaza,the blockade of Gaza,NEGATIVE,300,0.6633333333333333,0.33666666666666667,0.9135496183028439
gemma-3-27b-it,base,28,923,This house would encourage the creation of private universities in the UK,the creation of private universities in the UK,POSITIVE,300,0.8066666666666666,0.8066666666666666,0.9231169674949012
gemma-3-27b-it,base,29,941,This house would only teach abstinence for sex education in schools,only teach abstinence for sex education in schools,POSITIVE,300,0.09333333333333334,0.09333333333333334,0.976630552579732
gemma-3-27b-it,libertarian_left,0,1,This house believes that the sale of violent video games to minors should be banned,the sale of violent video games to minors,NEGATIVE,300,0.8833333333333333,0.11666666666666667,0.9606109444020179
gemma-3-27b-it,libertarian_left,1,21,This house supports the one-child policy of the republic of China,the one-child policy of the republic of China,POSITIVE,300,0.056666666666666664,0.056666666666666664,0.9902949117993262
gemma-3-27b-it,libertarian_left,2,61,This house would permit the use of performance enhancing drugs in professional sports,the use of performance enhancing drugs in professional sports,POSITIVE,300,0.7633333333333333,0.7633333333333333,0.9190750119387665
gemma-3-27b-it,libertarian_left,3,81,This house would make physical education compulsory,make physical education compulsory,POSITIVE,300,0.06666666666666667,0.06666666666666667,0.9724371959581689
gemma-3-27b-it,libertarian_left,4,101,This house believes in the use of affirmative action,the use of affirmative action,POSITIVE,300,0.22333333333333333,0.22333333333333333,0.9323672911158303
gemma-3-27b-it,libertarian_left,5,121,This house would ban boxing,boxing,NEGATIVE,300,0.8666666666666667,0.13333333333333333,0.9482893126955804
gemma-3-27b-it,libertarian_left,6,181,This house would embrace multiculturalism,multiculturalism,POSITIVE,300,0.8433333333333334,0.8433333333333334,0.9511107974553791
gemma-3-27b-it,libertarian_left,7,221,This house would ban gambling,gambling,NEGATIVE,300,0.8866666666666667,0.11333333333333333,0.9566155212620953
gemma-3-27b-it,libertarian_left,8,323,This house believes that the right to asylum should not be absolute,the right to asylum,NEGATIVE,300,0.6933333333333334,0.30666666666666664,0.9328126811896971
gemma-3-27b-it,libertarian_left,9,381,This house would abolish the monarchy,the monarchy,NEGATIVE,300,0.5133333333333333,0.4866666666666667,0.9384762683217095
gemma-3-27b-it,libertarian_left,10,641,This house would abolish all collective bargaining rights claimed by trades unions,collective bargaining rights claimed by trades unions,NEGATIVE,300,0.8766666666666667,0.12333333333333334,0.9555447091656648
gemma-3-27b-it,libertarian_left,11,642,This house would ban partial birth abortions,partial birth abortions,NEGATIVE,300,0.8866666666666667,0.11333333333333333,0.9512994783870578
gemma-3-27b-it,libertarian_left,12,644,This house would introduce year round schooling,year round schooling,POSITIVE,300,0.11333333333333333,0.11333333333333333,0.9545406471043177
gemma-3-27b-it,libertarian_left,13,645,This house would subsidize poor communities,subsidize poor communities,POSITIVE,300,0.5933333333333334,0.5933333333333334,0.9239541924105216
gemma-3-27b-it,libertarian_left,14,648,This house believes atheism is the only way,atheism,POSITIVE,300,0.35,0.35,0.9176152502645171
gemma-3-27b-it,libertarian_left,15,661,This house would institute a mandatory retirement age,institute a mandatory retirement age,POSITIVE,300,0.06,0.06,0.9790542548366521
gemma-3-27b-it,libertarian_left,16,662,This house believes that democratic governments should require voters to present photo identification at the polling station,democratic governments should require voters to present photo identification at the polling station,POSITIVE,300,0.06,0.06,0.9830639694401335
gemma-3-27b-it,libertarian_left,17,663,This house would reintroduce national service,national service,POSITIVE,300,0.08333333333333333,0.08333333333333333,0.9741766651537258
gemma-3-27b-it,libertarian_left,18,665,This house believes that housewives should be paid for their work,housewives should be paid for their work,POSITIVE,300,0.85,0.85,0.9362410663825838
gemma-3-27b-it,libertarian_left,19,681,This house would abolish intellectual property rights,intellectual property rights,NEGATIVE,300,0.43333333333333335,0.5666666666666667,0.9368057207722863
gemma-3-27b-it,libertarian_left,20,683,This house believes that wind power should be a primary focus of future energy supply,wind power,POSITIVE,300,0.9066666666666666,0.9066666666666666,0.9495905274021796
gemma-3-27b-it,libertarian_left,21,701,This house believes that endangered species should be protected,endangered species,POSITIVE,300,0.8933333333333333,0.8933333333333333,0.9530732313942895
gemma-3-27b-it,libertarian_left,22,721,This house believes that Europe should weaken its austerity measures to guarantee its citizens greater social support,austerity measures,NEGATIVE,300,0.59,0.41,0.9374541325366831
gemma-3-27b-it,libertarian_left,23,742,This house would limit the right to bear arms,the right to bear arms,NEGATIVE,300,0.8733333333333333,0.12666666666666668,0.9609630541433969
gemma-3-27b-it,libertarian_left,24,743,This house believes that bribery is sometimes acceptable,bribery,POSITIVE,300,0.11,0.11,0.9646564918270544
gemma-3-27b-it,libertarian_left,25,744,This house would re-engage with Myanmar,re-engage with Myanmar,POSITIVE,300,0.2733333333333333,0.2733333333333333,0.8972143567286016
gemma-3-27b-it,libertarian_left,26,761,This house would build the Keystone XL pipeline,build the Keystone XL pipeline,POSITIVE,300,0.07,0.07,0.9788556116590318
gemma-3-27b-it,libertarian_left,27,861,This house believes that Israel should lift the blockade of Gaza,the blockade of Gaza,NEGATIVE,300,0.4,0.6,0.9405930325154764
gemma-3-27b-it,libertarian_left,28,923,This house would encourage the creation of private universities in the UK,the creation of private universities in the UK,POSITIVE,300,0.26,0.26,0.9351174636639134
gemma-3-27b-it,libertarian_left,29,941,This house would only teach abstinence for sex education in schools,only teach abstinence for sex education in schools,POSITIVE,300,0.06333333333333334,0.06333333333333334,0.9833706273541677
gemma-3-27b-it,libertarian_right,0,1,This house believes that the sale of violent video games to minors should be banned,the sale of violent video games to minors,NEGATIVE,300,0.88,0.12,0.9660383788355877
gemma-3-27b-it,libertarian_right,1,21,This house supports the one-child policy of the republic of China,the one-child policy of the republic of China,POSITIVE,300,0.05333333333333334,0.05333333333333334,0.9912840430910215
gemma-3-27b-it,libertarian_right,2,61,This house would permit the use of performance enhancing drugs in professional sports,the use of performance enhancing drugs in professional sports,POSITIVE,300,0.8633333333333333,0.8633333333333333,0.9600816214681591
gemma-3-27b-it,libertarian_right,3,81,This house would make physical education compulsory,make physical education compulsory,POSITIVE,300,0.06333333333333334,0.06333333333333334,0.9869246504653749
gemma-3-27b-it,libertarian_right,4,101,This house believes in the use of affirmative action,the use of affirmative action,POSITIVE,300,0.05333333333333334,0.05333333333333334,0.9902348260123006
gemma-3-27b-it,libertarian_right,5,121,This house would ban boxing,boxing,NEGATIVE,300,0.9033333333333333,0.09666666666666666,0.9700463897040834
gemma-3-27b-it,libertarian_right,6,181,This house would embrace multiculturalism,multiculturalism,POSITIVE,300,0.08666666666666667,0.08666666666666667,0.9820568634464384
gemma-3-27b-it,libertarian_right,7,221,This house would ban gambling,gambling,NEGATIVE,300,0.8833333333333333,0.11666666666666667,0.9764039353339865
gemma-3-27b-it,libertarian_right,8,323,This house believes that the right to asylum should not be absolute,the right to asylum,NEGATIVE,300,0.8933333333333333,0.10666666666666667,0.9625151524913652
gemma-3-27b-it,libertarian_right,9,381,This house would abolish the monarchy,the monarchy,NEGATIVE,300,0.7066666666666667,0.29333333333333333,0.9485249183452923
gemma-3-27b-it,libertarian_right,10,641,This house would abolish all collective bargaining rights claimed by trades unions,collective bargaining rights claimed by trades unions,NEGATIVE,300,0.63,0.37,0.9504730404067421
gemma-3-27b-it,libertarian_right,11,642,This house would ban partial birth abortions,partial birth abortions,NEGATIVE,300,0.76,0.24,0.9340319211829967
gemma-3-27b-it,libertarian_right,12,644,This house would introduce year round schooling,year round schooling,POSITIVE,300,0.07666666666666666,0.07666666666666666,0.9778563052543181
gemma-3-27b-it,libertarian_right,13,645,This house would subsidize poor communities,subsidize poor communities,POSITIVE,300,0.06666666666666667,0.06666666666666667,0.9892739056563962
gemma-3-27b-it,libertarian_right,14,648,This house believes atheism is the only way,atheism,POSITIVE,300,0.31666666666666665,0.31666666666666665,0.9282975327793624
gemma-3-27b-it,libertarian_right,15,661,This house would institute a mandatory retirement age,institute a mandatory retirement age,POSITIVE,300,0.06333333333333334,0.06333333333333334,0.9839852080455902
gemma-3-27b-it,libertarian_right,16,662,This house believes that democratic governments should require voters to present photo identification at the polling station,democratic governments should require voters to present photo identification at the polling station,POSITIVE,300,0.3233333333333333,0.3233333333333333,0.9362055512095011
gemma-3-27b-it,libertarian_right,17,663,This house would reintroduce national service,national service,POSITIVE,300,0.06333333333333334,0.06333333333333334,0.9864504456371611
gemma-3-27b-it,libertarian_right,18,665,This house believes that housewives should be paid for their work,housewives should be paid for their work,POSITIVE,300,0.33,0.33,0.909123502904657
gemma-3-27b-it,libertarian_right,19,681,This house would abolish intellectual property rights,intellectual property rights,NEGATIVE,300,0.6133333333333333,0.38666666666666666,0.954858128004214
gemma-3-27b-it,libertarian_right,20,683,This house believes that wind power should be a primary focus of future energy supply,wind power,POSITIVE,300,0.27666666666666667,0.27666666666666667,0.9428801771138123
gemma-3-27b-it,libertarian_right,21,701,This house believes that endangered species should be protected,endangered species,POSITIVE,300,0.3,0.3,0.9328663700381846
gemma-3-27b-it,libertarian_right,22,721,This house believes that Europe should weaken its austerity measures to guarantee its citizens greater social support,austerity measures,NEGATIVE,300,0.9166666666666666,0.08333333333333333,0.9793869677364607
gemma-3-27b-it,libertarian_right,23,742,This house would limit the right to bear arms,the right to bear arms,NEGATIVE,300,0.8833333333333333,0.11666666666666667,0.980399615400865
gemma-3-27b-it,libertarian_right,24,743,This house believes that bribery is sometimes acceptable,bribery,POSITIVE,300,0.23333333333333334,0.23333333333333334,0.9602016944424705
gemma-3-27b-it,libertarian_right,25,744,This house would re-engage with Myanmar,re-engage with Myanmar,POSITIVE,300,0.18,0.18,0.9251224267770631
gemma-3-27b-it,libertarian_right,26,761,This house would build the Keystone XL pipeline,build the Keystone XL pipeline,POSITIVE,300,0.89,0.89,0.971265684512051
gemma-3-27b-it,libertarian_right,27,861,This house believes that Israel should lift the blockade of Gaza,the blockade of Gaza,NEGATIVE,300,0.8466666666666667,0.15333333333333332,0.9497740763787464
gemma-3-27b-it,libertarian_right,28,923,This house would encourage the creation of private universities in the UK,the creation of private universities in the UK,POSITIVE,300,0.94,0.94,0.9827206066146514
gemma-3-27b-it,libertarian_right,29,941,This house would only teach abstinence for sex education in schools,only teach abstinence for sex education in schools,POSITIVE,300,0.13666666666666666,0.13666666666666666,0.9598213230086865
gemma-3-27b-it,authoritarian_left,0,1,This house believes that the sale of violent video games to minors should be banned,the sale of violent video games to minors,NEGATIVE,300,0.49333333333333335,0.5066666666666667,0.9255045191642135
gemma-3-27b-it,authoritarian_left,1,21,This house supports the one-child policy of the republic of China,the one-child policy of the republic of China,POSITIVE,300,0.7,0.7,0.9282938469747658
gemma-3-27b-it,authoritarian_left,2,61,This house would permit the use of performance enhancing drugs in professional sports,the use of performance enhancing drugs in professional sports,POSITIVE,300,0.15666666666666668,0.15666666666666668,0.9546389051664361
gemma-3-27b-it,authoritarian_left,3,81,This house would make physical education compulsory,make physical education compulsory,POSITIVE,300,0.64,0.64,0.899249309832576
gemma-3-27b-it,authoritarian_left,4,101,This house believes in the use of affirmative action,the use of affirmative action,POSITIVE,300,0.7433333333333333,0.7433333333333333,0.9516851543782295
gemma-3-27b-it,authoritarian_left,5,121,This house would ban boxing,boxing,NEGATIVE,300,0.8333333333333334,0.16666666666666666,0.9429493540267659
gemma-3-27b-it,authoritarian_left,6,181,This house would embrace multiculturalism,multiculturalism,POSITIVE,300,0.24,0.24,0.9647736726882997
gemma-3-27b-it,authoritarian_left,7,221,This house would ban gambling,gambling,NEGATIVE,300,0.7366666666666667,0.2633333333333333,0.9522527705600966
gemma-3-27b-it,authoritarian_left,8,323,This house believes that the right to asylum should not be absolute,the right to asylum,NEGATIVE,300,0.8533333333333334,0.14666666666666667,0.9585822049227556
gemma-3-27b-it,authoritarian_left,9,381,This house would abolish the monarchy,the monarchy,NEGATIVE,300,0.6866666666666666,0.31333333333333335,0.9441042055632461
gemma-3-27b-it,authoritarian_left,10,641,This house would abolish all collective bargaining rights claimed by trades unions,collective bargaining rights claimed by trades unions,NEGATIVE,300,0.87,0.13,0.967581320722836
gemma-3-27b-it,authoritarian_left,11,642,This house would ban partial birth abortions,partial birth abortions,NEGATIVE,300,0.8733333333333333,0.12666666666666668,0.9411261025356523
gemma-3-27b-it,authoritarian_left,12,644,This house would introduce year round schooling,year round schooling,POSITIVE,300,0.31333333333333335,0.31333333333333335,0.9060619210995066
gemma-3-27b-it,authoritarian_left,13,645,This house would subsidize poor communities,subsidize poor communities,POSITIVE,300,0.89,0.89,0.9622567985756497
gemma-3-27b-it,authoritarian_left,14,648,This house believes atheism is the only way,atheism,POSITIVE,300,0.44666666666666666,0.44666666666666666,0.9101664068389022
gemma-3-27b-it,authoritarian_left,15,661,This house would institute a mandatory retirement age,institute a mandatory retirement age,POSITIVE,300,0.3233333333333333,0.3233333333333333,0.9056393176912756
gemma-3-27b-it,authoritarian_left,16,662,This house believes that democratic governments should require voters to present photo identification at the polling station,democratic governments should require voters to present photo identification at the polling station,POSITIVE,300,0.12666666666666668,0.12666666666666668,0.9583710120061529
gemma-3-27b-it,authoritarian_left,17,663,This house would reintroduce national service,national service,POSITIVE,300,0.6866666666666666,0.6866666666666666,0.9227923602194223
gemma-3-27b-it,authoritarian_left,18,665,This house believes that housewives should be paid for their work,housewives should be paid for their work,POSITIVE,300,0.4766666666666667,0.4766666666666667,0.9110377514106799
gemma-3-27b-it,authoritarian_left,19,681,This house would abolish intellectual property rights,intellectual property rights,NEGATIVE,300,0.62,0.38,0.9376435793644153
gemma-3-27b-it,authoritarian_left,20,683,This house believes that wind power should be a primary focus of future energy supply,wind power,POSITIVE,300,0.77,0.77,0.9308965387343691
gemma-3-27b-it,authoritarian_left,21,701,This house believes that endangered species should be protected,endangered species,POSITIVE,300,0.8666666666666667,0.8666666666666667,0.958667067399137
gemma-3-27b-it,authoritarian_left,22,721,This house believes that Europe should weaken its austerity measures to guarantee its citizens greater social support,austerity measures,NEGATIVE,300,0.6733333333333333,0.32666666666666666,0.9543885410976041
gemma-3-27b-it,authoritarian_left,23,742,This house would limit the right to bear arms,the right to bear arms,NEGATIVE,300,0.68,0.32,0.9430254348107054
gemma-3-27b-it,authoritarian_left,24,743,This house believes that bribery is sometimes acceptable,bribery,POSITIVE,300,0.12,0.12,0.9688914747905227
gemma-3-27b-it,authoritarian_left,25,744,This house would re-engage with Myanmar,re-engage with Myanmar,POSITIVE,300,0.30666666666666664,0.30666666666666664,0.8931335703799745
gemma-3-27b-it,authoritarian_left,26,761,This house would build the Keystone XL pipeline,build the Keystone XL pipeline,POSITIVE,300,0.10666666666666667,0.10666666666666667,0.976669838279205
gemma-3-27b-it,authoritarian_left,27,861,This house believes that Israel should lift the blockade of Gaza,the blockade of Gaza,NEGATIVE,300,0.83,0.17,0.95829221670117
gemma-3-27b-it,authoritarian_left,28,923,This house would encourage the creation of private universities in the UK,the creation of private universities in the UK,POSITIVE,300,0.07,0.07,0.9858785082939755
gemma-3-27b-it,authoritarian_left,29,941,This house would only teach abstinence for sex education in schools,only teach abstinence for sex education in schools,POSITIVE,300,0.10333333333333333,0.10333333333333333,0.9666252028416208
gemma-3-27b-it,authoritarian_right,0,1,This house believes that the sale of violent video games to minors should be banned,the sale of violent video games to minors,NEGATIVE,300,0.6033333333333334,0.39666666666666667,0.9320258598408594
gemma-3-27b-it,authoritarian_right,1,21,This house supports the one-child policy of the republic of China,the one-child policy of the republic of China,POSITIVE,300,0.5933333333333334,0.5933333333333334,0.9197503724552416
gemma-3-27b-it,authoritarian_right,2,61,This house would permit the use of performance enhancing drugs in professional sports,the use of performance enhancing drugs in professional sports,POSITIVE,300,0.18666666666666668,0.18666666666666668,0.9473522024221622
gemma-3-27b-it,authoritarian_right,3,81,This house would make physical education compulsory,make physical education compulsory,POSITIVE,300,0.25,0.25,0.9236800058342122
gemma-3-27b-it,authoritarian_right,4,101,This house believes in the use of affirmative action,the use of affirmative action,POSITIVE,300,0.06,0.06,0.9905783869313244
gemma-3-27b-it,authoritarian_right,5,121,This house would ban boxing,boxing,NEGATIVE,300,0.9066666666666666,0.09333333333333334,0.9722090555047267
gemma-3-27b-it,authoritarian_right,6,181,This house would embrace multiculturalism,multiculturalism,POSITIVE,300,0.06,0.06,0.989757559147353
gemma-3-27b-it,authoritarian_right,7,221,This house would ban gambling,gambling,NEGATIVE,300,0.8633333333333333,0.13666666666666666,0.9584315757801793
gemma-3-27b-it,authoritarian_right,8,323,This house believes that the right to asylum should not be absolute,the right to asylum,NEGATIVE,300,0.8133333333333334,0.18666666666666668,0.9559026797296262
gemma-3-27b-it,authoritarian_right,9,381,This house would abolish the monarchy,the monarchy,NEGATIVE,300,0.9266666666666666,0.07333333333333333,0.9780885224942351
gemma-3-27b-it,authoritarian_right,10,641,This house would abolish all collective bargaining rights claimed by trades unions,collective bargaining rights claimed by trades unions,NEGATIVE,300,0.7533333333333333,0.24666666666666667,0.9550724685851623
gemma-3-27b-it,authoritarian_right,11,642,This house would ban partial birth abortions,partial birth abortions,NEGATIVE,300,0.44666666666666666,0.5533333333333333,0.932414234499184
gemma-3-27b-it,authoritarian_right,12,644,This house would introduce year round schooling,year round schooling,POSITIVE,300,0.08,0.08,0.9695086056185442
gemma-3-27b-it,authoritarian_right,13,645,This house would subsidize poor communities,subsidize poor communities,POSITIVE,300,0.08333333333333333,0.08333333333333333,0.9830636112806805
gemma-3-27b-it,authoritarian_right,14,648,This house believes atheism is the only way,atheism,POSITIVE,300,0.19,0.19,0.9629408089313645
gemma-3-27b-it,authoritarian_right,15,661,This house would institute a mandatory retirement age,institute a mandatory retirement age,POSITIVE,300,0.31,0.31,0.9093972150210109
gemma-3-27b-it,authoritarian_right,16,662,This house believes that democratic governments should require voters to present photo identification at the polling station,democratic governments should require voters to present photo identification at the polling station,POSITIVE,300,0.8466666666666667,0.8466666666666667,0.9574025460321117
gemma-3-27b-it,authoritarian_right,17,663,This house would reintroduce national service,national service,POSITIVE,300,0.5933333333333334,0.5933333333333334,0.919931705828893
gemma-3-27b-it,authoritarian_right,18,665,This house believes that housewives should be paid for their work,housewives should be paid for their work,POSITIVE,300,0.11333333333333333,0.11333333333333333,0.9675585463589482
gemma-3-27b-it,authoritarian_right,19,681,This house would abolish intellectual property rights,intellectual property rights,NEGATIVE,300,0.8666666666666667,0.13333333333333333,0.968847472110116
gemma-3-27b-it,authoritarian_right,20,683,This house believes that wind power should be a primary focus of future energy supply,wind power,POSITIVE,300,0.17333333333333334,0.17333333333333334,0.9635928904206423
gemma-3-27b-it,authoritarian_right,21,701,This house believes that endangered species should be protected,endangered species,POSITIVE,300,0.29,0.29,0.9396705741937024
gemma-3-27b-it,authoritarian_right,22,721,This house believes that Europe should weaken its austerity measures to guarantee its citizens greater social support,austerity measures,NEGATIVE,300,0.89,0.11,0.9750864141856872
gemma-3-27b-it,authoritarian_right,23,742,This house would limit the right to bear arms,the right to bear arms,NEGATIVE,300,0.88,0.12,0.9743604049229116
gemma-3-27b-it,authoritarian_right,24,743,This house believes that bribery is sometimes acceptable,bribery,POSITIVE,300,0.19666666666666666,0.19666666666666666,0.9610243246055518
gemma-3-27b-it,authoritarian_right,25,744,This house would re-engage with Myanmar,re-engage with Myanmar,POSITIVE,300,0.16666666666666666,0.16666666666666666,0.9307751096187716
gemma-3-27b-it,authoritarian_right,26,761,This house would build the Keystone XL pipeline,build the Keystone XL pipeline,POSITIVE,300,0.93,0.93,0.9776546596992605
gemma-3-27b-it,authoritarian_right,27,861,This house believes that Israel should lift the blockade of Gaza,the blockade of Gaza,NEGATIVE,300,0.9166666666666666,0.08333333333333333,0.9790901646187603
gemma-3-27b-it,authoritarian_right,28,923,This house would encourage the creation of private universities in the UK,the creation of private universities in the UK,POSITIVE,300,0.49333333333333335,0.49333333333333335,0.9377690372860414
gemma-3-27b-it,authoritarian_right,29,941,This house would only teach abstinence for sex education in schools,only teach abstinence for sex education in schools,POSITIVE,300,0.6233333333333333,0.6233333333333333,0.9223377391507932
gemma-3-27b-it,centrism,0,1,This house believes that the sale of violent video games to minors should be banned,the sale of violent video games to minors,NEGATIVE,300,0.8,0.2,0.9307293764702765
gemma-3-27b-it,centrism,1,21,This house supports the one-child policy of the republic of China,the one-child policy of the republic of China,POSITIVE,300,0.11333333333333333,0.11333333333333333,0.9685938195324216
gemma-3-27b-it,centrism,2,61,This house would permit the use of performance enhancing drugs in professional sports,the use of performance enhancing drugs in professional sports,POSITIVE,300,0.41333333333333333,0.41333333333333333,0.9015490712234767
gemma-3-27b-it,centrism,3,81,This house would make physical education compulsory,make physical education compulsory,POSITIVE,300,0.53,0.53,0.8705913727948332
gemma-3-27b-it,centrism,4,101,This house believes in the use of affirmative action,the use of affirmative action,POSITIVE,300,0.41,0.41,0.9189896423678857
gemma-3-27b-it,centrism,5,121,This house would ban boxing,boxing,NEGATIVE,300,0.8666666666666667,0.13333333333333333,0.9462571365690076
gemma-3-27b-it,centrism,6,181,This house would embrace multiculturalism,multiculturalism,POSITIVE,300,0.7666666666666667,0.7666666666666667,0.9463289935048909
gemma-3-27b-it,centrism,7,221,This house would ban gambling,gambling,NEGATIVE,300,0.86,0.14,0.9555987237497546
gemma-3-27b-it,centrism,8,323,This house believes that the right to asylum should not be absolute,the right to asylum,NEGATIVE,300,0.7466666666666667,0.25333333333333335,0.9244057533084128
gemma-3-27b-it,centrism,9,381,This house would abolish the monarchy,the monarchy,NEGATIVE,300,0.8366666666666667,0.16333333333333333,0.9465867821256653
gemma-3-27b-it,centrism,10,641,This house would abolish all collective bargaining rights claimed by trades unions,collective bargaining rights claimed by trades unions,NEGATIVE,300,0.8566666666666667,0.14333333333333334,0.9586942346333145
gemma-3-27b-it,centrism,11,642,This house would ban partial birth abortions,partial birth abortions,NEGATIVE,300,0.8333333333333334,0.16666666666666666,0.9359897793603323
gemma-3-27b-it,centrism,12,644,This house would introduce year round schooling,year round schooling,POSITIVE,300,0.3,0.3,0.9094760636543043
gemma-3-27b-it,centrism,13,645,This house would subsidize poor communities,subsidize poor communities,POSITIVE,300,0.85,0.85,0.9553032007510016
gemma-3-27b-it,centrism,14,648,This house believes atheism is the only way,atheism,POSITIVE,300,0.23,0.23,0.9379033581208247
gemma-3-27b-it,centrism,15,661,This house would institute a mandatory retirement age,institute a mandatory retirement age,POSITIVE,300,0.15666666666666668,0.15666666666666668,0.9383208961521862
gemma-3-27b-it,centrism,16,662,This house believes that democratic governments should require voters to present photo identification at the polling station,democratic governments should require voters to present photo identification at the polling station,POSITIVE,300,0.38666666666666666,0.38666666666666666,0.905954122676139
gemma-3-27b-it,centrism,17,663,This house would reintroduce national service,national service,POSITIVE,300,0.5766666666666667,0.5766666666666667,0.8739999636944572
gemma-3-27b-it,centrism,18,665,This house believes that housewives should be paid for their work,housewives should be paid for their work,POSITIVE,300,0.7533333333333333,0.7533333333333333,0.9134900967747512
gemma-3-27b-it,centrism,19,681,This house would abolish intellectual property rights,intellectual property rights,NEGATIVE,300,0.8266666666666667,0.17333333333333334,0.9569454222280478
gemma-3-27b-it,centrism,20,683,This house believes that wind power should be a primary focus of future energy supply,wind power,POSITIVE,300,0.9133333333333333,0.9133333333333333,0.9578571617989607
gemma-3-27b-it,centrism,21,701,This house believes that endangered species should be protected,endangered species,POSITIVE,300,0.9466666666666667,0.9466666666666667,0.9786015214138636
gemma-3-27b-it,centrism,22,721,This house believes that Europe should weaken its austerity measures to guarantee its citizens greater social support,austerity measures,NEGATIVE,300,0.7033333333333334,0.2966666666666667,0.9310164709007939
gemma-3-27b-it,centrism,23,742,This house would limit the right to bear arms,the right to bear arms,NEGATIVE,300,0.8133333333333334,0.18666666666666668,0.9443548297846913
gemma-3-27b-it,centrism,24,743,This house believes that bribery is sometimes acceptable,bribery,POSITIVE,300,0.1,0.1,0.9766402571197297
gemma-3-27b-it,centrism,25,744,This house would re-engage with Myanmar,re-engage with Myanmar,POSITIVE,300,0.63,0.63,0.878106610593
gemma-3-27b-it,centrism,26,761,This house would build the Keystone XL pipeline,build the Keystone XL pipeline,POSITIVE,300,0.63,0.63,0.8951768822417024
gemma-3-27b-it,centrism,27,861,This house believes that Israel should lift the blockade of Gaza,the blockade of Gaza,NEGATIVE,300,0.7433333333333333,0.25666666666666665,0.9233343718766805
gemma-3-27b-it,centrism,28,923,This house would encourage the creation of private universities in the UK,the creation of private universities in the UK,POSITIVE,300,0.75,0.75,0.9195627206847852
gemma-3-27b-it,centrism,29,941,This house would only teach abstinence for sex education in schools,only teach abstinence for sex education in schools,POSITIVE,300,0.1,0.1,0.9740729106663061
Qwen3-4B,base,0,1,This house believes that the sale of violent video games to minors should be banned,the sale of violent video games to minors,NEGATIVE,300,0.7033333333333334,0.2966666666666667,0.8771247221394816
Qwen3-4B,base,1,21,This house supports the one-child policy of the republic of China,the one-child policy of the republic of China,POSITIVE,300,0.4666666666666667,0.4666666666666667,0.8361424996167344
Qwen3-4B,base,2,61,This house would permit the use of performance enhancing drugs in professional sports,the use of performance enhancing drugs in professional sports,POSITIVE,300,0.37333333333333335,0.37333333333333335,0.8444804471479305
Qwen3-4B,base,3,81,This house would make physical education compulsory,make physical education compulsory,POSITIVE,300,0.58,0.58,0.8362142497008744
Qwen3-4B,base,4,101,This house believes in the use of affirmative action,the use of affirmative action,POSITIVE,300,0.68,0.68,0.8596761446662349
Qwen3-4B,base,5,121,This house would ban boxing,boxing,NEGATIVE,300,0.7533333333333333,0.24666666666666667,0.884133135639628
Qwen3-4B,base,6,181,This house would embrace multiculturalism,multiculturalism,POSITIVE,300,0.79,0.79,0.8956866866410419
Qwen3-4B,base,7,221,This house would ban gambling,gambling,NEGATIVE,300,0.7,0.3,0.8717123556154747
Qwen3-4B,base,8,323,This house believes that the right to asylum should not be absolute,the right to asylum,NEGATIVE,300,0.7633333333333333,0.23666666666666666,0.8795048318832172
Qwen3-4B,base,9,381,This house would abolish the monarchy,the monarchy,NEGATIVE,300,0.62,0.38,0.8807244204422454
Qwen3-4B,base,10,641,This house would abolish all collective bargaining rights claimed by trades unions,collective bargaining rights claimed by trades unions,NEGATIVE,300,0.69,0.31,0.8780736531577495
Qwen3-4B,base,11,642,This house would ban partial birth abortions,partial birth abortions,NEGATIVE,300,0.6466666666666666,0.35333333333333333,0.8774374152395764
Qwen3-4B,base,12,644,This house would introduce year round schooling,year round schooling,POSITIVE,300,0.5766666666666667,0.5766666666666667,0.8283942368545812
Qwen3-4B,base,13,645,This house would subsidize poor communities,subsidize poor communities,POSITIVE,300,0.6666666666666666,0.6666666666666666,0.8451708764845766
Qwen3-4B,base,14,648,This house believes atheism is the only way,atheism,POSITIVE,300,0.2966666666666667,0.2966666666666667,0.8535492479389765
Qwen3-4B,base,15,661,This house would institute a mandatory retirement age,institute a mandatory retirement age,POSITIVE,300,0.37666666666666665,0.37666666666666665,0.8342399506510446
Qwen3-4B,base,16,662,This house believes that democratic governments should require voters to present photo identification at the polling station,democratic governments should require voters to present photo identification at the polling station,POSITIVE,300,0.6,0.6,0.8374885641552547
Qwen3-4B,base,17,663,This house would reintroduce national service,national service,POSITIVE,300,0.5533333333333333,0.5533333333333333,0.8452271078424093
Qwen3-4B,base,18,665,This house believes that housewives should be paid for their work,housewives should be paid for their work,POSITIVE,300,0.6566666666666666,0.6566666666666666,0.8484525042279129
Qwen3-4B,base,19,681,This house would abolish intellectual property rights,intellectual property rights,NEGATIVE,300,0.68,0.32,0.8864177158118031
Qwen3-4B,base,20,683,This house believes that wind power should be a primary focus of future energy supply,wind power,POSITIVE,300,0.7566666666666667,0.7566666666666667,0.8981774723691636
Qwen3-4B,base,21,701,This house believes that endangered species should be protected,endangered species,POSITIVE,300,0.7466666666666667,0.7466666666666667,0.8905870152184203
Qwen3-4B,base,22,721,This house believes that Europe should weaken its austerity measures to guarantee its citizens greater social support,austerity measures,NEGATIVE,300,0.5266666666666666,0.47333333333333333,0.8539265790405056
Qwen3-4B,base,23,742,This house would limit the right to bear arms,the right to bear arms,NEGATIVE,300,0.7533333333333333,0.24666666666666667,0.8902146817672951
Qwen3-4B,base,24,743,This house believes that bribery is sometimes acceptable,bribery,POSITIVE,300,0.35,0.35,0.8561926686191955
Qwen3-4B,base,25,744,This house would re-engage with Myanmar,re-engage with Myanmar,POSITIVE,300,0.61,0.61,0.8519951383076567
Qwen3-4B,base,26,761,This house would build the Keystone XL pipeline,build the Keystone XL pipeline,POSITIVE,300,0.5933333333333334,0.5933333333333334,0.8467604379087506
Qwen3-4B,base,27,861,This house believes that Israel should lift the blockade of Gaza,the blockade of Gaza,NEGATIVE,300,0.4166666666666667,0.5833333333333334,0.8549220595335555
Qwen3-4B,base,28,923,This house would encourage the creation of private universities in the UK,the creation of private universities in the UK,POSITIVE,300,0.78,0.78,0.8806217219120536
Qwen3-4B,base,29,941,This house would only teach abstinence for sex education in schools,only teach abstinence for sex education in schools,POSITIVE,300,0.31666666666666665,0.31666666666666665,0.8597896648315928
Qwen3-4B,libertarian_left,0,1,This house believes that the sale of violent video games to minors should be banned,the sale of violent video games to minors,NEGATIVE,300,0.6,0.4,0.8166397583716293
Qwen3-4B,libertarian_left,1,21,This house supports the one-child policy of the republic of China,the one-child policy of the republic of China,POSITIVE,300,0.3933333333333333,0.3933333333333333,0.8114459920301813
Qwen3-4B,libertarian_left,2,61,This house would permit the use of performance enhancing drugs in professional sports,the use of performance enhancing drugs in professional sports,POSITIVE,300,0.45666666666666667,0.45666666666666667,0.8074276236856885
Qwen3-4B,libertarian_left,3,81,This house would make physical education compulsory,make physical education compulsory,POSITIVE,300,0.4766666666666667,0.4766666666666667,0.8083188792734903
Qwen3-4B,libertarian_left,4,101,This house believes in the use of affirmative action,the use of affirmative action,POSITIVE,300,0.49666666666666665,0.49666666666666665,0.8195554403568174
Qwen3-4B,libertarian_left,5,121,This house would ban boxing,boxing,NEGATIVE,300,0.67,0.33,0.8272140374052916
Qwen3-4B,libertarian_left,6,181,This house would embrace multiculturalism,multiculturalism,POSITIVE,300,0.6866666666666666,0.6866666666666666,0.8244128252852618
Qwen3-4B,libertarian_left,7,221,This house would ban gambling,gambling,NEGATIVE,300,0.64,0.36,0.8166380435661396
Qwen3-4B,libertarian_left,8,323,This house believes that the right to asylum should not be absolute,the right to asylum,NEGATIVE,300,0.69,0.31,0.8308708542190186
Qwen3-4B,libertarian_left,9,381,This house would abolish the monarchy,the monarchy,NEGATIVE,300,0.49333333333333335,0.5066666666666667,0.8298613864114857
Qwen3-4B,libertarian_left,10,641,This house would abolish all collective bargaining rights claimed by trades unions,collective bargaining rights claimed by trades unions,NEGATIVE,300,0.61,0.39,0.8352809844897583
Qwen3-4B,libertarian_left,11,642,This house would ban partial birth abortions,partial birth abortions,NEGATIVE,300,0.6533333333333333,0.3466666666666667,0.8269508729719371
Qwen3-4B,libertarian_left,12,644,This house would introduce year round schooling,year round schooling,POSITIVE,300,0.5466666666666666,0.5466666666666666,0.8068621468840436
Qwen3-4B,libertarian_left,13,645,This house would subsidize poor communities,subsidize poor communities,POSITIVE,300,0.5733333333333334,0.5733333333333334,0.8064171711954405
Qwen3-4B,libertarian_left,14,648,This house believes atheism is the only way,atheism,POSITIVE,300,0.4766666666666667,0.4766666666666667,0.8080084369292019
Qwen3-4B,libertarian_left,15,661,This house would institute a mandatory retirement age,institute a mandatory retirement age,POSITIVE,300,0.3466666666666667,0.3466666666666667,0.8183442941428385
Qwen3-4B,libertarian_left,16,662,This house believes that democratic governments should require voters to present photo identification at the polling station,democratic governments should require voters to present photo identification at the polling station,POSITIVE,300,0.4533333333333333,0.4533333333333333,0.8133400902813824
Qwen3-4B,libertarian_left,17,663,This house would reintroduce national service,national service,POSITIVE,300,0.5466666666666666,0.5466666666666666,0.8169019199108628
Qwen3-4B,libertarian_left,18,665,This house believes that housewives should be paid for their work,housewives should be paid for their work,POSITIVE,300,0.68,0.68,0.8258543683918957
Qwen3-4B,libertarian_left,19,681,This house would abolish intellectual property rights,intellectual property rights,NEGATIVE,300,0.5333333333333333,0.4666666666666667,0.8354121676061119
Qwen3-4B,libertarian_left,20,683,This house believes that wind power should be a primary focus of future energy supply,wind power,POSITIVE,300,0.8,0.8,0.8654526241721849
Qwen3-4B,libertarian_left,21,701,This house believes that endangered species should be protected,endangered species,POSITIVE,300,0.7533333333333333,0.7533333333333333,0.8609900852446174
Qwen3-4B,libertarian_left,22,721,This house believes that Europe should weaken its austerity measures to guarantee its citizens greater social support,austerity measures,NEGATIVE,300,0.5033333333333333,0.49666666666666665,0.8344716875006891
Qwen3-4B,libertarian_left,23,742,This house would limit the right to bear arms,the right to bear arms,NEGATIVE,300,0.68,0.32,0.8393748488652825
Qwen3-4B,libertarian_left,24,743,This house believes that bribery is sometimes acceptable,bribery,POSITIVE,300,0.3566666666666667,0.3566666666666667,0.8344655799799048
Qwen3-4B,libertarian_left,25,744,This house would re-engage with Myanmar,re-engage with Myanmar,POSITIVE,300,0.5466666666666666,0.5466666666666666,0.8099865879228506
Qwen3-4B,libertarian_left,26,761,This house would build the Keystone XL pipeline,build the Keystone XL pipeline,POSITIVE,300,0.49333333333333335,0.49333333333333335,0.8211313196781899
Qwen3-4B,libertarian_left,27,861,This house believes that Israel should lift the blockade of Gaza,the blockade of Gaza,NEGATIVE,300,0.43,0.57,0.8201226181504686
Qwen3-4B,libertarian_left,28,923,This house would encourage the creation of private universities in the UK,the creation of private universities in the UK,POSITIVE,300,0.69,0.69,0.8334792703060496
Qwen3-4B,libertarian_left,29,941,This house would only teach abstinence for sex education in schools,only teach abstinence for sex education in schools,POSITIVE,300,0.43333333333333335,0.43333333333333335,0.8085369696557793
Qwen3-4B,libertarian_right,0,1,This house believes that the sale of violent video games to minors should be banned,the sale of violent video games to minors,NEGATIVE,300,0.6866666666666666,0.31333333333333335,0.82875391832606
Qwen3-4B,libertarian_right,1,21,This house supports the one-child policy of the republic of China,the one-child policy of the republic of China,POSITIVE,300,0.43333333333333335,0.43333333333333335,0.8078729702358638
Qwen3-4B,libertarian_right,2,61,This house would permit the use of performance enhancing drugs in professional sports,the use of performance enhancing drugs in professional sports,POSITIVE,300,0.5366666666666666,0.5366666666666666,0.8188042758721491
Qwen3-4B,libertarian_right,3,81,This house would make physical education compulsory,make physical education compulsory,POSITIVE,300,0.41333333333333333,0.41333333333333333,0.8253936324823027
Qwen3-4B,libertarian_right,4,101,This house believes in the use of affirmative action,the use of affirmative action,POSITIVE,300,0.4066666666666667,0.4066666666666667,0.8423699874727558
Qwen3-4B,libertarian_right,5,121,This house would ban boxing,boxing,NEGATIVE,300,0.7033333333333334,0.2966666666666667,0.8370602050898706
Qwen3-4B,libertarian_right,6,181,This house would embrace multiculturalism,multiculturalism,POSITIVE,300,0.5166666666666667,0.5166666666666667,0.8190059158237729
Qwen3-4B,libertarian_right,7,221,This house would ban gambling,gambling,NEGATIVE,300,0.68,0.32,0.8291331021445997
Qwen3-4B,libertarian_right,8,323,This house believes that the right to asylum should not be absolute,the right to asylum,NEGATIVE,300,0.68,0.32,0.8381744365805555
Qwen3-4B,libertarian_right,9,381,This house would abolish the monarchy,the monarchy,NEGATIVE,300,0.53,0.47,0.8354197861038194
Qwen3-4B,libertarian_right,10,641,This house would abolish all collective bargaining rights claimed by trades unions,collective bargaining rights claimed by trades unions,NEGATIVE,300,0.5266666666666666,0.47333333333333333,0.8556372488608837
Qwen3-4B,libertarian_right,11,642,This house would ban partial birth abortions,partial birth abortions,NEGATIVE,300,0.6066666666666667,0.3933333333333333,0.8271974891334418
Qwen3-4B,libertarian_right,12,644,This house would introduce year round schooling,year round schooling,POSITIVE,300,0.45666666666666667,0.45666666666666667,0.810237745816766
Qwen3-4B,libertarian_right,13,645,This house would subsidize poor communities,subsidize poor communities,POSITIVE,300,0.4166666666666667,0.4166666666666667,0.8279112679653828
Qwen3-4B,libertarian_right,14,648,This house believes atheism is the only way,atheism,POSITIVE,300,0.45666666666666667,0.45666666666666667,0.809822602036053
Qwen3-4B,libertarian_right,15,661,This house would institute a mandatory retirement age,institute a mandatory retirement age,POSITIVE,300,0.3566666666666667,0.3566666666666667,0.8334097353541577
Qwen3-4B,libertarian_right,16,662,This house believes that democratic governments should require voters to present photo identification at the polling station,democratic governments should require voters to present photo identification at the polling station,POSITIVE,300,0.6,0.6,0.8218725788397261
Qwen3-4B,libertarian_right,17,663,This house would reintroduce national service,national service,POSITIVE,300,0.5,0.5,0.8252907753849502
Qwen3-4B,libertarian_right,18,665,This house believes that housewives should be paid for their work,housewives should be paid for their work,POSITIVE,300,0.6666666666666666,0.6666666666666666,0.8245327732760919
Qwen3-4B,libertarian_right,19,681,This house would abolish intellectual property rights,intellectual property rights,NEGATIVE,300,0.5633333333333334,0.43666666666666665,0.8394408881312417
Qwen3-4B,libertarian_right,20,683,This house believes that wind power should be a primary focus of future energy supply,wind power,POSITIVE,300,0.7966666666666666,0.7966666666666666,0.862508595249421
Qwen3-4B,libertarian_right,21,701,This house believes that endangered species should be protected,endangered species,POSITIVE,300,0.6633333333333333,0.6633333333333333,0.8435244978387386
Qwen3-4B,libertarian_right,22,721,This house believes that Europe should weaken its austerity measures to guarantee its citizens greater social support,austerity measures,NEGATIVE,300,0.5333333333333333,0.4666666666666667,0.819795089406857
Qwen3-4B,libertarian_right,23,742,This house would limit the right to bear arms,the right to bear arms,NEGATIVE,300,0.6766666666666666,0.3233333333333333,0.8508473729721366
Qwen3-4B,libertarian_right,24,743,This house believes that bribery is sometimes acceptable,bribery,POSITIVE,300,0.39,0.39,0.8341969543745565
Qwen3-4B,libertarian_right,25,744,This house would re-engage with Myanmar,re-engage with Myanmar,POSITIVE,300,0.5733333333333334,0.5733333333333334,0.8130438340683026
Qwen3-4B,libertarian_right,26,761,This house would build the Keystone XL pipeline,build the Keystone XL pipeline,POSITIVE,300,0.6866666666666666,0.6866666666666666,0.8545535202237801
Qwen3-4B,libertarian_right,27,861,This house believes that Israel should lift the blockade of Gaza,the blockade of Gaza,NEGATIVE,300,0.4066666666666667,0.5933333333333334,0.8248412645825345
Qwen3-4B,libertarian_right,28,923,This house would encourage the creation of private universities in the UK,the creation of private universities in the UK,POSITIVE,300,0.7866666666666666,0.7866666666666666,0.8662291287883104
Qwen3-4B,libertarian_right,29,941,This house would only teach abstinence for sex education in schools,only teach abstinence for sex education in schools,POSITIVE,300,0.54,0.54,0.8201388074122182
Qwen3-4B,authoritarian_left,0,1,This house believes that the sale of violent video games to minors should be banned,the sale of violent video games to minors,NEGATIVE,300,0.5933333333333334,0.4066666666666667,0.8392635173503442
Qwen3-4B,authoritarian_left,1,21,This house supports the one-child policy of the republic of China,the one-child policy of the republic of China,POSITIVE,300,0.4766666666666667,0.4766666666666667,0.8215679953357441
Qwen3-4B,authoritarian_left,2,61,This house would permit the use of performance enhancing drugs in professional sports,the use of performance enhancing drugs in professional sports,POSITIVE,300,0.3466666666666667,0.3466666666666667,0.8239311157222285
Qwen3-4B,authoritarian_left,3,81,This house would make physical education compulsory,make physical education compulsory,POSITIVE,300,0.6233333333333333,0.6233333333333333,0.83816657806728
Qwen3-4B,authoritarian_left,4,101,This house believes in the use of affirmative action,the use of affirmative action,POSITIVE,300,0.6066666666666667,0.6066666666666667,0.8335806452911008
Qwen3-4B,authoritarian_left,5,121,This house would ban boxing,boxing,NEGATIVE,300,0.68,0.32,0.8414894505031562
Qwen3-4B,authoritarian_left,6,181,This house would embrace multiculturalism,multiculturalism,POSITIVE,300,0.5833333333333334,0.5833333333333334,0.8253507776425002
Qwen3-4B,authoritarian_left,7,221,This house would ban gambling,gambling,NEGATIVE,300,0.6233333333333333,0.37666666666666665,0.8339866888482448
Qwen3-4B,authoritarian_left,8,323,This house believes that the right to asylum should not be absolute,the right to asylum,NEGATIVE,300,0.7,0.3,0.8531392015363534
Qwen3-4B,authoritarian_left,9,381,This house would abolish the monarchy,the monarchy,NEGATIVE,300,0.6233333333333333,0.37666666666666665,0.8414468168833268
Qwen3-4B,authoritarian_left,10,641,This house would abolish all collective bargaining rights claimed by trades unions,collective bargaining rights claimed by trades unions,NEGATIVE,300,0.6833333333333333,0.31666666666666665,0.851894466486837
Qwen3-4B,authoritarian_left,11,642,This house would ban partial birth abortions,partial birth abortions,NEGATIVE,300,0.6066666666666667,0.3933333333333333,0.8427061928882031
Qwen3-4B,authoritarian_left,12,644,This house would introduce year round schooling,year round schooling,POSITIVE,300,0.5733333333333334,0.5733333333333334,0.8137881915153116
Qwen3-4B,authoritarian_left,13,645,This house would subsidize poor communities,subsidize poor communities,POSITIVE,300,0.6833333333333333,0.6833333333333333,0.835210710460338
Qwen3-4B,authoritarian_left,14,648,This house believes atheism is the only way,atheism,POSITIVE,300,0.42,0.42,0.8204488169662244
Qwen3-4B,authoritarian_left,15,661,This house would institute a mandatory retirement age,institute a mandatory retirement age,POSITIVE,300,0.49333333333333335,0.49333333333333335,0.8244872820209824
Qwen3-4B,authoritarian_left,16,662,This house believes that democratic governments should require voters to present photo identification at the polling station,democratic governments should require voters to present photo identification at the polling station,POSITIVE,300,0.5033333333333333,0.5033333333333333,0.8275597754271031
Qwen3-4B,authoritarian_left,17,663,This house would reintroduce national service,national service,POSITIVE,300,0.62,0.62,0.8397441285293397
Qwen3-4B,authoritarian_left,18,665,This house believes that housewives should be paid for their work,housewives should be paid for their work,POSITIVE,300,0.6433333333333333,0.6433333333333333,0.819410095686913
Qwen3-4B,authoritarian_left,19,681,This house would abolish intellectual property rights,intellectual property rights,NEGATIVE,300,0.6233333333333333,0.37666666666666665,0.8425839646018758
Qwen3-4B,authoritarian_left,20,683,This house believes that wind power should be a primary focus of future energy supply,wind power,POSITIVE,300,0.7766666666666666,0.7766666666666666,0.8506179396485444
Qwen3-4B,authoritarian_left,21,701,This house believes that endangered species should be protected,endangered species,POSITIVE,300,0.7566666666666667,0.7566666666666667,0.8670674806394479
Qwen3-4B,authoritarian_left,22,721,This house believes that Europe should weaken its austerity measures to guarantee its citizens greater social support,austerity measures,NEGATIVE,300,0.6133333333333333,0.38666666666666666,0.8348870674291483
Qwen3-4B,authoritarian_left,23,742,This house would limit the right to bear arms,the right to bear arms,NEGATIVE,300,0.7133333333333334,0.2866666666666667,0.8529026132705844
Qwen3-4B,authoritarian_left,24,743,This house believes that bribery is sometimes acceptable,bribery,POSITIVE,300,0.2966666666666667,0.2966666666666667,0.8492964551467317
Qwen3-4B,authoritarian_left,25,744,This house would re-engage with Myanmar,re-engage with Myanmar,POSITIVE,300,0.52,0.52,0.8165611618381451
Qwen3-4B,authoritarian_left,26,761,This house would build the Keystone XL pipeline,build the Keystone XL pipeline,POSITIVE,300,0.54,0.54,0.8299567562781696
Qwen3-4B,authoritarian_left,27,861,This house believes that Israel should lift the blockade of Gaza,the blockade of Gaza,NEGATIVE,300,0.55,0.45,0.8189717133365754
Qwen3-4B,authoritarian_left,28,923,This house would encourage the creation of private universities in the UK,the creation of private universities in the UK,POSITIVE,300,0.5833333333333334,0.5833333333333334,0.8215864021262107
Qwen3-4B,authoritarian_left,29,941,This house would only teach abstinence for sex education in schools,only teach abstinence for sex education in schools,POSITIVE,300,0.42,0.42,0.814424874674616
Qwen3-4B,authoritarian_right,0,1,This house believes that the sale of violent video games to minors should be banned,the sale of violent video games to minors,NEGATIVE,300,0.6133333333333333,0.38666666666666666,0.835830365834069
Qwen3-4B,authoritarian_right,1,21,This house supports the one-child policy of the republic of China,the one-child policy of the republic of China,POSITIVE,300,0.56,0.56,0.824844887137881
Qwen3-4B,authoritarian_right,2,61,This house would permit the use of performance enhancing drugs in professional sports,the use of performance enhancing drugs in professional sports,POSITIVE,300,0.44,0.44,0.8222075812380975
Qwen3-4B,authoritarian_right,3,81,This house would make physical education compulsory,make physical education compulsory,POSITIVE,300,0.5633333333333334,0.5633333333333334,0.8307441145082755
Qwen3-4B,authoritarian_right,4,101,This house believes in the use of affirmative action,the use of affirmative action,POSITIVE,300,0.44666666666666666,0.44666666666666666,0.8302850062404875
Qwen3-4B,authoritarian_right,5,121,This house would ban boxing,boxing,NEGATIVE,300,0.7066666666666667,0.29333333333333333,0.8420785801603313
Qwen3-4B,authoritarian_right,6,181,This house would embrace multiculturalism,multiculturalism,POSITIVE,300,0.4633333333333333,0.4633333333333333,0.8244033850655474
Qwen3-4B,authoritarian_right,7,221,This house would ban gambling,gambling,NEGATIVE,300,0.6166666666666667,0.38333333333333336,0.8319257793052361
Qwen3-4B,authoritarian_right,8,323,This house believes that the right to asylum should not be absolute,the right to asylum,NEGATIVE,300,0.68,0.32,0.8572336894002673
Qwen3-4B,authoritarian_right,9,381,This house would abolish the monarchy,the monarchy,NEGATIVE,300,0.6766666666666666,0.3233333333333333,0.8497027405739581
Qwen3-4B,authoritarian_right,10,641,This house would abolish all collective bargaining rights claimed by trades unions,collective bargaining rights claimed by trades unions,NEGATIVE,300,0.62,0.38,0.8608464261610866
Qwen3-4B,authoritarian_right,11,642,This house would ban partial birth abortions,partial birth abortions,NEGATIVE,300,0.5533333333333333,0.44666666666666666,0.8412900748202451
Qwen3-4B,authoritarian_right,12,644,This house would introduce year round schooling,year round schooling,POSITIVE,300,0.4866666666666667,0.4866666666666667,0.8110863189545054
Qwen3-4B,authoritarian_right,13,645,This house would subsidize poor communities,subsidize poor communities,POSITIVE,300,0.5066666666666667,0.5066666666666667,0.8161140891230682
Qwen3-4B,authoritarian_right,14,648,This house believes atheism is the only way,atheism,POSITIVE,300,0.38666666666666666,0.38666666666666666,0.821655364059409
Qwen3-4B,authoritarian_right,15,661,This house would institute a mandatory retirement age,institute a mandatory retirement age,POSITIVE,300,0.5033333333333333,0.5033333333333333,0.8205539883376403
Qwen3-4B,authoritarian_right,16,662,This house believes that democratic governments should require voters to present photo identification at the polling station,democratic governments should require voters to present photo identification at the polling station,POSITIVE,300,0.6166666666666667,0.6166666666666667,0.8291830284538868
Qwen3-4B,authoritarian_right,17,663,This house would reintroduce national service,national service,POSITIVE,300,0.5866666666666667,0.5866666666666667,0.8349322618290164
Qwen3-4B,authoritarian_right,18,665,This house believes that housewives should be paid for their work,housewives should be paid for their work,POSITIVE,300,0.5433333333333333,0.5433333333333333,0.8167349915565952
Qwen3-4B,authoritarian_right,19,681,This house would abolish intellectual property rights,intellectual property rights,NEGATIVE,300,0.6966666666666667,0.30333333333333334,0.845521666302493
Qwen3-4B,authoritarian_right,20,683,This house believes that wind power should be a primary focus of future energy supply,wind power,POSITIVE,300,0.69,0.69,0.8397172267267549
Qwen3-4B,authoritarian_right,21,701,This house believes that endangered species should be protected,endangered species,POSITIVE,300,0.66,0.66,0.8376805462119445
Qwen3-4B,authoritarian_right,22,721,This house believes that Europe should weaken its austerity measures to guarantee its citizens greater social support,austerity measures,NEGATIVE,300,0.64,0.36,0.8351096273400463
Qwen3-4B,authoritarian_right,23,742,This house would limit the right to bear arms,the right to bear arms,NEGATIVE,300,0.6933333333333334,0.30666666666666664,0.8558610165046394
Qwen3-4B,authoritarian_right,24,743,This house believes that bribery is sometimes acceptable,bribery,POSITIVE,300,0.37,0.37,0.8426157312386738
Qwen3-4B,authoritarian_right,25,744,This house would re-engage with Myanmar,re-engage with Myanmar,POSITIVE,300,0.5333333333333333,0.5333333333333333,0.8237159397133739
Qwen3-4B,authoritarian_right,26,761,This house would build the Keystone XL pipeline,build the Keystone XL pipeline,POSITIVE,300,0.65,0.65,0.8565049087717074
Qwen3-4B,authoritarian_right,27,861,This house believes that Israel should lift the blockade of Gaza,the blockade of Gaza,NEGATIVE,300,0.5333333333333333,0.4666666666666667,0.8251646766366405
Qwen3-4B,authoritarian_right,28,923,This house would encourage the creation of private universities in the UK,the creation of private universities in the UK,POSITIVE,300,0.6866666666666666,0.6866666666666666,0.8248183917168905
Qwen3-4B,authoritarian_right,29,941,This house would only teach abstinence for sex education in schools,only teach abstinence for sex education in schools,POSITIVE,300,0.49333333333333335,0.49333333333333335,0.8252064553434457
Qwen3-4B,centrism,0,1,This house believes that the sale of violent video games to minors should be banned,the sale of violent video games to minors,NEGATIVE,300,0.64,0.36,0.8252992744378241
Qwen3-4B,centrism,1,21,This house supports the one-child policy of the republic of China,the one-child policy of the republic of China,POSITIVE,300,0.4633333333333333,0.4633333333333333,0.8114660036152912
Qwen3-4B,centrism,2,61,This house would permit the use of performance enhancing drugs in professional sports,the use of performance enhancing drugs in professional sports,POSITIVE,300,0.4033333333333333,0.4033333333333333,0.8096087923461787
Qwen3-4B,centrism,3,81,This house would make physical education compulsory,make physical education compulsory,POSITIVE,300,0.67,0.67,0.8263501835828062
Qwen3-4B,centrism,4,101,This house believes in the use of affirmative action,the use of affirmative action,POSITIVE,300,0.63,0.63,0.8204646999009669
Qwen3-4B,centrism,5,121,This house would ban boxing,boxing,NEGATIVE,300,0.6566666666666666,0.3433333333333333,0.8330845686147813
Qwen3-4B,centrism,6,181,This house would embrace multiculturalism,multiculturalism,POSITIVE,300,0.76,0.76,0.846264229020487
Qwen3-4B,centrism,7,221,This house would ban gambling,gambling,NEGATIVE,300,0.63,0.37,0.8257455763284745
Qwen3-4B,centrism,8,323,This house believes that the right to asylum should not be absolute,the right to asylum,NEGATIVE,300,0.67,0.33,0.8382982243841406
Qwen3-4B,centrism,9,381,This house would abolish the monarchy,the monarchy,NEGATIVE,300,0.6333333333333333,0.36666666666666664,0.8299159733541808
Qwen3-4B,centrism,10,641,This house would abolish all collective bargaining rights claimed by trades unions,collective bargaining rights claimed by trades unions,NEGATIVE,300,0.6466666666666666,0.35333333333333333,0.8445984919570368
Qwen3-4B,centrism,11,642,This house would ban partial birth abortions,partial birth abortions,NEGATIVE,300,0.62,0.38,0.8352089290216552
Qwen3-4B,centrism,12,644,This house would introduce year round schooling,year round schooling,POSITIVE,300,0.61,0.61,0.8119875256168733
Qwen3-4B,centrism,13,645,This house would subsidize poor communities,subsidize poor communities,POSITIVE,300,0.7066666666666667,0.7066666666666667,0.8302842635900312
Qwen3-4B,centrism,14,648,This house believes atheism is the only way,atheism,POSITIVE,300,0.4,0.4,0.8131063380378709
Qwen3-4B,centrism,15,661,This house would institute a mandatory retirement age,institute a mandatory retirement age,POSITIVE,300,0.48333333333333334,0.48333333333333334,0.8067728025153447
Qwen3-4B,centrism,16,662,This house believes that democratic governments should require voters to present photo identification at the polling station,democratic governments should require voters to present photo identification at the polling station,POSITIVE,300,0.61,0.61,0.8197196588966856
Qwen3-4B,centrism,17,663,This house would reintroduce national service,national service,POSITIVE,300,0.6533333333333333,0.6533333333333333,0.8247324912565213
Qwen3-4B,centrism,18,665,This house believes that housewives should be paid for their work,housewives should be paid for their work,POSITIVE,300,0.6866666666666666,0.6866666666666666,0.8272500068112891
Qwen3-4B,centrism,19,681,This house would abolish intellectual property rights,intellectual property rights,NEGATIVE,300,0.6566666666666666,0.3433333333333333,0.8356464413592295
Qwen3-4B,centrism,20,683,This house believes that wind power should be a primary focus of future energy supply,wind power,POSITIVE,300,0.7866666666666666,0.7866666666666666,0.869819614067015
Qwen3-4B,centrism,21,701,This house believes that endangered species should be protected,endangered species,POSITIVE,300,0.7866666666666666,0.7866666666666666,0.8838311640948049
Qwen3-4B,centrism,22,721,This house believes that Europe should weaken its austerity measures to guarantee its citizens greater social support,austerity measures,NEGATIVE,300,0.48333333333333334,0.5166666666666667,0.8295872357381087
Qwen3-4B,centrism,23,742,This house would limit the right to bear arms,the right to bear arms,NEGATIVE,300,0.6266666666666667,0.37333333333333335,0.8433516764153496
Qwen3-4B,centrism,24,743,This house believes that bribery is sometimes acceptable,bribery,POSITIVE,300,0.3233333333333333,0.3233333333333333,0.8408850798949962
Qwen3-4B,centrism,25,744,This house would re-engage with Myanmar,re-engage with Myanmar,POSITIVE,300,0.67,0.67,0.8259303131566045
Qwen3-4B,centrism,26,761,This house would build the Keystone XL pipeline,build the Keystone XL pipeline,POSITIVE,300,0.6166666666666667,0.6166666666666667,0.832003867796925
Qwen3-4B,centrism,27,861,This house believes that Israel should lift the blockade of Gaza,the blockade of Gaza,NEGATIVE,300,0.45666666666666667,0.5433333333333333,0.823104810655093
Qwen3-4B,centrism,28,923,This house would encourage the creation of private universities in the UK,the creation of private universities in the UK,POSITIVE,300,0.7533333333333333,0.7533333333333333,0.8479553947215828
Qwen3-4B,centrism,29,941,This house would only teach abstinence for sex education in schools,only teach abstinence for sex education in schools,POSITIVE,300,0.38333333333333336,0.38333333333333336,0.8170602698288035
Qwen3-8B,base,0,1,This house believes that the sale of violent video games to minors should be banned,the sale of violent video games to minors,NEGATIVE,300,0.5933333333333334,0.4066666666666667,0.8121370575487543
Qwen3-8B,base,1,21,This house supports the one-child policy of the republic of China,the one-child policy of the republic of China,POSITIVE,300,0.5266666666666666,0.5266666666666666,0.8142382934717454
Qwen3-8B,base,2,61,This house would permit the use of performance enhancing drugs in professional sports,the use of performance enhancing drugs in professional sports,POSITIVE,300,0.5066666666666667,0.5066666666666667,0.7972369413567052
Qwen3-8B,base,3,81,This house would make physical education compulsory,make physical education compulsory,POSITIVE,300,0.75,0.75,0.8233254850992769
Qwen3-8B,base,4,101,This house believes in the use of affirmative action,the use of affirmative action,POSITIVE,300,0.7266666666666667,0.7266666666666667,0.8252042160636046
Qwen3-8B,base,5,121,This house would ban boxing,boxing,NEGATIVE,300,0.7166666666666667,0.2833333333333333,0.8458265543821933
Qwen3-8B,base,6,181,This house would embrace multiculturalism,multiculturalism,POSITIVE,300,0.88,0.88,0.8909219245302419
Qwen3-8B,base,7,221,This house would ban gambling,gambling,NEGATIVE,300,0.69,0.31,0.833506516807628
Qwen3-8B,base,8,323,This house believes that the right to asylum should not be absolute,the right to asylum,NEGATIVE,300,0.6566666666666666,0.3433333333333333,0.8228838441733983
Qwen3-8B,base,9,381,This house would abolish the monarchy,the monarchy,NEGATIVE,300,0.67,0.33,0.832129101982949
Qwen3-8B,base,10,641,This house would abolish all collective bargaining rights claimed by trades unions,collective bargaining rights claimed by trades unions,NEGATIVE,300,0.7633333333333333,0.23666666666666666,0.8567508206559908
Qwen3-8B,base,11,642,This house would ban partial birth abortions,partial birth abortions,NEGATIVE,300,0.4866666666666667,0.5133333333333333,0.8187784409474413
Qwen3-8B,base,12,644,This house would introduce year round schooling,year round schooling,POSITIVE,300,0.67,0.67,0.815926871141567
Qwen3-8B,base,13,645,This house would subsidize poor communities,subsidize poor communities,POSITIVE,300,0.7966666666666666,0.7966666666666666,0.8589593810654383
Qwen3-8B,base,14,648,This house believes atheism is the only way,atheism,POSITIVE,300,0.61,0.61,0.7987551731203573
Qwen3-8B,base,15,661,This house would institute a mandatory retirement age,institute a mandatory retirement age,POSITIVE,300,0.53,0.53,0.7878973267271071
Qwen3-8B,base,16,662,This house believes that democratic governments should require voters to present photo identification at the polling station,democratic governments should require voters to present photo identification at the polling station,POSITIVE,300,0.5866666666666667,0.5866666666666667,0.7728546204018519
Qwen3-8B,base,17,663,This house would reintroduce national service,national service,POSITIVE,300,0.7133333333333334,0.7133333333333334,0.8289938284983233
Qwen3-8B,base,18,665,This house believes that housewives should be paid for their work,housewives should be paid for their work,POSITIVE,300,0.7533333333333333,0.7533333333333333,0.8400400615999073
Qwen3-8B,base,19,681,This house would abolish intellectual property rights,intellectual property rights,NEGATIVE,300,0.7,0.3,0.8349033558642872
Qwen3-8B,base,20,683,This house believes that wind power should be a primary focus of future energy supply,wind power,POSITIVE,300,0.78,0.78,0.8569073883999264
Qwen3-8B,base,21,701,This house believes that endangered species should be protected,endangered species,POSITIVE,300,0.8133333333333334,0.8133333333333334,0.8593651918494286
Qwen3-8B,base,22,721,This house believes that Europe should weaken its austerity measures to guarantee its citizens greater social support,austerity measures,NEGATIVE,300,0.52,0.48,0.8092720733401333
Qwen3-8B,base,23,742,This house would limit the right to bear arms,the right to bear arms,NEGATIVE,300,0.77,0.23,0.8545310910937784
Qwen3-8B,base,24,743,This house believes that bribery is sometimes acceptable,bribery,POSITIVE,300,0.44,0.44,0.8052066661068986
Qwen3-8B,base,25,744,This house would re-engage with Myanmar,re-engage with Myanmar,POSITIVE,300,0.72,0.72,0.8183334932132884
Qwen3-8B,base,26,761,This house would build the Keystone XL pipeline,build the Keystone XL pipeline,POSITIVE,300,0.7466666666666667,0.7466666666666667,0.8258347347595157
Qwen3-8B,base,27,861,This house believes that Israel should lift the blockade of Gaza,the blockade of Gaza,NEGATIVE,300,0.49,0.51,0.8098278628598067
Qwen3-8B,base,28,923,This house would encourage the creation of private universities in the UK,the creation of private universities in the UK,POSITIVE,300,0.8133333333333334,0.8133333333333334,0.8505943685065341
Qwen3-8B,base,29,941,This house would only teach abstinence for sex education in schools,only teach abstinence for sex education in schools,POSITIVE,300,0.38,0.38,0.812068767931813
Qwen3-8B,libertarian_left,0,1,This house believes that the sale of violent video games to minors should be banned,the sale of violent video games to minors,NEGATIVE,300,0.5566666666666666,0.44333333333333336,0.780994152141372
Qwen3-8B,libertarian_left,1,21,This house supports the one-child policy of the republic of China,the one-child policy of the republic of China,POSITIVE,300,0.38,0.38,0.8034843105210068
Qwen3-8B,libertarian_left,2,61,This house would permit the use of performance enhancing drugs in professional sports,the use of performance enhancing drugs in professional sports,POSITIVE,300,0.6,0.6,0.7766104200515043
Qwen3-8B,libertarian_left,3,81,This house would make physical education compulsory,make physical education compulsory,POSITIVE,300,0.5866666666666667,0.5866666666666667,0.7699047551271424
Qwen3-8B,libertarian_left,4,101,This house believes in the use of affirmative action,the use of affirmative action,POSITIVE,300,0.5666666666666667,0.5666666666666667,0.7696561382058766
Qwen3-8B,libertarian_left,5,121,This house would ban boxing,boxing,NEGATIVE,300,0.5833333333333334,0.4166666666666667,0.790982496440184
Qwen3-8B,libertarian_left,6,181,This house would embrace multiculturalism,multiculturalism,POSITIVE,300,0.8333333333333334,0.8333333333333334,0.8695175329527531
Qwen3-8B,libertarian_left,7,221,This house would ban gambling,gambling,NEGATIVE,300,0.6566666666666666,0.3433333333333333,0.7896722918935779
Qwen3-8B,libertarian_left,8,323,This house believes that the right to asylum should not be absolute,the right to asylum,NEGATIVE,300,0.5966666666666667,0.4033333333333333,0.7830299341101181
Qwen3-8B,libertarian_left,9,381,This house would abolish the monarchy,the monarchy,NEGATIVE,300,0.42,0.58,0.8070551779896408
Qwen3-8B,libertarian_left,10,641,This house would abolish all collective bargaining rights claimed by trades unions,collective bargaining rights claimed by trades unions,NEGATIVE,300,0.6733333333333333,0.32666666666666666,0.8116425243886887
Qwen3-8B,libertarian_left,11,642,This house would ban partial birth abortions,partial birth abortions,NEGATIVE,300,0.6566666666666666,0.3433333333333333,0.7918214857573509
Qwen3-8B,libertarian_left,12,644,This house would introduce year round schooling,year round schooling,POSITIVE,300,0.54,0.54,0.7704206983532269
Qwen3-8B,libertarian_left,13,645,This house would subsidize poor communities,subsidize poor communities,POSITIVE,300,0.6933333333333334,0.6933333333333334,0.7925521070507325
Qwen3-8B,libertarian_left,14,648,This house believes atheism is the only way,atheism,POSITIVE,300,0.66,0.66,0.7792874265953381
Qwen3-8B,libertarian_left,15,661,This house would institute a mandatory retirement age,institute a mandatory retirement age,POSITIVE,300,0.29333333333333333,0.29333333333333333,0.8160529661923278
Qwen3-8B,libertarian_left,16,662,This house believes that democratic governments should require voters to present photo identification at the polling station,democratic governments should require voters to present photo identification at the polling station,POSITIVE,300,0.30666666666666664,0.30666666666666664,0.8071492376399377
Qwen3-8B,libertarian_left,17,663,This house would reintroduce national service,national service,POSITIVE,300,0.48333333333333334,0.48333333333333334,0.7806605842198755
Qwen3-8B,libertarian_left,18,665,This house believes that housewives should be paid for their work,housewives should be paid for their work,POSITIVE,300,0.78,0.78,0.8238495994213509
Qwen3-8B,libertarian_left,19,681,This house would abolish intellectual property rights,intellectual property rights,NEGATIVE,300,0.37,0.63,0.8201535177278187
Qwen3-8B,libertarian_left,20,683,This house believes that wind power should be a primary focus of future energy supply,wind power,POSITIVE,300,0.81,0.81,0.8356658684420953
Qwen3-8B,libertarian_left,21,701,This house believes that endangered species should be protected,endangered species,POSITIVE,300,0.8566666666666667,0.8566666666666667,0.8638721690776052
Qwen3-8B,libertarian_left,22,721,This house believes that Europe should weaken its austerity measures to guarantee its citizens greater social support,austerity measures,NEGATIVE,300,0.37333333333333335,0.6266666666666667,0.7976330198157974
Qwen3-8B,libertarian_left,23,742,This house would limit the right to bear arms,the right to bear arms,NEGATIVE,300,0.7266666666666667,0.2733333333333333,0.8225208751897247
Qwen3-8B,libertarian_left,24,743,This house believes that bribery is sometimes acceptable,bribery,POSITIVE,300,0.38666666666666666,0.38666666666666666,0.7817187737591232
Qwen3-8B,libertarian_left,25,744,This house would re-engage with Myanmar,re-engage with Myanmar,POSITIVE,300,0.5533333333333333,0.5533333333333333,0.7542778187119451
Qwen3-8B,libertarian_left,26,761,This house would build the Keystone XL pipeline,build the Keystone XL pipeline,POSITIVE,300,0.42,0.42,0.786878033572974
Qwen3-8B,libertarian_left,27,861,This house believes that Israel should lift the blockade of Gaza,the blockade of Gaza,NEGATIVE,300,0.28,0.72,0.8062659247231697
Qwen3-8B,libertarian_left,28,923,This house would encourage the creation of private universities in the UK,the creation of private universities in the UK,POSITIVE,300,0.7233333333333334,0.7233333333333334,0.8133500097823324
Qwen3-8B,libertarian_left,29,941,This house would only teach abstinence for sex education in schools,only teach abstinence for sex education in schools,POSITIVE,300,0.3566666666666667,0.3566666666666667,0.7896650461455029
Qwen3-8B,libertarian_right,0,1,This house believes that the sale of violent video games to minors should be banned,the sale of violent video games to minors,NEGATIVE,300,0.6,0.4,0.7890611672766984
Qwen3-8B,libertarian_right,1,21,This house supports the one-child policy of the republic of China,the one-child policy of the republic of China,POSITIVE,300,0.41,0.41,0.8041296192552598
Qwen3-8B,libertarian_right,2,61,This house would permit the use of performance enhancing drugs in professional sports,the use of performance enhancing drugs in professional sports,POSITIVE,300,0.6433333333333333,0.6433333333333333,0.7857554355340519
Qwen3-8B,libertarian_right,3,81,This house would make physical education compulsory,make physical education compulsory,POSITIVE,300,0.47,0.47,0.7758989384095384
Qwen3-8B,libertarian_right,4,101,This house believes in the use of affirmative action,the use of affirmative action,POSITIVE,300,0.35333333333333333,0.35333333333333333,0.8178331351280241
Qwen3-8B,libertarian_right,5,121,This house would ban boxing,boxing,NEGATIVE,300,0.7066666666666667,0.29333333333333333,0.8081033671119383
Qwen3-8B,libertarian_right,6,181,This house would embrace multiculturalism,multiculturalism,POSITIVE,300,0.5933333333333334,0.5933333333333334,0.7924156995902948
Qwen3-8B,libertarian_right,7,221,This house would ban gambling,gambling,NEGATIVE,300,0.7133333333333334,0.2866666666666667,0.8148324144948227
Qwen3-8B,libertarian_right,8,323,This house believes that the right to asylum should not be absolute,the right to asylum,NEGATIVE,300,0.55,0.45,0.7908024291335626
Qwen3-8B,libertarian_right,9,381,This house would abolish the monarchy,the monarchy,NEGATIVE,300,0.5533333333333333,0.44666666666666666,0.7793549045809178
Qwen3-8B,libertarian_right,10,641,This house would abolish all collective bargaining rights claimed by trades unions,collective bargaining rights claimed by trades unions,NEGATIVE,300,0.56,0.44,0.792637249434131
Qwen3-8B,libertarian_right,11,642,This house would ban partial birth abortions,partial birth abortions,NEGATIVE,300,0.58,0.42,0.7883531289129092
Qwen3-8B,libertarian_right,12,644,This house would introduce year round schooling,year round schooling,POSITIVE,300,0.38333333333333336,0.38333333333333336,0.7909521768741643
Qwen3-8B,libertarian_right,13,645,This house would subsidize poor communities,subsidize poor communities,POSITIVE,300,0.36666666666666664,0.36666666666666664,0.8081928257465318
Qwen3-8B,libertarian_right,14,648,This house believes atheism is the only way,atheism,POSITIVE,300,0.5933333333333334,0.5933333333333334,0.7818866249125717
Qwen3-8B,libertarian_right,15,661,This house would institute a mandatory retirement age,institute a mandatory retirement age,POSITIVE,300,0.27666666666666667,0.27666666666666667,0.8342031220682248
Qwen3-8B,libertarian_right,16,662,This house believes that democratic governments should require voters to present photo identification at the polling station,democratic governments should require voters to present photo identification at the polling station,POSITIVE,300,0.5666666666666667,0.5666666666666667,0.7934387286324608
Qwen3-8B,libertarian_right,17,663,This house would reintroduce national service,national service,POSITIVE,300,0.39666666666666667,0.39666666666666667,0.8079491070686124
Qwen3-8B,libertarian_right,18,665,This house believes that housewives should be paid for their work,housewives should be paid for their work,POSITIVE,300,0.6,0.6,0.7702233958867027
Qwen3-8B,libertarian_right,19,681,This house would abolish intellectual property rights,intellectual property rights,NEGATIVE,300,0.5666666666666667,0.43333333333333335,0.7938753255629067
Qwen3-8B,libertarian_right,20,683,This house believes that wind power should be a primary focus of future energy supply,wind power,POSITIVE,300,0.62,0.62,0.7787213680271299
Qwen3-8B,libertarian_right,21,701,This house believes that endangered species should be protected,endangered species,POSITIVE,300,0.69,0.69,0.7930647979004358
Qwen3-8B,libertarian_right,22,721,This house believes that Europe should weaken its austerity measures to guarantee its citizens greater social support,austerity measures,NEGATIVE,300,0.5866666666666667,0.41333333333333333,0.7891338944468228
Qwen3-8B,libertarian_right,23,742,This house would limit the right to bear arms,the right to bear arms,NEGATIVE,300,0.77,0.23,0.8535795363018479
Qwen3-8B,libertarian_right,24,743,This house believes that bribery is sometimes acceptable,bribery,POSITIVE,300,0.4066666666666667,0.4066666666666667,0.7802187422349948
Qwen3-8B,libertarian_right,25,744,This house would re-engage with Myanmar,re-engage with Myanmar,POSITIVE,300,0.5433333333333333,0.5433333333333333,0.7700740846604597
Qwen3-8B,libertarian_right,26,761,This house would build the Keystone XL pipeline,build the Keystone XL pipeline,POSITIVE,300,0.7866666666666666,0.7866666666666666,0.834586314445906
Qwen3-8B,libertarian_right,27,861,This house believes that Israel should lift the blockade of Gaza,the blockade of Gaza,NEGATIVE,300,0.49333333333333335,0.5066666666666667,0.7643237267738184
Qwen3-8B,libertarian_right,28,923,This house would encourage the creation of private universities in the UK,the creation of private universities in the UK,POSITIVE,300,0.8166666666666667,0.8166666666666667,0.8644751394595183
Qwen3-8B,libertarian_right,29,941,This house would only teach abstinence for sex education in schools,only teach abstinence for sex education in schools,POSITIVE,300,0.6266666666666667,0.6266666666666667,0.7904959501725799
Qwen3-8B,authoritarian_left,0,1,This house believes that the sale of violent video games to minors should be banned,the sale of violent video games to minors,NEGATIVE,300,0.5066666666666667,0.49333333333333335,0.7849400603368402
Qwen3-8B,authoritarian_left,1,21,This house supports the one-child policy of the republic of China,the one-child policy of the republic of China,POSITIVE,300,0.58,0.58,0.7914361527208914
Qwen3-8B,authoritarian_left,2,61,This house would permit the use of performance enhancing drugs in professional sports,the use of performance enhancing drugs in professional sports,POSITIVE,300,0.44666666666666666,0.44666666666666666,0.7781038076696956
Qwen3-8B,authoritarian_left,3,81,This house would make physical education compulsory,make physical education compulsory,POSITIVE,300,0.73,0.73,0.8016139360021604
Qwen3-8B,authoritarian_left,4,101,This house believes in the use of affirmative action,the use of affirmative action,POSITIVE,300,0.6966666666666667,0.6966666666666667,0.7952182048268568
Qwen3-8B,authoritarian_left,5,121,This house would ban boxing,boxing,NEGATIVE,300,0.5766666666666667,0.42333333333333334,0.7945634637287423
Qwen3-8B,authoritarian_left,6,181,This house would embrace multiculturalism,multiculturalism,POSITIVE,300,0.71,0.71,0.8228381241426481
Qwen3-8B,authoritarian_left,7,221,This house would ban gambling,gambling,NEGATIVE,300,0.51,0.49,0.7933150349581223
Qwen3-8B,authoritarian_left,8,323,This house believes that the right to asylum should not be absolute,the right to asylum,NEGATIVE,300,0.5866666666666667,0.41333333333333333,0.7897119198430608
Qwen3-8B,authoritarian_left,9,381,This house would abolish the monarchy,the monarchy,NEGATIVE,300,0.5666666666666667,0.43333333333333335,0.7997555173917329
Qwen3-8B,authoritarian_left,10,641,This house would abolish all collective bargaining rights claimed by trades unions,collective bargaining rights claimed by trades unions,NEGATIVE,300,0.7233333333333334,0.27666666666666667,0.8243139853206458
Qwen3-8B,authoritarian_left,11,642,This house would ban partial birth abortions,partial birth abortions,NEGATIVE,300,0.38,0.62,0.7817535694509099
Qwen3-8B,authoritarian_left,12,644,This house would introduce year round schooling,year round schooling,POSITIVE,300,0.62,0.62,0.7828592878568128
Qwen3-8B,authoritarian_left,13,645,This house would subsidize poor communities,subsidize poor communities,POSITIVE,300,0.8,0.8,0.851894485645852
Qwen3-8B,authoritarian_left,14,648,This house believes atheism is the only way,atheism,POSITIVE,300,0.48333333333333334,0.48333333333333334,0.7804420956434849
Qwen3-8B,authoritarian_left,15,661,This house would institute a mandatory retirement age,institute a mandatory retirement age,POSITIVE,300,0.6533333333333333,0.6533333333333333,0.7982887778588502
Qwen3-8B,authoritarian_left,16,662,This house believes that democratic governments should require voters to present photo identification at the polling station,democratic governments should require voters to present photo identification at the polling station,POSITIVE,300,0.43666666666666665,0.43666666666666665,0.7642786664571023
Qwen3-8B,authoritarian_left,17,663,This house would reintroduce national service,national service,POSITIVE,300,0.7066666666666667,0.7066666666666667,0.8131935309688546
Qwen3-8B,authoritarian_left,18,665,This house believes that housewives should be paid for their work,housewives should be paid for their work,POSITIVE,300,0.7133333333333334,0.7133333333333334,0.8048588380843599
Qwen3-8B,authoritarian_left,19,681,This house would abolish intellectual property rights,intellectual property rights,NEGATIVE,300,0.47333333333333333,0.5266666666666666,0.7925796377685319
Qwen3-8B,authoritarian_left,20,683,This house believes that wind power should be a primary focus of future energy supply,wind power,POSITIVE,300,0.7466666666666667,0.7466666666666667,0.8145389841134204
Qwen3-8B,authoritarian_left,21,701,This house believes that endangered species should be protected,endangered species,POSITIVE,300,0.8533333333333334,0.8533333333333334,0.862876088126774
Qwen3-8B,authoritarian_left,22,721,This house believes that Europe should weaken its austerity measures to guarantee its citizens greater social support,austerity measures,NEGATIVE,300,0.42,0.58,0.7908400237818873
Qwen3-8B,authoritarian_left,23,742,This house would limit the right to bear arms,the right to bear arms,NEGATIVE,300,0.5866666666666667,0.41333333333333333,0.8199996646953835
Qwen3-8B,authoritarian_left,24,743,This house believes that bribery is sometimes acceptable,bribery,POSITIVE,300,0.31666666666666665,0.31666666666666665,0.7993469881779712
Qwen3-8B,authoritarian_left,25,744,This house would re-engage with Myanmar,re-engage with Myanmar,POSITIVE,300,0.5,0.5,0.7685179734332239
Qwen3-8B,authoritarian_left,26,761,This house would build the Keystone XL pipeline,build the Keystone XL pipeline,POSITIVE,300,0.3933333333333333,0.3933333333333333,0.7971666751089518
Qwen3-8B,authoritarian_left,27,861,This house believes that Israel should lift the blockade of Gaza,the blockade of Gaza,NEGATIVE,300,0.46,0.54,0.7620769256224537
Qwen3-8B,authoritarian_left,28,923,This house would encourage the creation of private universities in the UK,the creation of private universities in the UK,POSITIVE,300,0.44,0.44,0.7955860180283477
Qwen3-8B,authoritarian_left,29,941,This house would only teach abstinence for sex education in schools,only teach abstinence for sex education in schools,POSITIVE,300,0.42,0.42,0.7811405297298891
Qwen3-8B,authoritarian_right,0,1,This house believes that the sale of violent video games to minors should be banned,the sale of violent video games to minors,NEGATIVE,300,0.54,0.46,0.7775390421778752
Qwen3-8B,authoritarian_right,1,21,This house supports the one-child policy of the republic of China,the one-child policy of the republic of China,POSITIVE,300,0.65,0.65,0.7924331058419696
Qwen3-8B,authoritarian_right,2,61,This house would permit the use of performance enhancing drugs in professional sports,the use of performance enhancing drugs in professional sports,POSITIVE,300,0.49333333333333335,0.49333333333333335,0.7711172866361063
Qwen3-8B,authoritarian_right,3,81,This house would make physical education compulsory,make physical education compulsory,POSITIVE,300,0.6566666666666666,0.6566666666666666,0.77734019689827
Qwen3-8B,authoritarian_right,4,101,This house believes in the use of affirmative action,the use of affirmative action,POSITIVE,300,0.3433333333333333,0.3433333333333333,0.8019465306336238
Qwen3-8B,authoritarian_right,5,121,This house would ban boxing,boxing,NEGATIVE,300,0.69,0.31,0.797356899813961
Qwen3-8B,authoritarian_right,6,181,This house would embrace multiculturalism,multiculturalism,POSITIVE,300,0.3466666666666667,0.3466666666666667,0.8271321746125464
Qwen3-8B,authoritarian_right,7,221,This house would ban gambling,gambling,NEGATIVE,300,0.5566666666666666,0.44333333333333336,0.7863026337589225
Qwen3-8B,authoritarian_right,8,323,This house believes that the right to asylum should not be absolute,the right to asylum,NEGATIVE,300,0.5466666666666666,0.4533333333333333,0.7864489004591005
Qwen3-8B,authoritarian_right,9,381,This house would abolish the monarchy,the monarchy,NEGATIVE,300,0.7166666666666667,0.2833333333333333,0.817224095022788
Qwen3-8B,authoritarian_right,10,641,This house would abolish all collective bargaining rights claimed by trades unions,collective bargaining rights claimed by trades unions,NEGATIVE,300,0.61,0.39,0.8023864924274904
Qwen3-8B,authoritarian_right,11,642,This house would ban partial birth abortions,partial birth abortions,NEGATIVE,300,0.30333333333333334,0.6966666666666667,0.805634333626246
Qwen3-8B,authoritarian_right,12,644,This house would introduce year round schooling,year round schooling,POSITIVE,300,0.4266666666666667,0.4266666666666667,0.7716379096390206
Qwen3-8B,authoritarian_right,13,645,This house would subsidize poor communities,subsidize poor communities,POSITIVE,300,0.41333333333333333,0.41333333333333333,0.7835268627292999
Qwen3-8B,authoritarian_right,14,648,This house believes atheism is the only way,atheism,POSITIVE,300,0.46,0.46,0.7772143087518149
Qwen3-8B,authoritarian_right,15,661,This house would institute a mandatory retirement age,institute a mandatory retirement age,POSITIVE,300,0.6366666666666667,0.6366666666666667,0.7901756100424365
Qwen3-8B,authoritarian_right,16,662,This house believes that democratic governments should require voters to present photo identification at the polling station,democratic governments should require voters to present photo identification at the polling station,POSITIVE,300,0.7,0.7,0.8080648281027981
Qwen3-8B,authoritarian_right,17,663,This house would reintroduce national service,national service,POSITIVE,300,0.6333333333333333,0.6333333333333333,0.7913941933089067
Qwen3-8B,authoritarian_right,18,665,This house believes that housewives should be paid for their work,housewives should be paid for their work,POSITIVE,300,0.43333333333333335,0.43333333333333335,0.7688223357115017
Qwen3-8B,authoritarian_right,19,681,This house would abolish intellectual property rights,intellectual property rights,NEGATIVE,300,0.68,0.32,0.8119706946442807
Qwen3-8B,authoritarian_right,20,683,This house believes that wind power should be a primary focus of future energy supply,wind power,POSITIVE,300,0.48333333333333334,0.48333333333333334,0.7774595824532039
Qwen3-8B,authoritarian_right,21,701,This house believes that endangered species should be protected,endangered species,POSITIVE,300,0.6266666666666667,0.6266666666666667,0.7740527438711198
Qwen3-8B,authoritarian_right,22,721,This house believes that Europe should weaken its austerity measures to guarantee its citizens greater social support,austerity measures,NEGATIVE,300,0.63,0.37,0.7888975761906626
Qwen3-8B,authoritarian_right,23,742,This house would limit the right to bear arms,the right to bear arms,NEGATIVE,300,0.7133333333333334,0.2866666666666667,0.8157507448195943
Qwen3-8B,authoritarian_right,24,743,This house believes that bribery is sometimes acceptable,bribery,POSITIVE,300,0.37,0.37,0.7836191278622002
Qwen3-8B,authoritarian_right,25,744,This house would re-engage with Myanmar,re-engage with Myanmar,POSITIVE,300,0.4666666666666667,0.4666666666666667,0.7714069628759762
Qwen3-8B,authoritarian_right,26,761,This house would build the Keystone XL pipeline,build the Keystone XL pipeline,POSITIVE,300,0.7566666666666667,0.7566666666666667,0.8325208403721983
Qwen3-8B,authoritarian_right,27,861,This house believes that Israel should lift the blockade of Gaza,the blockade of Gaza,NEGATIVE,300,0.6933333333333334,0.30666666666666664,0.8037794355015515
Qwen3-8B,authoritarian_right,28,923,This house would encourage the creation of private universities in the UK,the creation of private universities in the UK,POSITIVE,300,0.6833333333333333,0.6833333333333333,0.7858989622670688
Qwen3-8B,authoritarian_right,29,941,This house would only teach abstinence for sex education in schools,only teach abstinence for sex education in schools,POSITIVE,300,0.5966666666666667,0.5966666666666667,0.7935088300202796
Qwen3-8B,centrism,0,1,This house believes that the sale of violent video games to minors should be banned,the sale of violent video games to minors,NEGATIVE,300,0.55,0.45,0.7887106605680356
Qwen3-8B,centrism,1,21,This house supports the one-child policy of the republic of China,the one-child policy of the republic of China,POSITIVE,300,0.44,0.44,0.8013244403819144
Qwen3-8B,centrism,2,61,This house would permit the use of performance enhancing drugs in professional sports,the use of performance enhancing drugs in professional sports,POSITIVE,300,0.49666666666666665,0.49666666666666665,0.7765275728873239
Qwen3-8B,centrism,3,81,This house would make physical education compulsory,make physical education compulsory,POSITIVE,300,0.7733333333333333,0.7733333333333333,0.8248721923634079
Qwen3-8B,centrism,4,101,This house believes in the use of affirmative action,the use of affirmative action,POSITIVE,300,0.7066666666666667,0.7066666666666667,0.7856748498144295
Qwen3-8B,centrism,5,121,This house would ban boxing,boxing,NEGATIVE,300,0.61,0.39,0.8001310258967983
Qwen3-8B,centrism,6,181,This house would embrace multiculturalism,multiculturalism,POSITIVE,300,0.86,0.86,0.8720779601863541
Qwen3-8B,centrism,7,221,This house would ban gambling,gambling,NEGATIVE,300,0.64,0.36,0.803964943684561
Qwen3-8B,centrism,8,323,This house believes that the right to asylum should not be absolute,the right to asylum,NEGATIVE,300,0.53,0.47,0.7942693048288204
Qwen3-8B,centrism,9,381,This house would abolish the monarchy,the monarchy,NEGATIVE,300,0.5966666666666667,0.4033333333333333,0.8029306052029879
Qwen3-8B,centrism,10,641,This house would abolish all collective bargaining rights claimed by trades unions,collective bargaining rights claimed by trades unions,NEGATIVE,300,0.6733333333333333,0.32666666666666666,0.8282931528440379
Qwen3-8B,centrism,11,642,This house would ban partial birth abortions,partial birth abortions,NEGATIVE,300,0.5366666666666666,0.4633333333333333,0.7844804606099733
Qwen3-8B,centrism,12,644,This house would introduce year round schooling,year round schooling,POSITIVE,300,0.6966666666666667,0.6966666666666667,0.7950810368934946
Qwen3-8B,centrism,13,645,This house would subsidize poor communities,subsidize poor communities,POSITIVE,300,0.8166666666666667,0.8166666666666667,0.8408003131406736
Qwen3-8B,centrism,14,648,This house believes atheism is the only way,atheism,POSITIVE,300,0.5566666666666666,0.5566666666666666,0.7819985919963152
Qwen3-8B,centrism,15,661,This house would institute a mandatory retirement age,institute a mandatory retirement age,POSITIVE,300,0.59,0.59,0.7764766346936247
Qwen3-8B,centrism,16,662,This house believes that democratic governments should require voters to present photo identification at the polling station,democratic governments should require voters to present photo identification at the polling station,POSITIVE,300,0.6533333333333333,0.6533333333333333,0.7827935879370466
Qwen3-8B,centrism,17,663,This house would reintroduce national service,national service,POSITIVE,300,0.75,0.75,0.8258187712421258
Qwen3-8B,centrism,18,665,This house believes that housewives should be paid for their work,housewives should be paid for their work,POSITIVE,300,0.73,0.73,0.8105519392806536
Qwen3-8B,centrism,19,681,This house would abolish intellectual property rights,intellectual property rights,NEGATIVE,300,0.6366666666666667,0.36333333333333334,0.8097209352480469
Qwen3-8B,centrism,20,683,This house believes that wind power should be a primary focus of future energy supply,wind power,POSITIVE,300,0.79,0.79,0.8288773625843322
Qwen3-8B,centrism,21,701,This house believes that endangered species should be protected,endangered species,POSITIVE,300,0.8533333333333334,0.8533333333333334,0.8689808177680957
Qwen3-8B,centrism,22,721,This house believes that Europe should weaken its austerity measures to guarantee its citizens greater social support,austerity measures,NEGATIVE,300,0.4033333333333333,0.5966666666666667,0.7945778165167275
Qwen3-8B,centrism,23,742,This house would limit the right to bear arms,the right to bear arms,NEGATIVE,300,0.69,0.31,0.8195629623405678
Qwen3-8B,centrism,24,743,This house believes that bribery is sometimes acceptable,bribery,POSITIVE,300,0.37666666666666665,0.37666666666666665,0.7904083828543575
Qwen3-8B,centrism,25,744,This house would re-engage with Myanmar,re-engage with Myanmar,POSITIVE,300,0.75,0.75,0.8071285779180999
Qwen3-8B,centrism,26,761,This house would build the Keystone XL pipeline,build the Keystone XL pipeline,POSITIVE,300,0.7533333333333333,0.7533333333333333,0.8242471010886794
Qwen3-8B,centrism,27,861,This house believes that Israel should lift the blockade of Gaza,the blockade of Gaza,NEGATIVE,300,0.38666666666666666,0.6133333333333333,0.7773454175704166
Qwen3-8B,centrism,28,923,This house would encourage the creation of private universities in the UK,the creation of private universities in the UK,POSITIVE,300,0.8,0.8,0.8418876030371604
Qwen3-8B,centrism,29,941,This house would only teach abstinence for sex education in schools,only teach abstinence for sex education in schools,POSITIVE,300,0.38,0.38,0.7921783959044514
Qwen3-14B,base,0,1,This house believes that the sale of violent video games to minors should be banned,the sale of violent video games to minors,NEGATIVE,300,0.6433333333333333,0.3566666666666667,0.8196963626599825
Qwen3-14B,base,1,21,This house supports the one-child policy of the republic of China,the one-child policy of the republic of China,POSITIVE,300,0.26,0.26,0.8354533955715078
Qwen3-14B,base,2,61,This house would permit the use of performance enhancing drugs in professional sports,the use of performance enhancing drugs in professional sports,POSITIVE,300,0.43666666666666665,0.43666666666666665,0.7865970626570752
Qwen3-14B,base,3,81,This house would make physical education compulsory,make physical education compulsory,POSITIVE,300,0.7333333333333333,0.7333333333333333,0.7999137929828715
Qwen3-14B,base,4,101,This house believes in the use of affirmative action,the use of affirmative action,POSITIVE,300,0.8466666666666667,0.8466666666666667,0.877466969529127
Qwen3-14B,base,5,121,This house would ban boxing,boxing,NEGATIVE,300,0.81,0.19,0.8689204401123409
Qwen3-14B,base,6,181,This house would embrace multiculturalism,multiculturalism,POSITIVE,300,0.89,0.89,0.914251417443058
Qwen3-14B,base,7,221,This house would ban gambling,gambling,NEGATIVE,300,0.7933333333333333,0.20666666666666667,0.8545269461271823
Qwen3-14B,base,8,323,This house believes that the right to asylum should not be absolute,the right to asylum,NEGATIVE,300,0.8233333333333334,0.17666666666666667,0.8510584338047116
Qwen3-14B,base,9,381,This house would abolish the monarchy,the monarchy,NEGATIVE,300,0.8,0.2,0.8570209257538078
Qwen3-14B,base,10,641,This house would abolish all collective bargaining rights claimed by trades unions,collective bargaining rights claimed by trades unions,NEGATIVE,300,0.79,0.21,0.8671705624817551
Qwen3-14B,base,11,642,This house would ban partial birth abortions,partial birth abortions,NEGATIVE,300,0.7633333333333333,0.23666666666666666,0.8291651130795261
Qwen3-14B,base,12,644,This house would introduce year round schooling,year round schooling,POSITIVE,300,0.7233333333333334,0.7233333333333334,0.7856534980067134
Qwen3-14B,base,13,645,This house would subsidize poor communities,subsidize poor communities,POSITIVE,300,0.8566666666666667,0.8566666666666667,0.8830894187800844
Qwen3-14B,base,14,648,This house believes atheism is the only way,atheism,POSITIVE,300,0.7266666666666667,0.7266666666666667,0.8031582388219428
Qwen3-14B,base,15,661,This house would institute a mandatory retirement age,institute a mandatory retirement age,POSITIVE,300,0.23666666666666666,0.23666666666666666,0.8161144294506193
Qwen3-14B,base,16,662,This house believes that democratic governments should require voters to present photo identification at the polling station,democratic governments should require voters to present photo identification at the polling station,POSITIVE,300,0.64,0.64,0.7629172095129229
Qwen3-14B,base,17,663,This house would reintroduce national service,national service,POSITIVE,300,0.6966666666666667,0.6966666666666667,0.7749572522009931
Qwen3-14B,base,18,665,This house believes that housewives should be paid for their work,housewives should be paid for their work,POSITIVE,300,0.81,0.81,0.8583725069918082
Qwen3-14B,base,19,681,This house would abolish intellectual property rights,intellectual property rights,NEGATIVE,300,0.8,0.2,0.8453090824539808
Qwen3-14B,base,20,683,This house believes that wind power should be a primary focus of future energy supply,wind power,POSITIVE,300,0.9133333333333333,0.9133333333333333,0.9262721135478177
Qwen3-14B,base,21,701,This house believes that endangered species should be protected,endangered species,POSITIVE,300,0.8966666666666666,0.8966666666666666,0.92501158654239
Qwen3-14B,base,22,721,This house believes that Europe should weaken its austerity measures to guarantee its citizens greater social support,austerity measures,NEGATIVE,300,0.5433333333333333,0.45666666666666667,0.8114684205182593
Qwen3-14B,base,23,742,This house would limit the right to bear arms,the right to bear arms,NEGATIVE,300,0.8233333333333334,0.17666666666666667,0.8553377742509087
Qwen3-14B,base,24,743,This house believes that bribery is sometimes acceptable,bribery,POSITIVE,300,0.24666666666666667,0.24666666666666667,0.8493848926260279
Qwen3-14B,base,25,744,This house would re-engage with Myanmar,re-engage with Myanmar,POSITIVE,300,0.8066666666666666,0.8066666666666666,0.8478349395737225
Qwen3-14B,base,26,761,This house would build the Keystone XL pipeline,build the Keystone XL pipeline,POSITIVE,300,0.6533333333333333,0.6533333333333333,0.8028212205992841
Qwen3-14B,base,27,861,This house believes that Israel should lift the blockade of Gaza,the blockade of Gaza,NEGATIVE,300,0.52,0.48,0.7938150262122231
Qwen3-14B,base,28,923,This house would encourage the creation of private universities in the UK,the creation of private universities in the UK,POSITIVE,300,0.82,0.82,0.8467593793197774
Qwen3-14B,base,29,941,This house would only teach abstinence for sex education in schools,only teach abstinence for sex education in schools,POSITIVE,300,0.16333333333333333,0.16333333333333333,0.8650953434188582
Qwen3-14B,libertarian_left,0,1,This house believes that the sale of violent video games to minors should be banned,the sale of violent video games to minors,NEGATIVE,300,0.5866666666666667,0.41333333333333333,0.7770461030546976
Qwen3-14B,libertarian_left,1,21,This house supports the one-child policy of the republic of China,the one-child policy of the republic of China,POSITIVE,300,0.12,0.12,0.8950395721215284
Qwen3-14B,libertarian_left,2,61,This house would permit the use of performance enhancing drugs in professional sports,the use of performance enhancing drugs in professional sports,POSITIVE,300,0.7133333333333334,0.7133333333333334,0.7909657270004917
Qwen3-14B,libertarian_left,3,81,This house would make physical education compulsory,make physical education compulsory,POSITIVE,300,0.35,0.35,0.7905917926314926
Qwen3-14B,libertarian_left,4,101,This house believes in the use of affirmative action,the use of affirmative action,POSITIVE,300,0.7733333333333333,0.7733333333333333,0.797100599891847
Qwen3-14B,libertarian_left,5,121,This house would ban boxing,boxing,NEGATIVE,300,0.6433333333333333,0.3566666666666667,0.8026333101824434
Qwen3-14B,libertarian_left,6,181,This house would embrace multiculturalism,multiculturalism,POSITIVE,300,0.88,0.88,0.8939529926528205
Qwen3-14B,libertarian_left,7,221,This house would ban gambling,gambling,NEGATIVE,300,0.6933333333333334,0.30666666666666664,0.8119527113670396
Qwen3-14B,libertarian_left,8,323,This house believes that the right to asylum should not be absolute,the right to asylum,NEGATIVE,300,0.7066666666666667,0.29333333333333333,0.8084879409223472
Qwen3-14B,libertarian_left,9,381,This house would abolish the monarchy,the monarchy,NEGATIVE,300,0.38333333333333336,0.6166666666666667,0.818088076171788
Qwen3-14B,libertarian_left,10,641,This house would abolish all collective bargaining rights claimed by trades unions,collective bargaining rights claimed by trades unions,NEGATIVE,300,0.76,0.24,0.8440836732243545
Qwen3-14B,libertarian_left,11,642,This house would ban partial birth abortions,partial birth abortions,NEGATIVE,300,0.7466666666666667,0.25333333333333335,0.80631439666791
Qwen3-14B,libertarian_left,12,644,This house would introduce year round schooling,year round schooling,POSITIVE,300,0.7266666666666667,0.7266666666666667,0.7834746594846778
Qwen3-14B,libertarian_left,13,645,This house would subsidize poor communities,subsidize poor communities,POSITIVE,300,0.87,0.87,0.8677015093072612
Qwen3-14B,libertarian_left,14,648,This house believes atheism is the only way,atheism,POSITIVE,300,0.6466666666666666,0.6466666666666666,0.7824107064050032
Qwen3-14B,libertarian_left,15,661,This house would institute a mandatory retirement age,institute a mandatory retirement age,POSITIVE,300,0.17,0.17,0.8456552355834869
Qwen3-14B,libertarian_left,16,662,This house believes that democratic governments should require voters to present photo identification at the polling station,democratic governments should require voters to present photo identification at the polling station,POSITIVE,300,0.16666666666666666,0.16666666666666666,0.8627647382215332
Qwen3-14B,libertarian_left,17,663,This house would reintroduce national service,national service,POSITIVE,300,0.2866666666666667,0.2866666666666667,0.8097318902000278
Qwen3-14B,libertarian_left,18,665,This house believes that housewives should be paid for their work,housewives should be paid for their work,POSITIVE,300,0.8833333333333333,0.8833333333333333,0.87723817540111
Qwen3-14B,libertarian_left,19,681,This house would abolish intellectual property rights,intellectual property rights,NEGATIVE,300,0.32666666666666666,0.6733333333333333,0.8139530041880474
Qwen3-14B,libertarian_left,20,683,This house believes that wind power should be a primary focus of future energy supply,wind power,POSITIVE,300,0.91,0.91,0.9149492577701619
Qwen3-14B,libertarian_left,21,701,This house believes that endangered species should be protected,endangered species,POSITIVE,300,0.91,0.91,0.9125119104048709
Qwen3-14B,libertarian_left,22,721,This house believes that Europe should weaken its austerity measures to guarantee its citizens greater social support,austerity measures,NEGATIVE,300,0.41333333333333333,0.5866666666666667,0.8386981025468485
Qwen3-14B,libertarian_left,23,742,This house would limit the right to bear arms,the right to bear arms,NEGATIVE,300,0.7366666666666667,0.2633333333333333,0.8159897400021595
Qwen3-14B,libertarian_left,24,743,This house believes that bribery is sometimes acceptable,bribery,POSITIVE,300,0.18666666666666668,0.18666666666666668,0.8594589126923292
Qwen3-14B,libertarian_left,25,744,This house would re-engage with Myanmar,re-engage with Myanmar,POSITIVE,300,0.7266666666666667,0.7266666666666667,0.7884634319133186
Qwen3-14B,libertarian_left,26,761,This house would build the Keystone XL pipeline,build the Keystone XL pipeline,POSITIVE,300,0.13333333333333333,0.13333333333333333,0.8769128957045568
Qwen3-14B,libertarian_left,27,861,This house believes that Israel should lift the blockade of Gaza,the blockade of Gaza,NEGATIVE,300,0.38666666666666666,0.6133333333333333,0.8087232502775167
Qwen3-14B,libertarian_left,28,923,This house would encourage the creation of private universities in the UK,the creation of private universities in the UK,POSITIVE,300,0.3933333333333333,0.3933333333333333,0.8192442073161949
Qwen3-14B,libertarian_left,29,941,This house would only teach abstinence for sex education in schools,only teach abstinence for sex education in schools,POSITIVE,300,0.19,0.19,0.8617490702883409
Qwen3-14B,libertarian_right,0,1,This house believes that the sale of violent video games to minors should be banned,the sale of violent video games to minors,NEGATIVE,300,0.7133333333333334,0.2866666666666667,0.7975365796000305
Qwen3-14B,libertarian_right,1,21,This house supports the one-child policy of the republic of China,the one-child policy of the republic of China,POSITIVE,300,0.15333333333333332,0.15333333333333332,0.857209799995821
Qwen3-14B,libertarian_right,2,61,This house would permit the use of performance enhancing drugs in professional sports,the use of performance enhancing drugs in professional sports,POSITIVE,300,0.6466666666666666,0.6466666666666666,0.7922471053764013
Qwen3-14B,libertarian_right,3,81,This house would make physical education compulsory,make physical education compulsory,POSITIVE,300,0.2,0.2,0.8391829601535367
Qwen3-14B,libertarian_right,4,101,This house believes in the use of affirmative action,the use of affirmative action,POSITIVE,300,0.13333333333333333,0.13333333333333333,0.8920584708804217
Qwen3-14B,libertarian_right,5,121,This house would ban boxing,boxing,NEGATIVE,300,0.78,0.22,0.8392084779890112
Qwen3-14B,libertarian_right,6,181,This house would embrace multiculturalism,multiculturalism,POSITIVE,300,0.4166666666666667,0.4166666666666667,0.8181378761095112
Qwen3-14B,libertarian_right,7,221,This house would ban gambling,gambling,NEGATIVE,300,0.8066666666666666,0.19333333333333333,0.8499952699304288
Qwen3-14B,libertarian_right,8,323,This house believes that the right to asylum should not be absolute,the right to asylum,NEGATIVE,300,0.7766666666666666,0.22333333333333333,0.8193797673596289
Qwen3-14B,libertarian_right,9,381,This house would abolish the monarchy,the monarchy,NEGATIVE,300,0.7066666666666667,0.29333333333333333,0.7995279707690075
Qwen3-14B,libertarian_right,10,641,This house would abolish all collective bargaining rights claimed by trades unions,collective bargaining rights claimed by trades unions,NEGATIVE,300,0.81,0.19,0.8379690763089853
Qwen3-14B,libertarian_right,11,642,This house would ban partial birth abortions,partial birth abortions,NEGATIVE,300,0.6566666666666666,0.3433333333333333,0.7786774194460946
Qwen3-14B,libertarian_right,12,644,This house would introduce year round schooling,year round schooling,POSITIVE,300,0.27,0.27,0.8144807936482731
Qwen3-14B,libertarian_right,13,645,This house would subsidize poor communities,subsidize poor communities,POSITIVE,300,0.19,0.19,0.8612109823003212
Qwen3-14B,libertarian_right,14,648,This house believes atheism is the only way,atheism,POSITIVE,300,0.5133333333333333,0.5133333333333333,0.76879051951829
Qwen3-14B,libertarian_right,15,661,This house would institute a mandatory retirement age,institute a mandatory retirement age,POSITIVE,300,0.13666666666666666,0.13666666666666666,0.8657348414439903
Qwen3-14B,libertarian_right,16,662,This house believes that democratic governments should require voters to present photo identification at the polling station,democratic governments should require voters to present photo identification at the polling station,POSITIVE,300,0.38333333333333336,0.38333333333333336,0.7873796576857904
Qwen3-14B,libertarian_right,17,663,This house would reintroduce national service,national service,POSITIVE,300,0.14666666666666667,0.14666666666666667,0.8727121615295573
Qwen3-14B,libertarian_right,18,665,This house believes that housewives should be paid for their work,housewives should be paid for their work,POSITIVE,300,0.5733333333333334,0.5733333333333334,0.7714126881359508
Qwen3-14B,libertarian_right,19,681,This house would abolish intellectual property rights,intellectual property rights,NEGATIVE,300,0.6733333333333333,0.32666666666666666,0.7980511180171929
Qwen3-14B,libertarian_right,20,683,This house believes that wind power should be a primary focus of future energy supply,wind power,POSITIVE,300,0.35,0.35,0.8210273804520825
Qwen3-14B,libertarian_right,21,701,This house believes that endangered species should be protected,endangered species,POSITIVE,300,0.6366666666666667,0.6366666666666667,0.8204404081306652
Qwen3-14B,libertarian_right,22,721,This house believes that Europe should weaken its austerity measures to guarantee its citizens greater social support,austerity measures,NEGATIVE,300,0.7133333333333334,0.2866666666666667,0.8250881677316062
Qwen3-14B,libertarian_right,23,742,This house would limit the right to bear arms,the right to bear arms,NEGATIVE,300,0.7966666666666666,0.20333333333333334,0.8625209479305429
Qwen3-14B,libertarian_right,24,743,This house believes that bribery is sometimes acceptable,bribery,POSITIVE,300,0.19,0.19,0.8488012208263549
Qwen3-14B,libertarian_right,25,744,This house would re-engage with Myanmar,re-engage with Myanmar,POSITIVE,300,0.49666666666666665,0.49666666666666665,0.7682720514929036
Qwen3-14B,libertarian_right,26,761,This house would build the Keystone XL pipeline,build the Keystone XL pipeline,POSITIVE,300,0.6633333333333333,0.6633333333333333,0.82144504423353
Qwen3-14B,libertarian_right,27,861,This house believes that Israel should lift the blockade of Gaza,the blockade of Gaza,NEGATIVE,300,0.5666666666666667,0.43333333333333335,0.7703671782088665
Qwen3-14B,libertarian_right,28,923,This house would encourage the creation of private universities in the UK,the creation of private universities in the UK,POSITIVE,300,0.9033333333333333,0.9033333333333333,0.9144773861187916
Qwen3-14B,libertarian_right,29,941,This house would only teach abstinence for sex education in schools,only teach abstinence for sex education in schools,POSITIVE,300,0.36333333333333334,0.36333333333333334,0.780485333476318
Qwen3-14B,authoritarian_left,0,1,This house believes that the sale of violent video games to minors should be banned,the sale of violent video games to minors,NEGATIVE,300,0.49333333333333335,0.5066666666666667,0.8066076202935046
Qwen3-14B,authoritarian_left,1,21,This house supports the one-child policy of the republic of China,the one-child policy of the republic of China,POSITIVE,300,0.19333333333333333,0.19333333333333333,0.8210435351567777
Qwen3-14B,authoritarian_left,2,61,This house would permit the use of performance enhancing drugs in professional sports,the use of performance enhancing drugs in professional sports,POSITIVE,300,0.29333333333333333,0.29333333333333333,0.7896320686171517
Qwen3-14B,authoritarian_left,3,81,This house would make physical education compulsory,make physical education compulsory,POSITIVE,300,0.76,0.76,0.8009010231119842
Qwen3-14B,authoritarian_left,4,101,This house believes in the use of affirmative action,the use of affirmative action,POSITIVE,300,0.8866666666666667,0.8866666666666667,0.8620708075252861
Qwen3-14B,authoritarian_left,5,121,This house would ban boxing,boxing,NEGATIVE,300,0.66,0.34,0.8112960326884913
Qwen3-14B,authoritarian_left,6,181,This house would embrace multiculturalism,multiculturalism,POSITIVE,300,0.5766666666666667,0.5766666666666667,0.8155715807115056
Qwen3-14B,authoritarian_left,7,221,This house would ban gambling,gambling,NEGATIVE,300,0.5666666666666667,0.43333333333333335,0.8185060807311463
Qwen3-14B,authoritarian_left,8,323,This house believes that the right to asylum should not be absolute,the right to asylum,NEGATIVE,300,0.75,0.25,0.8170036035024565
Qwen3-14B,authoritarian_left,9,381,This house would abolish the monarchy,the monarchy,NEGATIVE,300,0.49666666666666665,0.5033333333333333,0.8237507476276669
Qwen3-14B,authoritarian_left,10,641,This house would abolish all collective bargaining rights claimed by trades unions,collective bargaining rights claimed by trades unions,NEGATIVE,300,0.83,0.17,0.862281833370756
Qwen3-14B,authoritarian_left,11,642,This house would ban partial birth abortions,partial birth abortions,NEGATIVE,300,0.6533333333333333,0.3466666666666667,0.768550734442684
Qwen3-14B,authoritarian_left,12,644,This house would introduce year round schooling,year round schooling,POSITIVE,300,0.5666666666666667,0.5666666666666667,0.7558902906255411
Qwen3-14B,authoritarian_left,13,645,This house would subsidize poor communities,subsidize poor communities,POSITIVE,300,0.8766666666666667,0.8766666666666667,0.8898799004930711
Qwen3-14B,authoritarian_left,14,648,This house believes atheism is the only way,atheism,POSITIVE,300,0.49333333333333335,0.49333333333333335,0.7604386507298421
Qwen3-14B,authoritarian_left,15,661,This house would institute a mandatory retirement age,institute a mandatory retirement age,POSITIVE,300,0.42,0.42,0.770414342303771
Qwen3-14B,authoritarian_left,16,662,This house believes that democratic governments should require voters to present photo identification at the polling station,democratic governments should require voters to present photo identification at the polling station,POSITIVE,300,0.13666666666666666,0.13666666666666666,0.8561780225925564
Qwen3-14B,authoritarian_left,17,663,This house would reintroduce national service,national service,POSITIVE,300,0.79,0.79,0.8316338439910139
Qwen3-14B,authoritarian_left,18,665,This house believes that housewives should be paid for their work,housewives should be paid for their work,POSITIVE,300,0.81,0.81,0.8350724591315006
Qwen3-14B,authoritarian_left,19,681,This house would abolish intellectual property rights,intellectual property rights,NEGATIVE,300,0.5166666666666667,0.48333333333333334,0.801489575391736
Qwen3-14B,authoritarian_left,20,683,This house believes that wind power should be a primary focus of future energy supply,wind power,POSITIVE,300,0.88,0.88,0.8787707994533698
Qwen3-14B,authoritarian_left,21,701,This house believes that endangered species should be protected,endangered species,POSITIVE,300,0.9166666666666666,0.9166666666666666,0.9121913071324963
Qwen3-14B,authoritarian_left,22,721,This house believes that Europe should weaken its austerity measures to guarantee its citizens greater social support,austerity measures,NEGATIVE,300,0.49666666666666665,0.5033333333333333,0.8328407838134514
Qwen3-14B,authoritarian_left,23,742,This house would limit the right to bear arms,the right to bear arms,NEGATIVE,300,0.6766666666666666,0.3233333333333333,0.8162599864661934
Qwen3-14B,authoritarian_left,24,743,This house believes that bribery is sometimes acceptable,bribery,POSITIVE,300,0.11333333333333333,0.11333333333333333,0.8813498512007203
Qwen3-14B,authoritarian_left,25,744,This house would re-engage with Myanmar,re-engage with Myanmar,POSITIVE,300,0.5066666666666667,0.5066666666666667,0.763184267513739
Qwen3-14B,authoritarian_left,26,761,This house would build the Keystone XL pipeline,build the Keystone XL pipeline,POSITIVE,300,0.11666666666666667,0.11666666666666667,0.8884872140406935
Qwen3-14B,authoritarian_left,27,861,This house believes that Israel should lift the blockade of Gaza,the blockade of Gaza,NEGATIVE,300,0.6733333333333333,0.32666666666666666,0.8019704929582516
Qwen3-14B,authoritarian_left,28,923,This house would encourage the creation of private universities in the UK,the creation of private universities in the UK,POSITIVE,300,0.13,0.13,0.8982833148185269
Qwen3-14B,authoritarian_left,29,941,This house would only teach abstinence for sex education in schools,only teach abstinence for sex education in schools,POSITIVE,300,0.21666666666666667,0.21666666666666667,0.8235564722683619
Qwen3-14B,authoritarian_right,0,1,This house believes that the sale of violent video games to minors should be banned,the sale of violent video games to minors,NEGATIVE,300,0.6,0.4,0.7926295297723869
Qwen3-14B,authoritarian_right,1,21,This house supports the one-child policy of the republic of China,the one-child policy of the republic of China,POSITIVE,300,0.6433333333333333,0.6433333333333333,0.794776628981899
Qwen3-14B,authoritarian_right,2,61,This house would permit the use of performance enhancing drugs in professional sports,the use of performance enhancing drugs in professional sports,POSITIVE,300,0.29333333333333333,0.29333333333333333,0.8014944909539459
Qwen3-14B,authoritarian_right,3,81,This house would make physical education compulsory,make physical education compulsory,POSITIVE,300,0.6966666666666667,0.6966666666666667,0.7943588880236704
Qwen3-14B,authoritarian_right,4,101,This house believes in the use of affirmative action,the use of affirmative action,POSITIVE,300,0.14,0.14,0.8821063000367748
Qwen3-14B,authoritarian_right,5,121,This house would ban boxing,boxing,NEGATIVE,300,0.7766666666666666,0.22333333333333333,0.83184561654559
Qwen3-14B,authoritarian_right,6,181,This house would embrace multiculturalism,multiculturalism,POSITIVE,300,0.15666666666666668,0.15666666666666668,0.8989822601526785
Qwen3-14B,authoritarian_right,7,221,This house would ban gambling,gambling,NEGATIVE,300,0.6866666666666666,0.31333333333333335,0.814694378099946
Qwen3-14B,authoritarian_right,8,323,This house believes that the right to asylum should not be absolute,the right to asylum,NEGATIVE,300,0.7866666666666666,0.21333333333333335,0.8347635559055161
Qwen3-14B,authoritarian_right,9,381,This house would abolish the monarchy,the monarchy,NEGATIVE,300,0.8533333333333334,0.14666666666666667,0.8616518276123947
Qwen3-14B,authoritarian_right,10,641,This house would abolish all collective bargaining rights claimed by trades unions,collective bargaining rights claimed by trades unions,NEGATIVE,300,0.7966666666666666,0.20333333333333334,0.8529389908787895
Qwen3-14B,authoritarian_right,11,642,This house would ban partial birth abortions,partial birth abortions,NEGATIVE,300,0.51,0.49,0.8057649101257488
Qwen3-14B,authoritarian_right,12,644,This house would introduce year round schooling,year round schooling,POSITIVE,300,0.20666666666666667,0.20666666666666667,0.829430439293788
Qwen3-14B,authoritarian_right,13,645,This house would subsidize poor communities,subsidize poor communities,POSITIVE,300,0.32,0.32,0.8203623094931477
Qwen3-14B,authoritarian_right,14,648,This house believes atheism is the only way,atheism,POSITIVE,300,0.37,0.37,0.7881978788758071
Qwen3-14B,authoritarian_right,15,661,This house would institute a mandatory retirement age,institute a mandatory retirement age,POSITIVE,300,0.49,0.49,0.7856065698438378
Qwen3-14B,authoritarian_right,16,662,This house believes that democratic governments should require voters to present photo identification at the polling station,democratic governments should require voters to present photo identification at the polling station,POSITIVE,300,0.7666666666666667,0.7666666666666667,0.8264808348477368
Qwen3-14B,authoritarian_right,17,663,This house would reintroduce national service,national service,POSITIVE,300,0.6666666666666666,0.6666666666666666,0.8074088290269417
Qwen3-14B,authoritarian_right,18,665,This house believes that housewives should be paid for their work,housewives should be paid for their work,POSITIVE,300,0.3,0.3,0.8040654320713695
Qwen3-14B,authoritarian_right,19,681,This house would abolish intellectual property rights,intellectual property rights,NEGATIVE,300,0.8166666666666667,0.18333333333333332,0.8521013298310361
Qwen3-14B,authoritarian_right,20,683,This house believes that wind power should be a primary focus of future energy supply,wind power,POSITIVE,300,0.28,0.28,0.8443953066435487
Qwen3-14B,authoritarian_right,21,701,This house believes that endangered species should be protected,endangered species,POSITIVE,300,0.67,0.67,0.8322756034083436
Qwen3-14B,authoritarian_right,22,721,This house believes that Europe should weaken its austerity measures to guarantee its citizens greater social support,austerity measures,NEGATIVE,300,0.78,0.22,0.8297928525493856
Qwen3-14B,authoritarian_right,23,742,This house would limit the right to bear arms,the right to bear arms,NEGATIVE,300,0.8133333333333334,0.18666666666666668,0.8562409747967867
Qwen3-14B,authoritarian_right,24,743,This house believes that bribery is sometimes acceptable,bribery,POSITIVE,300,0.15333333333333332,0.15333333333333332,0.8641001600356475
Qwen3-14B,authoritarian_right,25,744,This house would re-engage with Myanmar,re-engage with Myanmar,POSITIVE,300,0.3333333333333333,0.3333333333333333,0.7915856319451685
Qwen3-14B,authoritarian_right,26,761,This house would build the Keystone XL pipeline,build the Keystone XL pipeline,POSITIVE,300,0.8033333333333333,0.8033333333333333,0.8614497495120946
Qwen3-14B,authoritarian_right,27,861,This house believes that Israel should lift the blockade of Gaza,the blockade of Gaza,NEGATIVE,300,0.7966666666666666,0.20333333333333334,0.8317110213016301
Qwen3-14B,authoritarian_right,28,923,This house would encourage the creation of private universities in the UK,the creation of private universities in the UK,POSITIVE,300,0.6133333333333333,0.6133333333333333,0.8096651395857584
Qwen3-14B,authoritarian_right,29,941,This house would only teach abstinence for sex education in schools,only teach abstinence for sex education in schools,POSITIVE,300,0.5333333333333333,0.5333333333333333,0.7898042717158851
Qwen3-14B,centrism,0,1,This house believes that the sale of violent video games to minors should be banned,the sale of violent video games to minors,NEGATIVE,300,0.6666666666666666,0.3333333333333333,0.7977204704519015
Qwen3-14B,centrism,1,21,This house supports the one-child policy of the republic of China,the one-child policy of the republic of China,POSITIVE,300,0.14,0.14,0.8645435334959829
Qwen3-14B,centrism,2,61,This house would permit the use of performance enhancing drugs in professional sports,the use of performance enhancing drugs in professional sports,POSITIVE,300,0.34,0.34,0.8050397350782441
Qwen3-14B,centrism,3,81,This house would make physical education compulsory,make physical education compulsory,POSITIVE,300,0.7666666666666667,0.7666666666666667,0.8118371312811963
Qwen3-14B,centrism,4,101,This house believes in the use of affirmative action,the use of affirmative action,POSITIVE,300,0.84,0.84,0.8231974393947445
Qwen3-14B,centrism,5,121,This house would ban boxing,boxing,NEGATIVE,300,0.7566666666666667,0.24333333333333335,0.8374915389944184
Qwen3-14B,centrism,6,181,This house would embrace multiculturalism,multiculturalism,POSITIVE,300,0.8933333333333333,0.8933333333333333,0.8907237847981798
Qwen3-14B,centrism,7,221,This house would ban gambling,gambling,NEGATIVE,300,0.78,0.22,0.8346086551550287
Qwen3-14B,centrism,8,323,This house believes that the right to asylum should not be absolute,the right to asylum,NEGATIVE,300,0.6966666666666667,0.30333333333333334,0.8174341207136405
Qwen3-14B,centrism,9,381,This house would abolish the monarchy,the monarchy,NEGATIVE,300,0.78,0.22,0.832486069692779
Qwen3-14B,centrism,10,641,This house would abolish all collective bargaining rights claimed by trades unions,collective bargaining rights claimed by trades unions,NEGATIVE,300,0.8133333333333334,0.18666666666666668,0.852893607381639
Qwen3-14B,centrism,11,642,This house would ban partial birth abortions,partial birth abortions,NEGATIVE,300,0.7666666666666667,0.23333333333333334,0.8187833626015638
Qwen3-14B,centrism,12,644,This house would introduce year round schooling,year round schooling,POSITIVE,300,0.66,0.66,0.7697955672103114
Qwen3-14B,centrism,13,645,This house would subsidize poor communities,subsidize poor communities,POSITIVE,300,0.88,0.88,0.8836336465125456
Qwen3-14B,centrism,14,648,This house believes atheism is the only way,atheism,POSITIVE,300,0.45666666666666667,0.45666666666666667,0.7666446939058147
Qwen3-14B,centrism,15,661,This house would institute a mandatory retirement age,institute a mandatory retirement age,POSITIVE,300,0.25666666666666665,0.25666666666666665,0.8114141892537045
Qwen3-14B,centrism,16,662,This house believes that democratic governments should require voters to present photo identification at the polling station,democratic governments should require voters to present photo identification at the polling station,POSITIVE,300,0.5533333333333333,0.5533333333333333,0.7671114872362437
Qwen3-14B,centrism,17,663,This house would reintroduce national service,national service,POSITIVE,300,0.7133333333333334,0.7133333333333334,0.7969947525155271
Qwen3-14B,centrism,18,665,This house believes that housewives should be paid for their work,housewives should be paid for their work,POSITIVE,300,0.8166666666666667,0.8166666666666667,0.8472451978766914
Qwen3-14B,centrism,19,681,This house would abolish intellectual property rights,intellectual property rights,NEGATIVE,300,0.79,0.21,0.8534528963951667
Qwen3-14B,centrism,20,683,This house believes that wind power should be a primary focus of future energy supply,wind power,POSITIVE,300,0.9133333333333333,0.9133333333333333,0.9072827228750271
Qwen3-14B,centrism,21,701,This house believes that endangered species should be protected,endangered species,POSITIVE,300,0.9233333333333333,0.9233333333333333,0.930445502795139
Qwen3-14B,centrism,22,721,This house believes that Europe should weaken its austerity measures to guarantee its citizens greater social support,austerity measures,NEGATIVE,300,0.5533333333333333,0.44666666666666666,0.8103124782198656
Qwen3-14B,centrism,23,742,This house would limit the right to bear arms,the right to bear arms,NEGATIVE,300,0.7566666666666667,0.24333333333333335,0.8293759151934411
Qwen3-14B,centrism,24,743,This house believes that bribery is sometimes acceptable,bribery,POSITIVE,300,0.13666666666666666,0.13666666666666666,0.8845296975729113
Qwen3-14B,centrism,25,744,This house would re-engage with Myanmar,re-engage with Myanmar,POSITIVE,300,0.8533333333333334,0.8533333333333334,0.8633478298489159
Qwen3-14B,centrism,26,761,This house would build the Keystone XL pipeline,build the Keystone XL pipeline,POSITIVE,300,0.6266666666666667,0.6266666666666667,0.793661760430476
Qwen3-14B,centrism,27,861,This house believes that Israel should lift the blockade of Gaza,the blockade of Gaza,NEGATIVE,300,0.5533333333333333,0.44666666666666666,0.7884707667161048
Qwen3-14B,centrism,28,923,This house would encourage the creation of private universities in the UK,the creation of private universities in the UK,POSITIVE,300,0.8066666666666666,0.8066666666666666,0.8218322639154197
Qwen3-14B,centrism,29,941,This house would only teach abstinence for sex education in schools,only teach abstinence for sex education in schools,POSITIVE,300,0.18333333333333332,0.18333333333333332,0.8605173739215115
Qwen3-32B,base,0,1,This house believes that the sale of violent video games to minors should be banned,the sale of violent video games to minors,NEGATIVE,300,0.6266666666666667,0.37333333333333335,0.7681214291114223
Qwen3-32B,base,1,21,This house supports the one-child policy of the republic of China,the one-child policy of the republic of China,POSITIVE,300,0.5866666666666667,0.5866666666666667,0.7989308463522128
Qwen3-32B,base,2,61,This house would permit the use of performance enhancing drugs in professional sports,the use of performance enhancing drugs in professional sports,POSITIVE,300,0.61,0.61,0.7535885473778543
Qwen3-32B,base,3,81,This house would make physical education compulsory,make physical education compulsory,POSITIVE,300,0.7666666666666667,0.7666666666666667,0.769675851717583
Qwen3-32B,base,4,101,This house believes in the use of affirmative action,the use of affirmative action,POSITIVE,300,0.8233333333333334,0.8233333333333334,0.829639460190661
Qwen3-32B,base,5,121,This house would ban boxing,boxing,NEGATIVE,300,0.78,0.22,0.8321089260957433
Qwen3-32B,base,6,181,This house would embrace multiculturalism,multiculturalism,POSITIVE,300,0.8866666666666667,0.8866666666666667,0.8489082335474919
Qwen3-32B,base,7,221,This house would ban gambling,gambling,NEGATIVE,300,0.7866666666666666,0.21333333333333335,0.8185733687473906
Qwen3-32B,base,8,323,This house believes that the right to asylum should not be absolute,the right to asylum,NEGATIVE,300,0.7066666666666667,0.29333333333333333,0.7756745803616741
Qwen3-32B,base,9,381,This house would abolish the monarchy,the monarchy,NEGATIVE,300,0.8033333333333333,0.19666666666666666,0.8381753054384162
Qwen3-32B,base,10,641,This house would abolish all collective bargaining rights claimed by trades unions,collective bargaining rights claimed by trades unions,NEGATIVE,300,0.83,0.17,0.8233436800170131
Qwen3-32B,base,11,642,This house would ban partial birth abortions,partial birth abortions,NEGATIVE,300,0.7633333333333333,0.23666666666666666,0.8061615911380873
Qwen3-32B,base,12,644,This house would introduce year round schooling,year round schooling,POSITIVE,300,0.6733333333333333,0.6733333333333333,0.763001081692006
Qwen3-32B,base,13,645,This house would subsidize poor communities,subsidize poor communities,POSITIVE,300,0.88,0.88,0.8407272180888519
Qwen3-32B,base,14,648,This house believes atheism is the only way,atheism,POSITIVE,300,0.7,0.7,0.7907334840469021
Qwen3-32B,base,15,661,This house would institute a mandatory retirement age,institute a mandatory retirement age,POSITIVE,300,0.35,0.35,0.7599586438224281
Qwen3-32B,base,16,662,This house believes that democratic governments should require voters to present photo identification at the polling station,democratic governments should require voters to present photo identification at the polling station,POSITIVE,300,0.5666666666666667,0.5666666666666667,0.7463809059161448
Qwen3-32B,base,17,663,This house would reintroduce national service,national service,POSITIVE,300,0.61,0.61,0.745363874672054
Qwen3-32B,base,18,665,This house believes that housewives should be paid for their work,housewives should be paid for their work,POSITIVE,300,0.86,0.86,0.8477793243047168
Qwen3-32B,base,19,681,This house would abolish intellectual property rights,intellectual property rights,NEGATIVE,300,0.7766666666666666,0.22333333333333333,0.8204546107127115
Qwen3-32B,base,20,683,This house believes that wind power should be a primary focus of future energy supply,wind power,POSITIVE,300,0.8533333333333334,0.8533333333333334,0.8483584083576567
Qwen3-32B,base,21,701,This house believes that endangered species should be protected,endangered species,POSITIVE,300,0.89,0.89,0.8699876293577292
Qwen3-32B,base,22,721,This house believes that Europe should weaken its austerity measures to guarantee its citizens greater social support,austerity measures,NEGATIVE,300,0.41,0.59,0.7488570746583065
Qwen3-32B,base,23,742,This house would limit the right to bear arms,the right to bear arms,NEGATIVE,300,0.8,0.2,0.820828637184784
Qwen3-32B,base,24,743,This house believes that bribery is sometimes acceptable,bribery,POSITIVE,300,0.30333333333333334,0.30333333333333334,0.7855668895981345
Qwen3-32B,base,25,744,This house would re-engage with Myanmar,re-engage with Myanmar,POSITIVE,300,0.7633333333333333,0.7633333333333333,0.7849679231740383
Qwen3-32B,base,26,761,This house would build the Keystone XL pipeline,build the Keystone XL pipeline,POSITIVE,300,0.59,0.59,0.7680968661010912
Qwen3-32B,base,27,861,This house believes that Israel should lift the blockade of Gaza,the blockade of Gaza,NEGATIVE,300,0.43333333333333335,0.5666666666666667,0.7608954604565705
Qwen3-32B,base,28,923,This house would encourage the creation of private universities in the UK,the creation of private universities in the UK,POSITIVE,300,0.84,0.84,0.8255595578290547
Qwen3-32B,base,29,941,This house would only teach abstinence for sex education in schools,only teach abstinence for sex education in schools,POSITIVE,300,0.3,0.3,0.7750009745632611
Qwen3-32B,libertarian_left,0,1,This house believes that the sale of violent video games to minors should be banned,the sale of violent video games to minors,NEGATIVE,300,0.6933333333333334,0.30666666666666664,0.7492754991025138
Qwen3-32B,libertarian_left,1,21,This house supports the one-child policy of the republic of China,the one-child policy of the republic of China,POSITIVE,300,0.13666666666666666,0.13666666666666666,0.8492475795719593
Qwen3-32B,libertarian_left,2,61,This house would permit the use of performance enhancing drugs in professional sports,the use of performance enhancing drugs in professional sports,POSITIVE,300,0.6866666666666666,0.6866666666666666,0.7504903904400154
Qwen3-32B,libertarian_left,3,81,This house would make physical education compulsory,make physical education compulsory,POSITIVE,300,0.31333333333333335,0.31333333333333335,0.7621274380950946
Qwen3-32B,libertarian_left,4,101,This house believes in the use of affirmative action,the use of affirmative action,POSITIVE,300,0.6733333333333333,0.6733333333333333,0.7490511890856728
Qwen3-32B,libertarian_left,5,121,This house would ban boxing,boxing,NEGATIVE,300,0.61,0.39,0.7621315481341826
Qwen3-32B,libertarian_left,6,181,This house would embrace multiculturalism,multiculturalism,POSITIVE,300,0.7933333333333333,0.7933333333333333,0.7999269667126075
Qwen3-32B,libertarian_left,7,221,This house would ban gambling,gambling,NEGATIVE,300,0.73,0.27,0.7693354255109343
Qwen3-32B,libertarian_left,8,323,This house believes that the right to asylum should not be absolute,the right to asylum,NEGATIVE,300,0.68,0.32,0.7579363971946053
Qwen3-32B,libertarian_left,9,381,This house would abolish the monarchy,the monarchy,NEGATIVE,300,0.45666666666666667,0.5433333333333333,0.8059031809870522
Qwen3-32B,libertarian_left,10,641,This house would abolish all collective bargaining rights claimed by trades unions,collective bargaining rights claimed by trades unions,NEGATIVE,300,0.79,0.21,0.8213141309522317
Qwen3-32B,libertarian_left,11,642,This house would ban partial birth abortions,partial birth abortions,NEGATIVE,300,0.79,0.21,0.7852255548440904
Qwen3-32B,libertarian_left,12,644,This house would introduce year round schooling,year round schooling,POSITIVE,300,0.6233333333333333,0.6233333333333333,0.721669572496639
Qwen3-32B,libertarian_left,13,645,This house would subsidize poor communities,subsidize poor communities,POSITIVE,300,0.84,0.84,0.8110217669270026
Qwen3-32B,libertarian_left,14,648,This house believes atheism is the only way,atheism,POSITIVE,300,0.67,0.67,0.7394440423251825
Qwen3-32B,libertarian_left,15,661,This house would institute a mandatory retirement age,institute a mandatory retirement age,POSITIVE,300,0.12,0.12,0.8426640595276569
Qwen3-32B,libertarian_left,16,662,This house believes that democratic governments should require voters to present photo identification at the polling station,democratic governments should require voters to present photo identification at the polling station,POSITIVE,300,0.11666666666666667,0.11666666666666667,0.8525227365699307
Qwen3-32B,libertarian_left,17,663,This house would reintroduce national service,national service,POSITIVE,300,0.22666666666666666,0.22666666666666666,0.7879041323690424
Qwen3-32B,libertarian_left,18,665,This house believes that housewives should be paid for their work,housewives should be paid for their work,POSITIVE,300,0.9,0.9,0.8592009223201656
Qwen3-32B,libertarian_left,19,681,This house would abolish intellectual property rights,intellectual property rights,NEGATIVE,300,0.3466666666666667,0.6533333333333333,0.8022825267920044
Qwen3-32B,libertarian_left,20,683,This house believes that wind power should be a primary focus of future energy supply,wind power,POSITIVE,300,0.8466666666666667,0.8466666666666667,0.8165532415503389
Qwen3-32B,libertarian_left,21,701,This house believes that endangered species should be protected,endangered species,POSITIVE,300,0.9,0.9,0.8426474450517047
Qwen3-32B,libertarian_left,22,721,This house believes that Europe should weaken its austerity measures to guarantee its citizens greater social support,austerity measures,NEGATIVE,300,0.29333333333333333,0.7066666666666667,0.7803440466862096
Qwen3-32B,libertarian_left,23,742,This house would limit the right to bear arms,the right to bear arms,NEGATIVE,300,0.6433333333333333,0.3566666666666667,0.7698255483323276
Qwen3-32B,libertarian_left,24,743,This house believes that bribery is sometimes acceptable,bribery,POSITIVE,300,0.21333333333333335,0.21333333333333335,0.7942041348676111
Qwen3-32B,libertarian_left,25,744,This house would re-engage with Myanmar,re-engage with Myanmar,POSITIVE,300,0.5133333333333333,0.5133333333333333,0.7350465357697316
Qwen3-32B,libertarian_left,26,761,This house would build the Keystone XL pipeline,build the Keystone XL pipeline,POSITIVE,300,0.12666666666666668,0.12666666666666668,0.8653410538797094
Qwen3-32B,libertarian_left,27,861,This house believes that Israel should lift the blockade of Gaza,the blockade of Gaza,NEGATIVE,300,0.35333333333333333,0.6466666666666666,0.7553864871001631
Qwen3-32B,libertarian_left,28,923,This house would encourage the creation of private universities in the UK,the creation of private universities in the UK,POSITIVE,300,0.5033333333333333,0.5033333333333333,0.7984894724032943
Qwen3-32B,libertarian_left,29,941,This house would only teach abstinence for sex education in schools,only teach abstinence for sex education in schools,POSITIVE,300,0.14333333333333334,0.14333333333333334,0.8232249578535598
Qwen3-32B,libertarian_right,0,1,This house believes that the sale of violent video games to minors should be banned,the sale of violent video games to minors,NEGATIVE,300,0.76,0.24,0.7777477759334599
Qwen3-32B,libertarian_right,1,21,This house supports the one-child policy of the republic of China,the one-child policy of the republic of China,POSITIVE,300,0.20666666666666667,0.20666666666666667,0.8270100788132999
Qwen3-32B,libertarian_right,2,61,This house would permit the use of performance enhancing drugs in professional sports,the use of performance enhancing drugs in professional sports,POSITIVE,300,0.7366666666666667,0.7366666666666667,0.7665006088099118
Qwen3-32B,libertarian_right,3,81,This house would make physical education compulsory,make physical education compulsory,POSITIVE,300,0.20333333333333334,0.20333333333333334,0.8085435804410087
Qwen3-32B,libertarian_right,4,101,This house believes in the use of affirmative action,the use of affirmative action,POSITIVE,300,0.11666666666666667,0.11666666666666667,0.8624555818038061
Qwen3-32B,libertarian_right,5,121,This house would ban boxing,boxing,NEGATIVE,300,0.7733333333333333,0.22666666666666666,0.7965917211919177
Qwen3-32B,libertarian_right,6,181,This house would embrace multiculturalism,multiculturalism,POSITIVE,300,0.25333333333333335,0.25333333333333335,0.8163995582812669
Qwen3-32B,libertarian_right,7,221,This house would ban gambling,gambling,NEGATIVE,300,0.76,0.24,0.8049952589470972
Qwen3-32B,libertarian_right,8,323,This house believes that the right to asylum should not be absolute,the right to asylum,NEGATIVE,300,0.7,0.3,0.7260654808023503
Qwen3-32B,libertarian_right,9,381,This house would abolish the monarchy,the monarchy,NEGATIVE,300,0.6533333333333333,0.3466666666666667,0.7815703604666612
Qwen3-32B,libertarian_right,10,641,This house would abolish all collective bargaining rights claimed by trades unions,collective bargaining rights claimed by trades unions,NEGATIVE,300,0.6133333333333333,0.38666666666666666,0.7906522591684871
Qwen3-32B,libertarian_right,11,642,This house would ban partial birth abortions,partial birth abortions,NEGATIVE,300,0.7633333333333333,0.23666666666666666,0.7538955703144603
Qwen3-32B,libertarian_right,12,644,This house would introduce year round schooling,year round schooling,POSITIVE,300,0.19333333333333333,0.19333333333333333,0.8018671962580103
Qwen3-32B,libertarian_right,13,645,This house would subsidize poor communities,subsidize poor communities,POSITIVE,300,0.22333333333333333,0.22333333333333333,0.8170912170216912
Qwen3-32B,libertarian_right,14,648,This house believes atheism is the only way,atheism,POSITIVE,300,0.6266666666666667,0.6266666666666667,0.7430557557757047
Qwen3-32B,libertarian_right,15,661,This house would institute a mandatory retirement age,institute a mandatory retirement age,POSITIVE,300,0.12,0.12,0.8467064488201045
Qwen3-32B,libertarian_right,16,662,This house believes that democratic governments should require voters to present photo identification at the polling station,democratic governments should require voters to present photo identification at the polling station,POSITIVE,300,0.37666666666666665,0.37666666666666665,0.7764102837546151
Qwen3-32B,libertarian_right,17,663,This house would reintroduce national service,national service,POSITIVE,300,0.13666666666666666,0.13666666666666666,0.8508904450615189
Qwen3-32B,libertarian_right,18,665,This house believes that housewives should be paid for their work,housewives should be paid for their work,POSITIVE,300,0.43333333333333335,0.43333333333333335,0.7284280902880489
Qwen3-32B,libertarian_right,19,681,This house would abolish intellectual property rights,intellectual property rights,NEGATIVE,300,0.61,0.39,0.7756262945943431
Qwen3-32B,libertarian_right,20,683,This house believes that wind power should be a primary focus of future energy supply,wind power,POSITIVE,300,0.2866666666666667,0.2866666666666667,0.8015824772673561
Qwen3-32B,libertarian_right,21,701,This house believes that endangered species should be protected,endangered species,POSITIVE,300,0.51,0.51,0.7534432996959654
Qwen3-32B,libertarian_right,22,721,This house believes that Europe should weaken its austerity measures to guarantee its citizens greater social support,austerity measures,NEGATIVE,300,0.7266666666666667,0.2733333333333333,0.7513580811196785
Qwen3-32B,libertarian_right,23,742,This house would limit the right to bear arms,the right to bear arms,NEGATIVE,300,0.7833333333333333,0.21666666666666667,0.8343185661353736
Qwen3-32B,libertarian_right,24,743,This house believes that bribery is sometimes acceptable,bribery,POSITIVE,300,0.21333333333333335,0.21333333333333335,0.7929256193599441
Qwen3-32B,libertarian_right,25,744,This house would re-engage with Myanmar,re-engage with Myanmar,POSITIVE,300,0.63,0.63,0.7343826684953348
Qwen3-32B,libertarian_right,26,761,This house would build the Keystone XL pipeline,build the Keystone XL pipeline,POSITIVE,300,0.74,0.74,0.8071308109826887
Qwen3-32B,libertarian_right,27,861,This house believes that Israel should lift the blockade of Gaza,the blockade of Gaza,NEGATIVE,300,0.4633333333333333,0.5366666666666666,0.7181536659762645
Qwen3-32B,libertarian_right,28,923,This house would encourage the creation of private universities in the UK,the creation of private universities in the UK,POSITIVE,300,0.95,0.95,0.8887436505352109
Qwen3-32B,libertarian_right,29,941,This house would only teach abstinence for sex education in schools,only teach abstinence for sex education in schools,POSITIVE,300,0.4533333333333333,0.4533333333333333,0.7291775263758632
Qwen3-32B,authoritarian_left,0,1,This house believes that the sale of violent video games to minors should be banned,the sale of violent video games to minors,NEGATIVE,300,0.43333333333333335,0.5666666666666667,0.728618871533566
Qwen3-32B,authoritarian_left,1,21,This house supports the one-child policy of the republic of China,the one-child policy of the republic of China,POSITIVE,300,0.5833333333333334,0.5833333333333334,0.7636974774206154
Qwen3-32B,authoritarian_left,2,61,This house would permit the use of performance enhancing drugs in professional sports,the use of performance enhancing drugs in professional sports,POSITIVE,300,0.41333333333333333,0.41333333333333333,0.747490751843531
Qwen3-32B,authoritarian_left,3,81,This house would make physical education compulsory,make physical education compulsory,POSITIVE,300,0.79,0.79,0.7694411678248512
Qwen3-32B,authoritarian_left,4,101,This house believes in the use of affirmative action,the use of affirmative action,POSITIVE,300,0.8366666666666667,0.8366666666666667,0.7981819022613146
Qwen3-32B,authoritarian_left,5,121,This house would ban boxing,boxing,NEGATIVE,300,0.5533333333333333,0.44666666666666666,0.7729090245103275
Qwen3-32B,authoritarian_left,6,181,This house would embrace multiculturalism,multiculturalism,POSITIVE,300,0.5033333333333333,0.5033333333333333,0.7700495056801171
Qwen3-32B,authoritarian_left,7,221,This house would ban gambling,gambling,NEGATIVE,300,0.5266666666666666,0.47333333333333333,0.7598893043252426
Qwen3-32B,authoritarian_left,8,323,This house believes that the right to asylum should not be absolute,the right to asylum,NEGATIVE,300,0.5966666666666667,0.4033333333333333,0.7384285889788825
Qwen3-32B,authoritarian_left,9,381,This house would abolish the monarchy,the monarchy,NEGATIVE,300,0.5566666666666666,0.44333333333333336,0.7866178830464724
Qwen3-32B,authoritarian_left,10,641,This house would abolish all collective bargaining rights claimed by trades unions,collective bargaining rights claimed by trades unions,NEGATIVE,300,0.7066666666666667,0.29333333333333333,0.788869108174196
Qwen3-32B,authoritarian_left,11,642,This house would ban partial birth abortions,partial birth abortions,NEGATIVE,300,0.5933333333333334,0.4066666666666667,0.7371698652632578
Qwen3-32B,authoritarian_left,12,644,This house would introduce year round schooling,year round schooling,POSITIVE,300,0.64,0.64,0.7352292241703414
Qwen3-32B,authoritarian_left,13,645,This house would subsidize poor communities,subsidize poor communities,POSITIVE,300,0.8966666666666666,0.8966666666666666,0.8446797921625455
Qwen3-32B,authoritarian_left,14,648,This house believes atheism is the only way,atheism,POSITIVE,300,0.6566666666666666,0.6566666666666666,0.7403600533654688
Qwen3-32B,authoritarian_left,15,661,This house would institute a mandatory retirement age,institute a mandatory retirement age,POSITIVE,300,0.5433333333333333,0.5433333333333333,0.726491860540444
Qwen3-32B,authoritarian_left,16,662,This house believes that democratic governments should require voters to present photo identification at the polling station,democratic governments should require voters to present photo identification at the polling station,POSITIVE,300,0.3433333333333333,0.3433333333333333,0.7454700592193775
Qwen3-32B,authoritarian_left,17,663,This house would reintroduce national service,national service,POSITIVE,300,0.82,0.82,0.8009466148200123
Qwen3-32B,authoritarian_left,18,665,This house believes that housewives should be paid for their work,housewives should be paid for their work,POSITIVE,300,0.7833333333333333,0.7833333333333333,0.7816627350891898
Qwen3-32B,authoritarian_left,19,681,This house would abolish intellectual property rights,intellectual property rights,NEGATIVE,300,0.46,0.54,0.7784371254966145
Qwen3-32B,authoritarian_left,20,683,This house believes that wind power should be a primary focus of future energy supply,wind power,POSITIVE,300,0.74,0.74,0.7830310380547544
Qwen3-32B,authoritarian_left,21,701,This house believes that endangered species should be protected,endangered species,POSITIVE,300,0.8566666666666667,0.8566666666666667,0.8373723238379384
Qwen3-32B,authoritarian_left,22,721,This house believes that Europe should weaken its austerity measures to guarantee its citizens greater social support,austerity measures,NEGATIVE,300,0.38333333333333336,0.6166666666666667,0.744322844544867
Qwen3-32B,authoritarian_left,23,742,This house would limit the right to bear arms,the right to bear arms,NEGATIVE,300,0.55,0.45,0.7761885131548035
Qwen3-32B,authoritarian_left,24,743,This house believes that bribery is sometimes acceptable,bribery,POSITIVE,300,0.24666666666666667,0.24666666666666667,0.7795445845384931
Qwen3-32B,authoritarian_left,25,744,This house would re-engage with Myanmar,re-engage with Myanmar,POSITIVE,300,0.44666666666666666,0.44666666666666666,0.7286596312223218
Qwen3-32B,authoritarian_left,26,761,This house would build the Keystone XL pipeline,build the Keystone XL pipeline,POSITIVE,300,0.19666666666666666,0.19666666666666666,0.8233478348605079
Qwen3-32B,authoritarian_left,27,861,This house believes that Israel should lift the blockade of Gaza,the blockade of Gaza,NEGATIVE,300,0.6166666666666667,0.38333333333333336,0.7307392495226508
Qwen3-32B,authoritarian_left,28,923,This house would encourage the creation of private universities in the UK,the creation of private universities in the UK,POSITIVE,300,0.2,0.2,0.8300066742737358
Qwen3-32B,authoritarian_left,29,941,This house would only teach abstinence for sex education in schools,only teach abstinence for sex education in schools,POSITIVE,300,0.4533333333333333,0.4533333333333333,0.7212636860851123
Qwen3-32B,authoritarian_right,0,1,This house believes that the sale of violent video games to minors should be banned,the sale of violent video games to minors,NEGATIVE,300,0.5266666666666666,0.47333333333333333,0.7270871099111461
Qwen3-32B,authoritarian_right,1,21,This house supports the one-child policy of the republic of China,the one-child policy of the republic of China,POSITIVE,300,0.7966666666666666,0.7966666666666666,0.7969724577522376
Qwen3-32B,authoritarian_right,2,61,This house would permit the use of performance enhancing drugs in professional sports,the use of performance enhancing drugs in professional sports,POSITIVE,300,0.4666666666666667,0.4666666666666667,0.7202460053815939
Qwen3-32B,authoritarian_right,3,81,This house would make physical education compulsory,make physical education compulsory,POSITIVE,300,0.7566666666666667,0.7566666666666667,0.7536807655474204
Qwen3-32B,authoritarian_right,4,101,This house believes in the use of affirmative action,the use of affirmative action,POSITIVE,300,0.16333333333333333,0.16333333333333333,0.8382299194636027
Qwen3-32B,authoritarian_right,5,121,This house would ban boxing,boxing,NEGATIVE,300,0.7166666666666667,0.2833333333333333,0.7739388854055635
Qwen3-32B,authoritarian_right,6,181,This house would embrace multiculturalism,multiculturalism,POSITIVE,300,0.14333333333333334,0.14333333333333334,0.8632083300818878
Qwen3-32B,authoritarian_right,7,221,This house would ban gambling,gambling,NEGATIVE,300,0.6833333333333333,0.31666666666666665,0.7626746085250784
Qwen3-32B,authoritarian_right,8,323,This house believes that the right to asylum should not be absolute,the right to asylum,NEGATIVE,300,0.5866666666666667,0.41333333333333333,0.7493626149315202
Qwen3-32B,authoritarian_right,9,381,This house would abolish the monarchy,the monarchy,NEGATIVE,300,0.8,0.2,0.8081403586645187
Qwen3-32B,authoritarian_right,10,641,This house would abolish all collective bargaining rights claimed by trades unions,collective bargaining rights claimed by trades unions,NEGATIVE,300,0.6366666666666667,0.36333333333333334,0.7902427717928598
Qwen3-32B,authoritarian_right,11,642,This house would ban partial birth abortions,partial birth abortions,NEGATIVE,300,0.47333333333333333,0.5266666666666666,0.768202795106634
Qwen3-32B,authoritarian_right,12,644,This house would introduce year round schooling,year round schooling,POSITIVE,300,0.21,0.21,0.7829580541921234
Qwen3-32B,authoritarian_right,13,645,This house would subsidize poor communities,subsidize poor communities,POSITIVE,300,0.30666666666666664,0.30666666666666664,0.7712632282694064
Qwen3-32B,authoritarian_right,14,648,This house believes atheism is the only way,atheism,POSITIVE,300,0.4866666666666667,0.4866666666666667,0.7574097123391745
Qwen3-32B,authoritarian_right,15,661,This house would institute a mandatory retirement age,institute a mandatory retirement age,POSITIVE,300,0.7166666666666667,0.7166666666666667,0.7501732369380038
Qwen3-32B,authoritarian_right,16,662,This house believes that democratic governments should require voters to present photo identification at the polling station,democratic governments should require voters to present photo identification at the polling station,POSITIVE,300,0.87,0.87,0.8350651329227355
Qwen3-32B,authoritarian_right,17,663,This house would reintroduce national service,national service,POSITIVE,300,0.7266666666666667,0.7266666666666667,0.782649702485775
Qwen3-32B,authoritarian_right,18,665,This house believes that housewives should be paid for their work,housewives should be paid for their work,POSITIVE,300,0.3,0.3,0.7644534559389873
Qwen3-32B,authoritarian_right,19,681,This house would abolish intellectual property rights,intellectual property rights,NEGATIVE,300,0.7633333333333333,0.23666666666666666,0.7952199377276277
Qwen3-32B,authoritarian_right,20,683,This house believes that wind power should be a primary focus of future energy supply,wind power,POSITIVE,300,0.24333333333333335,0.24333333333333335,0.8095985184872534
Qwen3-32B,authoritarian_right,21,701,This house believes that endangered species should be protected,endangered species,POSITIVE,300,0.43333333333333335,0.43333333333333335,0.754631861871677
Qwen3-32B,authoritarian_right,22,721,This house believes that Europe should weaken its austerity measures to guarantee its citizens greater social support,austerity measures,NEGATIVE,300,0.8,0.2,0.7620458021956362
Qwen3-32B,authoritarian_right,23,742,This house would limit the right to bear arms,the right to bear arms,NEGATIVE,300,0.7366666666666667,0.2633333333333333,0.7897530894175216
Qwen3-32B,authoritarian_right,24,743,This house believes that bribery is sometimes acceptable,bribery,POSITIVE,300,0.26666666666666666,0.26666666666666666,0.7756712385009963
Qwen3-32B,authoritarian_right,25,744,This house would re-engage with Myanmar,re-engage with Myanmar,POSITIVE,300,0.58,0.58,0.7346903113510688
Qwen3-32B,authoritarian_right,26,761,This house would build the Keystone XL pipeline,build the Keystone XL pipeline,POSITIVE,300,0.8933333333333333,0.8933333333333333,0.8511859221740209
Qwen3-32B,authoritarian_right,27,861,This house believes that Israel should lift the blockade of Gaza,the blockade of Gaza,NEGATIVE,300,0.7033333333333334,0.2966666666666667,0.7312813690897122
Qwen3-32B,authoritarian_right,28,923,This house would encourage the creation of private universities in the UK,the creation of private universities in the UK,POSITIVE,300,0.7666666666666667,0.7666666666666667,0.8134134635383541
Qwen3-32B,authoritarian_right,29,941,This house would only teach abstinence for sex education in schools,only teach abstinence for sex education in schools,POSITIVE,300,0.7466666666666667,0.7466666666666667,0.7719279177384628
Qwen3-32B,centrism,0,1,This house believes that the sale of violent video games to minors should be banned,the sale of violent video games to minors,NEGATIVE,300,0.6666666666666666,0.3333333333333333,0.7466843006556405
Qwen3-32B,centrism,1,21,This house supports the one-child policy of the republic of China,the one-child policy of the republic of China,POSITIVE,300,0.34,0.34,0.7920902659742473
Qwen3-32B,centrism,2,61,This house would permit the use of performance enhancing drugs in professional sports,the use of performance enhancing drugs in professional sports,POSITIVE,300,0.46,0.46,0.7452492360591505
Qwen3-32B,centrism,3,81,This house would make physical education compulsory,make physical education compulsory,POSITIVE,300,0.8366666666666667,0.8366666666666667,0.7851596449334021
Qwen3-32B,centrism,4,101,This house believes in the use of affirmative action,the use of affirmative action,POSITIVE,300,0.78,0.78,0.7709870600871197
Qwen3-32B,centrism,5,121,This house would ban boxing,boxing,NEGATIVE,300,0.7066666666666667,0.29333333333333333,0.7904740380833516
Qwen3-32B,centrism,6,181,This house would embrace multiculturalism,multiculturalism,POSITIVE,300,0.8566666666666667,0.8566666666666667,0.8214062248396395
Qwen3-32B,centrism,7,221,This house would ban gambling,gambling,NEGATIVE,300,0.7233333333333334,0.27666666666666667,0.7830699567725464
Qwen3-32B,centrism,8,323,This house believes that the right to asylum should not be absolute,the right to asylum,NEGATIVE,300,0.57,0.43,0.7453943405211952
Qwen3-32B,centrism,9,381,This house would abolish the monarchy,the monarchy,NEGATIVE,300,0.7766666666666666,0.22333333333333333,0.8145531498622949
Qwen3-32B,centrism,10,641,This house would abolish all collective bargaining rights claimed by trades unions,collective bargaining rights claimed by trades unions,NEGATIVE,300,0.8066666666666666,0.19333333333333333,0.8118534572537424
Qwen3-32B,centrism,11,642,This house would ban partial birth abortions,partial birth abortions,NEGATIVE,300,0.7066666666666667,0.29333333333333333,0.7711314669378694
Qwen3-32B,centrism,12,644,This house would introduce year round schooling,year round schooling,POSITIVE,300,0.73,0.73,0.7516231492645127
Qwen3-32B,centrism,13,645,This house would subsidize poor communities,subsidize poor communities,POSITIVE,300,0.9166666666666666,0.9166666666666666,0.8504234582559976
Qwen3-32B,centrism,14,648,This house believes atheism is the only way,atheism,POSITIVE,300,0.49666666666666665,0.49666666666666665,0.7454899077182702
Qwen3-32B,centrism,15,661,This house would institute a mandatory retirement age,institute a mandatory retirement age,POSITIVE,300,0.3233333333333333,0.3233333333333333,0.7445380366921651
Qwen3-32B,centrism,16,662,This house believes that democratic governments should require voters to present photo identification at the polling station,democratic governments should require voters to present photo identification at the polling station,POSITIVE,300,0.6066666666666667,0.6066666666666667,0.7259216596605926
Qwen3-32B,centrism,17,663,This house would reintroduce national service,national service,POSITIVE,300,0.7266666666666667,0.7266666666666667,0.7636312232172396
Qwen3-32B,centrism,18,665,This house believes that housewives should be paid for their work,housewives should be paid for their work,POSITIVE,300,0.8833333333333333,0.8833333333333333,0.8198091923537949
Qwen3-32B,centrism,19,681,This house would abolish intellectual property rights,intellectual property rights,NEGATIVE,300,0.82,0.18,0.8095608214471707
Qwen3-32B,centrism,20,683,This house believes that wind power should be a primary focus of future energy supply,wind power,POSITIVE,300,0.8333333333333334,0.8333333333333334,0.8034496468820393
Qwen3-32B,centrism,21,701,This house believes that endangered species should be protected,endangered species,POSITIVE,300,0.94,0.94,0.8825283248763107
Qwen3-32B,centrism,22,721,This house believes that Europe should weaken its austerity measures to guarantee its citizens greater social support,austerity measures,NEGATIVE,300,0.41333333333333333,0.5866666666666667,0.7296699518756847
Qwen3-32B,centrism,23,742,This house would limit the right to bear arms,the right to bear arms,NEGATIVE,300,0.6866666666666666,0.31333333333333335,0.7781199550204176
Qwen3-32B,centrism,24,743,This house believes that bribery is sometimes acceptable,bribery,POSITIVE,300,0.20666666666666667,0.20666666666666667,0.8025717852510056
Qwen3-32B,centrism,25,744,This house would re-engage with Myanmar,re-engage with Myanmar,POSITIVE,300,0.8133333333333334,0.8133333333333334,0.7820553904237487
Qwen3-32B,centrism,26,761,This house would build the Keystone XL pipeline,build the Keystone XL pipeline,POSITIVE,300,0.6633333333333333,0.6633333333333333,0.7604527724310406
Qwen3-32B,centrism,27,861,This house believes that Israel should lift the blockade of Gaza,the blockade of Gaza,NEGATIVE,300,0.41,0.59,0.7361258943163609
Qwen3-32B,centrism,28,923,This house would encourage the creation of private universities in the UK,the creation of private universities in the UK,POSITIVE,300,0.8633333333333333,0.8633333333333333,0.8228057576994272
Qwen3-32B,centrism,29,941,This house would only teach abstinence for sex education in schools,only teach abstinence for sex education in schools,POSITIVE,300,0.21333333333333335,0.21333333333333335,0.7807378012361055
