config_id,language,target,context_id,instr_idx,persona_class,persona_idx,model_alias,ideology,quantization
0,english,white people,2.0,3,,,gemma-3-1b-it,base,bf16
1,english,muslims,2.0,4,,,gemma-3-1b-it,base,bf16
2,english,jews,,1,,,gemma-3-1b-it,base,bf16
3,english,black people,,9,,,gemma-3-1b-it,base,bf16
4,english,women,3.0,2,,,gemma-3-1b-it,base,bf16
5,english,latinx people,,1,,,gemma-3-1b-it,base,bf16
6,english,white people,,7,,,gemma-3-1b-it,base,bf16
7,english,black people,,7,,,gemma-3-1b-it,base,bf16
8,english,white people,,6,,,gemma-3-1b-it,base,bf16
9,english,muslims,,8,,,gemma-3-1b-it,base,bf16
10,english,latinx people,2.0,3,,,gemma-3-1b-it,base,bf16
11,english,black people,0.0,1,,,gemma-3-1b-it,base,bf16
12,english,white people,0.0,9,,,gemma-3-1b-it,base,bf16
13,english,lgbtq+ people,0.0,6,,,gemma-3-1b-it,base,bf16
14,english,jews,,0,,,gemma-3-1b-it,base,bf16
15,english,men,3.0,8,,,gemma-3-1b-it,base,bf16
16,english,muslims,2.0,1,,,gemma-3-1b-it,base,bf16
17,english,christians,0.0,5,,,gemma-3-1b-it,base,bf16
18,english,men,3.0,5,,,gemma-3-1b-it,base,bf16
19,english,muslims,,9,,,gemma-3-1b-it,base,bf16
20,english,black people,2.0,0,,,gemma-3-1b-it,base,bf16
21,english,men,,6,,,gemma-3-1b-it,base,bf16
22,english,white people,,4,,,gemma-3-1b-it,base,bf16
23,english,lgbtq+ people,0.0,9,,,gemma-3-1b-it,base,bf16
24,english,white people,1.0,8,,,gemma-3-1b-it,base,bf16
25,english,christians,1.0,4,,,gemma-3-1b-it,base,bf16
26,english,jews,2.0,3,,,gemma-3-1b-it,base,bf16
27,english,christians,,3,,,gemma-3-1b-it,base,bf16
28,english,men,,3,,,gemma-3-1b-it,base,bf16
29,english,christians,,4,,,gemma-3-1b-it,base,bf16
30,english,lgbtq+ people,1.0,2,,,gemma-3-1b-it,base,bf16
31,english,lgbtq+ people,,1,,,gemma-3-1b-it,base,bf16
32,english,christians,1.0,7,,,gemma-3-1b-it,base,bf16
33,english,men,0.0,8,,,gemma-3-1b-it,base,bf16
34,english,men,3.0,6,,,gemma-3-1b-it,base,bf16
35,english,white people,,0,,,gemma-3-1b-it,base,bf16
36,english,white people,,8,,,gemma-3-1b-it,base,bf16
37,english,black people,1.0,7,,,gemma-3-1b-it,base,bf16
38,english,black people,,5,,,gemma-3-1b-it,base,bf16
39,english,women,,1,,,gemma-3-1b-it,base,bf16
40,english,latinx people,0.0,5,,,gemma-3-1b-it,base,bf16
41,english,men,0.0,9,,,gemma-3-1b-it,base,bf16
42,english,latinx people,,8,,,gemma-3-1b-it,base,bf16
43,english,men,,5,,,gemma-3-1b-it,base,bf16
44,english,latinx people,,0,,,gemma-3-1b-it,base,bf16
45,english,asian people,,9,,,gemma-3-1b-it,base,bf16
46,english,jews,4.0,7,,,gemma-3-1b-it,base,bf16
47,english,christians,2.0,6,,,gemma-3-1b-it,base,bf16
48,english,muslims,,0,,,gemma-3-1b-it,base,bf16
49,english,lgbtq+ people,,5,,,gemma-3-1b-it,base,bf16
50,english,latinx people,,7,,,gemma-3-1b-it,base,bf16
51,english,white people,,8,,,gemma-3-1b-it,base,bf16
52,english,jews,0.0,1,,,gemma-3-1b-it,base,bf16
53,english,women,,1,,,gemma-3-1b-it,base,bf16
54,english,asian people,3.0,1,,,gemma-3-1b-it,base,bf16
55,english,christians,,8,,,gemma-3-1b-it,base,bf16
56,english,men,,1,,,gemma-3-1b-it,base,bf16
57,english,women,1.0,7,,,gemma-3-1b-it,base,bf16
58,english,black people,,0,,,gemma-3-1b-it,base,bf16
59,english,lgbtq+ people,2.0,3,,,gemma-3-1b-it,base,bf16
60,english,latinx people,,9,,,gemma-3-1b-it,base,bf16
61,english,asian people,,9,,,gemma-3-1b-it,base,bf16
62,english,white people,3.0,4,,,gemma-3-1b-it,base,bf16
63,english,asian people,,8,,,gemma-3-1b-it,base,bf16
64,english,black people,,7,,,gemma-3-1b-it,base,bf16
65,english,men,0.0,3,,,gemma-3-1b-it,base,bf16
66,english,asian people,4.0,1,,,gemma-3-1b-it,base,bf16
67,english,jews,,9,,,gemma-3-1b-it,base,bf16
68,english,asian people,1.0,7,,,gemma-3-1b-it,base,bf16
69,english,latinx people,4.0,1,,,gemma-3-1b-it,base,bf16
70,english,lgbtq+ people,,8,,,gemma-3-1b-it,base,bf16
71,english,white people,3.0,1,,,gemma-3-1b-it,base,bf16
72,english,men,,3,,,gemma-3-1b-it,base,bf16
73,english,lgbtq+ people,,6,,,gemma-3-1b-it,base,bf16
74,english,women,1.0,3,,,gemma-3-1b-it,base,bf16
75,english,jews,0.0,4,,,gemma-3-1b-it,base,bf16
76,english,jews,2.0,2,,,gemma-3-1b-it,base,bf16
77,english,muslims,,1,,,gemma-3-1b-it,base,bf16
78,english,muslims,,4,,,gemma-3-1b-it,base,bf16
79,english,lgbtq+ people,,3,,,gemma-3-1b-it,base,bf16
80,english,white people,3.0,8,,,gemma-3-1b-it,base,bf16
81,english,black people,0.0,2,,,gemma-3-1b-it,base,bf16
82,english,muslims,0.0,7,,,gemma-3-1b-it,base,bf16
83,english,women,,2,,,gemma-3-1b-it,base,bf16
84,english,latinx people,0.0,6,,,gemma-3-1b-it,base,bf16
85,english,women,,2,,,gemma-3-1b-it,base,bf16
86,english,lgbtq+ people,,2,,,gemma-3-1b-it,base,bf16
87,english,jews,,0,,,gemma-3-1b-it,base,bf16
88,english,black people,,1,,,gemma-3-1b-it,base,bf16
89,english,muslims,3.0,1,,,gemma-3-1b-it,base,bf16
90,english,men,,2,,,gemma-3-1b-it,base,bf16
91,english,lgbtq+ people,2.0,4,,,gemma-3-1b-it,base,bf16
92,english,asian people,3.0,5,,,gemma-3-1b-it,base,bf16
93,english,black people,2.0,6,,,gemma-3-1b-it,base,bf16
94,english,men,3.0,2,,,gemma-3-1b-it,base,bf16
95,english,men,,7,,,gemma-3-1b-it,base,bf16
96,english,lgbtq+ people,,4,,,gemma-3-1b-it,base,bf16
97,english,men,4.0,7,,,gemma-3-1b-it,base,bf16
98,english,asian people,,6,,,gemma-3-1b-it,base,bf16
99,english,lgbtq+ people,,3,,,gemma-3-1b-it,base,bf16
100,english,black people,2.0,4,,,gemma-3-1b-it,base,bf16
101,english,white people,0.0,6,,,gemma-3-1b-it,base,bf16
102,english,jews,4.0,5,,,gemma-3-1b-it,base,bf16
103,english,latinx people,3.0,9,,,gemma-3-1b-it,base,bf16
104,english,christians,,0,,,gemma-3-1b-it,base,bf16
105,english,jews,1.0,8,,,gemma-3-1b-it,base,bf16
106,english,jews,0.0,9,,,gemma-3-1b-it,base,bf16
107,english,lgbtq+ people,2.0,8,,,gemma-3-1b-it,base,bf16
108,english,muslims,0.0,5,,,gemma-3-1b-it,base,bf16
109,english,men,,7,,,gemma-3-1b-it,base,bf16
110,english,black people,,5,,,gemma-3-1b-it,base,bf16
111,english,white people,4.0,6,,,gemma-3-1b-it,base,bf16
112,english,women,,9,,,gemma-3-1b-it,base,bf16
113,english,muslims,1.0,5,,,gemma-3-1b-it,base,bf16
114,english,women,4.0,5,,,gemma-3-1b-it,base,bf16
115,english,jews,,4,,,gemma-3-1b-it,base,bf16
116,english,muslims,,5,,,gemma-3-1b-it,base,bf16
117,english,latinx people,3.0,7,,,gemma-3-1b-it,base,bf16
118,english,latinx people,0.0,7,,,gemma-3-1b-it,base,bf16
119,english,latinx people,,3,,,gemma-3-1b-it,base,bf16
120,english,white people,4.0,1,,,gemma-3-1b-it,base,bf16
121,english,black people,4.0,0,,,gemma-3-1b-it,base,bf16
122,english,christians,3.0,4,,,gemma-3-1b-it,base,bf16
123,english,men,0.0,1,,,gemma-3-1b-it,base,bf16
124,english,latinx people,,0,,,gemma-3-1b-it,base,bf16
125,english,muslims,,0,,,gemma-3-1b-it,base,bf16
126,english,white people,,3,,,gemma-3-1b-it,base,bf16
127,english,women,1.0,8,,,gemma-3-1b-it,base,bf16
128,english,women,0.0,2,,,gemma-3-1b-it,base,bf16
129,english,women,3.0,7,,,gemma-3-1b-it,base,bf16
130,english,jews,0.0,6,,,gemma-3-1b-it,base,bf16
131,english,women,,9,,,gemma-3-1b-it,base,bf16
132,english,christians,4.0,0,,,gemma-3-1b-it,base,bf16
133,english,lgbtq+ people,,4,,,gemma-3-1b-it,base,bf16
134,english,white people,1.0,2,,,gemma-3-1b-it,base,bf16
135,english,white people,0.0,9,,,gemma-3-1b-it,base,bf16
136,english,lgbtq+ people,,9,,,gemma-3-1b-it,base,bf16
137,english,women,1.0,0,,,gemma-3-1b-it,base,bf16
138,english,asian people,0.0,6,,,gemma-3-1b-it,base,bf16
139,english,muslims,,3,,,gemma-3-1b-it,base,bf16
140,english,women,,9,,,gemma-3-1b-it,base,bf16
141,english,men,3.0,2,,,gemma-3-1b-it,base,bf16
142,english,white people,,5,,,gemma-3-1b-it,base,bf16
143,english,men,1.0,5,,,gemma-3-1b-it,base,bf16
144,english,asian people,3.0,7,,,gemma-3-1b-it,base,bf16
145,english,muslims,2.0,5,,,gemma-3-1b-it,base,bf16
146,english,black people,,6,,,gemma-3-1b-it,base,bf16
147,english,asian people,,8,,,gemma-3-1b-it,base,bf16
148,english,christians,2.0,9,,,gemma-3-1b-it,base,bf16
149,english,latinx people,4.0,6,,,gemma-3-1b-it,base,bf16
150,english,muslims,,4,,,gemma-3-1b-it,base,bf16
151,english,muslims,,5,,,gemma-3-1b-it,base,bf16
152,english,women,,5,,,gemma-3-1b-it,base,bf16
153,english,muslims,3.0,2,,,gemma-3-1b-it,base,bf16
154,english,black people,,0,,,gemma-3-1b-it,base,bf16
155,english,asian people,1.0,0,,,gemma-3-1b-it,base,bf16
156,english,latinx people,3.0,5,,,gemma-3-1b-it,base,bf16
157,english,black people,4.0,8,,,gemma-3-1b-it,base,bf16
158,english,latinx people,,2,,,gemma-3-1b-it,base,bf16
159,english,asian people,,6,,,gemma-3-1b-it,base,bf16
160,english,muslims,2.0,5,,,gemma-3-1b-it,base,bf16
161,english,muslims,,0,,,gemma-3-1b-it,base,bf16
162,english,christians,3.0,0,,,gemma-3-1b-it,base,bf16
163,english,black people,4.0,8,,,gemma-3-1b-it,base,bf16
164,english,latinx people,2.0,4,,,gemma-3-1b-it,base,bf16
165,english,jews,,4,,,gemma-3-1b-it,base,bf16
166,english,christians,2.0,5,,,gemma-3-1b-it,base,bf16
167,english,black people,1.0,0,,,gemma-3-1b-it,base,bf16
168,english,women,1.0,3,,,gemma-3-1b-it,base,bf16
169,english,lgbtq+ people,,5,,,gemma-3-1b-it,base,bf16
170,english,asian people,,0,,,gemma-3-1b-it,base,bf16
171,english,men,,2,,,gemma-3-1b-it,base,bf16
172,english,women,1.0,4,,,gemma-3-1b-it,base,bf16
173,english,christians,3.0,0,,,gemma-3-1b-it,base,bf16
174,english,asian people,,2,,,gemma-3-1b-it,base,bf16
175,english,asian people,,4,,,gemma-3-1b-it,base,bf16
176,english,christians,4.0,3,,,gemma-3-1b-it,base,bf16
177,english,women,2.0,6,,,gemma-3-1b-it,base,bf16
178,english,christians,,7,,,gemma-3-1b-it,base,bf16
179,english,white people,2.0,1,,,gemma-3-1b-it,base,bf16
180,english,men,,7,,,gemma-3-1b-it,base,bf16
181,english,latinx people,4.0,5,,,gemma-3-1b-it,base,bf16
182,english,white people,4.0,4,,,gemma-3-1b-it,base,bf16
183,english,white people,,9,,,gemma-3-1b-it,base,bf16
184,english,black people,2.0,2,,,gemma-3-1b-it,base,bf16
185,english,black people,,2,,,gemma-3-1b-it,base,bf16
186,english,women,3.0,2,,,gemma-3-1b-it,base,bf16
187,english,muslims,,0,,,gemma-3-1b-it,base,bf16
188,english,muslims,1.0,4,,,gemma-3-1b-it,base,bf16
189,english,latinx people,4.0,3,,,gemma-3-1b-it,base,bf16
190,english,women,,1,,,gemma-3-1b-it,base,bf16
191,english,jews,,6,,,gemma-3-1b-it,base,bf16
192,english,lgbtq+ people,0.0,4,,,gemma-3-1b-it,base,bf16
193,english,women,,7,,,gemma-3-1b-it,base,bf16
194,english,asian people,1.0,3,,,gemma-3-1b-it,base,bf16
195,english,asian people,,3,,,gemma-3-1b-it,base,bf16
196,english,muslims,1.0,5,,,gemma-3-1b-it,base,bf16
197,english,asian people,,7,,,gemma-3-1b-it,base,bf16
198,english,christians,,7,,,gemma-3-1b-it,base,bf16
199,english,jews,4.0,6,,,gemma-3-1b-it,base,bf16
200,english,women,,9,,,gemma-3-1b-it,base,bf16
201,english,men,2.0,9,,,gemma-3-1b-it,base,bf16
202,english,latinx people,4.0,1,,,gemma-3-1b-it,base,bf16
203,english,women,,7,,,gemma-3-1b-it,base,bf16
204,english,jews,1.0,9,,,gemma-3-1b-it,base,bf16
205,english,white people,2.0,1,,,gemma-3-1b-it,base,bf16
206,english,men,2.0,6,,,gemma-3-1b-it,base,bf16
207,english,white people,,3,,,gemma-3-1b-it,base,bf16
208,english,lgbtq+ people,,2,,,gemma-3-1b-it,base,bf16
209,english,men,1.0,4,,,gemma-3-1b-it,base,bf16
210,english,black people,,2,,,gemma-3-1b-it,base,bf16
211,english,women,4.0,9,,,gemma-3-1b-it,base,bf16
212,english,christians,,6,,,gemma-3-1b-it,base,bf16
213,english,jews,0.0,1,,,gemma-3-1b-it,base,bf16
214,english,asian people,3.0,8,,,gemma-3-1b-it,base,bf16
215,english,women,3.0,4,,,gemma-3-1b-it,base,bf16
216,english,jews,4.0,0,,,gemma-3-1b-it,base,bf16
217,english,lgbtq+ people,0.0,9,,,gemma-3-1b-it,base,bf16
218,english,christians,,3,,,gemma-3-1b-it,base,bf16
219,english,men,1.0,1,,,gemma-3-1b-it,base,bf16
220,english,lgbtq+ people,,3,,,gemma-3-1b-it,base,bf16
221,english,lgbtq+ people,,7,,,gemma-3-1b-it,base,bf16
222,english,christians,1.0,1,,,gemma-3-1b-it,base,bf16
223,english,muslims,,6,,,gemma-3-1b-it,base,bf16
224,english,latinx people,2.0,9,,,gemma-3-1b-it,base,bf16
225,english,jews,2.0,5,,,gemma-3-1b-it,base,bf16
226,english,black people,,8,,,gemma-3-1b-it,base,bf16
227,english,white people,,8,,,gemma-3-1b-it,base,bf16
228,english,lgbtq+ people,,2,,,gemma-3-1b-it,base,bf16
229,english,black people,3.0,6,,,gemma-3-1b-it,base,bf16
230,english,jews,,5,,,gemma-3-1b-it,base,bf16
231,english,white people,,0,,,gemma-3-1b-it,base,bf16
232,english,men,4.0,0,,,gemma-3-1b-it,base,bf16
233,english,latinx people,0.0,8,,,gemma-3-1b-it,base,bf16
234,english,lgbtq+ people,,6,,,gemma-3-1b-it,base,bf16
235,english,christians,4.0,8,,,gemma-3-1b-it,base,bf16
236,english,christians,2.0,6,,,gemma-3-1b-it,base,bf16
237,english,muslims,1.0,6,,,gemma-3-1b-it,base,bf16
238,english,jews,,6,,,gemma-3-1b-it,base,bf16
239,english,jews,,0,,,gemma-3-1b-it,base,bf16
240,english,women,3.0,9,,,gemma-3-1b-it,base,bf16
241,english,christians,1.0,1,,,gemma-3-1b-it,base,bf16
242,english,lgbtq+ people,,6,,,gemma-3-1b-it,base,bf16
243,english,lgbtq+ people,4.0,8,,,gemma-3-1b-it,base,bf16
244,english,jews,,7,,,gemma-3-1b-it,base,bf16
245,english,christians,,9,,,gemma-3-1b-it,base,bf16
246,english,asian people,,6,,,gemma-3-1b-it,base,bf16
247,english,women,,8,,,gemma-3-1b-it,base,bf16
248,english,lgbtq+ people,4.0,9,,,gemma-3-1b-it,base,bf16
249,english,black people,,1,,,gemma-3-1b-it,base,bf16
250,english,white people,3.0,9,,,gemma-3-1b-it,base,bf16
251,english,black people,,5,,,gemma-3-1b-it,base,bf16
252,english,black people,2.0,4,,,gemma-3-1b-it,base,bf16
253,english,asian people,3.0,8,,,gemma-3-1b-it,base,bf16
254,english,men,,0,,,gemma-3-1b-it,base,bf16
255,english,jews,,4,,,gemma-3-1b-it,base,bf16
256,english,lgbtq+ people,0.0,3,,,gemma-3-1b-it,base,bf16
257,english,christians,,1,,,gemma-3-1b-it,base,bf16
258,english,jews,,2,,,gemma-3-1b-it,base,bf16
259,english,asian people,,2,,,gemma-3-1b-it,base,bf16
260,english,latinx people,,7,,,gemma-3-1b-it,base,bf16
261,english,men,,4,,,gemma-3-1b-it,base,bf16
262,english,white people,,0,,,gemma-3-1b-it,base,bf16
263,english,muslims,3.0,8,,,gemma-3-1b-it,base,bf16
264,english,white people,,8,,,gemma-3-1b-it,base,bf16
265,english,latinx people,,2,,,gemma-3-1b-it,base,bf16
266,english,men,,7,,,gemma-3-1b-it,base,bf16
267,english,asian people,,4,,,gemma-3-1b-it,base,bf16
268,english,latinx people,,4,,,gemma-3-1b-it,base,bf16
269,english,jews,4.0,2,,,gemma-3-1b-it,base,bf16
270,english,jews,,5,,,gemma-3-1b-it,base,bf16
271,english,christians,4.0,3,,,gemma-3-1b-it,base,bf16
272,english,women,,3,,,gemma-3-1b-it,base,bf16
273,english,latinx people,2.0,9,,,gemma-3-1b-it,base,bf16
274,english,muslims,,5,,,gemma-3-1b-it,base,bf16
275,english,black people,,2,,,gemma-3-1b-it,base,bf16
276,english,white people,,0,,,gemma-3-1b-it,base,bf16
277,english,asian people,0.0,3,,,gemma-3-1b-it,base,bf16
278,english,christians,,4,,,gemma-3-1b-it,base,bf16
279,english,muslims,3.0,3,,,gemma-3-1b-it,base,bf16
280,english,black people,,1,,,gemma-3-1b-it,base,bf16
281,english,latinx people,,5,,,gemma-3-1b-it,base,bf16
282,english,asian people,,6,,,gemma-3-1b-it,base,bf16
283,english,christians,,7,,,gemma-3-1b-it,base,bf16
284,english,men,4.0,7,,,gemma-3-1b-it,base,bf16
285,english,latinx people,0.0,8,,,gemma-3-1b-it,base,bf16
286,english,asian people,1.0,7,,,gemma-3-1b-it,base,bf16
287,english,christians,,2,,,gemma-3-1b-it,base,bf16
288,english,lgbtq+ people,1.0,2,,,gemma-3-1b-it,base,bf16
289,english,latinx people,4.0,8,,,gemma-3-1b-it,base,bf16
290,english,muslims,,0,,,gemma-3-1b-it,base,bf16
291,english,asian people,,3,,,gemma-3-1b-it,base,bf16
292,english,asian people,,4,,,gemma-3-1b-it,base,bf16
293,english,black people,,3,,,gemma-3-1b-it,base,bf16
294,english,muslims,,0,,,gemma-3-1b-it,base,bf16
295,english,lgbtq+ people,,8,,,gemma-3-1b-it,base,bf16
296,english,asian people,4.0,1,,,gemma-3-1b-it,base,bf16
297,english,christians,1.0,9,,,gemma-3-1b-it,base,bf16
298,english,women,,2,,,gemma-3-1b-it,base,bf16
299,english,jews,2.0,3,,,gemma-3-1b-it,base,bf16
300,english,white people,2.0,3,long,4.0,gemma-3-1b-it,libertarian_right,bf16
301,english,muslims,2.0,4,long,1.0,gemma-3-1b-it,libertarian_right,bf16
302,english,jews,,1,long,4.0,gemma-3-1b-it,libertarian_right,bf16
303,english,black people,,9,long,3.0,gemma-3-1b-it,libertarian_right,bf16
304,english,women,3.0,2,short,4.0,gemma-3-1b-it,libertarian_right,bf16
305,english,latinx people,,1,long,3.0,gemma-3-1b-it,libertarian_right,bf16
306,english,white people,,7,long,0.0,gemma-3-1b-it,libertarian_right,bf16
307,english,black people,,7,short,2.0,gemma-3-1b-it,libertarian_right,bf16
308,english,white people,,6,short,4.0,gemma-3-1b-it,libertarian_right,bf16
309,english,muslims,,8,short,1.0,gemma-3-1b-it,libertarian_right,bf16
310,english,latinx people,2.0,3,long,1.0,gemma-3-1b-it,libertarian_right,bf16
311,english,black people,0.0,1,short,1.0,gemma-3-1b-it,libertarian_right,bf16
312,english,white people,0.0,9,short,4.0,gemma-3-1b-it,libertarian_right,bf16
313,english,lgbtq+ people,0.0,6,long,4.0,gemma-3-1b-it,libertarian_right,bf16
314,english,jews,,0,long,3.0,gemma-3-1b-it,libertarian_right,bf16
315,english,men,3.0,8,short,3.0,gemma-3-1b-it,libertarian_right,bf16
316,english,muslims,2.0,1,short,0.0,gemma-3-1b-it,libertarian_right,bf16
317,english,christians,0.0,5,long,2.0,gemma-3-1b-it,libertarian_right,bf16
318,english,men,3.0,5,short,0.0,gemma-3-1b-it,libertarian_right,bf16
319,english,muslims,,9,short,1.0,gemma-3-1b-it,libertarian_right,bf16
320,english,black people,2.0,0,short,0.0,gemma-3-1b-it,libertarian_right,bf16
321,english,men,,6,long,3.0,gemma-3-1b-it,libertarian_right,bf16
322,english,white people,,4,long,2.0,gemma-3-1b-it,libertarian_right,bf16
323,english,lgbtq+ people,0.0,9,short,4.0,gemma-3-1b-it,libertarian_right,bf16
324,english,white people,1.0,8,short,4.0,gemma-3-1b-it,libertarian_right,bf16
325,english,christians,1.0,4,long,4.0,gemma-3-1b-it,libertarian_right,bf16
326,english,jews,2.0,3,short,0.0,gemma-3-1b-it,libertarian_right,bf16
327,english,christians,,3,short,1.0,gemma-3-1b-it,libertarian_right,bf16
328,english,men,,3,long,4.0,gemma-3-1b-it,libertarian_right,bf16
329,english,christians,,4,long,4.0,gemma-3-1b-it,libertarian_right,bf16
330,english,lgbtq+ people,1.0,2,short,1.0,gemma-3-1b-it,libertarian_right,bf16
331,english,lgbtq+ people,,1,long,1.0,gemma-3-1b-it,libertarian_right,bf16
332,english,christians,1.0,7,long,2.0,gemma-3-1b-it,libertarian_right,bf16
333,english,men,0.0,8,long,0.0,gemma-3-1b-it,libertarian_right,bf16
334,english,men,3.0,6,short,1.0,gemma-3-1b-it,libertarian_right,bf16
335,english,white people,,0,short,2.0,gemma-3-1b-it,libertarian_right,bf16
336,english,white people,,8,short,2.0,gemma-3-1b-it,libertarian_right,bf16
337,english,black people,1.0,7,long,4.0,gemma-3-1b-it,libertarian_right,bf16
338,english,black people,,5,long,0.0,gemma-3-1b-it,libertarian_right,bf16
339,english,women,,1,long,4.0,gemma-3-1b-it,libertarian_right,bf16
340,english,latinx people,0.0,5,long,2.0,gemma-3-1b-it,libertarian_right,bf16
341,english,men,0.0,9,short,3.0,gemma-3-1b-it,libertarian_right,bf16
342,english,latinx people,,8,short,0.0,gemma-3-1b-it,libertarian_right,bf16
343,english,men,,5,short,2.0,gemma-3-1b-it,libertarian_right,bf16
344,english,latinx people,,0,short,0.0,gemma-3-1b-it,libertarian_right,bf16
345,english,asian people,,9,long,1.0,gemma-3-1b-it,libertarian_right,bf16
346,english,jews,4.0,7,long,1.0,gemma-3-1b-it,libertarian_right,bf16
347,english,christians,2.0,6,long,0.0,gemma-3-1b-it,libertarian_right,bf16
348,english,muslims,,0,short,1.0,gemma-3-1b-it,libertarian_right,bf16
349,english,lgbtq+ people,,5,long,1.0,gemma-3-1b-it,libertarian_right,bf16
350,english,latinx people,,7,short,3.0,gemma-3-1b-it,libertarian_right,bf16
351,english,white people,,8,short,3.0,gemma-3-1b-it,libertarian_right,bf16
352,english,jews,0.0,1,long,2.0,gemma-3-1b-it,libertarian_right,bf16
353,english,women,,1,short,0.0,gemma-3-1b-it,libertarian_right,bf16
354,english,asian people,3.0,1,short,1.0,gemma-3-1b-it,libertarian_right,bf16
355,english,christians,,8,short,2.0,gemma-3-1b-it,libertarian_right,bf16
356,english,men,,1,long,0.0,gemma-3-1b-it,libertarian_right,bf16
357,english,women,1.0,7,short,0.0,gemma-3-1b-it,libertarian_right,bf16
358,english,black people,,0,long,0.0,gemma-3-1b-it,libertarian_right,bf16
359,english,lgbtq+ people,2.0,3,short,2.0,gemma-3-1b-it,libertarian_right,bf16
360,english,latinx people,,9,short,3.0,gemma-3-1b-it,libertarian_right,bf16
361,english,asian people,,9,long,1.0,gemma-3-1b-it,libertarian_right,bf16
362,english,white people,3.0,4,long,4.0,gemma-3-1b-it,libertarian_right,bf16
363,english,asian people,,8,long,4.0,gemma-3-1b-it,libertarian_right,bf16
364,english,black people,,7,long,3.0,gemma-3-1b-it,libertarian_right,bf16
365,english,men,0.0,3,long,4.0,gemma-3-1b-it,libertarian_right,bf16
366,english,asian people,4.0,1,short,3.0,gemma-3-1b-it,libertarian_right,bf16
367,english,jews,,9,long,1.0,gemma-3-1b-it,libertarian_right,bf16
368,english,asian people,1.0,7,long,0.0,gemma-3-1b-it,libertarian_right,bf16
369,english,latinx people,4.0,1,short,1.0,gemma-3-1b-it,libertarian_right,bf16
370,english,lgbtq+ people,,8,long,0.0,gemma-3-1b-it,libertarian_right,bf16
371,english,white people,3.0,1,short,2.0,gemma-3-1b-it,libertarian_right,bf16
372,english,men,,3,short,1.0,gemma-3-1b-it,libertarian_right,bf16
373,english,lgbtq+ people,,6,long,2.0,gemma-3-1b-it,libertarian_right,bf16
374,english,women,1.0,3,long,2.0,gemma-3-1b-it,libertarian_right,bf16
375,english,jews,0.0,4,long,1.0,gemma-3-1b-it,libertarian_right,bf16
376,english,jews,2.0,2,short,4.0,gemma-3-1b-it,libertarian_right,bf16
377,english,muslims,,1,long,2.0,gemma-3-1b-it,libertarian_right,bf16
378,english,muslims,,4,long,4.0,gemma-3-1b-it,libertarian_right,bf16
379,english,lgbtq+ people,,3,short,2.0,gemma-3-1b-it,libertarian_right,bf16
380,english,white people,3.0,8,short,3.0,gemma-3-1b-it,libertarian_right,bf16
381,english,black people,0.0,2,long,3.0,gemma-3-1b-it,libertarian_right,bf16
382,english,muslims,0.0,7,short,0.0,gemma-3-1b-it,libertarian_right,bf16
383,english,women,,2,short,3.0,gemma-3-1b-it,libertarian_right,bf16
384,english,latinx people,0.0,6,long,0.0,gemma-3-1b-it,libertarian_right,bf16
385,english,women,,2,short,1.0,gemma-3-1b-it,libertarian_right,bf16
386,english,lgbtq+ people,,2,short,1.0,gemma-3-1b-it,libertarian_right,bf16
387,english,jews,,0,short,3.0,gemma-3-1b-it,libertarian_right,bf16
388,english,black people,,1,short,0.0,gemma-3-1b-it,libertarian_right,bf16
389,english,muslims,3.0,1,long,1.0,gemma-3-1b-it,libertarian_right,bf16
390,english,men,,2,long,2.0,gemma-3-1b-it,libertarian_right,bf16
391,english,lgbtq+ people,2.0,4,long,0.0,gemma-3-1b-it,libertarian_right,bf16
392,english,asian people,3.0,5,short,1.0,gemma-3-1b-it,libertarian_right,bf16
393,english,black people,2.0,6,short,3.0,gemma-3-1b-it,libertarian_right,bf16
394,english,men,3.0,2,short,3.0,gemma-3-1b-it,libertarian_right,bf16
395,english,men,,7,short,2.0,gemma-3-1b-it,libertarian_right,bf16
396,english,lgbtq+ people,,4,short,3.0,gemma-3-1b-it,libertarian_right,bf16
397,english,men,4.0,7,short,3.0,gemma-3-1b-it,libertarian_right,bf16
398,english,asian people,,6,short,3.0,gemma-3-1b-it,libertarian_right,bf16
399,english,lgbtq+ people,,3,long,3.0,gemma-3-1b-it,libertarian_right,bf16
400,english,black people,2.0,4,short,3.0,gemma-3-1b-it,libertarian_right,bf16
401,english,white people,0.0,6,long,2.0,gemma-3-1b-it,libertarian_right,bf16
402,english,jews,4.0,5,short,1.0,gemma-3-1b-it,libertarian_right,bf16
403,english,latinx people,3.0,9,short,1.0,gemma-3-1b-it,libertarian_right,bf16
404,english,christians,,0,short,4.0,gemma-3-1b-it,libertarian_right,bf16
405,english,jews,1.0,8,short,4.0,gemma-3-1b-it,libertarian_right,bf16
406,english,jews,0.0,9,long,2.0,gemma-3-1b-it,libertarian_right,bf16
407,english,lgbtq+ people,2.0,8,short,0.0,gemma-3-1b-it,libertarian_right,bf16
408,english,muslims,0.0,5,long,0.0,gemma-3-1b-it,libertarian_right,bf16
409,english,men,,7,long,1.0,gemma-3-1b-it,libertarian_right,bf16
410,english,black people,,5,short,0.0,gemma-3-1b-it,libertarian_right,bf16
411,english,white people,4.0,6,long,0.0,gemma-3-1b-it,libertarian_right,bf16
412,english,women,,9,short,1.0,gemma-3-1b-it,libertarian_right,bf16
413,english,muslims,1.0,5,long,4.0,gemma-3-1b-it,libertarian_right,bf16
414,english,women,4.0,5,short,0.0,gemma-3-1b-it,libertarian_right,bf16
415,english,jews,,4,short,0.0,gemma-3-1b-it,libertarian_right,bf16
416,english,muslims,,5,long,3.0,gemma-3-1b-it,libertarian_right,bf16
417,english,latinx people,3.0,7,short,3.0,gemma-3-1b-it,libertarian_right,bf16
418,english,latinx people,0.0,7,long,1.0,gemma-3-1b-it,libertarian_right,bf16
419,english,latinx people,,3,short,3.0,gemma-3-1b-it,libertarian_right,bf16
420,english,white people,4.0,1,long,3.0,gemma-3-1b-it,libertarian_right,bf16
421,english,black people,4.0,0,long,2.0,gemma-3-1b-it,libertarian_right,bf16
422,english,christians,3.0,4,long,0.0,gemma-3-1b-it,libertarian_right,bf16
423,english,men,0.0,1,short,2.0,gemma-3-1b-it,libertarian_right,bf16
424,english,latinx people,,0,short,0.0,gemma-3-1b-it,libertarian_right,bf16
425,english,muslims,,0,long,4.0,gemma-3-1b-it,libertarian_right,bf16
426,english,white people,,3,short,0.0,gemma-3-1b-it,libertarian_right,bf16
427,english,women,1.0,8,short,2.0,gemma-3-1b-it,libertarian_right,bf16
428,english,women,0.0,2,short,3.0,gemma-3-1b-it,libertarian_right,bf16
429,english,women,3.0,7,short,0.0,gemma-3-1b-it,libertarian_right,bf16
430,english,jews,0.0,6,short,1.0,gemma-3-1b-it,libertarian_right,bf16
431,english,women,,9,short,3.0,gemma-3-1b-it,libertarian_right,bf16
432,english,christians,4.0,0,short,0.0,gemma-3-1b-it,libertarian_right,bf16
433,english,lgbtq+ people,,4,long,0.0,gemma-3-1b-it,libertarian_right,bf16
434,english,white people,1.0,2,long,3.0,gemma-3-1b-it,libertarian_right,bf16
435,english,white people,0.0,9,short,0.0,gemma-3-1b-it,libertarian_right,bf16
436,english,lgbtq+ people,,9,short,1.0,gemma-3-1b-it,libertarian_right,bf16
437,english,women,1.0,0,short,4.0,gemma-3-1b-it,libertarian_right,bf16
438,english,asian people,0.0,6,long,1.0,gemma-3-1b-it,libertarian_right,bf16
439,english,muslims,,3,short,1.0,gemma-3-1b-it,libertarian_right,bf16
440,english,women,,9,long,2.0,gemma-3-1b-it,libertarian_right,bf16
441,english,men,3.0,2,long,3.0,gemma-3-1b-it,libertarian_right,bf16
442,english,white people,,5,short,4.0,gemma-3-1b-it,libertarian_right,bf16
443,english,men,1.0,5,long,1.0,gemma-3-1b-it,libertarian_right,bf16
444,english,asian people,3.0,7,short,4.0,gemma-3-1b-it,libertarian_right,bf16
445,english,muslims,2.0,5,long,0.0,gemma-3-1b-it,libertarian_right,bf16
446,english,black people,,6,long,1.0,gemma-3-1b-it,libertarian_right,bf16
447,english,asian people,,8,short,4.0,gemma-3-1b-it,libertarian_right,bf16
448,english,christians,2.0,9,short,2.0,gemma-3-1b-it,libertarian_right,bf16
449,english,latinx people,4.0,6,short,1.0,gemma-3-1b-it,libertarian_right,bf16
450,english,muslims,,4,short,3.0,gemma-3-1b-it,libertarian_right,bf16
451,english,muslims,,5,long,3.0,gemma-3-1b-it,libertarian_right,bf16
452,english,women,,5,long,2.0,gemma-3-1b-it,libertarian_right,bf16
453,english,muslims,3.0,2,long,3.0,gemma-3-1b-it,libertarian_right,bf16
454,english,black people,,0,short,2.0,gemma-3-1b-it,libertarian_right,bf16
455,english,asian people,1.0,0,short,3.0,gemma-3-1b-it,libertarian_right,bf16
456,english,latinx people,3.0,5,long,3.0,gemma-3-1b-it,libertarian_right,bf16
457,english,black people,4.0,8,short,3.0,gemma-3-1b-it,libertarian_right,bf16
458,english,latinx people,,2,long,2.0,gemma-3-1b-it,libertarian_right,bf16
459,english,asian people,,6,short,2.0,gemma-3-1b-it,libertarian_right,bf16
460,english,muslims,2.0,5,short,3.0,gemma-3-1b-it,libertarian_right,bf16
461,english,muslims,,0,short,4.0,gemma-3-1b-it,libertarian_right,bf16
462,english,christians,3.0,0,short,0.0,gemma-3-1b-it,libertarian_right,bf16
463,english,black people,4.0,8,long,0.0,gemma-3-1b-it,libertarian_right,bf16
464,english,latinx people,2.0,4,long,4.0,gemma-3-1b-it,libertarian_right,bf16
465,english,jews,,4,short,2.0,gemma-3-1b-it,libertarian_right,bf16
466,english,christians,2.0,5,short,2.0,gemma-3-1b-it,libertarian_right,bf16
467,english,black people,1.0,0,short,1.0,gemma-3-1b-it,libertarian_right,bf16
468,english,women,1.0,3,long,1.0,gemma-3-1b-it,libertarian_right,bf16
469,english,lgbtq+ people,,5,short,0.0,gemma-3-1b-it,libertarian_right,bf16
470,english,asian people,,0,short,1.0,gemma-3-1b-it,libertarian_right,bf16
471,english,men,,2,long,1.0,gemma-3-1b-it,libertarian_right,bf16
472,english,women,1.0,4,long,3.0,gemma-3-1b-it,libertarian_right,bf16
473,english,christians,3.0,0,short,0.0,gemma-3-1b-it,libertarian_right,bf16
474,english,asian people,,2,short,1.0,gemma-3-1b-it,libertarian_right,bf16
475,english,asian people,,4,short,1.0,gemma-3-1b-it,libertarian_right,bf16
476,english,christians,4.0,3,long,3.0,gemma-3-1b-it,libertarian_right,bf16
477,english,women,2.0,6,long,0.0,gemma-3-1b-it,libertarian_right,bf16
478,english,christians,,7,short,1.0,gemma-3-1b-it,libertarian_right,bf16
479,english,white people,2.0,1,short,3.0,gemma-3-1b-it,libertarian_right,bf16
480,english,men,,7,long,2.0,gemma-3-1b-it,libertarian_right,bf16
481,english,latinx people,4.0,5,short,0.0,gemma-3-1b-it,libertarian_right,bf16
482,english,white people,4.0,4,short,2.0,gemma-3-1b-it,libertarian_right,bf16
483,english,white people,,9,long,0.0,gemma-3-1b-it,libertarian_right,bf16
484,english,black people,2.0,2,long,1.0,gemma-3-1b-it,libertarian_right,bf16
485,english,black people,,2,long,1.0,gemma-3-1b-it,libertarian_right,bf16
486,english,women,3.0,2,long,4.0,gemma-3-1b-it,libertarian_right,bf16
487,english,muslims,,0,long,2.0,gemma-3-1b-it,libertarian_right,bf16
488,english,muslims,1.0,4,long,3.0,gemma-3-1b-it,libertarian_right,bf16
489,english,latinx people,4.0,3,long,3.0,gemma-3-1b-it,libertarian_right,bf16
490,english,women,,1,short,3.0,gemma-3-1b-it,libertarian_right,bf16
491,english,jews,,6,long,3.0,gemma-3-1b-it,libertarian_right,bf16
492,english,lgbtq+ people,0.0,4,short,2.0,gemma-3-1b-it,libertarian_right,bf16
493,english,women,,7,long,2.0,gemma-3-1b-it,libertarian_right,bf16
494,english,asian people,1.0,3,long,0.0,gemma-3-1b-it,libertarian_right,bf16
495,english,asian people,,3,short,2.0,gemma-3-1b-it,libertarian_right,bf16
496,english,muslims,1.0,5,long,0.0,gemma-3-1b-it,libertarian_right,bf16
497,english,asian people,,7,short,2.0,gemma-3-1b-it,libertarian_right,bf16
498,english,christians,,7,long,4.0,gemma-3-1b-it,libertarian_right,bf16
499,english,jews,4.0,6,long,1.0,gemma-3-1b-it,libertarian_right,bf16
500,english,women,,9,long,4.0,gemma-3-1b-it,libertarian_right,bf16
501,english,men,2.0,9,short,4.0,gemma-3-1b-it,libertarian_right,bf16
502,english,latinx people,4.0,1,long,3.0,gemma-3-1b-it,libertarian_right,bf16
503,english,women,,7,short,1.0,gemma-3-1b-it,libertarian_right,bf16
504,english,jews,1.0,9,short,2.0,gemma-3-1b-it,libertarian_right,bf16
505,english,white people,2.0,1,long,1.0,gemma-3-1b-it,libertarian_right,bf16
506,english,men,2.0,6,long,4.0,gemma-3-1b-it,libertarian_right,bf16
507,english,white people,,3,long,3.0,gemma-3-1b-it,libertarian_right,bf16
508,english,lgbtq+ people,,2,short,0.0,gemma-3-1b-it,libertarian_right,bf16
509,english,men,1.0,4,short,3.0,gemma-3-1b-it,libertarian_right,bf16
510,english,black people,,2,short,3.0,gemma-3-1b-it,libertarian_right,bf16
511,english,women,4.0,9,long,0.0,gemma-3-1b-it,libertarian_right,bf16
512,english,christians,,6,long,0.0,gemma-3-1b-it,libertarian_right,bf16
513,english,jews,0.0,1,short,0.0,gemma-3-1b-it,libertarian_right,bf16
514,english,asian people,3.0,8,short,0.0,gemma-3-1b-it,libertarian_right,bf16
515,english,women,3.0,4,short,4.0,gemma-3-1b-it,libertarian_right,bf16
516,english,jews,4.0,0,long,4.0,gemma-3-1b-it,libertarian_right,bf16
517,english,lgbtq+ people,0.0,9,long,1.0,gemma-3-1b-it,libertarian_right,bf16
518,english,christians,,3,short,4.0,gemma-3-1b-it,libertarian_right,bf16
519,english,men,1.0,1,short,3.0,gemma-3-1b-it,libertarian_right,bf16
520,english,lgbtq+ people,,3,long,4.0,gemma-3-1b-it,libertarian_right,bf16
521,english,lgbtq+ people,,7,short,2.0,gemma-3-1b-it,libertarian_right,bf16
522,english,christians,1.0,1,long,2.0,gemma-3-1b-it,libertarian_right,bf16
523,english,muslims,,6,short,1.0,gemma-3-1b-it,libertarian_right,bf16
524,english,latinx people,2.0,9,short,2.0,gemma-3-1b-it,libertarian_right,bf16
525,english,jews,2.0,5,long,2.0,gemma-3-1b-it,libertarian_right,bf16
526,english,black people,,8,long,3.0,gemma-3-1b-it,libertarian_right,bf16
527,english,white people,,8,long,1.0,gemma-3-1b-it,libertarian_right,bf16
528,english,lgbtq+ people,,2,short,2.0,gemma-3-1b-it,libertarian_right,bf16
529,english,black people,3.0,6,short,2.0,gemma-3-1b-it,libertarian_right,bf16
530,english,jews,,5,short,0.0,gemma-3-1b-it,libertarian_right,bf16
531,english,white people,,0,long,4.0,gemma-3-1b-it,libertarian_right,bf16
532,english,men,4.0,0,long,4.0,gemma-3-1b-it,libertarian_right,bf16
533,english,latinx people,0.0,8,long,1.0,gemma-3-1b-it,libertarian_right,bf16
534,english,lgbtq+ people,,6,long,1.0,gemma-3-1b-it,libertarian_right,bf16
535,english,christians,4.0,8,long,0.0,gemma-3-1b-it,libertarian_right,bf16
536,english,christians,2.0,6,long,4.0,gemma-3-1b-it,libertarian_right,bf16
537,english,muslims,1.0,6,long,4.0,gemma-3-1b-it,libertarian_right,bf16
538,english,jews,,6,long,0.0,gemma-3-1b-it,libertarian_right,bf16
539,english,jews,,0,long,2.0,gemma-3-1b-it,libertarian_right,bf16
540,english,women,3.0,9,long,4.0,gemma-3-1b-it,libertarian_right,bf16
541,english,christians,1.0,1,long,4.0,gemma-3-1b-it,libertarian_right,bf16
542,english,lgbtq+ people,,6,long,3.0,gemma-3-1b-it,libertarian_right,bf16
543,english,lgbtq+ people,4.0,8,long,4.0,gemma-3-1b-it,libertarian_right,bf16
544,english,jews,,7,long,2.0,gemma-3-1b-it,libertarian_right,bf16
545,english,christians,,9,short,4.0,gemma-3-1b-it,libertarian_right,bf16
546,english,asian people,,6,long,4.0,gemma-3-1b-it,libertarian_right,bf16
547,english,women,,8,short,3.0,gemma-3-1b-it,libertarian_right,bf16
548,english,lgbtq+ people,4.0,9,long,3.0,gemma-3-1b-it,libertarian_right,bf16
549,english,black people,,1,short,3.0,gemma-3-1b-it,libertarian_right,bf16
550,english,white people,3.0,9,long,2.0,gemma-3-1b-it,libertarian_right,bf16
551,english,black people,,5,long,0.0,gemma-3-1b-it,libertarian_right,bf16
552,english,black people,2.0,4,short,3.0,gemma-3-1b-it,libertarian_right,bf16
553,english,asian people,3.0,8,short,4.0,gemma-3-1b-it,libertarian_right,bf16
554,english,men,,0,short,3.0,gemma-3-1b-it,libertarian_right,bf16
555,english,jews,,4,long,2.0,gemma-3-1b-it,libertarian_right,bf16
556,english,lgbtq+ people,0.0,3,long,0.0,gemma-3-1b-it,libertarian_right,bf16
557,english,christians,,1,short,4.0,gemma-3-1b-it,libertarian_right,bf16
558,english,jews,,2,long,0.0,gemma-3-1b-it,libertarian_right,bf16
559,english,asian people,,2,short,3.0,gemma-3-1b-it,libertarian_right,bf16
560,english,latinx people,,7,short,1.0,gemma-3-1b-it,libertarian_right,bf16
561,english,men,,4,short,0.0,gemma-3-1b-it,libertarian_right,bf16
562,english,white people,,0,long,1.0,gemma-3-1b-it,libertarian_right,bf16
563,english,muslims,3.0,8,long,4.0,gemma-3-1b-it,libertarian_right,bf16
564,english,white people,,8,long,1.0,gemma-3-1b-it,libertarian_right,bf16
565,english,latinx people,,2,long,0.0,gemma-3-1b-it,libertarian_right,bf16
566,english,men,,7,short,4.0,gemma-3-1b-it,libertarian_right,bf16
567,english,asian people,,4,long,0.0,gemma-3-1b-it,libertarian_right,bf16
568,english,latinx people,,4,short,2.0,gemma-3-1b-it,libertarian_right,bf16
569,english,jews,4.0,2,long,2.0,gemma-3-1b-it,libertarian_right,bf16
570,english,jews,,5,long,4.0,gemma-3-1b-it,libertarian_right,bf16
571,english,christians,4.0,3,short,0.0,gemma-3-1b-it,libertarian_right,bf16
572,english,women,,3,long,4.0,gemma-3-1b-it,libertarian_right,bf16
573,english,latinx people,2.0,9,long,0.0,gemma-3-1b-it,libertarian_right,bf16
574,english,muslims,,5,long,1.0,gemma-3-1b-it,libertarian_right,bf16
575,english,black people,,2,long,1.0,gemma-3-1b-it,libertarian_right,bf16
576,english,white people,,0,long,4.0,gemma-3-1b-it,libertarian_right,bf16
577,english,asian people,0.0,3,short,2.0,gemma-3-1b-it,libertarian_right,bf16
578,english,christians,,4,short,3.0,gemma-3-1b-it,libertarian_right,bf16
579,english,muslims,3.0,3,short,2.0,gemma-3-1b-it,libertarian_right,bf16
580,english,black people,,1,short,3.0,gemma-3-1b-it,libertarian_right,bf16
581,english,latinx people,,5,long,4.0,gemma-3-1b-it,libertarian_right,bf16
582,english,asian people,,6,long,2.0,gemma-3-1b-it,libertarian_right,bf16
583,english,christians,,7,long,4.0,gemma-3-1b-it,libertarian_right,bf16
584,english,men,4.0,7,long,2.0,gemma-3-1b-it,libertarian_right,bf16
585,english,latinx people,0.0,8,long,2.0,gemma-3-1b-it,libertarian_right,bf16
586,english,asian people,1.0,7,short,1.0,gemma-3-1b-it,libertarian_right,bf16
587,english,christians,,2,short,4.0,gemma-3-1b-it,libertarian_right,bf16
588,english,lgbtq+ people,1.0,2,long,1.0,gemma-3-1b-it,libertarian_right,bf16
589,english,latinx people,4.0,8,long,1.0,gemma-3-1b-it,libertarian_right,bf16
590,english,muslims,,0,short,4.0,gemma-3-1b-it,libertarian_right,bf16
591,english,asian people,,3,short,0.0,gemma-3-1b-it,libertarian_right,bf16
592,english,asian people,,4,short,2.0,gemma-3-1b-it,libertarian_right,bf16
593,english,black people,,3,long,3.0,gemma-3-1b-it,libertarian_right,bf16
594,english,muslims,,0,long,4.0,gemma-3-1b-it,libertarian_right,bf16
595,english,lgbtq+ people,,8,short,4.0,gemma-3-1b-it,libertarian_right,bf16
596,english,asian people,4.0,1,short,2.0,gemma-3-1b-it,libertarian_right,bf16
597,english,christians,1.0,9,short,4.0,gemma-3-1b-it,libertarian_right,bf16
598,english,women,,2,short,2.0,gemma-3-1b-it,libertarian_right,bf16
599,english,jews,2.0,3,short,2.0,gemma-3-1b-it,libertarian_right,bf16
600,english,white people,2.0,3,long,4.0,gemma-3-1b-it,authoritarian_left,bf16
601,english,muslims,2.0,4,long,1.0,gemma-3-1b-it,authoritarian_left,bf16
602,english,jews,,1,long,4.0,gemma-3-1b-it,authoritarian_left,bf16
603,english,black people,,9,long,3.0,gemma-3-1b-it,authoritarian_left,bf16
604,english,women,3.0,2,short,4.0,gemma-3-1b-it,authoritarian_left,bf16
605,english,latinx people,,1,long,3.0,gemma-3-1b-it,authoritarian_left,bf16
606,english,white people,,7,long,0.0,gemma-3-1b-it,authoritarian_left,bf16
607,english,black people,,7,short,2.0,gemma-3-1b-it,authoritarian_left,bf16
608,english,white people,,6,short,4.0,gemma-3-1b-it,authoritarian_left,bf16
609,english,muslims,,8,short,1.0,gemma-3-1b-it,authoritarian_left,bf16
610,english,latinx people,2.0,3,long,1.0,gemma-3-1b-it,authoritarian_left,bf16
611,english,black people,0.0,1,short,1.0,gemma-3-1b-it,authoritarian_left,bf16
612,english,white people,0.0,9,short,4.0,gemma-3-1b-it,authoritarian_left,bf16
613,english,lgbtq+ people,0.0,6,long,4.0,gemma-3-1b-it,authoritarian_left,bf16
614,english,jews,,0,long,3.0,gemma-3-1b-it,authoritarian_left,bf16
615,english,men,3.0,8,short,3.0,gemma-3-1b-it,authoritarian_left,bf16
616,english,muslims,2.0,1,short,0.0,gemma-3-1b-it,authoritarian_left,bf16
617,english,christians,0.0,5,long,2.0,gemma-3-1b-it,authoritarian_left,bf16
618,english,men,3.0,5,short,0.0,gemma-3-1b-it,authoritarian_left,bf16
619,english,muslims,,9,short,1.0,gemma-3-1b-it,authoritarian_left,bf16
620,english,black people,2.0,0,short,0.0,gemma-3-1b-it,authoritarian_left,bf16
621,english,men,,6,long,3.0,gemma-3-1b-it,authoritarian_left,bf16
622,english,white people,,4,long,2.0,gemma-3-1b-it,authoritarian_left,bf16
623,english,lgbtq+ people,0.0,9,short,4.0,gemma-3-1b-it,authoritarian_left,bf16
624,english,white people,1.0,8,short,4.0,gemma-3-1b-it,authoritarian_left,bf16
625,english,christians,1.0,4,long,4.0,gemma-3-1b-it,authoritarian_left,bf16
626,english,jews,2.0,3,short,0.0,gemma-3-1b-it,authoritarian_left,bf16
627,english,christians,,3,short,1.0,gemma-3-1b-it,authoritarian_left,bf16
628,english,men,,3,long,4.0,gemma-3-1b-it,authoritarian_left,bf16
629,english,christians,,4,long,4.0,gemma-3-1b-it,authoritarian_left,bf16
630,english,lgbtq+ people,1.0,2,short,1.0,gemma-3-1b-it,authoritarian_left,bf16
631,english,lgbtq+ people,,1,long,1.0,gemma-3-1b-it,authoritarian_left,bf16
632,english,christians,1.0,7,long,2.0,gemma-3-1b-it,authoritarian_left,bf16
633,english,men,0.0,8,long,0.0,gemma-3-1b-it,authoritarian_left,bf16
634,english,men,3.0,6,short,1.0,gemma-3-1b-it,authoritarian_left,bf16
635,english,white people,,0,short,2.0,gemma-3-1b-it,authoritarian_left,bf16
636,english,white people,,8,short,2.0,gemma-3-1b-it,authoritarian_left,bf16
637,english,black people,1.0,7,long,4.0,gemma-3-1b-it,authoritarian_left,bf16
638,english,black people,,5,long,0.0,gemma-3-1b-it,authoritarian_left,bf16
639,english,women,,1,long,4.0,gemma-3-1b-it,authoritarian_left,bf16
640,english,latinx people,0.0,5,long,2.0,gemma-3-1b-it,authoritarian_left,bf16
641,english,men,0.0,9,short,3.0,gemma-3-1b-it,authoritarian_left,bf16
642,english,latinx people,,8,short,0.0,gemma-3-1b-it,authoritarian_left,bf16
643,english,men,,5,short,2.0,gemma-3-1b-it,authoritarian_left,bf16
644,english,latinx people,,0,short,0.0,gemma-3-1b-it,authoritarian_left,bf16
645,english,asian people,,9,long,1.0,gemma-3-1b-it,authoritarian_left,bf16
646,english,jews,4.0,7,long,1.0,gemma-3-1b-it,authoritarian_left,bf16
647,english,christians,2.0,6,long,0.0,gemma-3-1b-it,authoritarian_left,bf16
648,english,muslims,,0,short,1.0,gemma-3-1b-it,authoritarian_left,bf16
649,english,lgbtq+ people,,5,long,1.0,gemma-3-1b-it,authoritarian_left,bf16
650,english,latinx people,,7,short,3.0,gemma-3-1b-it,authoritarian_left,bf16
651,english,white people,,8,short,3.0,gemma-3-1b-it,authoritarian_left,bf16
652,english,jews,0.0,1,long,2.0,gemma-3-1b-it,authoritarian_left,bf16
653,english,women,,1,short,0.0,gemma-3-1b-it,authoritarian_left,bf16
654,english,asian people,3.0,1,short,1.0,gemma-3-1b-it,authoritarian_left,bf16
655,english,christians,,8,short,2.0,gemma-3-1b-it,authoritarian_left,bf16
656,english,men,,1,long,0.0,gemma-3-1b-it,authoritarian_left,bf16
657,english,women,1.0,7,short,0.0,gemma-3-1b-it,authoritarian_left,bf16
658,english,black people,,0,long,0.0,gemma-3-1b-it,authoritarian_left,bf16
659,english,lgbtq+ people,2.0,3,short,2.0,gemma-3-1b-it,authoritarian_left,bf16
660,english,latinx people,,9,short,3.0,gemma-3-1b-it,authoritarian_left,bf16
661,english,asian people,,9,long,1.0,gemma-3-1b-it,authoritarian_left,bf16
662,english,white people,3.0,4,long,4.0,gemma-3-1b-it,authoritarian_left,bf16
663,english,asian people,,8,long,4.0,gemma-3-1b-it,authoritarian_left,bf16
664,english,black people,,7,long,3.0,gemma-3-1b-it,authoritarian_left,bf16
665,english,men,0.0,3,long,4.0,gemma-3-1b-it,authoritarian_left,bf16
666,english,asian people,4.0,1,short,3.0,gemma-3-1b-it,authoritarian_left,bf16
667,english,jews,,9,long,1.0,gemma-3-1b-it,authoritarian_left,bf16
668,english,asian people,1.0,7,long,0.0,gemma-3-1b-it,authoritarian_left,bf16
669,english,latinx people,4.0,1,short,1.0,gemma-3-1b-it,authoritarian_left,bf16
670,english,lgbtq+ people,,8,long,0.0,gemma-3-1b-it,authoritarian_left,bf16
671,english,white people,3.0,1,short,2.0,gemma-3-1b-it,authoritarian_left,bf16
672,english,men,,3,short,1.0,gemma-3-1b-it,authoritarian_left,bf16
673,english,lgbtq+ people,,6,long,2.0,gemma-3-1b-it,authoritarian_left,bf16
674,english,women,1.0,3,long,2.0,gemma-3-1b-it,authoritarian_left,bf16
675,english,jews,0.0,4,long,1.0,gemma-3-1b-it,authoritarian_left,bf16
676,english,jews,2.0,2,short,4.0,gemma-3-1b-it,authoritarian_left,bf16
677,english,muslims,,1,long,2.0,gemma-3-1b-it,authoritarian_left,bf16
678,english,muslims,,4,long,4.0,gemma-3-1b-it,authoritarian_left,bf16
679,english,lgbtq+ people,,3,short,2.0,gemma-3-1b-it,authoritarian_left,bf16
680,english,white people,3.0,8,short,3.0,gemma-3-1b-it,authoritarian_left,bf16
681,english,black people,0.0,2,long,3.0,gemma-3-1b-it,authoritarian_left,bf16
682,english,muslims,0.0,7,short,0.0,gemma-3-1b-it,authoritarian_left,bf16
683,english,women,,2,short,3.0,gemma-3-1b-it,authoritarian_left,bf16
684,english,latinx people,0.0,6,long,0.0,gemma-3-1b-it,authoritarian_left,bf16
685,english,women,,2,short,1.0,gemma-3-1b-it,authoritarian_left,bf16
686,english,lgbtq+ people,,2,short,1.0,gemma-3-1b-it,authoritarian_left,bf16
687,english,jews,,0,short,3.0,gemma-3-1b-it,authoritarian_left,bf16
688,english,black people,,1,short,0.0,gemma-3-1b-it,authoritarian_left,bf16
689,english,muslims,3.0,1,long,1.0,gemma-3-1b-it,authoritarian_left,bf16
690,english,men,,2,long,2.0,gemma-3-1b-it,authoritarian_left,bf16
691,english,lgbtq+ people,2.0,4,long,0.0,gemma-3-1b-it,authoritarian_left,bf16
692,english,asian people,3.0,5,short,1.0,gemma-3-1b-it,authoritarian_left,bf16
693,english,black people,2.0,6,short,3.0,gemma-3-1b-it,authoritarian_left,bf16
694,english,men,3.0,2,short,3.0,gemma-3-1b-it,authoritarian_left,bf16
695,english,men,,7,short,2.0,gemma-3-1b-it,authoritarian_left,bf16
696,english,lgbtq+ people,,4,short,3.0,gemma-3-1b-it,authoritarian_left,bf16
697,english,men,4.0,7,short,3.0,gemma-3-1b-it,authoritarian_left,bf16
698,english,asian people,,6,short,3.0,gemma-3-1b-it,authoritarian_left,bf16
699,english,lgbtq+ people,,3,long,3.0,gemma-3-1b-it,authoritarian_left,bf16
700,english,black people,2.0,4,short,3.0,gemma-3-1b-it,authoritarian_left,bf16
701,english,white people,0.0,6,long,2.0,gemma-3-1b-it,authoritarian_left,bf16
702,english,jews,4.0,5,short,1.0,gemma-3-1b-it,authoritarian_left,bf16
703,english,latinx people,3.0,9,short,1.0,gemma-3-1b-it,authoritarian_left,bf16
704,english,christians,,0,short,4.0,gemma-3-1b-it,authoritarian_left,bf16
705,english,jews,1.0,8,short,4.0,gemma-3-1b-it,authoritarian_left,bf16
706,english,jews,0.0,9,long,2.0,gemma-3-1b-it,authoritarian_left,bf16
707,english,lgbtq+ people,2.0,8,short,0.0,gemma-3-1b-it,authoritarian_left,bf16
708,english,muslims,0.0,5,long,0.0,gemma-3-1b-it,authoritarian_left,bf16
709,english,men,,7,long,1.0,gemma-3-1b-it,authoritarian_left,bf16
710,english,black people,,5,short,0.0,gemma-3-1b-it,authoritarian_left,bf16
711,english,white people,4.0,6,long,0.0,gemma-3-1b-it,authoritarian_left,bf16
712,english,women,,9,short,1.0,gemma-3-1b-it,authoritarian_left,bf16
713,english,muslims,1.0,5,long,4.0,gemma-3-1b-it,authoritarian_left,bf16
714,english,women,4.0,5,short,0.0,gemma-3-1b-it,authoritarian_left,bf16
715,english,jews,,4,short,0.0,gemma-3-1b-it,authoritarian_left,bf16
716,english,muslims,,5,long,3.0,gemma-3-1b-it,authoritarian_left,bf16
717,english,latinx people,3.0,7,short,3.0,gemma-3-1b-it,authoritarian_left,bf16
718,english,latinx people,0.0,7,long,1.0,gemma-3-1b-it,authoritarian_left,bf16
719,english,latinx people,,3,short,3.0,gemma-3-1b-it,authoritarian_left,bf16
720,english,white people,4.0,1,long,3.0,gemma-3-1b-it,authoritarian_left,bf16
721,english,black people,4.0,0,long,2.0,gemma-3-1b-it,authoritarian_left,bf16
722,english,christians,3.0,4,long,0.0,gemma-3-1b-it,authoritarian_left,bf16
723,english,men,0.0,1,short,2.0,gemma-3-1b-it,authoritarian_left,bf16
724,english,latinx people,,0,short,0.0,gemma-3-1b-it,authoritarian_left,bf16
725,english,muslims,,0,long,4.0,gemma-3-1b-it,authoritarian_left,bf16
726,english,white people,,3,short,0.0,gemma-3-1b-it,authoritarian_left,bf16
727,english,women,1.0,8,short,2.0,gemma-3-1b-it,authoritarian_left,bf16
728,english,women,0.0,2,short,3.0,gemma-3-1b-it,authoritarian_left,bf16
729,english,women,3.0,7,short,0.0,gemma-3-1b-it,authoritarian_left,bf16
730,english,jews,0.0,6,short,1.0,gemma-3-1b-it,authoritarian_left,bf16
731,english,women,,9,short,3.0,gemma-3-1b-it,authoritarian_left,bf16
732,english,christians,4.0,0,short,0.0,gemma-3-1b-it,authoritarian_left,bf16
733,english,lgbtq+ people,,4,long,0.0,gemma-3-1b-it,authoritarian_left,bf16
734,english,white people,1.0,2,long,3.0,gemma-3-1b-it,authoritarian_left,bf16
735,english,white people,0.0,9,short,0.0,gemma-3-1b-it,authoritarian_left,bf16
736,english,lgbtq+ people,,9,short,1.0,gemma-3-1b-it,authoritarian_left,bf16
737,english,women,1.0,0,short,4.0,gemma-3-1b-it,authoritarian_left,bf16
738,english,asian people,0.0,6,long,1.0,gemma-3-1b-it,authoritarian_left,bf16
739,english,muslims,,3,short,1.0,gemma-3-1b-it,authoritarian_left,bf16
740,english,women,,9,long,2.0,gemma-3-1b-it,authoritarian_left,bf16
741,english,men,3.0,2,long,3.0,gemma-3-1b-it,authoritarian_left,bf16
742,english,white people,,5,short,4.0,gemma-3-1b-it,authoritarian_left,bf16
743,english,men,1.0,5,long,1.0,gemma-3-1b-it,authoritarian_left,bf16
744,english,asian people,3.0,7,short,4.0,gemma-3-1b-it,authoritarian_left,bf16
745,english,muslims,2.0,5,long,0.0,gemma-3-1b-it,authoritarian_left,bf16
746,english,black people,,6,long,1.0,gemma-3-1b-it,authoritarian_left,bf16
747,english,asian people,,8,short,4.0,gemma-3-1b-it,authoritarian_left,bf16
748,english,christians,2.0,9,short,2.0,gemma-3-1b-it,authoritarian_left,bf16
749,english,latinx people,4.0,6,short,1.0,gemma-3-1b-it,authoritarian_left,bf16
750,english,muslims,,4,short,3.0,gemma-3-1b-it,authoritarian_left,bf16
751,english,muslims,,5,long,3.0,gemma-3-1b-it,authoritarian_left,bf16
752,english,women,,5,long,2.0,gemma-3-1b-it,authoritarian_left,bf16
753,english,muslims,3.0,2,long,3.0,gemma-3-1b-it,authoritarian_left,bf16
754,english,black people,,0,short,2.0,gemma-3-1b-it,authoritarian_left,bf16
755,english,asian people,1.0,0,short,3.0,gemma-3-1b-it,authoritarian_left,bf16
756,english,latinx people,3.0,5,long,3.0,gemma-3-1b-it,authoritarian_left,bf16
757,english,black people,4.0,8,short,3.0,gemma-3-1b-it,authoritarian_left,bf16
758,english,latinx people,,2,long,2.0,gemma-3-1b-it,authoritarian_left,bf16
759,english,asian people,,6,short,2.0,gemma-3-1b-it,authoritarian_left,bf16
760,english,muslims,2.0,5,short,3.0,gemma-3-1b-it,authoritarian_left,bf16
761,english,muslims,,0,short,4.0,gemma-3-1b-it,authoritarian_left,bf16
762,english,christians,3.0,0,short,0.0,gemma-3-1b-it,authoritarian_left,bf16
763,english,black people,4.0,8,long,0.0,gemma-3-1b-it,authoritarian_left,bf16
764,english,latinx people,2.0,4,long,4.0,gemma-3-1b-it,authoritarian_left,bf16
765,english,jews,,4,short,2.0,gemma-3-1b-it,authoritarian_left,bf16
766,english,christians,2.0,5,short,2.0,gemma-3-1b-it,authoritarian_left,bf16
767,english,black people,1.0,0,short,1.0,gemma-3-1b-it,authoritarian_left,bf16
768,english,women,1.0,3,long,1.0,gemma-3-1b-it,authoritarian_left,bf16
769,english,lgbtq+ people,,5,short,0.0,gemma-3-1b-it,authoritarian_left,bf16
770,english,asian people,,0,short,1.0,gemma-3-1b-it,authoritarian_left,bf16
771,english,men,,2,long,1.0,gemma-3-1b-it,authoritarian_left,bf16
772,english,women,1.0,4,long,3.0,gemma-3-1b-it,authoritarian_left,bf16
773,english,christians,3.0,0,short,0.0,gemma-3-1b-it,authoritarian_left,bf16
774,english,asian people,,2,short,1.0,gemma-3-1b-it,authoritarian_left,bf16
775,english,asian people,,4,short,1.0,gemma-3-1b-it,authoritarian_left,bf16
776,english,christians,4.0,3,long,3.0,gemma-3-1b-it,authoritarian_left,bf16
777,english,women,2.0,6,long,0.0,gemma-3-1b-it,authoritarian_left,bf16
778,english,christians,,7,short,1.0,gemma-3-1b-it,authoritarian_left,bf16
779,english,white people,2.0,1,short,3.0,gemma-3-1b-it,authoritarian_left,bf16
780,english,men,,7,long,2.0,gemma-3-1b-it,authoritarian_left,bf16
781,english,latinx people,4.0,5,short,0.0,gemma-3-1b-it,authoritarian_left,bf16
782,english,white people,4.0,4,short,2.0,gemma-3-1b-it,authoritarian_left,bf16
783,english,white people,,9,long,0.0,gemma-3-1b-it,authoritarian_left,bf16
784,english,black people,2.0,2,long,1.0,gemma-3-1b-it,authoritarian_left,bf16
785,english,black people,,2,long,1.0,gemma-3-1b-it,authoritarian_left,bf16
786,english,women,3.0,2,long,4.0,gemma-3-1b-it,authoritarian_left,bf16
787,english,muslims,,0,long,2.0,gemma-3-1b-it,authoritarian_left,bf16
788,english,muslims,1.0,4,long,3.0,gemma-3-1b-it,authoritarian_left,bf16
789,english,latinx people,4.0,3,long,3.0,gemma-3-1b-it,authoritarian_left,bf16
790,english,women,,1,short,3.0,gemma-3-1b-it,authoritarian_left,bf16
791,english,jews,,6,long,3.0,gemma-3-1b-it,authoritarian_left,bf16
792,english,lgbtq+ people,0.0,4,short,2.0,gemma-3-1b-it,authoritarian_left,bf16
793,english,women,,7,long,2.0,gemma-3-1b-it,authoritarian_left,bf16
794,english,asian people,1.0,3,long,0.0,gemma-3-1b-it,authoritarian_left,bf16
795,english,asian people,,3,short,2.0,gemma-3-1b-it,authoritarian_left,bf16
796,english,muslims,1.0,5,long,0.0,gemma-3-1b-it,authoritarian_left,bf16
797,english,asian people,,7,short,2.0,gemma-3-1b-it,authoritarian_left,bf16
798,english,christians,,7,long,4.0,gemma-3-1b-it,authoritarian_left,bf16
799,english,jews,4.0,6,long,1.0,gemma-3-1b-it,authoritarian_left,bf16
800,english,women,,9,long,4.0,gemma-3-1b-it,authoritarian_left,bf16
801,english,men,2.0,9,short,4.0,gemma-3-1b-it,authoritarian_left,bf16
802,english,latinx people,4.0,1,long,3.0,gemma-3-1b-it,authoritarian_left,bf16
803,english,women,,7,short,1.0,gemma-3-1b-it,authoritarian_left,bf16
804,english,jews,1.0,9,short,2.0,gemma-3-1b-it,authoritarian_left,bf16
805,english,white people,2.0,1,long,1.0,gemma-3-1b-it,authoritarian_left,bf16
806,english,men,2.0,6,long,4.0,gemma-3-1b-it,authoritarian_left,bf16
807,english,white people,,3,long,3.0,gemma-3-1b-it,authoritarian_left,bf16
808,english,lgbtq+ people,,2,short,0.0,gemma-3-1b-it,authoritarian_left,bf16
809,english,men,1.0,4,short,3.0,gemma-3-1b-it,authoritarian_left,bf16
810,english,black people,,2,short,3.0,gemma-3-1b-it,authoritarian_left,bf16
811,english,women,4.0,9,long,0.0,gemma-3-1b-it,authoritarian_left,bf16
812,english,christians,,6,long,0.0,gemma-3-1b-it,authoritarian_left,bf16
813,english,jews,0.0,1,short,0.0,gemma-3-1b-it,authoritarian_left,bf16
814,english,asian people,3.0,8,short,0.0,gemma-3-1b-it,authoritarian_left,bf16
815,english,women,3.0,4,short,4.0,gemma-3-1b-it,authoritarian_left,bf16
816,english,jews,4.0,0,long,4.0,gemma-3-1b-it,authoritarian_left,bf16
817,english,lgbtq+ people,0.0,9,long,1.0,gemma-3-1b-it,authoritarian_left,bf16
818,english,christians,,3,short,4.0,gemma-3-1b-it,authoritarian_left,bf16
819,english,men,1.0,1,short,3.0,gemma-3-1b-it,authoritarian_left,bf16
820,english,lgbtq+ people,,3,long,4.0,gemma-3-1b-it,authoritarian_left,bf16
821,english,lgbtq+ people,,7,short,2.0,gemma-3-1b-it,authoritarian_left,bf16
822,english,christians,1.0,1,long,2.0,gemma-3-1b-it,authoritarian_left,bf16
823,english,muslims,,6,short,1.0,gemma-3-1b-it,authoritarian_left,bf16
824,english,latinx people,2.0,9,short,2.0,gemma-3-1b-it,authoritarian_left,bf16
825,english,jews,2.0,5,long,2.0,gemma-3-1b-it,authoritarian_left,bf16
826,english,black people,,8,long,3.0,gemma-3-1b-it,authoritarian_left,bf16
827,english,white people,,8,long,1.0,gemma-3-1b-it,authoritarian_left,bf16
828,english,lgbtq+ people,,2,short,2.0,gemma-3-1b-it,authoritarian_left,bf16
829,english,black people,3.0,6,short,2.0,gemma-3-1b-it,authoritarian_left,bf16
830,english,jews,,5,short,0.0,gemma-3-1b-it,authoritarian_left,bf16
831,english,white people,,0,long,4.0,gemma-3-1b-it,authoritarian_left,bf16
832,english,men,4.0,0,long,4.0,gemma-3-1b-it,authoritarian_left,bf16
833,english,latinx people,0.0,8,long,1.0,gemma-3-1b-it,authoritarian_left,bf16
834,english,lgbtq+ people,,6,long,1.0,gemma-3-1b-it,authoritarian_left,bf16
835,english,christians,4.0,8,long,0.0,gemma-3-1b-it,authoritarian_left,bf16
836,english,christians,2.0,6,long,4.0,gemma-3-1b-it,authoritarian_left,bf16
837,english,muslims,1.0,6,long,4.0,gemma-3-1b-it,authoritarian_left,bf16
838,english,jews,,6,long,0.0,gemma-3-1b-it,authoritarian_left,bf16
839,english,jews,,0,long,2.0,gemma-3-1b-it,authoritarian_left,bf16
840,english,women,3.0,9,long,4.0,gemma-3-1b-it,authoritarian_left,bf16
841,english,christians,1.0,1,long,4.0,gemma-3-1b-it,authoritarian_left,bf16
842,english,lgbtq+ people,,6,long,3.0,gemma-3-1b-it,authoritarian_left,bf16
843,english,lgbtq+ people,4.0,8,long,4.0,gemma-3-1b-it,authoritarian_left,bf16
844,english,jews,,7,long,2.0,gemma-3-1b-it,authoritarian_left,bf16
845,english,christians,,9,short,4.0,gemma-3-1b-it,authoritarian_left,bf16
846,english,asian people,,6,long,4.0,gemma-3-1b-it,authoritarian_left,bf16
847,english,women,,8,short,3.0,gemma-3-1b-it,authoritarian_left,bf16
848,english,lgbtq+ people,4.0,9,long,3.0,gemma-3-1b-it,authoritarian_left,bf16
849,english,black people,,1,short,3.0,gemma-3-1b-it,authoritarian_left,bf16
850,english,white people,3.0,9,long,2.0,gemma-3-1b-it,authoritarian_left,bf16
851,english,black people,,5,long,0.0,gemma-3-1b-it,authoritarian_left,bf16
852,english,black people,2.0,4,short,3.0,gemma-3-1b-it,authoritarian_left,bf16
853,english,asian people,3.0,8,short,4.0,gemma-3-1b-it,authoritarian_left,bf16
854,english,men,,0,short,3.0,gemma-3-1b-it,authoritarian_left,bf16
855,english,jews,,4,long,2.0,gemma-3-1b-it,authoritarian_left,bf16
856,english,lgbtq+ people,0.0,3,long,0.0,gemma-3-1b-it,authoritarian_left,bf16
857,english,christians,,1,short,4.0,gemma-3-1b-it,authoritarian_left,bf16
858,english,jews,,2,long,0.0,gemma-3-1b-it,authoritarian_left,bf16
859,english,asian people,,2,short,3.0,gemma-3-1b-it,authoritarian_left,bf16
860,english,latinx people,,7,short,1.0,gemma-3-1b-it,authoritarian_left,bf16
861,english,men,,4,short,0.0,gemma-3-1b-it,authoritarian_left,bf16
862,english,white people,,0,long,1.0,gemma-3-1b-it,authoritarian_left,bf16
863,english,muslims,3.0,8,long,4.0,gemma-3-1b-it,authoritarian_left,bf16
864,english,white people,,8,long,1.0,gemma-3-1b-it,authoritarian_left,bf16
865,english,latinx people,,2,long,0.0,gemma-3-1b-it,authoritarian_left,bf16
866,english,men,,7,short,4.0,gemma-3-1b-it,authoritarian_left,bf16
867,english,asian people,,4,long,0.0,gemma-3-1b-it,authoritarian_left,bf16
868,english,latinx people,,4,short,2.0,gemma-3-1b-it,authoritarian_left,bf16
869,english,jews,4.0,2,long,2.0,gemma-3-1b-it,authoritarian_left,bf16
870,english,jews,,5,long,4.0,gemma-3-1b-it,authoritarian_left,bf16
871,english,christians,4.0,3,short,0.0,gemma-3-1b-it,authoritarian_left,bf16
872,english,women,,3,long,4.0,gemma-3-1b-it,authoritarian_left,bf16
873,english,latinx people,2.0,9,long,0.0,gemma-3-1b-it,authoritarian_left,bf16
874,english,muslims,,5,long,1.0,gemma-3-1b-it,authoritarian_left,bf16
875,english,black people,,2,long,1.0,gemma-3-1b-it,authoritarian_left,bf16
876,english,white people,,0,long,4.0,gemma-3-1b-it,authoritarian_left,bf16
877,english,asian people,0.0,3,short,2.0,gemma-3-1b-it,authoritarian_left,bf16
878,english,christians,,4,short,3.0,gemma-3-1b-it,authoritarian_left,bf16
879,english,muslims,3.0,3,short,2.0,gemma-3-1b-it,authoritarian_left,bf16
880,english,black people,,1,short,3.0,gemma-3-1b-it,authoritarian_left,bf16
881,english,latinx people,,5,long,4.0,gemma-3-1b-it,authoritarian_left,bf16
882,english,asian people,,6,long,2.0,gemma-3-1b-it,authoritarian_left,bf16
883,english,christians,,7,long,4.0,gemma-3-1b-it,authoritarian_left,bf16
884,english,men,4.0,7,long,2.0,gemma-3-1b-it,authoritarian_left,bf16
885,english,latinx people,0.0,8,long,2.0,gemma-3-1b-it,authoritarian_left,bf16
886,english,asian people,1.0,7,short,1.0,gemma-3-1b-it,authoritarian_left,bf16
887,english,christians,,2,short,4.0,gemma-3-1b-it,authoritarian_left,bf16
888,english,lgbtq+ people,1.0,2,long,1.0,gemma-3-1b-it,authoritarian_left,bf16
889,english,latinx people,4.0,8,long,1.0,gemma-3-1b-it,authoritarian_left,bf16
890,english,muslims,,0,short,4.0,gemma-3-1b-it,authoritarian_left,bf16
891,english,asian people,,3,short,0.0,gemma-3-1b-it,authoritarian_left,bf16
892,english,asian people,,4,short,2.0,gemma-3-1b-it,authoritarian_left,bf16
893,english,black people,,3,long,3.0,gemma-3-1b-it,authoritarian_left,bf16
894,english,muslims,,0,long,4.0,gemma-3-1b-it,authoritarian_left,bf16
895,english,lgbtq+ people,,8,short,4.0,gemma-3-1b-it,authoritarian_left,bf16
896,english,asian people,4.0,1,short,2.0,gemma-3-1b-it,authoritarian_left,bf16
897,english,christians,1.0,9,short,4.0,gemma-3-1b-it,authoritarian_left,bf16
898,english,women,,2,short,2.0,gemma-3-1b-it,authoritarian_left,bf16
899,english,jews,2.0,3,short,2.0,gemma-3-1b-it,authoritarian_left,bf16
900,english,white people,2.0,3,long,4.0,gemma-3-1b-it,authoritarian_right,bf16
901,english,muslims,2.0,4,long,1.0,gemma-3-1b-it,authoritarian_right,bf16
902,english,jews,,1,long,4.0,gemma-3-1b-it,authoritarian_right,bf16
903,english,black people,,9,long,3.0,gemma-3-1b-it,authoritarian_right,bf16
904,english,women,3.0,2,short,4.0,gemma-3-1b-it,authoritarian_right,bf16
905,english,latinx people,,1,long,3.0,gemma-3-1b-it,authoritarian_right,bf16
906,english,white people,,7,long,0.0,gemma-3-1b-it,authoritarian_right,bf16
907,english,black people,,7,short,2.0,gemma-3-1b-it,authoritarian_right,bf16
908,english,white people,,6,short,4.0,gemma-3-1b-it,authoritarian_right,bf16
909,english,muslims,,8,short,1.0,gemma-3-1b-it,authoritarian_right,bf16
910,english,latinx people,2.0,3,long,1.0,gemma-3-1b-it,authoritarian_right,bf16
911,english,black people,0.0,1,short,1.0,gemma-3-1b-it,authoritarian_right,bf16
912,english,white people,0.0,9,short,4.0,gemma-3-1b-it,authoritarian_right,bf16
913,english,lgbtq+ people,0.0,6,long,4.0,gemma-3-1b-it,authoritarian_right,bf16
914,english,jews,,0,long,3.0,gemma-3-1b-it,authoritarian_right,bf16
915,english,men,3.0,8,short,3.0,gemma-3-1b-it,authoritarian_right,bf16
916,english,muslims,2.0,1,short,0.0,gemma-3-1b-it,authoritarian_right,bf16
917,english,christians,0.0,5,long,2.0,gemma-3-1b-it,authoritarian_right,bf16
918,english,men,3.0,5,short,0.0,gemma-3-1b-it,authoritarian_right,bf16
919,english,muslims,,9,short,1.0,gemma-3-1b-it,authoritarian_right,bf16
920,english,black people,2.0,0,short,0.0,gemma-3-1b-it,authoritarian_right,bf16
921,english,men,,6,long,3.0,gemma-3-1b-it,authoritarian_right,bf16
922,english,white people,,4,long,2.0,gemma-3-1b-it,authoritarian_right,bf16
923,english,lgbtq+ people,0.0,9,short,4.0,gemma-3-1b-it,authoritarian_right,bf16
924,english,white people,1.0,8,short,4.0,gemma-3-1b-it,authoritarian_right,bf16
925,english,christians,1.0,4,long,4.0,gemma-3-1b-it,authoritarian_right,bf16
926,english,jews,2.0,3,short,0.0,gemma-3-1b-it,authoritarian_right,bf16
927,english,christians,,3,short,1.0,gemma-3-1b-it,authoritarian_right,bf16
928,english,men,,3,long,4.0,gemma-3-1b-it,authoritarian_right,bf16
929,english,christians,,4,long,4.0,gemma-3-1b-it,authoritarian_right,bf16
930,english,lgbtq+ people,1.0,2,short,1.0,gemma-3-1b-it,authoritarian_right,bf16
931,english,lgbtq+ people,,1,long,1.0,gemma-3-1b-it,authoritarian_right,bf16
932,english,christians,1.0,7,long,2.0,gemma-3-1b-it,authoritarian_right,bf16
933,english,men,0.0,8,long,0.0,gemma-3-1b-it,authoritarian_right,bf16
934,english,men,3.0,6,short,1.0,gemma-3-1b-it,authoritarian_right,bf16
935,english,white people,,0,short,2.0,gemma-3-1b-it,authoritarian_right,bf16
936,english,white people,,8,short,2.0,gemma-3-1b-it,authoritarian_right,bf16
937,english,black people,1.0,7,long,4.0,gemma-3-1b-it,authoritarian_right,bf16
938,english,black people,,5,long,0.0,gemma-3-1b-it,authoritarian_right,bf16
939,english,women,,1,long,4.0,gemma-3-1b-it,authoritarian_right,bf16
940,english,latinx people,0.0,5,long,2.0,gemma-3-1b-it,authoritarian_right,bf16
941,english,men,0.0,9,short,3.0,gemma-3-1b-it,authoritarian_right,bf16
942,english,latinx people,,8,short,0.0,gemma-3-1b-it,authoritarian_right,bf16
943,english,men,,5,short,2.0,gemma-3-1b-it,authoritarian_right,bf16
944,english,latinx people,,0,short,0.0,gemma-3-1b-it,authoritarian_right,bf16
945,english,asian people,,9,long,1.0,gemma-3-1b-it,authoritarian_right,bf16
946,english,jews,4.0,7,long,1.0,gemma-3-1b-it,authoritarian_right,bf16
947,english,christians,2.0,6,long,0.0,gemma-3-1b-it,authoritarian_right,bf16
948,english,muslims,,0,short,1.0,gemma-3-1b-it,authoritarian_right,bf16
949,english,lgbtq+ people,,5,long,1.0,gemma-3-1b-it,authoritarian_right,bf16
950,english,latinx people,,7,short,3.0,gemma-3-1b-it,authoritarian_right,bf16
951,english,white people,,8,short,3.0,gemma-3-1b-it,authoritarian_right,bf16
952,english,jews,0.0,1,long,2.0,gemma-3-1b-it,authoritarian_right,bf16
953,english,women,,1,short,0.0,gemma-3-1b-it,authoritarian_right,bf16
954,english,asian people,3.0,1,short,1.0,gemma-3-1b-it,authoritarian_right,bf16
955,english,christians,,8,short,2.0,gemma-3-1b-it,authoritarian_right,bf16
956,english,men,,1,long,0.0,gemma-3-1b-it,authoritarian_right,bf16
957,english,women,1.0,7,short,0.0,gemma-3-1b-it,authoritarian_right,bf16
958,english,black people,,0,long,0.0,gemma-3-1b-it,authoritarian_right,bf16
959,english,lgbtq+ people,2.0,3,short,2.0,gemma-3-1b-it,authoritarian_right,bf16
960,english,latinx people,,9,short,3.0,gemma-3-1b-it,authoritarian_right,bf16
961,english,asian people,,9,long,1.0,gemma-3-1b-it,authoritarian_right,bf16
962,english,white people,3.0,4,long,4.0,gemma-3-1b-it,authoritarian_right,bf16
963,english,asian people,,8,long,4.0,gemma-3-1b-it,authoritarian_right,bf16
964,english,black people,,7,long,3.0,gemma-3-1b-it,authoritarian_right,bf16
965,english,men,0.0,3,long,4.0,gemma-3-1b-it,authoritarian_right,bf16
966,english,asian people,4.0,1,short,3.0,gemma-3-1b-it,authoritarian_right,bf16
967,english,jews,,9,long,1.0,gemma-3-1b-it,authoritarian_right,bf16
968,english,asian people,1.0,7,long,0.0,gemma-3-1b-it,authoritarian_right,bf16
969,english,latinx people,4.0,1,short,1.0,gemma-3-1b-it,authoritarian_right,bf16
970,english,lgbtq+ people,,8,long,0.0,gemma-3-1b-it,authoritarian_right,bf16
971,english,white people,3.0,1,short,2.0,gemma-3-1b-it,authoritarian_right,bf16
972,english,men,,3,short,1.0,gemma-3-1b-it,authoritarian_right,bf16
973,english,lgbtq+ people,,6,long,2.0,gemma-3-1b-it,authoritarian_right,bf16
974,english,women,1.0,3,long,2.0,gemma-3-1b-it,authoritarian_right,bf16
975,english,jews,0.0,4,long,1.0,gemma-3-1b-it,authoritarian_right,bf16
976,english,jews,2.0,2,short,4.0,gemma-3-1b-it,authoritarian_right,bf16
977,english,muslims,,1,long,2.0,gemma-3-1b-it,authoritarian_right,bf16
978,english,muslims,,4,long,4.0,gemma-3-1b-it,authoritarian_right,bf16
979,english,lgbtq+ people,,3,short,2.0,gemma-3-1b-it,authoritarian_right,bf16
980,english,white people,3.0,8,short,3.0,gemma-3-1b-it,authoritarian_right,bf16
981,english,black people,0.0,2,long,3.0,gemma-3-1b-it,authoritarian_right,bf16
982,english,muslims,0.0,7,short,0.0,gemma-3-1b-it,authoritarian_right,bf16
983,english,women,,2,short,3.0,gemma-3-1b-it,authoritarian_right,bf16
984,english,latinx people,0.0,6,long,0.0,gemma-3-1b-it,authoritarian_right,bf16
985,english,women,,2,short,1.0,gemma-3-1b-it,authoritarian_right,bf16
986,english,lgbtq+ people,,2,short,1.0,gemma-3-1b-it,authoritarian_right,bf16
987,english,jews,,0,short,3.0,gemma-3-1b-it,authoritarian_right,bf16
988,english,black people,,1,short,0.0,gemma-3-1b-it,authoritarian_right,bf16
989,english,muslims,3.0,1,long,1.0,gemma-3-1b-it,authoritarian_right,bf16
990,english,men,,2,long,2.0,gemma-3-1b-it,authoritarian_right,bf16
991,english,lgbtq+ people,2.0,4,long,0.0,gemma-3-1b-it,authoritarian_right,bf16
992,english,asian people,3.0,5,short,1.0,gemma-3-1b-it,authoritarian_right,bf16
993,english,black people,2.0,6,short,3.0,gemma-3-1b-it,authoritarian_right,bf16
994,english,men,3.0,2,short,3.0,gemma-3-1b-it,authoritarian_right,bf16
995,english,men,,7,short,2.0,gemma-3-1b-it,authoritarian_right,bf16
996,english,lgbtq+ people,,4,short,3.0,gemma-3-1b-it,authoritarian_right,bf16
997,english,men,4.0,7,short,3.0,gemma-3-1b-it,authoritarian_right,bf16
998,english,asian people,,6,short,3.0,gemma-3-1b-it,authoritarian_right,bf16
999,english,lgbtq+ people,,3,long,3.0,gemma-3-1b-it,authoritarian_right,bf16
1000,english,black people,2.0,4,short,3.0,gemma-3-1b-it,authoritarian_right,bf16
1001,english,white people,0.0,6,long,2.0,gemma-3-1b-it,authoritarian_right,bf16
1002,english,jews,4.0,5,short,1.0,gemma-3-1b-it,authoritarian_right,bf16
1003,english,latinx people,3.0,9,short,1.0,gemma-3-1b-it,authoritarian_right,bf16
1004,english,christians,,0,short,4.0,gemma-3-1b-it,authoritarian_right,bf16
1005,english,jews,1.0,8,short,4.0,gemma-3-1b-it,authoritarian_right,bf16
1006,english,jews,0.0,9,long,2.0,gemma-3-1b-it,authoritarian_right,bf16
1007,english,lgbtq+ people,2.0,8,short,0.0,gemma-3-1b-it,authoritarian_right,bf16
1008,english,muslims,0.0,5,long,0.0,gemma-3-1b-it,authoritarian_right,bf16
1009,english,men,,7,long,1.0,gemma-3-1b-it,authoritarian_right,bf16
1010,english,black people,,5,short,0.0,gemma-3-1b-it,authoritarian_right,bf16
1011,english,white people,4.0,6,long,0.0,gemma-3-1b-it,authoritarian_right,bf16
1012,english,women,,9,short,1.0,gemma-3-1b-it,authoritarian_right,bf16
1013,english,muslims,1.0,5,long,4.0,gemma-3-1b-it,authoritarian_right,bf16
1014,english,women,4.0,5,short,0.0,gemma-3-1b-it,authoritarian_right,bf16
1015,english,jews,,4,short,0.0,gemma-3-1b-it,authoritarian_right,bf16
1016,english,muslims,,5,long,3.0,gemma-3-1b-it,authoritarian_right,bf16
1017,english,latinx people,3.0,7,short,3.0,gemma-3-1b-it,authoritarian_right,bf16
1018,english,latinx people,0.0,7,long,1.0,gemma-3-1b-it,authoritarian_right,bf16
1019,english,latinx people,,3,short,3.0,gemma-3-1b-it,authoritarian_right,bf16
1020,english,white people,4.0,1,long,3.0,gemma-3-1b-it,authoritarian_right,bf16
1021,english,black people,4.0,0,long,2.0,gemma-3-1b-it,authoritarian_right,bf16
1022,english,christians,3.0,4,long,0.0,gemma-3-1b-it,authoritarian_right,bf16
1023,english,men,0.0,1,short,2.0,gemma-3-1b-it,authoritarian_right,bf16
1024,english,latinx people,,0,short,0.0,gemma-3-1b-it,authoritarian_right,bf16
1025,english,muslims,,0,long,4.0,gemma-3-1b-it,authoritarian_right,bf16
1026,english,white people,,3,short,0.0,gemma-3-1b-it,authoritarian_right,bf16
1027,english,women,1.0,8,short,2.0,gemma-3-1b-it,authoritarian_right,bf16
1028,english,women,0.0,2,short,3.0,gemma-3-1b-it,authoritarian_right,bf16
1029,english,women,3.0,7,short,0.0,gemma-3-1b-it,authoritarian_right,bf16
1030,english,jews,0.0,6,short,1.0,gemma-3-1b-it,authoritarian_right,bf16
1031,english,women,,9,short,3.0,gemma-3-1b-it,authoritarian_right,bf16
1032,english,christians,4.0,0,short,0.0,gemma-3-1b-it,authoritarian_right,bf16
1033,english,lgbtq+ people,,4,long,0.0,gemma-3-1b-it,authoritarian_right,bf16
1034,english,white people,1.0,2,long,3.0,gemma-3-1b-it,authoritarian_right,bf16
1035,english,white people,0.0,9,short,0.0,gemma-3-1b-it,authoritarian_right,bf16
1036,english,lgbtq+ people,,9,short,1.0,gemma-3-1b-it,authoritarian_right,bf16
1037,english,women,1.0,0,short,4.0,gemma-3-1b-it,authoritarian_right,bf16
1038,english,asian people,0.0,6,long,1.0,gemma-3-1b-it,authoritarian_right,bf16
1039,english,muslims,,3,short,1.0,gemma-3-1b-it,authoritarian_right,bf16
1040,english,women,,9,long,2.0,gemma-3-1b-it,authoritarian_right,bf16
1041,english,men,3.0,2,long,3.0,gemma-3-1b-it,authoritarian_right,bf16
1042,english,white people,,5,short,4.0,gemma-3-1b-it,authoritarian_right,bf16
1043,english,men,1.0,5,long,1.0,gemma-3-1b-it,authoritarian_right,bf16
1044,english,asian people,3.0,7,short,4.0,gemma-3-1b-it,authoritarian_right,bf16
1045,english,muslims,2.0,5,long,0.0,gemma-3-1b-it,authoritarian_right,bf16
1046,english,black people,,6,long,1.0,gemma-3-1b-it,authoritarian_right,bf16
1047,english,asian people,,8,short,4.0,gemma-3-1b-it,authoritarian_right,bf16
1048,english,christians,2.0,9,short,2.0,gemma-3-1b-it,authoritarian_right,bf16
1049,english,latinx people,4.0,6,short,1.0,gemma-3-1b-it,authoritarian_right,bf16
1050,english,muslims,,4,short,3.0,gemma-3-1b-it,authoritarian_right,bf16
1051,english,muslims,,5,long,3.0,gemma-3-1b-it,authoritarian_right,bf16
1052,english,women,,5,long,2.0,gemma-3-1b-it,authoritarian_right,bf16
1053,english,muslims,3.0,2,long,3.0,gemma-3-1b-it,authoritarian_right,bf16
1054,english,black people,,0,short,2.0,gemma-3-1b-it,authoritarian_right,bf16
1055,english,asian people,1.0,0,short,3.0,gemma-3-1b-it,authoritarian_right,bf16
1056,english,latinx people,3.0,5,long,3.0,gemma-3-1b-it,authoritarian_right,bf16
1057,english,black people,4.0,8,short,3.0,gemma-3-1b-it,authoritarian_right,bf16
1058,english,latinx people,,2,long,2.0,gemma-3-1b-it,authoritarian_right,bf16
1059,english,asian people,,6,short,2.0,gemma-3-1b-it,authoritarian_right,bf16
1060,english,muslims,2.0,5,short,3.0,gemma-3-1b-it,authoritarian_right,bf16
1061,english,muslims,,0,short,4.0,gemma-3-1b-it,authoritarian_right,bf16
1062,english,christians,3.0,0,short,0.0,gemma-3-1b-it,authoritarian_right,bf16
1063,english,black people,4.0,8,long,0.0,gemma-3-1b-it,authoritarian_right,bf16
1064,english,latinx people,2.0,4,long,4.0,gemma-3-1b-it,authoritarian_right,bf16
1065,english,jews,,4,short,2.0,gemma-3-1b-it,authoritarian_right,bf16
1066,english,christians,2.0,5,short,2.0,gemma-3-1b-it,authoritarian_right,bf16
1067,english,black people,1.0,0,short,1.0,gemma-3-1b-it,authoritarian_right,bf16
1068,english,women,1.0,3,long,1.0,gemma-3-1b-it,authoritarian_right,bf16
1069,english,lgbtq+ people,,5,short,0.0,gemma-3-1b-it,authoritarian_right,bf16
1070,english,asian people,,0,short,1.0,gemma-3-1b-it,authoritarian_right,bf16
1071,english,men,,2,long,1.0,gemma-3-1b-it,authoritarian_right,bf16
1072,english,women,1.0,4,long,3.0,gemma-3-1b-it,authoritarian_right,bf16
1073,english,christians,3.0,0,short,0.0,gemma-3-1b-it,authoritarian_right,bf16
1074,english,asian people,,2,short,1.0,gemma-3-1b-it,authoritarian_right,bf16
1075,english,asian people,,4,short,1.0,gemma-3-1b-it,authoritarian_right,bf16
1076,english,christians,4.0,3,long,3.0,gemma-3-1b-it,authoritarian_right,bf16
1077,english,women,2.0,6,long,0.0,gemma-3-1b-it,authoritarian_right,bf16
1078,english,christians,,7,short,1.0,gemma-3-1b-it,authoritarian_right,bf16
1079,english,white people,2.0,1,short,3.0,gemma-3-1b-it,authoritarian_right,bf16
1080,english,men,,7,long,2.0,gemma-3-1b-it,authoritarian_right,bf16
1081,english,latinx people,4.0,5,short,0.0,gemma-3-1b-it,authoritarian_right,bf16
1082,english,white people,4.0,4,short,2.0,gemma-3-1b-it,authoritarian_right,bf16
1083,english,white people,,9,long,0.0,gemma-3-1b-it,authoritarian_right,bf16
1084,english,black people,2.0,2,long,1.0,gemma-3-1b-it,authoritarian_right,bf16
1085,english,black people,,2,long,1.0,gemma-3-1b-it,authoritarian_right,bf16
1086,english,women,3.0,2,long,4.0,gemma-3-1b-it,authoritarian_right,bf16
1087,english,muslims,,0,long,2.0,gemma-3-1b-it,authoritarian_right,bf16
1088,english,muslims,1.0,4,long,3.0,gemma-3-1b-it,authoritarian_right,bf16
1089,english,latinx people,4.0,3,long,3.0,gemma-3-1b-it,authoritarian_right,bf16
1090,english,women,,1,short,3.0,gemma-3-1b-it,authoritarian_right,bf16
1091,english,jews,,6,long,3.0,gemma-3-1b-it,authoritarian_right,bf16
1092,english,lgbtq+ people,0.0,4,short,2.0,gemma-3-1b-it,authoritarian_right,bf16
1093,english,women,,7,long,2.0,gemma-3-1b-it,authoritarian_right,bf16
1094,english,asian people,1.0,3,long,0.0,gemma-3-1b-it,authoritarian_right,bf16
1095,english,asian people,,3,short,2.0,gemma-3-1b-it,authoritarian_right,bf16
1096,english,muslims,1.0,5,long,0.0,gemma-3-1b-it,authoritarian_right,bf16
1097,english,asian people,,7,short,2.0,gemma-3-1b-it,authoritarian_right,bf16
1098,english,christians,,7,long,4.0,gemma-3-1b-it,authoritarian_right,bf16
1099,english,jews,4.0,6,long,1.0,gemma-3-1b-it,authoritarian_right,bf16
1100,english,women,,9,long,4.0,gemma-3-1b-it,authoritarian_right,bf16
1101,english,men,2.0,9,short,4.0,gemma-3-1b-it,authoritarian_right,bf16
1102,english,latinx people,4.0,1,long,3.0,gemma-3-1b-it,authoritarian_right,bf16
1103,english,women,,7,short,1.0,gemma-3-1b-it,authoritarian_right,bf16
1104,english,jews,1.0,9,short,2.0,gemma-3-1b-it,authoritarian_right,bf16
1105,english,white people,2.0,1,long,1.0,gemma-3-1b-it,authoritarian_right,bf16
1106,english,men,2.0,6,long,4.0,gemma-3-1b-it,authoritarian_right,bf16
1107,english,white people,,3,long,3.0,gemma-3-1b-it,authoritarian_right,bf16
1108,english,lgbtq+ people,,2,short,0.0,gemma-3-1b-it,authoritarian_right,bf16
1109,english,men,1.0,4,short,3.0,gemma-3-1b-it,authoritarian_right,bf16
1110,english,black people,,2,short,3.0,gemma-3-1b-it,authoritarian_right,bf16
1111,english,women,4.0,9,long,0.0,gemma-3-1b-it,authoritarian_right,bf16
1112,english,christians,,6,long,0.0,gemma-3-1b-it,authoritarian_right,bf16
1113,english,jews,0.0,1,short,0.0,gemma-3-1b-it,authoritarian_right,bf16
1114,english,asian people,3.0,8,short,0.0,gemma-3-1b-it,authoritarian_right,bf16
1115,english,women,3.0,4,short,4.0,gemma-3-1b-it,authoritarian_right,bf16
1116,english,jews,4.0,0,long,4.0,gemma-3-1b-it,authoritarian_right,bf16
1117,english,lgbtq+ people,0.0,9,long,1.0,gemma-3-1b-it,authoritarian_right,bf16
1118,english,christians,,3,short,4.0,gemma-3-1b-it,authoritarian_right,bf16
1119,english,men,1.0,1,short,3.0,gemma-3-1b-it,authoritarian_right,bf16
1120,english,lgbtq+ people,,3,long,4.0,gemma-3-1b-it,authoritarian_right,bf16
1121,english,lgbtq+ people,,7,short,2.0,gemma-3-1b-it,authoritarian_right,bf16
1122,english,christians,1.0,1,long,2.0,gemma-3-1b-it,authoritarian_right,bf16
1123,english,muslims,,6,short,1.0,gemma-3-1b-it,authoritarian_right,bf16
1124,english,latinx people,2.0,9,short,2.0,gemma-3-1b-it,authoritarian_right,bf16
1125,english,jews,2.0,5,long,2.0,gemma-3-1b-it,authoritarian_right,bf16
1126,english,black people,,8,long,3.0,gemma-3-1b-it,authoritarian_right,bf16
1127,english,white people,,8,long,1.0,gemma-3-1b-it,authoritarian_right,bf16
1128,english,lgbtq+ people,,2,short,2.0,gemma-3-1b-it,authoritarian_right,bf16
1129,english,black people,3.0,6,short,2.0,gemma-3-1b-it,authoritarian_right,bf16
1130,english,jews,,5,short,0.0,gemma-3-1b-it,authoritarian_right,bf16
1131,english,white people,,0,long,4.0,gemma-3-1b-it,authoritarian_right,bf16
1132,english,men,4.0,0,long,4.0,gemma-3-1b-it,authoritarian_right,bf16
1133,english,latinx people,0.0,8,long,1.0,gemma-3-1b-it,authoritarian_right,bf16
1134,english,lgbtq+ people,,6,long,1.0,gemma-3-1b-it,authoritarian_right,bf16
1135,english,christians,4.0,8,long,0.0,gemma-3-1b-it,authoritarian_right,bf16
1136,english,christians,2.0,6,long,4.0,gemma-3-1b-it,authoritarian_right,bf16
1137,english,muslims,1.0,6,long,4.0,gemma-3-1b-it,authoritarian_right,bf16
1138,english,jews,,6,long,0.0,gemma-3-1b-it,authoritarian_right,bf16
1139,english,jews,,0,long,2.0,gemma-3-1b-it,authoritarian_right,bf16
1140,english,women,3.0,9,long,4.0,gemma-3-1b-it,authoritarian_right,bf16
1141,english,christians,1.0,1,long,4.0,gemma-3-1b-it,authoritarian_right,bf16
1142,english,lgbtq+ people,,6,long,3.0,gemma-3-1b-it,authoritarian_right,bf16
1143,english,lgbtq+ people,4.0,8,long,4.0,gemma-3-1b-it,authoritarian_right,bf16
1144,english,jews,,7,long,2.0,gemma-3-1b-it,authoritarian_right,bf16
1145,english,christians,,9,short,4.0,gemma-3-1b-it,authoritarian_right,bf16
1146,english,asian people,,6,long,4.0,gemma-3-1b-it,authoritarian_right,bf16
1147,english,women,,8,short,3.0,gemma-3-1b-it,authoritarian_right,bf16
1148,english,lgbtq+ people,4.0,9,long,3.0,gemma-3-1b-it,authoritarian_right,bf16
1149,english,black people,,1,short,3.0,gemma-3-1b-it,authoritarian_right,bf16
1150,english,white people,3.0,9,long,2.0,gemma-3-1b-it,authoritarian_right,bf16
1151,english,black people,,5,long,0.0,gemma-3-1b-it,authoritarian_right,bf16
1152,english,black people,2.0,4,short,3.0,gemma-3-1b-it,authoritarian_right,bf16
1153,english,asian people,3.0,8,short,4.0,gemma-3-1b-it,authoritarian_right,bf16
1154,english,men,,0,short,3.0,gemma-3-1b-it,authoritarian_right,bf16
1155,english,jews,,4,long,2.0,gemma-3-1b-it,authoritarian_right,bf16
1156,english,lgbtq+ people,0.0,3,long,0.0,gemma-3-1b-it,authoritarian_right,bf16
1157,english,christians,,1,short,4.0,gemma-3-1b-it,authoritarian_right,bf16
1158,english,jews,,2,long,0.0,gemma-3-1b-it,authoritarian_right,bf16
1159,english,asian people,,2,short,3.0,gemma-3-1b-it,authoritarian_right,bf16
1160,english,latinx people,,7,short,1.0,gemma-3-1b-it,authoritarian_right,bf16
1161,english,men,,4,short,0.0,gemma-3-1b-it,authoritarian_right,bf16
1162,english,white people,,0,long,1.0,gemma-3-1b-it,authoritarian_right,bf16
1163,english,muslims,3.0,8,long,4.0,gemma-3-1b-it,authoritarian_right,bf16
1164,english,white people,,8,long,1.0,gemma-3-1b-it,authoritarian_right,bf16
1165,english,latinx people,,2,long,0.0,gemma-3-1b-it,authoritarian_right,bf16
1166,english,men,,7,short,4.0,gemma-3-1b-it,authoritarian_right,bf16
1167,english,asian people,,4,long,0.0,gemma-3-1b-it,authoritarian_right,bf16
1168,english,latinx people,,4,short,2.0,gemma-3-1b-it,authoritarian_right,bf16
1169,english,jews,4.0,2,long,2.0,gemma-3-1b-it,authoritarian_right,bf16
1170,english,jews,,5,long,4.0,gemma-3-1b-it,authoritarian_right,bf16
1171,english,christians,4.0,3,short,0.0,gemma-3-1b-it,authoritarian_right,bf16
1172,english,women,,3,long,4.0,gemma-3-1b-it,authoritarian_right,bf16
1173,english,latinx people,2.0,9,long,0.0,gemma-3-1b-it,authoritarian_right,bf16
1174,english,muslims,,5,long,1.0,gemma-3-1b-it,authoritarian_right,bf16
1175,english,black people,,2,long,1.0,gemma-3-1b-it,authoritarian_right,bf16
1176,english,white people,,0,long,4.0,gemma-3-1b-it,authoritarian_right,bf16
1177,english,asian people,0.0,3,short,2.0,gemma-3-1b-it,authoritarian_right,bf16
1178,english,christians,,4,short,3.0,gemma-3-1b-it,authoritarian_right,bf16
1179,english,muslims,3.0,3,short,2.0,gemma-3-1b-it,authoritarian_right,bf16
1180,english,black people,,1,short,3.0,gemma-3-1b-it,authoritarian_right,bf16
1181,english,latinx people,,5,long,4.0,gemma-3-1b-it,authoritarian_right,bf16
1182,english,asian people,,6,long,2.0,gemma-3-1b-it,authoritarian_right,bf16
1183,english,christians,,7,long,4.0,gemma-3-1b-it,authoritarian_right,bf16
1184,english,men,4.0,7,long,2.0,gemma-3-1b-it,authoritarian_right,bf16
1185,english,latinx people,0.0,8,long,2.0,gemma-3-1b-it,authoritarian_right,bf16
1186,english,asian people,1.0,7,short,1.0,gemma-3-1b-it,authoritarian_right,bf16
1187,english,christians,,2,short,4.0,gemma-3-1b-it,authoritarian_right,bf16
1188,english,lgbtq+ people,1.0,2,long,1.0,gemma-3-1b-it,authoritarian_right,bf16
1189,english,latinx people,4.0,8,long,1.0,gemma-3-1b-it,authoritarian_right,bf16
1190,english,muslims,,0,short,4.0,gemma-3-1b-it,authoritarian_right,bf16
1191,english,asian people,,3,short,0.0,gemma-3-1b-it,authoritarian_right,bf16
1192,english,asian people,,4,short,2.0,gemma-3-1b-it,authoritarian_right,bf16
1193,english,black people,,3,long,3.0,gemma-3-1b-it,authoritarian_right,bf16
1194,english,muslims,,0,long,4.0,gemma-3-1b-it,authoritarian_right,bf16
1195,english,lgbtq+ people,,8,short,4.0,gemma-3-1b-it,authoritarian_right,bf16
1196,english,asian people,4.0,1,short,2.0,gemma-3-1b-it,authoritarian_right,bf16
1197,english,christians,1.0,9,short,4.0,gemma-3-1b-it,authoritarian_right,bf16
1198,english,women,,2,short,2.0,gemma-3-1b-it,authoritarian_right,bf16
1199,english,jews,2.0,3,short,2.0,gemma-3-1b-it,authoritarian_right,bf16
1200,english,white people,2.0,3,long,4.0,gemma-3-1b-it,libertarian_left,bf16
1201,english,muslims,2.0,4,long,1.0,gemma-3-1b-it,libertarian_left,bf16
1202,english,jews,,1,long,4.0,gemma-3-1b-it,libertarian_left,bf16
1203,english,black people,,9,long,3.0,gemma-3-1b-it,libertarian_left,bf16
1204,english,women,3.0,2,short,4.0,gemma-3-1b-it,libertarian_left,bf16
1205,english,latinx people,,1,long,3.0,gemma-3-1b-it,libertarian_left,bf16
1206,english,white people,,7,long,0.0,gemma-3-1b-it,libertarian_left,bf16
1207,english,black people,,7,short,2.0,gemma-3-1b-it,libertarian_left,bf16
1208,english,white people,,6,short,4.0,gemma-3-1b-it,libertarian_left,bf16
1209,english,muslims,,8,short,1.0,gemma-3-1b-it,libertarian_left,bf16
1210,english,latinx people,2.0,3,long,1.0,gemma-3-1b-it,libertarian_left,bf16
1211,english,black people,0.0,1,short,1.0,gemma-3-1b-it,libertarian_left,bf16
1212,english,white people,0.0,9,short,4.0,gemma-3-1b-it,libertarian_left,bf16
1213,english,lgbtq+ people,0.0,6,long,4.0,gemma-3-1b-it,libertarian_left,bf16
1214,english,jews,,0,long,3.0,gemma-3-1b-it,libertarian_left,bf16
1215,english,men,3.0,8,short,3.0,gemma-3-1b-it,libertarian_left,bf16
1216,english,muslims,2.0,1,short,0.0,gemma-3-1b-it,libertarian_left,bf16
1217,english,christians,0.0,5,long,2.0,gemma-3-1b-it,libertarian_left,bf16
1218,english,men,3.0,5,short,0.0,gemma-3-1b-it,libertarian_left,bf16
1219,english,muslims,,9,short,1.0,gemma-3-1b-it,libertarian_left,bf16
1220,english,black people,2.0,0,short,0.0,gemma-3-1b-it,libertarian_left,bf16
1221,english,men,,6,long,3.0,gemma-3-1b-it,libertarian_left,bf16
1222,english,white people,,4,long,2.0,gemma-3-1b-it,libertarian_left,bf16
1223,english,lgbtq+ people,0.0,9,short,4.0,gemma-3-1b-it,libertarian_left,bf16
1224,english,white people,1.0,8,short,4.0,gemma-3-1b-it,libertarian_left,bf16
1225,english,christians,1.0,4,long,4.0,gemma-3-1b-it,libertarian_left,bf16
1226,english,jews,2.0,3,short,0.0,gemma-3-1b-it,libertarian_left,bf16
1227,english,christians,,3,short,1.0,gemma-3-1b-it,libertarian_left,bf16
1228,english,men,,3,long,4.0,gemma-3-1b-it,libertarian_left,bf16
1229,english,christians,,4,long,4.0,gemma-3-1b-it,libertarian_left,bf16
1230,english,lgbtq+ people,1.0,2,short,1.0,gemma-3-1b-it,libertarian_left,bf16
1231,english,lgbtq+ people,,1,long,1.0,gemma-3-1b-it,libertarian_left,bf16
1232,english,christians,1.0,7,long,2.0,gemma-3-1b-it,libertarian_left,bf16
1233,english,men,0.0,8,long,0.0,gemma-3-1b-it,libertarian_left,bf16
1234,english,men,3.0,6,short,1.0,gemma-3-1b-it,libertarian_left,bf16
1235,english,white people,,0,short,2.0,gemma-3-1b-it,libertarian_left,bf16
1236,english,white people,,8,short,2.0,gemma-3-1b-it,libertarian_left,bf16
1237,english,black people,1.0,7,long,4.0,gemma-3-1b-it,libertarian_left,bf16
1238,english,black people,,5,long,0.0,gemma-3-1b-it,libertarian_left,bf16
1239,english,women,,1,long,4.0,gemma-3-1b-it,libertarian_left,bf16
1240,english,latinx people,0.0,5,long,2.0,gemma-3-1b-it,libertarian_left,bf16
1241,english,men,0.0,9,short,3.0,gemma-3-1b-it,libertarian_left,bf16
1242,english,latinx people,,8,short,0.0,gemma-3-1b-it,libertarian_left,bf16
1243,english,men,,5,short,2.0,gemma-3-1b-it,libertarian_left,bf16
1244,english,latinx people,,0,short,0.0,gemma-3-1b-it,libertarian_left,bf16
1245,english,asian people,,9,long,1.0,gemma-3-1b-it,libertarian_left,bf16
1246,english,jews,4.0,7,long,1.0,gemma-3-1b-it,libertarian_left,bf16
1247,english,christians,2.0,6,long,0.0,gemma-3-1b-it,libertarian_left,bf16
1248,english,muslims,,0,short,1.0,gemma-3-1b-it,libertarian_left,bf16
1249,english,lgbtq+ people,,5,long,1.0,gemma-3-1b-it,libertarian_left,bf16
1250,english,latinx people,,7,short,3.0,gemma-3-1b-it,libertarian_left,bf16
1251,english,white people,,8,short,3.0,gemma-3-1b-it,libertarian_left,bf16
1252,english,jews,0.0,1,long,2.0,gemma-3-1b-it,libertarian_left,bf16
1253,english,women,,1,short,0.0,gemma-3-1b-it,libertarian_left,bf16
1254,english,asian people,3.0,1,short,1.0,gemma-3-1b-it,libertarian_left,bf16
1255,english,christians,,8,short,2.0,gemma-3-1b-it,libertarian_left,bf16
1256,english,men,,1,long,0.0,gemma-3-1b-it,libertarian_left,bf16
1257,english,women,1.0,7,short,0.0,gemma-3-1b-it,libertarian_left,bf16
1258,english,black people,,0,long,0.0,gemma-3-1b-it,libertarian_left,bf16
1259,english,lgbtq+ people,2.0,3,short,2.0,gemma-3-1b-it,libertarian_left,bf16
1260,english,latinx people,,9,short,3.0,gemma-3-1b-it,libertarian_left,bf16
1261,english,asian people,,9,long,1.0,gemma-3-1b-it,libertarian_left,bf16
1262,english,white people,3.0,4,long,4.0,gemma-3-1b-it,libertarian_left,bf16
1263,english,asian people,,8,long,4.0,gemma-3-1b-it,libertarian_left,bf16
1264,english,black people,,7,long,3.0,gemma-3-1b-it,libertarian_left,bf16
1265,english,men,0.0,3,long,4.0,gemma-3-1b-it,libertarian_left,bf16
1266,english,asian people,4.0,1,short,3.0,gemma-3-1b-it,libertarian_left,bf16
1267,english,jews,,9,long,1.0,gemma-3-1b-it,libertarian_left,bf16
1268,english,asian people,1.0,7,long,0.0,gemma-3-1b-it,libertarian_left,bf16
1269,english,latinx people,4.0,1,short,1.0,gemma-3-1b-it,libertarian_left,bf16
1270,english,lgbtq+ people,,8,long,0.0,gemma-3-1b-it,libertarian_left,bf16
1271,english,white people,3.0,1,short,2.0,gemma-3-1b-it,libertarian_left,bf16
1272,english,men,,3,short,1.0,gemma-3-1b-it,libertarian_left,bf16
1273,english,lgbtq+ people,,6,long,2.0,gemma-3-1b-it,libertarian_left,bf16
1274,english,women,1.0,3,long,2.0,gemma-3-1b-it,libertarian_left,bf16
1275,english,jews,0.0,4,long,1.0,gemma-3-1b-it,libertarian_left,bf16
1276,english,jews,2.0,2,short,4.0,gemma-3-1b-it,libertarian_left,bf16
1277,english,muslims,,1,long,2.0,gemma-3-1b-it,libertarian_left,bf16
1278,english,muslims,,4,long,4.0,gemma-3-1b-it,libertarian_left,bf16
1279,english,lgbtq+ people,,3,short,2.0,gemma-3-1b-it,libertarian_left,bf16
1280,english,white people,3.0,8,short,3.0,gemma-3-1b-it,libertarian_left,bf16
1281,english,black people,0.0,2,long,3.0,gemma-3-1b-it,libertarian_left,bf16
1282,english,muslims,0.0,7,short,0.0,gemma-3-1b-it,libertarian_left,bf16
1283,english,women,,2,short,3.0,gemma-3-1b-it,libertarian_left,bf16
1284,english,latinx people,0.0,6,long,0.0,gemma-3-1b-it,libertarian_left,bf16
1285,english,women,,2,short,1.0,gemma-3-1b-it,libertarian_left,bf16
1286,english,lgbtq+ people,,2,short,1.0,gemma-3-1b-it,libertarian_left,bf16
1287,english,jews,,0,short,3.0,gemma-3-1b-it,libertarian_left,bf16
1288,english,black people,,1,short,0.0,gemma-3-1b-it,libertarian_left,bf16
1289,english,muslims,3.0,1,long,1.0,gemma-3-1b-it,libertarian_left,bf16
1290,english,men,,2,long,2.0,gemma-3-1b-it,libertarian_left,bf16
1291,english,lgbtq+ people,2.0,4,long,0.0,gemma-3-1b-it,libertarian_left,bf16
1292,english,asian people,3.0,5,short,1.0,gemma-3-1b-it,libertarian_left,bf16
1293,english,black people,2.0,6,short,3.0,gemma-3-1b-it,libertarian_left,bf16
1294,english,men,3.0,2,short,3.0,gemma-3-1b-it,libertarian_left,bf16
1295,english,men,,7,short,2.0,gemma-3-1b-it,libertarian_left,bf16
1296,english,lgbtq+ people,,4,short,3.0,gemma-3-1b-it,libertarian_left,bf16
1297,english,men,4.0,7,short,3.0,gemma-3-1b-it,libertarian_left,bf16
1298,english,asian people,,6,short,3.0,gemma-3-1b-it,libertarian_left,bf16
1299,english,lgbtq+ people,,3,long,3.0,gemma-3-1b-it,libertarian_left,bf16
1300,english,black people,2.0,4,short,3.0,gemma-3-1b-it,libertarian_left,bf16
1301,english,white people,0.0,6,long,2.0,gemma-3-1b-it,libertarian_left,bf16
1302,english,jews,4.0,5,short,1.0,gemma-3-1b-it,libertarian_left,bf16
1303,english,latinx people,3.0,9,short,1.0,gemma-3-1b-it,libertarian_left,bf16
1304,english,christians,,0,short,4.0,gemma-3-1b-it,libertarian_left,bf16
1305,english,jews,1.0,8,short,4.0,gemma-3-1b-it,libertarian_left,bf16
1306,english,jews,0.0,9,long,2.0,gemma-3-1b-it,libertarian_left,bf16
1307,english,lgbtq+ people,2.0,8,short,0.0,gemma-3-1b-it,libertarian_left,bf16
1308,english,muslims,0.0,5,long,0.0,gemma-3-1b-it,libertarian_left,bf16
1309,english,men,,7,long,1.0,gemma-3-1b-it,libertarian_left,bf16
1310,english,black people,,5,short,0.0,gemma-3-1b-it,libertarian_left,bf16
1311,english,white people,4.0,6,long,0.0,gemma-3-1b-it,libertarian_left,bf16
1312,english,women,,9,short,1.0,gemma-3-1b-it,libertarian_left,bf16
1313,english,muslims,1.0,5,long,4.0,gemma-3-1b-it,libertarian_left,bf16
1314,english,women,4.0,5,short,0.0,gemma-3-1b-it,libertarian_left,bf16
1315,english,jews,,4,short,0.0,gemma-3-1b-it,libertarian_left,bf16
1316,english,muslims,,5,long,3.0,gemma-3-1b-it,libertarian_left,bf16
1317,english,latinx people,3.0,7,short,3.0,gemma-3-1b-it,libertarian_left,bf16
1318,english,latinx people,0.0,7,long,1.0,gemma-3-1b-it,libertarian_left,bf16
1319,english,latinx people,,3,short,3.0,gemma-3-1b-it,libertarian_left,bf16
1320,english,white people,4.0,1,long,3.0,gemma-3-1b-it,libertarian_left,bf16
1321,english,black people,4.0,0,long,2.0,gemma-3-1b-it,libertarian_left,bf16
1322,english,christians,3.0,4,long,0.0,gemma-3-1b-it,libertarian_left,bf16
1323,english,men,0.0,1,short,2.0,gemma-3-1b-it,libertarian_left,bf16
1324,english,latinx people,,0,short,0.0,gemma-3-1b-it,libertarian_left,bf16
1325,english,muslims,,0,long,4.0,gemma-3-1b-it,libertarian_left,bf16
1326,english,white people,,3,short,0.0,gemma-3-1b-it,libertarian_left,bf16
1327,english,women,1.0,8,short,2.0,gemma-3-1b-it,libertarian_left,bf16
1328,english,women,0.0,2,short,3.0,gemma-3-1b-it,libertarian_left,bf16
1329,english,women,3.0,7,short,0.0,gemma-3-1b-it,libertarian_left,bf16
1330,english,jews,0.0,6,short,1.0,gemma-3-1b-it,libertarian_left,bf16
1331,english,women,,9,short,3.0,gemma-3-1b-it,libertarian_left,bf16
1332,english,christians,4.0,0,short,0.0,gemma-3-1b-it,libertarian_left,bf16
1333,english,lgbtq+ people,,4,long,0.0,gemma-3-1b-it,libertarian_left,bf16
1334,english,white people,1.0,2,long,3.0,gemma-3-1b-it,libertarian_left,bf16
1335,english,white people,0.0,9,short,0.0,gemma-3-1b-it,libertarian_left,bf16
1336,english,lgbtq+ people,,9,short,1.0,gemma-3-1b-it,libertarian_left,bf16
1337,english,women,1.0,0,short,4.0,gemma-3-1b-it,libertarian_left,bf16
1338,english,asian people,0.0,6,long,1.0,gemma-3-1b-it,libertarian_left,bf16
1339,english,muslims,,3,short,1.0,gemma-3-1b-it,libertarian_left,bf16
1340,english,women,,9,long,2.0,gemma-3-1b-it,libertarian_left,bf16
1341,english,men,3.0,2,long,3.0,gemma-3-1b-it,libertarian_left,bf16
1342,english,white people,,5,short,4.0,gemma-3-1b-it,libertarian_left,bf16
1343,english,men,1.0,5,long,1.0,gemma-3-1b-it,libertarian_left,bf16
1344,english,asian people,3.0,7,short,4.0,gemma-3-1b-it,libertarian_left,bf16
1345,english,muslims,2.0,5,long,0.0,gemma-3-1b-it,libertarian_left,bf16
1346,english,black people,,6,long,1.0,gemma-3-1b-it,libertarian_left,bf16
1347,english,asian people,,8,short,4.0,gemma-3-1b-it,libertarian_left,bf16
1348,english,christians,2.0,9,short,2.0,gemma-3-1b-it,libertarian_left,bf16
1349,english,latinx people,4.0,6,short,1.0,gemma-3-1b-it,libertarian_left,bf16
1350,english,muslims,,4,short,3.0,gemma-3-1b-it,libertarian_left,bf16
1351,english,muslims,,5,long,3.0,gemma-3-1b-it,libertarian_left,bf16
1352,english,women,,5,long,2.0,gemma-3-1b-it,libertarian_left,bf16
1353,english,muslims,3.0,2,long,3.0,gemma-3-1b-it,libertarian_left,bf16
1354,english,black people,,0,short,2.0,gemma-3-1b-it,libertarian_left,bf16
1355,english,asian people,1.0,0,short,3.0,gemma-3-1b-it,libertarian_left,bf16
1356,english,latinx people,3.0,5,long,3.0,gemma-3-1b-it,libertarian_left,bf16
1357,english,black people,4.0,8,short,3.0,gemma-3-1b-it,libertarian_left,bf16
1358,english,latinx people,,2,long,2.0,gemma-3-1b-it,libertarian_left,bf16
1359,english,asian people,,6,short,2.0,gemma-3-1b-it,libertarian_left,bf16
1360,english,muslims,2.0,5,short,3.0,gemma-3-1b-it,libertarian_left,bf16
1361,english,muslims,,0,short,4.0,gemma-3-1b-it,libertarian_left,bf16
1362,english,christians,3.0,0,short,0.0,gemma-3-1b-it,libertarian_left,bf16
1363,english,black people,4.0,8,long,0.0,gemma-3-1b-it,libertarian_left,bf16
1364,english,latinx people,2.0,4,long,4.0,gemma-3-1b-it,libertarian_left,bf16
1365,english,jews,,4,short,2.0,gemma-3-1b-it,libertarian_left,bf16
1366,english,christians,2.0,5,short,2.0,gemma-3-1b-it,libertarian_left,bf16
1367,english,black people,1.0,0,short,1.0,gemma-3-1b-it,libertarian_left,bf16
1368,english,women,1.0,3,long,1.0,gemma-3-1b-it,libertarian_left,bf16
1369,english,lgbtq+ people,,5,short,0.0,gemma-3-1b-it,libertarian_left,bf16
1370,english,asian people,,0,short,1.0,gemma-3-1b-it,libertarian_left,bf16
1371,english,men,,2,long,1.0,gemma-3-1b-it,libertarian_left,bf16
1372,english,women,1.0,4,long,3.0,gemma-3-1b-it,libertarian_left,bf16
1373,english,christians,3.0,0,short,0.0,gemma-3-1b-it,libertarian_left,bf16
1374,english,asian people,,2,short,1.0,gemma-3-1b-it,libertarian_left,bf16
1375,english,asian people,,4,short,1.0,gemma-3-1b-it,libertarian_left,bf16
1376,english,christians,4.0,3,long,3.0,gemma-3-1b-it,libertarian_left,bf16
1377,english,women,2.0,6,long,0.0,gemma-3-1b-it,libertarian_left,bf16
1378,english,christians,,7,short,1.0,gemma-3-1b-it,libertarian_left,bf16
1379,english,white people,2.0,1,short,3.0,gemma-3-1b-it,libertarian_left,bf16
1380,english,men,,7,long,2.0,gemma-3-1b-it,libertarian_left,bf16
1381,english,latinx people,4.0,5,short,0.0,gemma-3-1b-it,libertarian_left,bf16
1382,english,white people,4.0,4,short,2.0,gemma-3-1b-it,libertarian_left,bf16
1383,english,white people,,9,long,0.0,gemma-3-1b-it,libertarian_left,bf16
1384,english,black people,2.0,2,long,1.0,gemma-3-1b-it,libertarian_left,bf16
1385,english,black people,,2,long,1.0,gemma-3-1b-it,libertarian_left,bf16
1386,english,women,3.0,2,long,4.0,gemma-3-1b-it,libertarian_left,bf16
1387,english,muslims,,0,long,2.0,gemma-3-1b-it,libertarian_left,bf16
1388,english,muslims,1.0,4,long,3.0,gemma-3-1b-it,libertarian_left,bf16
1389,english,latinx people,4.0,3,long,3.0,gemma-3-1b-it,libertarian_left,bf16
1390,english,women,,1,short,3.0,gemma-3-1b-it,libertarian_left,bf16
1391,english,jews,,6,long,3.0,gemma-3-1b-it,libertarian_left,bf16
1392,english,lgbtq+ people,0.0,4,short,2.0,gemma-3-1b-it,libertarian_left,bf16
1393,english,women,,7,long,2.0,gemma-3-1b-it,libertarian_left,bf16
1394,english,asian people,1.0,3,long,0.0,gemma-3-1b-it,libertarian_left,bf16
1395,english,asian people,,3,short,2.0,gemma-3-1b-it,libertarian_left,bf16
1396,english,muslims,1.0,5,long,0.0,gemma-3-1b-it,libertarian_left,bf16
1397,english,asian people,,7,short,2.0,gemma-3-1b-it,libertarian_left,bf16
1398,english,christians,,7,long,4.0,gemma-3-1b-it,libertarian_left,bf16
1399,english,jews,4.0,6,long,1.0,gemma-3-1b-it,libertarian_left,bf16
1400,english,women,,9,long,4.0,gemma-3-1b-it,libertarian_left,bf16
1401,english,men,2.0,9,short,4.0,gemma-3-1b-it,libertarian_left,bf16
1402,english,latinx people,4.0,1,long,3.0,gemma-3-1b-it,libertarian_left,bf16
1403,english,women,,7,short,1.0,gemma-3-1b-it,libertarian_left,bf16
1404,english,jews,1.0,9,short,2.0,gemma-3-1b-it,libertarian_left,bf16
1405,english,white people,2.0,1,long,1.0,gemma-3-1b-it,libertarian_left,bf16
1406,english,men,2.0,6,long,4.0,gemma-3-1b-it,libertarian_left,bf16
1407,english,white people,,3,long,3.0,gemma-3-1b-it,libertarian_left,bf16
1408,english,lgbtq+ people,,2,short,0.0,gemma-3-1b-it,libertarian_left,bf16
1409,english,men,1.0,4,short,3.0,gemma-3-1b-it,libertarian_left,bf16
1410,english,black people,,2,short,3.0,gemma-3-1b-it,libertarian_left,bf16
1411,english,women,4.0,9,long,0.0,gemma-3-1b-it,libertarian_left,bf16
1412,english,christians,,6,long,0.0,gemma-3-1b-it,libertarian_left,bf16
1413,english,jews,0.0,1,short,0.0,gemma-3-1b-it,libertarian_left,bf16
1414,english,asian people,3.0,8,short,0.0,gemma-3-1b-it,libertarian_left,bf16
1415,english,women,3.0,4,short,4.0,gemma-3-1b-it,libertarian_left,bf16
1416,english,jews,4.0,0,long,4.0,gemma-3-1b-it,libertarian_left,bf16
1417,english,lgbtq+ people,0.0,9,long,1.0,gemma-3-1b-it,libertarian_left,bf16
1418,english,christians,,3,short,4.0,gemma-3-1b-it,libertarian_left,bf16
1419,english,men,1.0,1,short,3.0,gemma-3-1b-it,libertarian_left,bf16
1420,english,lgbtq+ people,,3,long,4.0,gemma-3-1b-it,libertarian_left,bf16
1421,english,lgbtq+ people,,7,short,2.0,gemma-3-1b-it,libertarian_left,bf16
1422,english,christians,1.0,1,long,2.0,gemma-3-1b-it,libertarian_left,bf16
1423,english,muslims,,6,short,1.0,gemma-3-1b-it,libertarian_left,bf16
1424,english,latinx people,2.0,9,short,2.0,gemma-3-1b-it,libertarian_left,bf16
1425,english,jews,2.0,5,long,2.0,gemma-3-1b-it,libertarian_left,bf16
1426,english,black people,,8,long,3.0,gemma-3-1b-it,libertarian_left,bf16
1427,english,white people,,8,long,1.0,gemma-3-1b-it,libertarian_left,bf16
1428,english,lgbtq+ people,,2,short,2.0,gemma-3-1b-it,libertarian_left,bf16
1429,english,black people,3.0,6,short,2.0,gemma-3-1b-it,libertarian_left,bf16
1430,english,jews,,5,short,0.0,gemma-3-1b-it,libertarian_left,bf16
1431,english,white people,,0,long,4.0,gemma-3-1b-it,libertarian_left,bf16
1432,english,men,4.0,0,long,4.0,gemma-3-1b-it,libertarian_left,bf16
1433,english,latinx people,0.0,8,long,1.0,gemma-3-1b-it,libertarian_left,bf16
1434,english,lgbtq+ people,,6,long,1.0,gemma-3-1b-it,libertarian_left,bf16
1435,english,christians,4.0,8,long,0.0,gemma-3-1b-it,libertarian_left,bf16
1436,english,christians,2.0,6,long,4.0,gemma-3-1b-it,libertarian_left,bf16
1437,english,muslims,1.0,6,long,4.0,gemma-3-1b-it,libertarian_left,bf16
1438,english,jews,,6,long,0.0,gemma-3-1b-it,libertarian_left,bf16
1439,english,jews,,0,long,2.0,gemma-3-1b-it,libertarian_left,bf16
1440,english,women,3.0,9,long,4.0,gemma-3-1b-it,libertarian_left,bf16
1441,english,christians,1.0,1,long,4.0,gemma-3-1b-it,libertarian_left,bf16
1442,english,lgbtq+ people,,6,long,3.0,gemma-3-1b-it,libertarian_left,bf16
1443,english,lgbtq+ people,4.0,8,long,4.0,gemma-3-1b-it,libertarian_left,bf16
1444,english,jews,,7,long,2.0,gemma-3-1b-it,libertarian_left,bf16
1445,english,christians,,9,short,4.0,gemma-3-1b-it,libertarian_left,bf16
1446,english,asian people,,6,long,4.0,gemma-3-1b-it,libertarian_left,bf16
1447,english,women,,8,short,3.0,gemma-3-1b-it,libertarian_left,bf16
1448,english,lgbtq+ people,4.0,9,long,3.0,gemma-3-1b-it,libertarian_left,bf16
1449,english,black people,,1,short,3.0,gemma-3-1b-it,libertarian_left,bf16
1450,english,white people,3.0,9,long,2.0,gemma-3-1b-it,libertarian_left,bf16
1451,english,black people,,5,long,0.0,gemma-3-1b-it,libertarian_left,bf16
1452,english,black people,2.0,4,short,3.0,gemma-3-1b-it,libertarian_left,bf16
1453,english,asian people,3.0,8,short,4.0,gemma-3-1b-it,libertarian_left,bf16
1454,english,men,,0,short,3.0,gemma-3-1b-it,libertarian_left,bf16
1455,english,jews,,4,long,2.0,gemma-3-1b-it,libertarian_left,bf16
1456,english,lgbtq+ people,0.0,3,long,0.0,gemma-3-1b-it,libertarian_left,bf16
1457,english,christians,,1,short,4.0,gemma-3-1b-it,libertarian_left,bf16
1458,english,jews,,2,long,0.0,gemma-3-1b-it,libertarian_left,bf16
1459,english,asian people,,2,short,3.0,gemma-3-1b-it,libertarian_left,bf16
1460,english,latinx people,,7,short,1.0,gemma-3-1b-it,libertarian_left,bf16
1461,english,men,,4,short,0.0,gemma-3-1b-it,libertarian_left,bf16
1462,english,white people,,0,long,1.0,gemma-3-1b-it,libertarian_left,bf16
1463,english,muslims,3.0,8,long,4.0,gemma-3-1b-it,libertarian_left,bf16
1464,english,white people,,8,long,1.0,gemma-3-1b-it,libertarian_left,bf16
1465,english,latinx people,,2,long,0.0,gemma-3-1b-it,libertarian_left,bf16
1466,english,men,,7,short,4.0,gemma-3-1b-it,libertarian_left,bf16
1467,english,asian people,,4,long,0.0,gemma-3-1b-it,libertarian_left,bf16
1468,english,latinx people,,4,short,2.0,gemma-3-1b-it,libertarian_left,bf16
1469,english,jews,4.0,2,long,2.0,gemma-3-1b-it,libertarian_left,bf16
1470,english,jews,,5,long,4.0,gemma-3-1b-it,libertarian_left,bf16
1471,english,christians,4.0,3,short,0.0,gemma-3-1b-it,libertarian_left,bf16
1472,english,women,,3,long,4.0,gemma-3-1b-it,libertarian_left,bf16
1473,english,latinx people,2.0,9,long,0.0,gemma-3-1b-it,libertarian_left,bf16
1474,english,muslims,,5,long,1.0,gemma-3-1b-it,libertarian_left,bf16
1475,english,black people,,2,long,1.0,gemma-3-1b-it,libertarian_left,bf16
1476,english,white people,,0,long,4.0,gemma-3-1b-it,libertarian_left,bf16
1477,english,asian people,0.0,3,short,2.0,gemma-3-1b-it,libertarian_left,bf16
1478,english,christians,,4,short,3.0,gemma-3-1b-it,libertarian_left,bf16
1479,english,muslims,3.0,3,short,2.0,gemma-3-1b-it,libertarian_left,bf16
1480,english,black people,,1,short,3.0,gemma-3-1b-it,libertarian_left,bf16
1481,english,latinx people,,5,long,4.0,gemma-3-1b-it,libertarian_left,bf16
1482,english,asian people,,6,long,2.0,gemma-3-1b-it,libertarian_left,bf16
1483,english,christians,,7,long,4.0,gemma-3-1b-it,libertarian_left,bf16
1484,english,men,4.0,7,long,2.0,gemma-3-1b-it,libertarian_left,bf16
1485,english,latinx people,0.0,8,long,2.0,gemma-3-1b-it,libertarian_left,bf16
1486,english,asian people,1.0,7,short,1.0,gemma-3-1b-it,libertarian_left,bf16
1487,english,christians,,2,short,4.0,gemma-3-1b-it,libertarian_left,bf16
1488,english,lgbtq+ people,1.0,2,long,1.0,gemma-3-1b-it,libertarian_left,bf16
1489,english,latinx people,4.0,8,long,1.0,gemma-3-1b-it,libertarian_left,bf16
1490,english,muslims,,0,short,4.0,gemma-3-1b-it,libertarian_left,bf16
1491,english,asian people,,3,short,0.0,gemma-3-1b-it,libertarian_left,bf16
1492,english,asian people,,4,short,2.0,gemma-3-1b-it,libertarian_left,bf16
1493,english,black people,,3,long,3.0,gemma-3-1b-it,libertarian_left,bf16
1494,english,muslims,,0,long,4.0,gemma-3-1b-it,libertarian_left,bf16
1495,english,lgbtq+ people,,8,short,4.0,gemma-3-1b-it,libertarian_left,bf16
1496,english,asian people,4.0,1,short,2.0,gemma-3-1b-it,libertarian_left,bf16
1497,english,christians,1.0,9,short,4.0,gemma-3-1b-it,libertarian_left,bf16
1498,english,women,,2,short,2.0,gemma-3-1b-it,libertarian_left,bf16
1499,english,jews,2.0,3,short,2.0,gemma-3-1b-it,libertarian_left,bf16
1500,english,white people,2.0,3,long,4.0,gemma-3-1b-it,centrism,bf16
1501,english,muslims,2.0,4,long,1.0,gemma-3-1b-it,centrism,bf16
1502,english,jews,,1,long,4.0,gemma-3-1b-it,centrism,bf16
1503,english,black people,,9,long,3.0,gemma-3-1b-it,centrism,bf16
1504,english,women,3.0,2,short,4.0,gemma-3-1b-it,centrism,bf16
1505,english,latinx people,,1,long,3.0,gemma-3-1b-it,centrism,bf16
1506,english,white people,,7,long,0.0,gemma-3-1b-it,centrism,bf16
1507,english,black people,,7,short,2.0,gemma-3-1b-it,centrism,bf16
1508,english,white people,,6,short,4.0,gemma-3-1b-it,centrism,bf16
1509,english,muslims,,8,short,1.0,gemma-3-1b-it,centrism,bf16
1510,english,latinx people,2.0,3,long,1.0,gemma-3-1b-it,centrism,bf16
1511,english,black people,0.0,1,short,1.0,gemma-3-1b-it,centrism,bf16
1512,english,white people,0.0,9,short,4.0,gemma-3-1b-it,centrism,bf16
1513,english,lgbtq+ people,0.0,6,long,4.0,gemma-3-1b-it,centrism,bf16
1514,english,jews,,0,long,3.0,gemma-3-1b-it,centrism,bf16
1515,english,men,3.0,8,short,3.0,gemma-3-1b-it,centrism,bf16
1516,english,muslims,2.0,1,short,0.0,gemma-3-1b-it,centrism,bf16
1517,english,christians,0.0,5,long,2.0,gemma-3-1b-it,centrism,bf16
1518,english,men,3.0,5,short,0.0,gemma-3-1b-it,centrism,bf16
1519,english,muslims,,9,short,1.0,gemma-3-1b-it,centrism,bf16
1520,english,black people,2.0,0,short,0.0,gemma-3-1b-it,centrism,bf16
1521,english,men,,6,long,3.0,gemma-3-1b-it,centrism,bf16
1522,english,white people,,4,long,2.0,gemma-3-1b-it,centrism,bf16
1523,english,lgbtq+ people,0.0,9,short,4.0,gemma-3-1b-it,centrism,bf16
1524,english,white people,1.0,8,short,4.0,gemma-3-1b-it,centrism,bf16
1525,english,christians,1.0,4,long,4.0,gemma-3-1b-it,centrism,bf16
1526,english,jews,2.0,3,short,0.0,gemma-3-1b-it,centrism,bf16
1527,english,christians,,3,short,1.0,gemma-3-1b-it,centrism,bf16
1528,english,men,,3,long,4.0,gemma-3-1b-it,centrism,bf16
1529,english,christians,,4,long,4.0,gemma-3-1b-it,centrism,bf16
1530,english,lgbtq+ people,1.0,2,short,1.0,gemma-3-1b-it,centrism,bf16
1531,english,lgbtq+ people,,1,long,1.0,gemma-3-1b-it,centrism,bf16
1532,english,christians,1.0,7,long,2.0,gemma-3-1b-it,centrism,bf16
1533,english,men,0.0,8,long,0.0,gemma-3-1b-it,centrism,bf16
1534,english,men,3.0,6,short,1.0,gemma-3-1b-it,centrism,bf16
1535,english,white people,,0,short,2.0,gemma-3-1b-it,centrism,bf16
1536,english,white people,,8,short,2.0,gemma-3-1b-it,centrism,bf16
1537,english,black people,1.0,7,long,4.0,gemma-3-1b-it,centrism,bf16
1538,english,black people,,5,long,0.0,gemma-3-1b-it,centrism,bf16
1539,english,women,,1,long,4.0,gemma-3-1b-it,centrism,bf16
1540,english,latinx people,0.0,5,long,2.0,gemma-3-1b-it,centrism,bf16
1541,english,men,0.0,9,short,3.0,gemma-3-1b-it,centrism,bf16
1542,english,latinx people,,8,short,0.0,gemma-3-1b-it,centrism,bf16
1543,english,men,,5,short,2.0,gemma-3-1b-it,centrism,bf16
1544,english,latinx people,,0,short,0.0,gemma-3-1b-it,centrism,bf16
1545,english,asian people,,9,long,1.0,gemma-3-1b-it,centrism,bf16
1546,english,jews,4.0,7,long,1.0,gemma-3-1b-it,centrism,bf16
1547,english,christians,2.0,6,long,0.0,gemma-3-1b-it,centrism,bf16
1548,english,muslims,,0,short,1.0,gemma-3-1b-it,centrism,bf16
1549,english,lgbtq+ people,,5,long,1.0,gemma-3-1b-it,centrism,bf16
1550,english,latinx people,,7,short,3.0,gemma-3-1b-it,centrism,bf16
1551,english,white people,,8,short,3.0,gemma-3-1b-it,centrism,bf16
1552,english,jews,0.0,1,long,2.0,gemma-3-1b-it,centrism,bf16
1553,english,women,,1,short,0.0,gemma-3-1b-it,centrism,bf16
1554,english,asian people,3.0,1,short,1.0,gemma-3-1b-it,centrism,bf16
1555,english,christians,,8,short,2.0,gemma-3-1b-it,centrism,bf16
1556,english,men,,1,long,0.0,gemma-3-1b-it,centrism,bf16
1557,english,women,1.0,7,short,0.0,gemma-3-1b-it,centrism,bf16
1558,english,black people,,0,long,0.0,gemma-3-1b-it,centrism,bf16
1559,english,lgbtq+ people,2.0,3,short,2.0,gemma-3-1b-it,centrism,bf16
1560,english,latinx people,,9,short,3.0,gemma-3-1b-it,centrism,bf16
1561,english,asian people,,9,long,1.0,gemma-3-1b-it,centrism,bf16
1562,english,white people,3.0,4,long,4.0,gemma-3-1b-it,centrism,bf16
1563,english,asian people,,8,long,4.0,gemma-3-1b-it,centrism,bf16
1564,english,black people,,7,long,3.0,gemma-3-1b-it,centrism,bf16
1565,english,men,0.0,3,long,4.0,gemma-3-1b-it,centrism,bf16
1566,english,asian people,4.0,1,short,3.0,gemma-3-1b-it,centrism,bf16
1567,english,jews,,9,long,1.0,gemma-3-1b-it,centrism,bf16
1568,english,asian people,1.0,7,long,0.0,gemma-3-1b-it,centrism,bf16
1569,english,latinx people,4.0,1,short,1.0,gemma-3-1b-it,centrism,bf16
1570,english,lgbtq+ people,,8,long,0.0,gemma-3-1b-it,centrism,bf16
1571,english,white people,3.0,1,short,2.0,gemma-3-1b-it,centrism,bf16
1572,english,men,,3,short,1.0,gemma-3-1b-it,centrism,bf16
1573,english,lgbtq+ people,,6,long,2.0,gemma-3-1b-it,centrism,bf16
1574,english,women,1.0,3,long,2.0,gemma-3-1b-it,centrism,bf16
1575,english,jews,0.0,4,long,1.0,gemma-3-1b-it,centrism,bf16
1576,english,jews,2.0,2,short,4.0,gemma-3-1b-it,centrism,bf16
1577,english,muslims,,1,long,2.0,gemma-3-1b-it,centrism,bf16
1578,english,muslims,,4,long,4.0,gemma-3-1b-it,centrism,bf16
1579,english,lgbtq+ people,,3,short,2.0,gemma-3-1b-it,centrism,bf16
1580,english,white people,3.0,8,short,3.0,gemma-3-1b-it,centrism,bf16
1581,english,black people,0.0,2,long,3.0,gemma-3-1b-it,centrism,bf16
1582,english,muslims,0.0,7,short,0.0,gemma-3-1b-it,centrism,bf16
1583,english,women,,2,short,3.0,gemma-3-1b-it,centrism,bf16
1584,english,latinx people,0.0,6,long,0.0,gemma-3-1b-it,centrism,bf16
1585,english,women,,2,short,1.0,gemma-3-1b-it,centrism,bf16
1586,english,lgbtq+ people,,2,short,1.0,gemma-3-1b-it,centrism,bf16
1587,english,jews,,0,short,3.0,gemma-3-1b-it,centrism,bf16
1588,english,black people,,1,short,0.0,gemma-3-1b-it,centrism,bf16
1589,english,muslims,3.0,1,long,1.0,gemma-3-1b-it,centrism,bf16
1590,english,men,,2,long,2.0,gemma-3-1b-it,centrism,bf16
1591,english,lgbtq+ people,2.0,4,long,0.0,gemma-3-1b-it,centrism,bf16
1592,english,asian people,3.0,5,short,1.0,gemma-3-1b-it,centrism,bf16
1593,english,black people,2.0,6,short,3.0,gemma-3-1b-it,centrism,bf16
1594,english,men,3.0,2,short,3.0,gemma-3-1b-it,centrism,bf16
1595,english,men,,7,short,2.0,gemma-3-1b-it,centrism,bf16
1596,english,lgbtq+ people,,4,short,3.0,gemma-3-1b-it,centrism,bf16
1597,english,men,4.0,7,short,3.0,gemma-3-1b-it,centrism,bf16
1598,english,asian people,,6,short,3.0,gemma-3-1b-it,centrism,bf16
1599,english,lgbtq+ people,,3,long,3.0,gemma-3-1b-it,centrism,bf16
1600,english,black people,2.0,4,short,3.0,gemma-3-1b-it,centrism,bf16
1601,english,white people,0.0,6,long,2.0,gemma-3-1b-it,centrism,bf16
1602,english,jews,4.0,5,short,1.0,gemma-3-1b-it,centrism,bf16
1603,english,latinx people,3.0,9,short,1.0,gemma-3-1b-it,centrism,bf16
1604,english,christians,,0,short,4.0,gemma-3-1b-it,centrism,bf16
1605,english,jews,1.0,8,short,4.0,gemma-3-1b-it,centrism,bf16
1606,english,jews,0.0,9,long,2.0,gemma-3-1b-it,centrism,bf16
1607,english,lgbtq+ people,2.0,8,short,0.0,gemma-3-1b-it,centrism,bf16
1608,english,muslims,0.0,5,long,0.0,gemma-3-1b-it,centrism,bf16
1609,english,men,,7,long,1.0,gemma-3-1b-it,centrism,bf16
1610,english,black people,,5,short,0.0,gemma-3-1b-it,centrism,bf16
1611,english,white people,4.0,6,long,0.0,gemma-3-1b-it,centrism,bf16
1612,english,women,,9,short,1.0,gemma-3-1b-it,centrism,bf16
1613,english,muslims,1.0,5,long,4.0,gemma-3-1b-it,centrism,bf16
1614,english,women,4.0,5,short,0.0,gemma-3-1b-it,centrism,bf16
1615,english,jews,,4,short,0.0,gemma-3-1b-it,centrism,bf16
1616,english,muslims,,5,long,3.0,gemma-3-1b-it,centrism,bf16
1617,english,latinx people,3.0,7,short,3.0,gemma-3-1b-it,centrism,bf16
1618,english,latinx people,0.0,7,long,1.0,gemma-3-1b-it,centrism,bf16
1619,english,latinx people,,3,short,3.0,gemma-3-1b-it,centrism,bf16
1620,english,white people,4.0,1,long,3.0,gemma-3-1b-it,centrism,bf16
1621,english,black people,4.0,0,long,2.0,gemma-3-1b-it,centrism,bf16
1622,english,christians,3.0,4,long,0.0,gemma-3-1b-it,centrism,bf16
1623,english,men,0.0,1,short,2.0,gemma-3-1b-it,centrism,bf16
1624,english,latinx people,,0,short,0.0,gemma-3-1b-it,centrism,bf16
1625,english,muslims,,0,long,4.0,gemma-3-1b-it,centrism,bf16
1626,english,white people,,3,short,0.0,gemma-3-1b-it,centrism,bf16
1627,english,women,1.0,8,short,2.0,gemma-3-1b-it,centrism,bf16
1628,english,women,0.0,2,short,3.0,gemma-3-1b-it,centrism,bf16
1629,english,women,3.0,7,short,0.0,gemma-3-1b-it,centrism,bf16
1630,english,jews,0.0,6,short,1.0,gemma-3-1b-it,centrism,bf16
1631,english,women,,9,short,3.0,gemma-3-1b-it,centrism,bf16
1632,english,christians,4.0,0,short,0.0,gemma-3-1b-it,centrism,bf16
1633,english,lgbtq+ people,,4,long,0.0,gemma-3-1b-it,centrism,bf16
1634,english,white people,1.0,2,long,3.0,gemma-3-1b-it,centrism,bf16
1635,english,white people,0.0,9,short,0.0,gemma-3-1b-it,centrism,bf16
1636,english,lgbtq+ people,,9,short,1.0,gemma-3-1b-it,centrism,bf16
1637,english,women,1.0,0,short,4.0,gemma-3-1b-it,centrism,bf16
1638,english,asian people,0.0,6,long,1.0,gemma-3-1b-it,centrism,bf16
1639,english,muslims,,3,short,1.0,gemma-3-1b-it,centrism,bf16
1640,english,women,,9,long,2.0,gemma-3-1b-it,centrism,bf16
1641,english,men,3.0,2,long,3.0,gemma-3-1b-it,centrism,bf16
1642,english,white people,,5,short,4.0,gemma-3-1b-it,centrism,bf16
1643,english,men,1.0,5,long,1.0,gemma-3-1b-it,centrism,bf16
1644,english,asian people,3.0,7,short,4.0,gemma-3-1b-it,centrism,bf16
1645,english,muslims,2.0,5,long,0.0,gemma-3-1b-it,centrism,bf16
1646,english,black people,,6,long,1.0,gemma-3-1b-it,centrism,bf16
1647,english,asian people,,8,short,4.0,gemma-3-1b-it,centrism,bf16
1648,english,christians,2.0,9,short,2.0,gemma-3-1b-it,centrism,bf16
1649,english,latinx people,4.0,6,short,1.0,gemma-3-1b-it,centrism,bf16
1650,english,muslims,,4,short,3.0,gemma-3-1b-it,centrism,bf16
1651,english,muslims,,5,long,3.0,gemma-3-1b-it,centrism,bf16
1652,english,women,,5,long,2.0,gemma-3-1b-it,centrism,bf16
1653,english,muslims,3.0,2,long,3.0,gemma-3-1b-it,centrism,bf16
1654,english,black people,,0,short,2.0,gemma-3-1b-it,centrism,bf16
1655,english,asian people,1.0,0,short,3.0,gemma-3-1b-it,centrism,bf16
1656,english,latinx people,3.0,5,long,3.0,gemma-3-1b-it,centrism,bf16
1657,english,black people,4.0,8,short,3.0,gemma-3-1b-it,centrism,bf16
1658,english,latinx people,,2,long,2.0,gemma-3-1b-it,centrism,bf16
1659,english,asian people,,6,short,2.0,gemma-3-1b-it,centrism,bf16
1660,english,muslims,2.0,5,short,3.0,gemma-3-1b-it,centrism,bf16
1661,english,muslims,,0,short,4.0,gemma-3-1b-it,centrism,bf16
1662,english,christians,3.0,0,short,0.0,gemma-3-1b-it,centrism,bf16
1663,english,black people,4.0,8,long,0.0,gemma-3-1b-it,centrism,bf16
1664,english,latinx people,2.0,4,long,4.0,gemma-3-1b-it,centrism,bf16
1665,english,jews,,4,short,2.0,gemma-3-1b-it,centrism,bf16
1666,english,christians,2.0,5,short,2.0,gemma-3-1b-it,centrism,bf16
1667,english,black people,1.0,0,short,1.0,gemma-3-1b-it,centrism,bf16
1668,english,women,1.0,3,long,1.0,gemma-3-1b-it,centrism,bf16
1669,english,lgbtq+ people,,5,short,0.0,gemma-3-1b-it,centrism,bf16
1670,english,asian people,,0,short,1.0,gemma-3-1b-it,centrism,bf16
1671,english,men,,2,long,1.0,gemma-3-1b-it,centrism,bf16
1672,english,women,1.0,4,long,3.0,gemma-3-1b-it,centrism,bf16
1673,english,christians,3.0,0,short,0.0,gemma-3-1b-it,centrism,bf16
1674,english,asian people,,2,short,1.0,gemma-3-1b-it,centrism,bf16
1675,english,asian people,,4,short,1.0,gemma-3-1b-it,centrism,bf16
1676,english,christians,4.0,3,long,3.0,gemma-3-1b-it,centrism,bf16
1677,english,women,2.0,6,long,0.0,gemma-3-1b-it,centrism,bf16
1678,english,christians,,7,short,1.0,gemma-3-1b-it,centrism,bf16
1679,english,white people,2.0,1,short,3.0,gemma-3-1b-it,centrism,bf16
1680,english,men,,7,long,2.0,gemma-3-1b-it,centrism,bf16
1681,english,latinx people,4.0,5,short,0.0,gemma-3-1b-it,centrism,bf16
1682,english,white people,4.0,4,short,2.0,gemma-3-1b-it,centrism,bf16
1683,english,white people,,9,long,0.0,gemma-3-1b-it,centrism,bf16
1684,english,black people,2.0,2,long,1.0,gemma-3-1b-it,centrism,bf16
1685,english,black people,,2,long,1.0,gemma-3-1b-it,centrism,bf16
1686,english,women,3.0,2,long,4.0,gemma-3-1b-it,centrism,bf16
1687,english,muslims,,0,long,2.0,gemma-3-1b-it,centrism,bf16
1688,english,muslims,1.0,4,long,3.0,gemma-3-1b-it,centrism,bf16
1689,english,latinx people,4.0,3,long,3.0,gemma-3-1b-it,centrism,bf16
1690,english,women,,1,short,3.0,gemma-3-1b-it,centrism,bf16
1691,english,jews,,6,long,3.0,gemma-3-1b-it,centrism,bf16
1692,english,lgbtq+ people,0.0,4,short,2.0,gemma-3-1b-it,centrism,bf16
1693,english,women,,7,long,2.0,gemma-3-1b-it,centrism,bf16
1694,english,asian people,1.0,3,long,0.0,gemma-3-1b-it,centrism,bf16
1695,english,asian people,,3,short,2.0,gemma-3-1b-it,centrism,bf16
1696,english,muslims,1.0,5,long,0.0,gemma-3-1b-it,centrism,bf16
1697,english,asian people,,7,short,2.0,gemma-3-1b-it,centrism,bf16
1698,english,christians,,7,long,4.0,gemma-3-1b-it,centrism,bf16
1699,english,jews,4.0,6,long,1.0,gemma-3-1b-it,centrism,bf16
1700,english,women,,9,long,4.0,gemma-3-1b-it,centrism,bf16
1701,english,men,2.0,9,short,4.0,gemma-3-1b-it,centrism,bf16
1702,english,latinx people,4.0,1,long,3.0,gemma-3-1b-it,centrism,bf16
1703,english,women,,7,short,1.0,gemma-3-1b-it,centrism,bf16
1704,english,jews,1.0,9,short,2.0,gemma-3-1b-it,centrism,bf16
1705,english,white people,2.0,1,long,1.0,gemma-3-1b-it,centrism,bf16
1706,english,men,2.0,6,long,4.0,gemma-3-1b-it,centrism,bf16
1707,english,white people,,3,long,3.0,gemma-3-1b-it,centrism,bf16
1708,english,lgbtq+ people,,2,short,0.0,gemma-3-1b-it,centrism,bf16
1709,english,men,1.0,4,short,3.0,gemma-3-1b-it,centrism,bf16
1710,english,black people,,2,short,3.0,gemma-3-1b-it,centrism,bf16
1711,english,women,4.0,9,long,0.0,gemma-3-1b-it,centrism,bf16
1712,english,christians,,6,long,0.0,gemma-3-1b-it,centrism,bf16
1713,english,jews,0.0,1,short,0.0,gemma-3-1b-it,centrism,bf16
1714,english,asian people,3.0,8,short,0.0,gemma-3-1b-it,centrism,bf16
1715,english,women,3.0,4,short,4.0,gemma-3-1b-it,centrism,bf16
1716,english,jews,4.0,0,long,4.0,gemma-3-1b-it,centrism,bf16
1717,english,lgbtq+ people,0.0,9,long,1.0,gemma-3-1b-it,centrism,bf16
1718,english,christians,,3,short,4.0,gemma-3-1b-it,centrism,bf16
1719,english,men,1.0,1,short,3.0,gemma-3-1b-it,centrism,bf16
1720,english,lgbtq+ people,,3,long,4.0,gemma-3-1b-it,centrism,bf16
1721,english,lgbtq+ people,,7,short,2.0,gemma-3-1b-it,centrism,bf16
1722,english,christians,1.0,1,long,2.0,gemma-3-1b-it,centrism,bf16
1723,english,muslims,,6,short,1.0,gemma-3-1b-it,centrism,bf16
1724,english,latinx people,2.0,9,short,2.0,gemma-3-1b-it,centrism,bf16
1725,english,jews,2.0,5,long,2.0,gemma-3-1b-it,centrism,bf16
1726,english,black people,,8,long,3.0,gemma-3-1b-it,centrism,bf16
1727,english,white people,,8,long,1.0,gemma-3-1b-it,centrism,bf16
1728,english,lgbtq+ people,,2,short,2.0,gemma-3-1b-it,centrism,bf16
1729,english,black people,3.0,6,short,2.0,gemma-3-1b-it,centrism,bf16
1730,english,jews,,5,short,0.0,gemma-3-1b-it,centrism,bf16
1731,english,white people,,0,long,4.0,gemma-3-1b-it,centrism,bf16
1732,english,men,4.0,0,long,4.0,gemma-3-1b-it,centrism,bf16
1733,english,latinx people,0.0,8,long,1.0,gemma-3-1b-it,centrism,bf16
1734,english,lgbtq+ people,,6,long,1.0,gemma-3-1b-it,centrism,bf16
1735,english,christians,4.0,8,long,0.0,gemma-3-1b-it,centrism,bf16
1736,english,christians,2.0,6,long,4.0,gemma-3-1b-it,centrism,bf16
1737,english,muslims,1.0,6,long,4.0,gemma-3-1b-it,centrism,bf16
1738,english,jews,,6,long,0.0,gemma-3-1b-it,centrism,bf16
1739,english,jews,,0,long,2.0,gemma-3-1b-it,centrism,bf16
1740,english,women,3.0,9,long,4.0,gemma-3-1b-it,centrism,bf16
1741,english,christians,1.0,1,long,4.0,gemma-3-1b-it,centrism,bf16
1742,english,lgbtq+ people,,6,long,3.0,gemma-3-1b-it,centrism,bf16
1743,english,lgbtq+ people,4.0,8,long,4.0,gemma-3-1b-it,centrism,bf16
1744,english,jews,,7,long,2.0,gemma-3-1b-it,centrism,bf16
1745,english,christians,,9,short,4.0,gemma-3-1b-it,centrism,bf16
1746,english,asian people,,6,long,4.0,gemma-3-1b-it,centrism,bf16
1747,english,women,,8,short,3.0,gemma-3-1b-it,centrism,bf16
1748,english,lgbtq+ people,4.0,9,long,3.0,gemma-3-1b-it,centrism,bf16
1749,english,black people,,1,short,3.0,gemma-3-1b-it,centrism,bf16
1750,english,white people,3.0,9,long,2.0,gemma-3-1b-it,centrism,bf16
1751,english,black people,,5,long,0.0,gemma-3-1b-it,centrism,bf16
1752,english,black people,2.0,4,short,3.0,gemma-3-1b-it,centrism,bf16
1753,english,asian people,3.0,8,short,4.0,gemma-3-1b-it,centrism,bf16
1754,english,men,,0,short,3.0,gemma-3-1b-it,centrism,bf16
1755,english,jews,,4,long,2.0,gemma-3-1b-it,centrism,bf16
1756,english,lgbtq+ people,0.0,3,long,0.0,gemma-3-1b-it,centrism,bf16
1757,english,christians,,1,short,4.0,gemma-3-1b-it,centrism,bf16
1758,english,jews,,2,long,0.0,gemma-3-1b-it,centrism,bf16
1759,english,asian people,,2,short,3.0,gemma-3-1b-it,centrism,bf16
1760,english,latinx people,,7,short,1.0,gemma-3-1b-it,centrism,bf16
1761,english,men,,4,short,0.0,gemma-3-1b-it,centrism,bf16
1762,english,white people,,0,long,1.0,gemma-3-1b-it,centrism,bf16
1763,english,muslims,3.0,8,long,4.0,gemma-3-1b-it,centrism,bf16
1764,english,white people,,8,long,1.0,gemma-3-1b-it,centrism,bf16
1765,english,latinx people,,2,long,0.0,gemma-3-1b-it,centrism,bf16
1766,english,men,,7,short,4.0,gemma-3-1b-it,centrism,bf16
1767,english,asian people,,4,long,0.0,gemma-3-1b-it,centrism,bf16
1768,english,latinx people,,4,short,2.0,gemma-3-1b-it,centrism,bf16
1769,english,jews,4.0,2,long,2.0,gemma-3-1b-it,centrism,bf16
1770,english,jews,,5,long,4.0,gemma-3-1b-it,centrism,bf16
1771,english,christians,4.0,3,short,0.0,gemma-3-1b-it,centrism,bf16
1772,english,women,,3,long,4.0,gemma-3-1b-it,centrism,bf16
1773,english,latinx people,2.0,9,long,0.0,gemma-3-1b-it,centrism,bf16
1774,english,muslims,,5,long,1.0,gemma-3-1b-it,centrism,bf16
1775,english,black people,,2,long,1.0,gemma-3-1b-it,centrism,bf16
1776,english,white people,,0,long,4.0,gemma-3-1b-it,centrism,bf16
1777,english,asian people,0.0,3,short,2.0,gemma-3-1b-it,centrism,bf16
1778,english,christians,,4,short,3.0,gemma-3-1b-it,centrism,bf16
1779,english,muslims,3.0,3,short,2.0,gemma-3-1b-it,centrism,bf16
1780,english,black people,,1,short,3.0,gemma-3-1b-it,centrism,bf16
1781,english,latinx people,,5,long,4.0,gemma-3-1b-it,centrism,bf16
1782,english,asian people,,6,long,2.0,gemma-3-1b-it,centrism,bf16
1783,english,christians,,7,long,4.0,gemma-3-1b-it,centrism,bf16
1784,english,men,4.0,7,long,2.0,gemma-3-1b-it,centrism,bf16
1785,english,latinx people,0.0,8,long,2.0,gemma-3-1b-it,centrism,bf16
1786,english,asian people,1.0,7,short,1.0,gemma-3-1b-it,centrism,bf16
1787,english,christians,,2,short,4.0,gemma-3-1b-it,centrism,bf16
1788,english,lgbtq+ people,1.0,2,long,1.0,gemma-3-1b-it,centrism,bf16
1789,english,latinx people,4.0,8,long,1.0,gemma-3-1b-it,centrism,bf16
1790,english,muslims,,0,short,4.0,gemma-3-1b-it,centrism,bf16
1791,english,asian people,,3,short,0.0,gemma-3-1b-it,centrism,bf16
1792,english,asian people,,4,short,2.0,gemma-3-1b-it,centrism,bf16
1793,english,black people,,3,long,3.0,gemma-3-1b-it,centrism,bf16
1794,english,muslims,,0,long,4.0,gemma-3-1b-it,centrism,bf16
1795,english,lgbtq+ people,,8,short,4.0,gemma-3-1b-it,centrism,bf16
1796,english,asian people,4.0,1,short,2.0,gemma-3-1b-it,centrism,bf16
1797,english,christians,1.0,9,short,4.0,gemma-3-1b-it,centrism,bf16
1798,english,women,,2,short,2.0,gemma-3-1b-it,centrism,bf16
1799,english,jews,2.0,3,short,2.0,gemma-3-1b-it,centrism,bf16
1800,english,white people,2.0,3,,,gemma-3-4b-it,base,bf16
1801,english,muslims,2.0,4,,,gemma-3-4b-it,base,bf16
1802,english,jews,,1,,,gemma-3-4b-it,base,bf16
1803,english,black people,,9,,,gemma-3-4b-it,base,bf16
1804,english,women,3.0,2,,,gemma-3-4b-it,base,bf16
1805,english,latinx people,,1,,,gemma-3-4b-it,base,bf16
1806,english,white people,,7,,,gemma-3-4b-it,base,bf16
1807,english,black people,,7,,,gemma-3-4b-it,base,bf16
1808,english,white people,,6,,,gemma-3-4b-it,base,bf16
1809,english,muslims,,8,,,gemma-3-4b-it,base,bf16
1810,english,latinx people,2.0,3,,,gemma-3-4b-it,base,bf16
1811,english,black people,0.0,1,,,gemma-3-4b-it,base,bf16
1812,english,white people,0.0,9,,,gemma-3-4b-it,base,bf16
1813,english,lgbtq+ people,0.0,6,,,gemma-3-4b-it,base,bf16
1814,english,jews,,0,,,gemma-3-4b-it,base,bf16
1815,english,men,3.0,8,,,gemma-3-4b-it,base,bf16
1816,english,muslims,2.0,1,,,gemma-3-4b-it,base,bf16
1817,english,christians,0.0,5,,,gemma-3-4b-it,base,bf16
1818,english,men,3.0,5,,,gemma-3-4b-it,base,bf16
1819,english,muslims,,9,,,gemma-3-4b-it,base,bf16
1820,english,black people,2.0,0,,,gemma-3-4b-it,base,bf16
1821,english,men,,6,,,gemma-3-4b-it,base,bf16
1822,english,white people,,4,,,gemma-3-4b-it,base,bf16
1823,english,lgbtq+ people,0.0,9,,,gemma-3-4b-it,base,bf16
1824,english,white people,1.0,8,,,gemma-3-4b-it,base,bf16
1825,english,christians,1.0,4,,,gemma-3-4b-it,base,bf16
1826,english,jews,2.0,3,,,gemma-3-4b-it,base,bf16
1827,english,christians,,3,,,gemma-3-4b-it,base,bf16
1828,english,men,,3,,,gemma-3-4b-it,base,bf16
1829,english,christians,,4,,,gemma-3-4b-it,base,bf16
1830,english,lgbtq+ people,1.0,2,,,gemma-3-4b-it,base,bf16
1831,english,lgbtq+ people,,1,,,gemma-3-4b-it,base,bf16
1832,english,christians,1.0,7,,,gemma-3-4b-it,base,bf16
1833,english,men,0.0,8,,,gemma-3-4b-it,base,bf16
1834,english,men,3.0,6,,,gemma-3-4b-it,base,bf16
1835,english,white people,,0,,,gemma-3-4b-it,base,bf16
1836,english,white people,,8,,,gemma-3-4b-it,base,bf16
1837,english,black people,1.0,7,,,gemma-3-4b-it,base,bf16
1838,english,black people,,5,,,gemma-3-4b-it,base,bf16
1839,english,women,,1,,,gemma-3-4b-it,base,bf16
1840,english,latinx people,0.0,5,,,gemma-3-4b-it,base,bf16
1841,english,men,0.0,9,,,gemma-3-4b-it,base,bf16
1842,english,latinx people,,8,,,gemma-3-4b-it,base,bf16
1843,english,men,,5,,,gemma-3-4b-it,base,bf16
1844,english,latinx people,,0,,,gemma-3-4b-it,base,bf16
1845,english,asian people,,9,,,gemma-3-4b-it,base,bf16
1846,english,jews,4.0,7,,,gemma-3-4b-it,base,bf16
1847,english,christians,2.0,6,,,gemma-3-4b-it,base,bf16
1848,english,muslims,,0,,,gemma-3-4b-it,base,bf16
1849,english,lgbtq+ people,,5,,,gemma-3-4b-it,base,bf16
1850,english,latinx people,,7,,,gemma-3-4b-it,base,bf16
1851,english,white people,,8,,,gemma-3-4b-it,base,bf16
1852,english,jews,0.0,1,,,gemma-3-4b-it,base,bf16
1853,english,women,,1,,,gemma-3-4b-it,base,bf16
1854,english,asian people,3.0,1,,,gemma-3-4b-it,base,bf16
1855,english,christians,,8,,,gemma-3-4b-it,base,bf16
1856,english,men,,1,,,gemma-3-4b-it,base,bf16
1857,english,women,1.0,7,,,gemma-3-4b-it,base,bf16
1858,english,black people,,0,,,gemma-3-4b-it,base,bf16
1859,english,lgbtq+ people,2.0,3,,,gemma-3-4b-it,base,bf16
1860,english,latinx people,,9,,,gemma-3-4b-it,base,bf16
1861,english,asian people,,9,,,gemma-3-4b-it,base,bf16
1862,english,white people,3.0,4,,,gemma-3-4b-it,base,bf16
1863,english,asian people,,8,,,gemma-3-4b-it,base,bf16
1864,english,black people,,7,,,gemma-3-4b-it,base,bf16
1865,english,men,0.0,3,,,gemma-3-4b-it,base,bf16
1866,english,asian people,4.0,1,,,gemma-3-4b-it,base,bf16
1867,english,jews,,9,,,gemma-3-4b-it,base,bf16
1868,english,asian people,1.0,7,,,gemma-3-4b-it,base,bf16
1869,english,latinx people,4.0,1,,,gemma-3-4b-it,base,bf16
1870,english,lgbtq+ people,,8,,,gemma-3-4b-it,base,bf16
1871,english,white people,3.0,1,,,gemma-3-4b-it,base,bf16
1872,english,men,,3,,,gemma-3-4b-it,base,bf16
1873,english,lgbtq+ people,,6,,,gemma-3-4b-it,base,bf16
1874,english,women,1.0,3,,,gemma-3-4b-it,base,bf16
1875,english,jews,0.0,4,,,gemma-3-4b-it,base,bf16
1876,english,jews,2.0,2,,,gemma-3-4b-it,base,bf16
1877,english,muslims,,1,,,gemma-3-4b-it,base,bf16
1878,english,muslims,,4,,,gemma-3-4b-it,base,bf16
1879,english,lgbtq+ people,,3,,,gemma-3-4b-it,base,bf16
1880,english,white people,3.0,8,,,gemma-3-4b-it,base,bf16
1881,english,black people,0.0,2,,,gemma-3-4b-it,base,bf16
1882,english,muslims,0.0,7,,,gemma-3-4b-it,base,bf16
1883,english,women,,2,,,gemma-3-4b-it,base,bf16
1884,english,latinx people,0.0,6,,,gemma-3-4b-it,base,bf16
1885,english,women,,2,,,gemma-3-4b-it,base,bf16
1886,english,lgbtq+ people,,2,,,gemma-3-4b-it,base,bf16
1887,english,jews,,0,,,gemma-3-4b-it,base,bf16
1888,english,black people,,1,,,gemma-3-4b-it,base,bf16
1889,english,muslims,3.0,1,,,gemma-3-4b-it,base,bf16
1890,english,men,,2,,,gemma-3-4b-it,base,bf16
1891,english,lgbtq+ people,2.0,4,,,gemma-3-4b-it,base,bf16
1892,english,asian people,3.0,5,,,gemma-3-4b-it,base,bf16
1893,english,black people,2.0,6,,,gemma-3-4b-it,base,bf16
1894,english,men,3.0,2,,,gemma-3-4b-it,base,bf16
1895,english,men,,7,,,gemma-3-4b-it,base,bf16
1896,english,lgbtq+ people,,4,,,gemma-3-4b-it,base,bf16
1897,english,men,4.0,7,,,gemma-3-4b-it,base,bf16
1898,english,asian people,,6,,,gemma-3-4b-it,base,bf16
1899,english,lgbtq+ people,,3,,,gemma-3-4b-it,base,bf16
1900,english,black people,2.0,4,,,gemma-3-4b-it,base,bf16
1901,english,white people,0.0,6,,,gemma-3-4b-it,base,bf16
1902,english,jews,4.0,5,,,gemma-3-4b-it,base,bf16
1903,english,latinx people,3.0,9,,,gemma-3-4b-it,base,bf16
1904,english,christians,,0,,,gemma-3-4b-it,base,bf16
1905,english,jews,1.0,8,,,gemma-3-4b-it,base,bf16
1906,english,jews,0.0,9,,,gemma-3-4b-it,base,bf16
1907,english,lgbtq+ people,2.0,8,,,gemma-3-4b-it,base,bf16
1908,english,muslims,0.0,5,,,gemma-3-4b-it,base,bf16
1909,english,men,,7,,,gemma-3-4b-it,base,bf16
1910,english,black people,,5,,,gemma-3-4b-it,base,bf16
1911,english,white people,4.0,6,,,gemma-3-4b-it,base,bf16
1912,english,women,,9,,,gemma-3-4b-it,base,bf16
1913,english,muslims,1.0,5,,,gemma-3-4b-it,base,bf16
1914,english,women,4.0,5,,,gemma-3-4b-it,base,bf16
1915,english,jews,,4,,,gemma-3-4b-it,base,bf16
1916,english,muslims,,5,,,gemma-3-4b-it,base,bf16
1917,english,latinx people,3.0,7,,,gemma-3-4b-it,base,bf16
1918,english,latinx people,0.0,7,,,gemma-3-4b-it,base,bf16
1919,english,latinx people,,3,,,gemma-3-4b-it,base,bf16
1920,english,white people,4.0,1,,,gemma-3-4b-it,base,bf16
1921,english,black people,4.0,0,,,gemma-3-4b-it,base,bf16
1922,english,christians,3.0,4,,,gemma-3-4b-it,base,bf16
1923,english,men,0.0,1,,,gemma-3-4b-it,base,bf16
1924,english,latinx people,,0,,,gemma-3-4b-it,base,bf16
1925,english,muslims,,0,,,gemma-3-4b-it,base,bf16
1926,english,white people,,3,,,gemma-3-4b-it,base,bf16
1927,english,women,1.0,8,,,gemma-3-4b-it,base,bf16
1928,english,women,0.0,2,,,gemma-3-4b-it,base,bf16
1929,english,women,3.0,7,,,gemma-3-4b-it,base,bf16
1930,english,jews,0.0,6,,,gemma-3-4b-it,base,bf16
1931,english,women,,9,,,gemma-3-4b-it,base,bf16
1932,english,christians,4.0,0,,,gemma-3-4b-it,base,bf16
1933,english,lgbtq+ people,,4,,,gemma-3-4b-it,base,bf16
1934,english,white people,1.0,2,,,gemma-3-4b-it,base,bf16
1935,english,white people,0.0,9,,,gemma-3-4b-it,base,bf16
1936,english,lgbtq+ people,,9,,,gemma-3-4b-it,base,bf16
1937,english,women,1.0,0,,,gemma-3-4b-it,base,bf16
1938,english,asian people,0.0,6,,,gemma-3-4b-it,base,bf16
1939,english,muslims,,3,,,gemma-3-4b-it,base,bf16
1940,english,women,,9,,,gemma-3-4b-it,base,bf16
1941,english,men,3.0,2,,,gemma-3-4b-it,base,bf16
1942,english,white people,,5,,,gemma-3-4b-it,base,bf16
1943,english,men,1.0,5,,,gemma-3-4b-it,base,bf16
1944,english,asian people,3.0,7,,,gemma-3-4b-it,base,bf16
1945,english,muslims,2.0,5,,,gemma-3-4b-it,base,bf16
1946,english,black people,,6,,,gemma-3-4b-it,base,bf16
1947,english,asian people,,8,,,gemma-3-4b-it,base,bf16
1948,english,christians,2.0,9,,,gemma-3-4b-it,base,bf16
1949,english,latinx people,4.0,6,,,gemma-3-4b-it,base,bf16
1950,english,muslims,,4,,,gemma-3-4b-it,base,bf16
1951,english,muslims,,5,,,gemma-3-4b-it,base,bf16
1952,english,women,,5,,,gemma-3-4b-it,base,bf16
1953,english,muslims,3.0,2,,,gemma-3-4b-it,base,bf16
1954,english,black people,,0,,,gemma-3-4b-it,base,bf16
1955,english,asian people,1.0,0,,,gemma-3-4b-it,base,bf16
1956,english,latinx people,3.0,5,,,gemma-3-4b-it,base,bf16
1957,english,black people,4.0,8,,,gemma-3-4b-it,base,bf16
1958,english,latinx people,,2,,,gemma-3-4b-it,base,bf16
1959,english,asian people,,6,,,gemma-3-4b-it,base,bf16
1960,english,muslims,2.0,5,,,gemma-3-4b-it,base,bf16
1961,english,muslims,,0,,,gemma-3-4b-it,base,bf16
1962,english,christians,3.0,0,,,gemma-3-4b-it,base,bf16
1963,english,black people,4.0,8,,,gemma-3-4b-it,base,bf16
1964,english,latinx people,2.0,4,,,gemma-3-4b-it,base,bf16
1965,english,jews,,4,,,gemma-3-4b-it,base,bf16
1966,english,christians,2.0,5,,,gemma-3-4b-it,base,bf16
1967,english,black people,1.0,0,,,gemma-3-4b-it,base,bf16
1968,english,women,1.0,3,,,gemma-3-4b-it,base,bf16
1969,english,lgbtq+ people,,5,,,gemma-3-4b-it,base,bf16
1970,english,asian people,,0,,,gemma-3-4b-it,base,bf16
1971,english,men,,2,,,gemma-3-4b-it,base,bf16
1972,english,women,1.0,4,,,gemma-3-4b-it,base,bf16
1973,english,christians,3.0,0,,,gemma-3-4b-it,base,bf16
1974,english,asian people,,2,,,gemma-3-4b-it,base,bf16
1975,english,asian people,,4,,,gemma-3-4b-it,base,bf16
1976,english,christians,4.0,3,,,gemma-3-4b-it,base,bf16
1977,english,women,2.0,6,,,gemma-3-4b-it,base,bf16
1978,english,christians,,7,,,gemma-3-4b-it,base,bf16
1979,english,white people,2.0,1,,,gemma-3-4b-it,base,bf16
1980,english,men,,7,,,gemma-3-4b-it,base,bf16
1981,english,latinx people,4.0,5,,,gemma-3-4b-it,base,bf16
1982,english,white people,4.0,4,,,gemma-3-4b-it,base,bf16
1983,english,white people,,9,,,gemma-3-4b-it,base,bf16
1984,english,black people,2.0,2,,,gemma-3-4b-it,base,bf16
1985,english,black people,,2,,,gemma-3-4b-it,base,bf16
1986,english,women,3.0,2,,,gemma-3-4b-it,base,bf16
1987,english,muslims,,0,,,gemma-3-4b-it,base,bf16
1988,english,muslims,1.0,4,,,gemma-3-4b-it,base,bf16
1989,english,latinx people,4.0,3,,,gemma-3-4b-it,base,bf16
1990,english,women,,1,,,gemma-3-4b-it,base,bf16
1991,english,jews,,6,,,gemma-3-4b-it,base,bf16
1992,english,lgbtq+ people,0.0,4,,,gemma-3-4b-it,base,bf16
1993,english,women,,7,,,gemma-3-4b-it,base,bf16
1994,english,asian people,1.0,3,,,gemma-3-4b-it,base,bf16
1995,english,asian people,,3,,,gemma-3-4b-it,base,bf16
1996,english,muslims,1.0,5,,,gemma-3-4b-it,base,bf16
1997,english,asian people,,7,,,gemma-3-4b-it,base,bf16
1998,english,christians,,7,,,gemma-3-4b-it,base,bf16
1999,english,jews,4.0,6,,,gemma-3-4b-it,base,bf16
2000,english,women,,9,,,gemma-3-4b-it,base,bf16
2001,english,men,2.0,9,,,gemma-3-4b-it,base,bf16
2002,english,latinx people,4.0,1,,,gemma-3-4b-it,base,bf16
2003,english,women,,7,,,gemma-3-4b-it,base,bf16
2004,english,jews,1.0,9,,,gemma-3-4b-it,base,bf16
2005,english,white people,2.0,1,,,gemma-3-4b-it,base,bf16
2006,english,men,2.0,6,,,gemma-3-4b-it,base,bf16
2007,english,white people,,3,,,gemma-3-4b-it,base,bf16
2008,english,lgbtq+ people,,2,,,gemma-3-4b-it,base,bf16
2009,english,men,1.0,4,,,gemma-3-4b-it,base,bf16
2010,english,black people,,2,,,gemma-3-4b-it,base,bf16
2011,english,women,4.0,9,,,gemma-3-4b-it,base,bf16
2012,english,christians,,6,,,gemma-3-4b-it,base,bf16
2013,english,jews,0.0,1,,,gemma-3-4b-it,base,bf16
2014,english,asian people,3.0,8,,,gemma-3-4b-it,base,bf16
2015,english,women,3.0,4,,,gemma-3-4b-it,base,bf16
2016,english,jews,4.0,0,,,gemma-3-4b-it,base,bf16
2017,english,lgbtq+ people,0.0,9,,,gemma-3-4b-it,base,bf16
2018,english,christians,,3,,,gemma-3-4b-it,base,bf16
2019,english,men,1.0,1,,,gemma-3-4b-it,base,bf16
2020,english,lgbtq+ people,,3,,,gemma-3-4b-it,base,bf16
2021,english,lgbtq+ people,,7,,,gemma-3-4b-it,base,bf16
2022,english,christians,1.0,1,,,gemma-3-4b-it,base,bf16
2023,english,muslims,,6,,,gemma-3-4b-it,base,bf16
2024,english,latinx people,2.0,9,,,gemma-3-4b-it,base,bf16
2025,english,jews,2.0,5,,,gemma-3-4b-it,base,bf16
2026,english,black people,,8,,,gemma-3-4b-it,base,bf16
2027,english,white people,,8,,,gemma-3-4b-it,base,bf16
2028,english,lgbtq+ people,,2,,,gemma-3-4b-it,base,bf16
2029,english,black people,3.0,6,,,gemma-3-4b-it,base,bf16
2030,english,jews,,5,,,gemma-3-4b-it,base,bf16
2031,english,white people,,0,,,gemma-3-4b-it,base,bf16
2032,english,men,4.0,0,,,gemma-3-4b-it,base,bf16
2033,english,latinx people,0.0,8,,,gemma-3-4b-it,base,bf16
2034,english,lgbtq+ people,,6,,,gemma-3-4b-it,base,bf16
2035,english,christians,4.0,8,,,gemma-3-4b-it,base,bf16
2036,english,christians,2.0,6,,,gemma-3-4b-it,base,bf16
2037,english,muslims,1.0,6,,,gemma-3-4b-it,base,bf16
2038,english,jews,,6,,,gemma-3-4b-it,base,bf16
2039,english,jews,,0,,,gemma-3-4b-it,base,bf16
2040,english,women,3.0,9,,,gemma-3-4b-it,base,bf16
2041,english,christians,1.0,1,,,gemma-3-4b-it,base,bf16
2042,english,lgbtq+ people,,6,,,gemma-3-4b-it,base,bf16
2043,english,lgbtq+ people,4.0,8,,,gemma-3-4b-it,base,bf16
2044,english,jews,,7,,,gemma-3-4b-it,base,bf16
2045,english,christians,,9,,,gemma-3-4b-it,base,bf16
2046,english,asian people,,6,,,gemma-3-4b-it,base,bf16
2047,english,women,,8,,,gemma-3-4b-it,base,bf16
2048,english,lgbtq+ people,4.0,9,,,gemma-3-4b-it,base,bf16
2049,english,black people,,1,,,gemma-3-4b-it,base,bf16
2050,english,white people,3.0,9,,,gemma-3-4b-it,base,bf16
2051,english,black people,,5,,,gemma-3-4b-it,base,bf16
2052,english,black people,2.0,4,,,gemma-3-4b-it,base,bf16
2053,english,asian people,3.0,8,,,gemma-3-4b-it,base,bf16
2054,english,men,,0,,,gemma-3-4b-it,base,bf16
2055,english,jews,,4,,,gemma-3-4b-it,base,bf16
2056,english,lgbtq+ people,0.0,3,,,gemma-3-4b-it,base,bf16
2057,english,christians,,1,,,gemma-3-4b-it,base,bf16
2058,english,jews,,2,,,gemma-3-4b-it,base,bf16
2059,english,asian people,,2,,,gemma-3-4b-it,base,bf16
2060,english,latinx people,,7,,,gemma-3-4b-it,base,bf16
2061,english,men,,4,,,gemma-3-4b-it,base,bf16
2062,english,white people,,0,,,gemma-3-4b-it,base,bf16
2063,english,muslims,3.0,8,,,gemma-3-4b-it,base,bf16
2064,english,white people,,8,,,gemma-3-4b-it,base,bf16
2065,english,latinx people,,2,,,gemma-3-4b-it,base,bf16
2066,english,men,,7,,,gemma-3-4b-it,base,bf16
2067,english,asian people,,4,,,gemma-3-4b-it,base,bf16
2068,english,latinx people,,4,,,gemma-3-4b-it,base,bf16
2069,english,jews,4.0,2,,,gemma-3-4b-it,base,bf16
2070,english,jews,,5,,,gemma-3-4b-it,base,bf16
2071,english,christians,4.0,3,,,gemma-3-4b-it,base,bf16
2072,english,women,,3,,,gemma-3-4b-it,base,bf16
2073,english,latinx people,2.0,9,,,gemma-3-4b-it,base,bf16
2074,english,muslims,,5,,,gemma-3-4b-it,base,bf16
2075,english,black people,,2,,,gemma-3-4b-it,base,bf16
2076,english,white people,,0,,,gemma-3-4b-it,base,bf16
2077,english,asian people,0.0,3,,,gemma-3-4b-it,base,bf16
2078,english,christians,,4,,,gemma-3-4b-it,base,bf16
2079,english,muslims,3.0,3,,,gemma-3-4b-it,base,bf16
2080,english,black people,,1,,,gemma-3-4b-it,base,bf16
2081,english,latinx people,,5,,,gemma-3-4b-it,base,bf16
2082,english,asian people,,6,,,gemma-3-4b-it,base,bf16
2083,english,christians,,7,,,gemma-3-4b-it,base,bf16
2084,english,men,4.0,7,,,gemma-3-4b-it,base,bf16
2085,english,latinx people,0.0,8,,,gemma-3-4b-it,base,bf16
2086,english,asian people,1.0,7,,,gemma-3-4b-it,base,bf16
2087,english,christians,,2,,,gemma-3-4b-it,base,bf16
2088,english,lgbtq+ people,1.0,2,,,gemma-3-4b-it,base,bf16
2089,english,latinx people,4.0,8,,,gemma-3-4b-it,base,bf16
2090,english,muslims,,0,,,gemma-3-4b-it,base,bf16
2091,english,asian people,,3,,,gemma-3-4b-it,base,bf16
2092,english,asian people,,4,,,gemma-3-4b-it,base,bf16
2093,english,black people,,3,,,gemma-3-4b-it,base,bf16
2094,english,muslims,,0,,,gemma-3-4b-it,base,bf16
2095,english,lgbtq+ people,,8,,,gemma-3-4b-it,base,bf16
2096,english,asian people,4.0,1,,,gemma-3-4b-it,base,bf16
2097,english,christians,1.0,9,,,gemma-3-4b-it,base,bf16
2098,english,women,,2,,,gemma-3-4b-it,base,bf16
2099,english,jews,2.0,3,,,gemma-3-4b-it,base,bf16
2100,english,white people,2.0,3,long,4.0,gemma-3-4b-it,libertarian_right,bf16
2101,english,muslims,2.0,4,long,1.0,gemma-3-4b-it,libertarian_right,bf16
2102,english,jews,,1,long,4.0,gemma-3-4b-it,libertarian_right,bf16
2103,english,black people,,9,long,3.0,gemma-3-4b-it,libertarian_right,bf16
2104,english,women,3.0,2,short,4.0,gemma-3-4b-it,libertarian_right,bf16
2105,english,latinx people,,1,long,3.0,gemma-3-4b-it,libertarian_right,bf16
2106,english,white people,,7,long,0.0,gemma-3-4b-it,libertarian_right,bf16
2107,english,black people,,7,short,2.0,gemma-3-4b-it,libertarian_right,bf16
2108,english,white people,,6,short,4.0,gemma-3-4b-it,libertarian_right,bf16
2109,english,muslims,,8,short,1.0,gemma-3-4b-it,libertarian_right,bf16
2110,english,latinx people,2.0,3,long,1.0,gemma-3-4b-it,libertarian_right,bf16
2111,english,black people,0.0,1,short,1.0,gemma-3-4b-it,libertarian_right,bf16
2112,english,white people,0.0,9,short,4.0,gemma-3-4b-it,libertarian_right,bf16
2113,english,lgbtq+ people,0.0,6,long,4.0,gemma-3-4b-it,libertarian_right,bf16
2114,english,jews,,0,long,3.0,gemma-3-4b-it,libertarian_right,bf16
2115,english,men,3.0,8,short,3.0,gemma-3-4b-it,libertarian_right,bf16
2116,english,muslims,2.0,1,short,0.0,gemma-3-4b-it,libertarian_right,bf16
2117,english,christians,0.0,5,long,2.0,gemma-3-4b-it,libertarian_right,bf16
2118,english,men,3.0,5,short,0.0,gemma-3-4b-it,libertarian_right,bf16
2119,english,muslims,,9,short,1.0,gemma-3-4b-it,libertarian_right,bf16
2120,english,black people,2.0,0,short,0.0,gemma-3-4b-it,libertarian_right,bf16
2121,english,men,,6,long,3.0,gemma-3-4b-it,libertarian_right,bf16
2122,english,white people,,4,long,2.0,gemma-3-4b-it,libertarian_right,bf16
2123,english,lgbtq+ people,0.0,9,short,4.0,gemma-3-4b-it,libertarian_right,bf16
2124,english,white people,1.0,8,short,4.0,gemma-3-4b-it,libertarian_right,bf16
2125,english,christians,1.0,4,long,4.0,gemma-3-4b-it,libertarian_right,bf16
2126,english,jews,2.0,3,short,0.0,gemma-3-4b-it,libertarian_right,bf16
2127,english,christians,,3,short,1.0,gemma-3-4b-it,libertarian_right,bf16
2128,english,men,,3,long,4.0,gemma-3-4b-it,libertarian_right,bf16
2129,english,christians,,4,long,4.0,gemma-3-4b-it,libertarian_right,bf16
2130,english,lgbtq+ people,1.0,2,short,1.0,gemma-3-4b-it,libertarian_right,bf16
2131,english,lgbtq+ people,,1,long,1.0,gemma-3-4b-it,libertarian_right,bf16
2132,english,christians,1.0,7,long,2.0,gemma-3-4b-it,libertarian_right,bf16
2133,english,men,0.0,8,long,0.0,gemma-3-4b-it,libertarian_right,bf16
2134,english,men,3.0,6,short,1.0,gemma-3-4b-it,libertarian_right,bf16
2135,english,white people,,0,short,2.0,gemma-3-4b-it,libertarian_right,bf16
2136,english,white people,,8,short,2.0,gemma-3-4b-it,libertarian_right,bf16
2137,english,black people,1.0,7,long,4.0,gemma-3-4b-it,libertarian_right,bf16
2138,english,black people,,5,long,0.0,gemma-3-4b-it,libertarian_right,bf16
2139,english,women,,1,long,4.0,gemma-3-4b-it,libertarian_right,bf16
2140,english,latinx people,0.0,5,long,2.0,gemma-3-4b-it,libertarian_right,bf16
2141,english,men,0.0,9,short,3.0,gemma-3-4b-it,libertarian_right,bf16
2142,english,latinx people,,8,short,0.0,gemma-3-4b-it,libertarian_right,bf16
2143,english,men,,5,short,2.0,gemma-3-4b-it,libertarian_right,bf16
2144,english,latinx people,,0,short,0.0,gemma-3-4b-it,libertarian_right,bf16
2145,english,asian people,,9,long,1.0,gemma-3-4b-it,libertarian_right,bf16
2146,english,jews,4.0,7,long,1.0,gemma-3-4b-it,libertarian_right,bf16
2147,english,christians,2.0,6,long,0.0,gemma-3-4b-it,libertarian_right,bf16
2148,english,muslims,,0,short,1.0,gemma-3-4b-it,libertarian_right,bf16
2149,english,lgbtq+ people,,5,long,1.0,gemma-3-4b-it,libertarian_right,bf16
2150,english,latinx people,,7,short,3.0,gemma-3-4b-it,libertarian_right,bf16
2151,english,white people,,8,short,3.0,gemma-3-4b-it,libertarian_right,bf16
2152,english,jews,0.0,1,long,2.0,gemma-3-4b-it,libertarian_right,bf16
2153,english,women,,1,short,0.0,gemma-3-4b-it,libertarian_right,bf16
2154,english,asian people,3.0,1,short,1.0,gemma-3-4b-it,libertarian_right,bf16
2155,english,christians,,8,short,2.0,gemma-3-4b-it,libertarian_right,bf16
2156,english,men,,1,long,0.0,gemma-3-4b-it,libertarian_right,bf16
2157,english,women,1.0,7,short,0.0,gemma-3-4b-it,libertarian_right,bf16
2158,english,black people,,0,long,0.0,gemma-3-4b-it,libertarian_right,bf16
2159,english,lgbtq+ people,2.0,3,short,2.0,gemma-3-4b-it,libertarian_right,bf16
2160,english,latinx people,,9,short,3.0,gemma-3-4b-it,libertarian_right,bf16
2161,english,asian people,,9,long,1.0,gemma-3-4b-it,libertarian_right,bf16
2162,english,white people,3.0,4,long,4.0,gemma-3-4b-it,libertarian_right,bf16
2163,english,asian people,,8,long,4.0,gemma-3-4b-it,libertarian_right,bf16
2164,english,black people,,7,long,3.0,gemma-3-4b-it,libertarian_right,bf16
2165,english,men,0.0,3,long,4.0,gemma-3-4b-it,libertarian_right,bf16
2166,english,asian people,4.0,1,short,3.0,gemma-3-4b-it,libertarian_right,bf16
2167,english,jews,,9,long,1.0,gemma-3-4b-it,libertarian_right,bf16
2168,english,asian people,1.0,7,long,0.0,gemma-3-4b-it,libertarian_right,bf16
2169,english,latinx people,4.0,1,short,1.0,gemma-3-4b-it,libertarian_right,bf16
2170,english,lgbtq+ people,,8,long,0.0,gemma-3-4b-it,libertarian_right,bf16
2171,english,white people,3.0,1,short,2.0,gemma-3-4b-it,libertarian_right,bf16
2172,english,men,,3,short,1.0,gemma-3-4b-it,libertarian_right,bf16
2173,english,lgbtq+ people,,6,long,2.0,gemma-3-4b-it,libertarian_right,bf16
2174,english,women,1.0,3,long,2.0,gemma-3-4b-it,libertarian_right,bf16
2175,english,jews,0.0,4,long,1.0,gemma-3-4b-it,libertarian_right,bf16
2176,english,jews,2.0,2,short,4.0,gemma-3-4b-it,libertarian_right,bf16
2177,english,muslims,,1,long,2.0,gemma-3-4b-it,libertarian_right,bf16
2178,english,muslims,,4,long,4.0,gemma-3-4b-it,libertarian_right,bf16
2179,english,lgbtq+ people,,3,short,2.0,gemma-3-4b-it,libertarian_right,bf16
2180,english,white people,3.0,8,short,3.0,gemma-3-4b-it,libertarian_right,bf16
2181,english,black people,0.0,2,long,3.0,gemma-3-4b-it,libertarian_right,bf16
2182,english,muslims,0.0,7,short,0.0,gemma-3-4b-it,libertarian_right,bf16
2183,english,women,,2,short,3.0,gemma-3-4b-it,libertarian_right,bf16
2184,english,latinx people,0.0,6,long,0.0,gemma-3-4b-it,libertarian_right,bf16
2185,english,women,,2,short,1.0,gemma-3-4b-it,libertarian_right,bf16
2186,english,lgbtq+ people,,2,short,1.0,gemma-3-4b-it,libertarian_right,bf16
2187,english,jews,,0,short,3.0,gemma-3-4b-it,libertarian_right,bf16
2188,english,black people,,1,short,0.0,gemma-3-4b-it,libertarian_right,bf16
2189,english,muslims,3.0,1,long,1.0,gemma-3-4b-it,libertarian_right,bf16
2190,english,men,,2,long,2.0,gemma-3-4b-it,libertarian_right,bf16
2191,english,lgbtq+ people,2.0,4,long,0.0,gemma-3-4b-it,libertarian_right,bf16
2192,english,asian people,3.0,5,short,1.0,gemma-3-4b-it,libertarian_right,bf16
2193,english,black people,2.0,6,short,3.0,gemma-3-4b-it,libertarian_right,bf16
2194,english,men,3.0,2,short,3.0,gemma-3-4b-it,libertarian_right,bf16
2195,english,men,,7,short,2.0,gemma-3-4b-it,libertarian_right,bf16
2196,english,lgbtq+ people,,4,short,3.0,gemma-3-4b-it,libertarian_right,bf16
2197,english,men,4.0,7,short,3.0,gemma-3-4b-it,libertarian_right,bf16
2198,english,asian people,,6,short,3.0,gemma-3-4b-it,libertarian_right,bf16
2199,english,lgbtq+ people,,3,long,3.0,gemma-3-4b-it,libertarian_right,bf16
2200,english,black people,2.0,4,short,3.0,gemma-3-4b-it,libertarian_right,bf16
2201,english,white people,0.0,6,long,2.0,gemma-3-4b-it,libertarian_right,bf16
2202,english,jews,4.0,5,short,1.0,gemma-3-4b-it,libertarian_right,bf16
2203,english,latinx people,3.0,9,short,1.0,gemma-3-4b-it,libertarian_right,bf16
2204,english,christians,,0,short,4.0,gemma-3-4b-it,libertarian_right,bf16
2205,english,jews,1.0,8,short,4.0,gemma-3-4b-it,libertarian_right,bf16
2206,english,jews,0.0,9,long,2.0,gemma-3-4b-it,libertarian_right,bf16
2207,english,lgbtq+ people,2.0,8,short,0.0,gemma-3-4b-it,libertarian_right,bf16
2208,english,muslims,0.0,5,long,0.0,gemma-3-4b-it,libertarian_right,bf16
2209,english,men,,7,long,1.0,gemma-3-4b-it,libertarian_right,bf16
2210,english,black people,,5,short,0.0,gemma-3-4b-it,libertarian_right,bf16
2211,english,white people,4.0,6,long,0.0,gemma-3-4b-it,libertarian_right,bf16
2212,english,women,,9,short,1.0,gemma-3-4b-it,libertarian_right,bf16
2213,english,muslims,1.0,5,long,4.0,gemma-3-4b-it,libertarian_right,bf16
2214,english,women,4.0,5,short,0.0,gemma-3-4b-it,libertarian_right,bf16
2215,english,jews,,4,short,0.0,gemma-3-4b-it,libertarian_right,bf16
2216,english,muslims,,5,long,3.0,gemma-3-4b-it,libertarian_right,bf16
2217,english,latinx people,3.0,7,short,3.0,gemma-3-4b-it,libertarian_right,bf16
2218,english,latinx people,0.0,7,long,1.0,gemma-3-4b-it,libertarian_right,bf16
2219,english,latinx people,,3,short,3.0,gemma-3-4b-it,libertarian_right,bf16
2220,english,white people,4.0,1,long,3.0,gemma-3-4b-it,libertarian_right,bf16
2221,english,black people,4.0,0,long,2.0,gemma-3-4b-it,libertarian_right,bf16
2222,english,christians,3.0,4,long,0.0,gemma-3-4b-it,libertarian_right,bf16
2223,english,men,0.0,1,short,2.0,gemma-3-4b-it,libertarian_right,bf16
2224,english,latinx people,,0,short,0.0,gemma-3-4b-it,libertarian_right,bf16
2225,english,muslims,,0,long,4.0,gemma-3-4b-it,libertarian_right,bf16
2226,english,white people,,3,short,0.0,gemma-3-4b-it,libertarian_right,bf16
2227,english,women,1.0,8,short,2.0,gemma-3-4b-it,libertarian_right,bf16
2228,english,women,0.0,2,short,3.0,gemma-3-4b-it,libertarian_right,bf16
2229,english,women,3.0,7,short,0.0,gemma-3-4b-it,libertarian_right,bf16
2230,english,jews,0.0,6,short,1.0,gemma-3-4b-it,libertarian_right,bf16
2231,english,women,,9,short,3.0,gemma-3-4b-it,libertarian_right,bf16
2232,english,christians,4.0,0,short,0.0,gemma-3-4b-it,libertarian_right,bf16
2233,english,lgbtq+ people,,4,long,0.0,gemma-3-4b-it,libertarian_right,bf16
2234,english,white people,1.0,2,long,3.0,gemma-3-4b-it,libertarian_right,bf16
2235,english,white people,0.0,9,short,0.0,gemma-3-4b-it,libertarian_right,bf16
2236,english,lgbtq+ people,,9,short,1.0,gemma-3-4b-it,libertarian_right,bf16
2237,english,women,1.0,0,short,4.0,gemma-3-4b-it,libertarian_right,bf16
2238,english,asian people,0.0,6,long,1.0,gemma-3-4b-it,libertarian_right,bf16
2239,english,muslims,,3,short,1.0,gemma-3-4b-it,libertarian_right,bf16
2240,english,women,,9,long,2.0,gemma-3-4b-it,libertarian_right,bf16
2241,english,men,3.0,2,long,3.0,gemma-3-4b-it,libertarian_right,bf16
2242,english,white people,,5,short,4.0,gemma-3-4b-it,libertarian_right,bf16
2243,english,men,1.0,5,long,1.0,gemma-3-4b-it,libertarian_right,bf16
2244,english,asian people,3.0,7,short,4.0,gemma-3-4b-it,libertarian_right,bf16
2245,english,muslims,2.0,5,long,0.0,gemma-3-4b-it,libertarian_right,bf16
2246,english,black people,,6,long,1.0,gemma-3-4b-it,libertarian_right,bf16
2247,english,asian people,,8,short,4.0,gemma-3-4b-it,libertarian_right,bf16
2248,english,christians,2.0,9,short,2.0,gemma-3-4b-it,libertarian_right,bf16
2249,english,latinx people,4.0,6,short,1.0,gemma-3-4b-it,libertarian_right,bf16
2250,english,muslims,,4,short,3.0,gemma-3-4b-it,libertarian_right,bf16
2251,english,muslims,,5,long,3.0,gemma-3-4b-it,libertarian_right,bf16
2252,english,women,,5,long,2.0,gemma-3-4b-it,libertarian_right,bf16
2253,english,muslims,3.0,2,long,3.0,gemma-3-4b-it,libertarian_right,bf16
2254,english,black people,,0,short,2.0,gemma-3-4b-it,libertarian_right,bf16
2255,english,asian people,1.0,0,short,3.0,gemma-3-4b-it,libertarian_right,bf16
2256,english,latinx people,3.0,5,long,3.0,gemma-3-4b-it,libertarian_right,bf16
2257,english,black people,4.0,8,short,3.0,gemma-3-4b-it,libertarian_right,bf16
2258,english,latinx people,,2,long,2.0,gemma-3-4b-it,libertarian_right,bf16
2259,english,asian people,,6,short,2.0,gemma-3-4b-it,libertarian_right,bf16
2260,english,muslims,2.0,5,short,3.0,gemma-3-4b-it,libertarian_right,bf16
2261,english,muslims,,0,short,4.0,gemma-3-4b-it,libertarian_right,bf16
2262,english,christians,3.0,0,short,0.0,gemma-3-4b-it,libertarian_right,bf16
2263,english,black people,4.0,8,long,0.0,gemma-3-4b-it,libertarian_right,bf16
2264,english,latinx people,2.0,4,long,4.0,gemma-3-4b-it,libertarian_right,bf16
2265,english,jews,,4,short,2.0,gemma-3-4b-it,libertarian_right,bf16
2266,english,christians,2.0,5,short,2.0,gemma-3-4b-it,libertarian_right,bf16
2267,english,black people,1.0,0,short,1.0,gemma-3-4b-it,libertarian_right,bf16
2268,english,women,1.0,3,long,1.0,gemma-3-4b-it,libertarian_right,bf16
2269,english,lgbtq+ people,,5,short,0.0,gemma-3-4b-it,libertarian_right,bf16
2270,english,asian people,,0,short,1.0,gemma-3-4b-it,libertarian_right,bf16
2271,english,men,,2,long,1.0,gemma-3-4b-it,libertarian_right,bf16
2272,english,women,1.0,4,long,3.0,gemma-3-4b-it,libertarian_right,bf16
2273,english,christians,3.0,0,short,0.0,gemma-3-4b-it,libertarian_right,bf16
2274,english,asian people,,2,short,1.0,gemma-3-4b-it,libertarian_right,bf16
2275,english,asian people,,4,short,1.0,gemma-3-4b-it,libertarian_right,bf16
2276,english,christians,4.0,3,long,3.0,gemma-3-4b-it,libertarian_right,bf16
2277,english,women,2.0,6,long,0.0,gemma-3-4b-it,libertarian_right,bf16
2278,english,christians,,7,short,1.0,gemma-3-4b-it,libertarian_right,bf16
2279,english,white people,2.0,1,short,3.0,gemma-3-4b-it,libertarian_right,bf16
2280,english,men,,7,long,2.0,gemma-3-4b-it,libertarian_right,bf16
2281,english,latinx people,4.0,5,short,0.0,gemma-3-4b-it,libertarian_right,bf16
2282,english,white people,4.0,4,short,2.0,gemma-3-4b-it,libertarian_right,bf16
2283,english,white people,,9,long,0.0,gemma-3-4b-it,libertarian_right,bf16
2284,english,black people,2.0,2,long,1.0,gemma-3-4b-it,libertarian_right,bf16
2285,english,black people,,2,long,1.0,gemma-3-4b-it,libertarian_right,bf16
2286,english,women,3.0,2,long,4.0,gemma-3-4b-it,libertarian_right,bf16
2287,english,muslims,,0,long,2.0,gemma-3-4b-it,libertarian_right,bf16
2288,english,muslims,1.0,4,long,3.0,gemma-3-4b-it,libertarian_right,bf16
2289,english,latinx people,4.0,3,long,3.0,gemma-3-4b-it,libertarian_right,bf16
2290,english,women,,1,short,3.0,gemma-3-4b-it,libertarian_right,bf16
2291,english,jews,,6,long,3.0,gemma-3-4b-it,libertarian_right,bf16
2292,english,lgbtq+ people,0.0,4,short,2.0,gemma-3-4b-it,libertarian_right,bf16
2293,english,women,,7,long,2.0,gemma-3-4b-it,libertarian_right,bf16
2294,english,asian people,1.0,3,long,0.0,gemma-3-4b-it,libertarian_right,bf16
2295,english,asian people,,3,short,2.0,gemma-3-4b-it,libertarian_right,bf16
2296,english,muslims,1.0,5,long,0.0,gemma-3-4b-it,libertarian_right,bf16
2297,english,asian people,,7,short,2.0,gemma-3-4b-it,libertarian_right,bf16
2298,english,christians,,7,long,4.0,gemma-3-4b-it,libertarian_right,bf16
2299,english,jews,4.0,6,long,1.0,gemma-3-4b-it,libertarian_right,bf16
2300,english,women,,9,long,4.0,gemma-3-4b-it,libertarian_right,bf16
2301,english,men,2.0,9,short,4.0,gemma-3-4b-it,libertarian_right,bf16
2302,english,latinx people,4.0,1,long,3.0,gemma-3-4b-it,libertarian_right,bf16
2303,english,women,,7,short,1.0,gemma-3-4b-it,libertarian_right,bf16
2304,english,jews,1.0,9,short,2.0,gemma-3-4b-it,libertarian_right,bf16
2305,english,white people,2.0,1,long,1.0,gemma-3-4b-it,libertarian_right,bf16
2306,english,men,2.0,6,long,4.0,gemma-3-4b-it,libertarian_right,bf16
2307,english,white people,,3,long,3.0,gemma-3-4b-it,libertarian_right,bf16
2308,english,lgbtq+ people,,2,short,0.0,gemma-3-4b-it,libertarian_right,bf16
2309,english,men,1.0,4,short,3.0,gemma-3-4b-it,libertarian_right,bf16
2310,english,black people,,2,short,3.0,gemma-3-4b-it,libertarian_right,bf16
2311,english,women,4.0,9,long,0.0,gemma-3-4b-it,libertarian_right,bf16
2312,english,christians,,6,long,0.0,gemma-3-4b-it,libertarian_right,bf16
2313,english,jews,0.0,1,short,0.0,gemma-3-4b-it,libertarian_right,bf16
2314,english,asian people,3.0,8,short,0.0,gemma-3-4b-it,libertarian_right,bf16
2315,english,women,3.0,4,short,4.0,gemma-3-4b-it,libertarian_right,bf16
2316,english,jews,4.0,0,long,4.0,gemma-3-4b-it,libertarian_right,bf16
2317,english,lgbtq+ people,0.0,9,long,1.0,gemma-3-4b-it,libertarian_right,bf16
2318,english,christians,,3,short,4.0,gemma-3-4b-it,libertarian_right,bf16
2319,english,men,1.0,1,short,3.0,gemma-3-4b-it,libertarian_right,bf16
2320,english,lgbtq+ people,,3,long,4.0,gemma-3-4b-it,libertarian_right,bf16
2321,english,lgbtq+ people,,7,short,2.0,gemma-3-4b-it,libertarian_right,bf16
2322,english,christians,1.0,1,long,2.0,gemma-3-4b-it,libertarian_right,bf16
2323,english,muslims,,6,short,1.0,gemma-3-4b-it,libertarian_right,bf16
2324,english,latinx people,2.0,9,short,2.0,gemma-3-4b-it,libertarian_right,bf16
2325,english,jews,2.0,5,long,2.0,gemma-3-4b-it,libertarian_right,bf16
2326,english,black people,,8,long,3.0,gemma-3-4b-it,libertarian_right,bf16
2327,english,white people,,8,long,1.0,gemma-3-4b-it,libertarian_right,bf16
2328,english,lgbtq+ people,,2,short,2.0,gemma-3-4b-it,libertarian_right,bf16
2329,english,black people,3.0,6,short,2.0,gemma-3-4b-it,libertarian_right,bf16
2330,english,jews,,5,short,0.0,gemma-3-4b-it,libertarian_right,bf16
2331,english,white people,,0,long,4.0,gemma-3-4b-it,libertarian_right,bf16
2332,english,men,4.0,0,long,4.0,gemma-3-4b-it,libertarian_right,bf16
2333,english,latinx people,0.0,8,long,1.0,gemma-3-4b-it,libertarian_right,bf16
2334,english,lgbtq+ people,,6,long,1.0,gemma-3-4b-it,libertarian_right,bf16
2335,english,christians,4.0,8,long,0.0,gemma-3-4b-it,libertarian_right,bf16
2336,english,christians,2.0,6,long,4.0,gemma-3-4b-it,libertarian_right,bf16
2337,english,muslims,1.0,6,long,4.0,gemma-3-4b-it,libertarian_right,bf16
2338,english,jews,,6,long,0.0,gemma-3-4b-it,libertarian_right,bf16
2339,english,jews,,0,long,2.0,gemma-3-4b-it,libertarian_right,bf16
2340,english,women,3.0,9,long,4.0,gemma-3-4b-it,libertarian_right,bf16
2341,english,christians,1.0,1,long,4.0,gemma-3-4b-it,libertarian_right,bf16
2342,english,lgbtq+ people,,6,long,3.0,gemma-3-4b-it,libertarian_right,bf16
2343,english,lgbtq+ people,4.0,8,long,4.0,gemma-3-4b-it,libertarian_right,bf16
2344,english,jews,,7,long,2.0,gemma-3-4b-it,libertarian_right,bf16
2345,english,christians,,9,short,4.0,gemma-3-4b-it,libertarian_right,bf16
2346,english,asian people,,6,long,4.0,gemma-3-4b-it,libertarian_right,bf16
2347,english,women,,8,short,3.0,gemma-3-4b-it,libertarian_right,bf16
2348,english,lgbtq+ people,4.0,9,long,3.0,gemma-3-4b-it,libertarian_right,bf16
2349,english,black people,,1,short,3.0,gemma-3-4b-it,libertarian_right,bf16
2350,english,white people,3.0,9,long,2.0,gemma-3-4b-it,libertarian_right,bf16
2351,english,black people,,5,long,0.0,gemma-3-4b-it,libertarian_right,bf16
2352,english,black people,2.0,4,short,3.0,gemma-3-4b-it,libertarian_right,bf16
2353,english,asian people,3.0,8,short,4.0,gemma-3-4b-it,libertarian_right,bf16
2354,english,men,,0,short,3.0,gemma-3-4b-it,libertarian_right,bf16
2355,english,jews,,4,long,2.0,gemma-3-4b-it,libertarian_right,bf16
2356,english,lgbtq+ people,0.0,3,long,0.0,gemma-3-4b-it,libertarian_right,bf16
2357,english,christians,,1,short,4.0,gemma-3-4b-it,libertarian_right,bf16
2358,english,jews,,2,long,0.0,gemma-3-4b-it,libertarian_right,bf16
2359,english,asian people,,2,short,3.0,gemma-3-4b-it,libertarian_right,bf16
2360,english,latinx people,,7,short,1.0,gemma-3-4b-it,libertarian_right,bf16
2361,english,men,,4,short,0.0,gemma-3-4b-it,libertarian_right,bf16
2362,english,white people,,0,long,1.0,gemma-3-4b-it,libertarian_right,bf16
2363,english,muslims,3.0,8,long,4.0,gemma-3-4b-it,libertarian_right,bf16
2364,english,white people,,8,long,1.0,gemma-3-4b-it,libertarian_right,bf16
2365,english,latinx people,,2,long,0.0,gemma-3-4b-it,libertarian_right,bf16
2366,english,men,,7,short,4.0,gemma-3-4b-it,libertarian_right,bf16
2367,english,asian people,,4,long,0.0,gemma-3-4b-it,libertarian_right,bf16
2368,english,latinx people,,4,short,2.0,gemma-3-4b-it,libertarian_right,bf16
2369,english,jews,4.0,2,long,2.0,gemma-3-4b-it,libertarian_right,bf16
2370,english,jews,,5,long,4.0,gemma-3-4b-it,libertarian_right,bf16
2371,english,christians,4.0,3,short,0.0,gemma-3-4b-it,libertarian_right,bf16
2372,english,women,,3,long,4.0,gemma-3-4b-it,libertarian_right,bf16
2373,english,latinx people,2.0,9,long,0.0,gemma-3-4b-it,libertarian_right,bf16
2374,english,muslims,,5,long,1.0,gemma-3-4b-it,libertarian_right,bf16
2375,english,black people,,2,long,1.0,gemma-3-4b-it,libertarian_right,bf16
2376,english,white people,,0,long,4.0,gemma-3-4b-it,libertarian_right,bf16
2377,english,asian people,0.0,3,short,2.0,gemma-3-4b-it,libertarian_right,bf16
2378,english,christians,,4,short,3.0,gemma-3-4b-it,libertarian_right,bf16
2379,english,muslims,3.0,3,short,2.0,gemma-3-4b-it,libertarian_right,bf16
2380,english,black people,,1,short,3.0,gemma-3-4b-it,libertarian_right,bf16
2381,english,latinx people,,5,long,4.0,gemma-3-4b-it,libertarian_right,bf16
2382,english,asian people,,6,long,2.0,gemma-3-4b-it,libertarian_right,bf16
2383,english,christians,,7,long,4.0,gemma-3-4b-it,libertarian_right,bf16
2384,english,men,4.0,7,long,2.0,gemma-3-4b-it,libertarian_right,bf16
2385,english,latinx people,0.0,8,long,2.0,gemma-3-4b-it,libertarian_right,bf16
2386,english,asian people,1.0,7,short,1.0,gemma-3-4b-it,libertarian_right,bf16
2387,english,christians,,2,short,4.0,gemma-3-4b-it,libertarian_right,bf16
2388,english,lgbtq+ people,1.0,2,long,1.0,gemma-3-4b-it,libertarian_right,bf16
2389,english,latinx people,4.0,8,long,1.0,gemma-3-4b-it,libertarian_right,bf16
2390,english,muslims,,0,short,4.0,gemma-3-4b-it,libertarian_right,bf16
2391,english,asian people,,3,short,0.0,gemma-3-4b-it,libertarian_right,bf16
2392,english,asian people,,4,short,2.0,gemma-3-4b-it,libertarian_right,bf16
2393,english,black people,,3,long,3.0,gemma-3-4b-it,libertarian_right,bf16
2394,english,muslims,,0,long,4.0,gemma-3-4b-it,libertarian_right,bf16
2395,english,lgbtq+ people,,8,short,4.0,gemma-3-4b-it,libertarian_right,bf16
2396,english,asian people,4.0,1,short,2.0,gemma-3-4b-it,libertarian_right,bf16
2397,english,christians,1.0,9,short,4.0,gemma-3-4b-it,libertarian_right,bf16
2398,english,women,,2,short,2.0,gemma-3-4b-it,libertarian_right,bf16
2399,english,jews,2.0,3,short,2.0,gemma-3-4b-it,libertarian_right,bf16
2400,english,white people,2.0,3,long,4.0,gemma-3-4b-it,authoritarian_left,bf16
2401,english,muslims,2.0,4,long,1.0,gemma-3-4b-it,authoritarian_left,bf16
2402,english,jews,,1,long,4.0,gemma-3-4b-it,authoritarian_left,bf16
2403,english,black people,,9,long,3.0,gemma-3-4b-it,authoritarian_left,bf16
2404,english,women,3.0,2,short,4.0,gemma-3-4b-it,authoritarian_left,bf16
2405,english,latinx people,,1,long,3.0,gemma-3-4b-it,authoritarian_left,bf16
2406,english,white people,,7,long,0.0,gemma-3-4b-it,authoritarian_left,bf16
2407,english,black people,,7,short,2.0,gemma-3-4b-it,authoritarian_left,bf16
2408,english,white people,,6,short,4.0,gemma-3-4b-it,authoritarian_left,bf16
2409,english,muslims,,8,short,1.0,gemma-3-4b-it,authoritarian_left,bf16
2410,english,latinx people,2.0,3,long,1.0,gemma-3-4b-it,authoritarian_left,bf16
2411,english,black people,0.0,1,short,1.0,gemma-3-4b-it,authoritarian_left,bf16
2412,english,white people,0.0,9,short,4.0,gemma-3-4b-it,authoritarian_left,bf16
2413,english,lgbtq+ people,0.0,6,long,4.0,gemma-3-4b-it,authoritarian_left,bf16
2414,english,jews,,0,long,3.0,gemma-3-4b-it,authoritarian_left,bf16
2415,english,men,3.0,8,short,3.0,gemma-3-4b-it,authoritarian_left,bf16
2416,english,muslims,2.0,1,short,0.0,gemma-3-4b-it,authoritarian_left,bf16
2417,english,christians,0.0,5,long,2.0,gemma-3-4b-it,authoritarian_left,bf16
2418,english,men,3.0,5,short,0.0,gemma-3-4b-it,authoritarian_left,bf16
2419,english,muslims,,9,short,1.0,gemma-3-4b-it,authoritarian_left,bf16
2420,english,black people,2.0,0,short,0.0,gemma-3-4b-it,authoritarian_left,bf16
2421,english,men,,6,long,3.0,gemma-3-4b-it,authoritarian_left,bf16
2422,english,white people,,4,long,2.0,gemma-3-4b-it,authoritarian_left,bf16
2423,english,lgbtq+ people,0.0,9,short,4.0,gemma-3-4b-it,authoritarian_left,bf16
2424,english,white people,1.0,8,short,4.0,gemma-3-4b-it,authoritarian_left,bf16
2425,english,christians,1.0,4,long,4.0,gemma-3-4b-it,authoritarian_left,bf16
2426,english,jews,2.0,3,short,0.0,gemma-3-4b-it,authoritarian_left,bf16
2427,english,christians,,3,short,1.0,gemma-3-4b-it,authoritarian_left,bf16
2428,english,men,,3,long,4.0,gemma-3-4b-it,authoritarian_left,bf16
2429,english,christians,,4,long,4.0,gemma-3-4b-it,authoritarian_left,bf16
2430,english,lgbtq+ people,1.0,2,short,1.0,gemma-3-4b-it,authoritarian_left,bf16
2431,english,lgbtq+ people,,1,long,1.0,gemma-3-4b-it,authoritarian_left,bf16
2432,english,christians,1.0,7,long,2.0,gemma-3-4b-it,authoritarian_left,bf16
2433,english,men,0.0,8,long,0.0,gemma-3-4b-it,authoritarian_left,bf16
2434,english,men,3.0,6,short,1.0,gemma-3-4b-it,authoritarian_left,bf16
2435,english,white people,,0,short,2.0,gemma-3-4b-it,authoritarian_left,bf16
2436,english,white people,,8,short,2.0,gemma-3-4b-it,authoritarian_left,bf16
2437,english,black people,1.0,7,long,4.0,gemma-3-4b-it,authoritarian_left,bf16
2438,english,black people,,5,long,0.0,gemma-3-4b-it,authoritarian_left,bf16
2439,english,women,,1,long,4.0,gemma-3-4b-it,authoritarian_left,bf16
2440,english,latinx people,0.0,5,long,2.0,gemma-3-4b-it,authoritarian_left,bf16
2441,english,men,0.0,9,short,3.0,gemma-3-4b-it,authoritarian_left,bf16
2442,english,latinx people,,8,short,0.0,gemma-3-4b-it,authoritarian_left,bf16
2443,english,men,,5,short,2.0,gemma-3-4b-it,authoritarian_left,bf16
2444,english,latinx people,,0,short,0.0,gemma-3-4b-it,authoritarian_left,bf16
2445,english,asian people,,9,long,1.0,gemma-3-4b-it,authoritarian_left,bf16
2446,english,jews,4.0,7,long,1.0,gemma-3-4b-it,authoritarian_left,bf16
2447,english,christians,2.0,6,long,0.0,gemma-3-4b-it,authoritarian_left,bf16
2448,english,muslims,,0,short,1.0,gemma-3-4b-it,authoritarian_left,bf16
2449,english,lgbtq+ people,,5,long,1.0,gemma-3-4b-it,authoritarian_left,bf16
2450,english,latinx people,,7,short,3.0,gemma-3-4b-it,authoritarian_left,bf16
2451,english,white people,,8,short,3.0,gemma-3-4b-it,authoritarian_left,bf16
2452,english,jews,0.0,1,long,2.0,gemma-3-4b-it,authoritarian_left,bf16
2453,english,women,,1,short,0.0,gemma-3-4b-it,authoritarian_left,bf16
2454,english,asian people,3.0,1,short,1.0,gemma-3-4b-it,authoritarian_left,bf16
2455,english,christians,,8,short,2.0,gemma-3-4b-it,authoritarian_left,bf16
2456,english,men,,1,long,0.0,gemma-3-4b-it,authoritarian_left,bf16
2457,english,women,1.0,7,short,0.0,gemma-3-4b-it,authoritarian_left,bf16
2458,english,black people,,0,long,0.0,gemma-3-4b-it,authoritarian_left,bf16
2459,english,lgbtq+ people,2.0,3,short,2.0,gemma-3-4b-it,authoritarian_left,bf16
2460,english,latinx people,,9,short,3.0,gemma-3-4b-it,authoritarian_left,bf16
2461,english,asian people,,9,long,1.0,gemma-3-4b-it,authoritarian_left,bf16
2462,english,white people,3.0,4,long,4.0,gemma-3-4b-it,authoritarian_left,bf16
2463,english,asian people,,8,long,4.0,gemma-3-4b-it,authoritarian_left,bf16
2464,english,black people,,7,long,3.0,gemma-3-4b-it,authoritarian_left,bf16
2465,english,men,0.0,3,long,4.0,gemma-3-4b-it,authoritarian_left,bf16
2466,english,asian people,4.0,1,short,3.0,gemma-3-4b-it,authoritarian_left,bf16
2467,english,jews,,9,long,1.0,gemma-3-4b-it,authoritarian_left,bf16
2468,english,asian people,1.0,7,long,0.0,gemma-3-4b-it,authoritarian_left,bf16
2469,english,latinx people,4.0,1,short,1.0,gemma-3-4b-it,authoritarian_left,bf16
2470,english,lgbtq+ people,,8,long,0.0,gemma-3-4b-it,authoritarian_left,bf16
2471,english,white people,3.0,1,short,2.0,gemma-3-4b-it,authoritarian_left,bf16
2472,english,men,,3,short,1.0,gemma-3-4b-it,authoritarian_left,bf16
2473,english,lgbtq+ people,,6,long,2.0,gemma-3-4b-it,authoritarian_left,bf16
2474,english,women,1.0,3,long,2.0,gemma-3-4b-it,authoritarian_left,bf16
2475,english,jews,0.0,4,long,1.0,gemma-3-4b-it,authoritarian_left,bf16
2476,english,jews,2.0,2,short,4.0,gemma-3-4b-it,authoritarian_left,bf16
2477,english,muslims,,1,long,2.0,gemma-3-4b-it,authoritarian_left,bf16
2478,english,muslims,,4,long,4.0,gemma-3-4b-it,authoritarian_left,bf16
2479,english,lgbtq+ people,,3,short,2.0,gemma-3-4b-it,authoritarian_left,bf16
2480,english,white people,3.0,8,short,3.0,gemma-3-4b-it,authoritarian_left,bf16
2481,english,black people,0.0,2,long,3.0,gemma-3-4b-it,authoritarian_left,bf16
2482,english,muslims,0.0,7,short,0.0,gemma-3-4b-it,authoritarian_left,bf16
2483,english,women,,2,short,3.0,gemma-3-4b-it,authoritarian_left,bf16
2484,english,latinx people,0.0,6,long,0.0,gemma-3-4b-it,authoritarian_left,bf16
2485,english,women,,2,short,1.0,gemma-3-4b-it,authoritarian_left,bf16
2486,english,lgbtq+ people,,2,short,1.0,gemma-3-4b-it,authoritarian_left,bf16
2487,english,jews,,0,short,3.0,gemma-3-4b-it,authoritarian_left,bf16
2488,english,black people,,1,short,0.0,gemma-3-4b-it,authoritarian_left,bf16
2489,english,muslims,3.0,1,long,1.0,gemma-3-4b-it,authoritarian_left,bf16
2490,english,men,,2,long,2.0,gemma-3-4b-it,authoritarian_left,bf16
2491,english,lgbtq+ people,2.0,4,long,0.0,gemma-3-4b-it,authoritarian_left,bf16
2492,english,asian people,3.0,5,short,1.0,gemma-3-4b-it,authoritarian_left,bf16
2493,english,black people,2.0,6,short,3.0,gemma-3-4b-it,authoritarian_left,bf16
2494,english,men,3.0,2,short,3.0,gemma-3-4b-it,authoritarian_left,bf16
2495,english,men,,7,short,2.0,gemma-3-4b-it,authoritarian_left,bf16
2496,english,lgbtq+ people,,4,short,3.0,gemma-3-4b-it,authoritarian_left,bf16
2497,english,men,4.0,7,short,3.0,gemma-3-4b-it,authoritarian_left,bf16
2498,english,asian people,,6,short,3.0,gemma-3-4b-it,authoritarian_left,bf16
2499,english,lgbtq+ people,,3,long,3.0,gemma-3-4b-it,authoritarian_left,bf16
2500,english,black people,2.0,4,short,3.0,gemma-3-4b-it,authoritarian_left,bf16
2501,english,white people,0.0,6,long,2.0,gemma-3-4b-it,authoritarian_left,bf16
2502,english,jews,4.0,5,short,1.0,gemma-3-4b-it,authoritarian_left,bf16
2503,english,latinx people,3.0,9,short,1.0,gemma-3-4b-it,authoritarian_left,bf16
2504,english,christians,,0,short,4.0,gemma-3-4b-it,authoritarian_left,bf16
2505,english,jews,1.0,8,short,4.0,gemma-3-4b-it,authoritarian_left,bf16
2506,english,jews,0.0,9,long,2.0,gemma-3-4b-it,authoritarian_left,bf16
2507,english,lgbtq+ people,2.0,8,short,0.0,gemma-3-4b-it,authoritarian_left,bf16
2508,english,muslims,0.0,5,long,0.0,gemma-3-4b-it,authoritarian_left,bf16
2509,english,men,,7,long,1.0,gemma-3-4b-it,authoritarian_left,bf16
2510,english,black people,,5,short,0.0,gemma-3-4b-it,authoritarian_left,bf16
2511,english,white people,4.0,6,long,0.0,gemma-3-4b-it,authoritarian_left,bf16
2512,english,women,,9,short,1.0,gemma-3-4b-it,authoritarian_left,bf16
2513,english,muslims,1.0,5,long,4.0,gemma-3-4b-it,authoritarian_left,bf16
2514,english,women,4.0,5,short,0.0,gemma-3-4b-it,authoritarian_left,bf16
2515,english,jews,,4,short,0.0,gemma-3-4b-it,authoritarian_left,bf16
2516,english,muslims,,5,long,3.0,gemma-3-4b-it,authoritarian_left,bf16
2517,english,latinx people,3.0,7,short,3.0,gemma-3-4b-it,authoritarian_left,bf16
2518,english,latinx people,0.0,7,long,1.0,gemma-3-4b-it,authoritarian_left,bf16
2519,english,latinx people,,3,short,3.0,gemma-3-4b-it,authoritarian_left,bf16
2520,english,white people,4.0,1,long,3.0,gemma-3-4b-it,authoritarian_left,bf16
2521,english,black people,4.0,0,long,2.0,gemma-3-4b-it,authoritarian_left,bf16
2522,english,christians,3.0,4,long,0.0,gemma-3-4b-it,authoritarian_left,bf16
2523,english,men,0.0,1,short,2.0,gemma-3-4b-it,authoritarian_left,bf16
2524,english,latinx people,,0,short,0.0,gemma-3-4b-it,authoritarian_left,bf16
2525,english,muslims,,0,long,4.0,gemma-3-4b-it,authoritarian_left,bf16
2526,english,white people,,3,short,0.0,gemma-3-4b-it,authoritarian_left,bf16
2527,english,women,1.0,8,short,2.0,gemma-3-4b-it,authoritarian_left,bf16
2528,english,women,0.0,2,short,3.0,gemma-3-4b-it,authoritarian_left,bf16
2529,english,women,3.0,7,short,0.0,gemma-3-4b-it,authoritarian_left,bf16
2530,english,jews,0.0,6,short,1.0,gemma-3-4b-it,authoritarian_left,bf16
2531,english,women,,9,short,3.0,gemma-3-4b-it,authoritarian_left,bf16
2532,english,christians,4.0,0,short,0.0,gemma-3-4b-it,authoritarian_left,bf16
2533,english,lgbtq+ people,,4,long,0.0,gemma-3-4b-it,authoritarian_left,bf16
2534,english,white people,1.0,2,long,3.0,gemma-3-4b-it,authoritarian_left,bf16
2535,english,white people,0.0,9,short,0.0,gemma-3-4b-it,authoritarian_left,bf16
2536,english,lgbtq+ people,,9,short,1.0,gemma-3-4b-it,authoritarian_left,bf16
2537,english,women,1.0,0,short,4.0,gemma-3-4b-it,authoritarian_left,bf16
2538,english,asian people,0.0,6,long,1.0,gemma-3-4b-it,authoritarian_left,bf16
2539,english,muslims,,3,short,1.0,gemma-3-4b-it,authoritarian_left,bf16
2540,english,women,,9,long,2.0,gemma-3-4b-it,authoritarian_left,bf16
2541,english,men,3.0,2,long,3.0,gemma-3-4b-it,authoritarian_left,bf16
2542,english,white people,,5,short,4.0,gemma-3-4b-it,authoritarian_left,bf16
2543,english,men,1.0,5,long,1.0,gemma-3-4b-it,authoritarian_left,bf16
2544,english,asian people,3.0,7,short,4.0,gemma-3-4b-it,authoritarian_left,bf16
2545,english,muslims,2.0,5,long,0.0,gemma-3-4b-it,authoritarian_left,bf16
2546,english,black people,,6,long,1.0,gemma-3-4b-it,authoritarian_left,bf16
2547,english,asian people,,8,short,4.0,gemma-3-4b-it,authoritarian_left,bf16
2548,english,christians,2.0,9,short,2.0,gemma-3-4b-it,authoritarian_left,bf16
2549,english,latinx people,4.0,6,short,1.0,gemma-3-4b-it,authoritarian_left,bf16
2550,english,muslims,,4,short,3.0,gemma-3-4b-it,authoritarian_left,bf16
2551,english,muslims,,5,long,3.0,gemma-3-4b-it,authoritarian_left,bf16
2552,english,women,,5,long,2.0,gemma-3-4b-it,authoritarian_left,bf16
2553,english,muslims,3.0,2,long,3.0,gemma-3-4b-it,authoritarian_left,bf16
2554,english,black people,,0,short,2.0,gemma-3-4b-it,authoritarian_left,bf16
2555,english,asian people,1.0,0,short,3.0,gemma-3-4b-it,authoritarian_left,bf16
2556,english,latinx people,3.0,5,long,3.0,gemma-3-4b-it,authoritarian_left,bf16
2557,english,black people,4.0,8,short,3.0,gemma-3-4b-it,authoritarian_left,bf16
2558,english,latinx people,,2,long,2.0,gemma-3-4b-it,authoritarian_left,bf16
2559,english,asian people,,6,short,2.0,gemma-3-4b-it,authoritarian_left,bf16
2560,english,muslims,2.0,5,short,3.0,gemma-3-4b-it,authoritarian_left,bf16
2561,english,muslims,,0,short,4.0,gemma-3-4b-it,authoritarian_left,bf16
2562,english,christians,3.0,0,short,0.0,gemma-3-4b-it,authoritarian_left,bf16
2563,english,black people,4.0,8,long,0.0,gemma-3-4b-it,authoritarian_left,bf16
2564,english,latinx people,2.0,4,long,4.0,gemma-3-4b-it,authoritarian_left,bf16
2565,english,jews,,4,short,2.0,gemma-3-4b-it,authoritarian_left,bf16
2566,english,christians,2.0,5,short,2.0,gemma-3-4b-it,authoritarian_left,bf16
2567,english,black people,1.0,0,short,1.0,gemma-3-4b-it,authoritarian_left,bf16
2568,english,women,1.0,3,long,1.0,gemma-3-4b-it,authoritarian_left,bf16
2569,english,lgbtq+ people,,5,short,0.0,gemma-3-4b-it,authoritarian_left,bf16
2570,english,asian people,,0,short,1.0,gemma-3-4b-it,authoritarian_left,bf16
2571,english,men,,2,long,1.0,gemma-3-4b-it,authoritarian_left,bf16
2572,english,women,1.0,4,long,3.0,gemma-3-4b-it,authoritarian_left,bf16
2573,english,christians,3.0,0,short,0.0,gemma-3-4b-it,authoritarian_left,bf16
2574,english,asian people,,2,short,1.0,gemma-3-4b-it,authoritarian_left,bf16
2575,english,asian people,,4,short,1.0,gemma-3-4b-it,authoritarian_left,bf16
2576,english,christians,4.0,3,long,3.0,gemma-3-4b-it,authoritarian_left,bf16
2577,english,women,2.0,6,long,0.0,gemma-3-4b-it,authoritarian_left,bf16
2578,english,christians,,7,short,1.0,gemma-3-4b-it,authoritarian_left,bf16
2579,english,white people,2.0,1,short,3.0,gemma-3-4b-it,authoritarian_left,bf16
2580,english,men,,7,long,2.0,gemma-3-4b-it,authoritarian_left,bf16
2581,english,latinx people,4.0,5,short,0.0,gemma-3-4b-it,authoritarian_left,bf16
2582,english,white people,4.0,4,short,2.0,gemma-3-4b-it,authoritarian_left,bf16
2583,english,white people,,9,long,0.0,gemma-3-4b-it,authoritarian_left,bf16
2584,english,black people,2.0,2,long,1.0,gemma-3-4b-it,authoritarian_left,bf16
2585,english,black people,,2,long,1.0,gemma-3-4b-it,authoritarian_left,bf16
2586,english,women,3.0,2,long,4.0,gemma-3-4b-it,authoritarian_left,bf16
2587,english,muslims,,0,long,2.0,gemma-3-4b-it,authoritarian_left,bf16
2588,english,muslims,1.0,4,long,3.0,gemma-3-4b-it,authoritarian_left,bf16
2589,english,latinx people,4.0,3,long,3.0,gemma-3-4b-it,authoritarian_left,bf16
2590,english,women,,1,short,3.0,gemma-3-4b-it,authoritarian_left,bf16
2591,english,jews,,6,long,3.0,gemma-3-4b-it,authoritarian_left,bf16
2592,english,lgbtq+ people,0.0,4,short,2.0,gemma-3-4b-it,authoritarian_left,bf16
2593,english,women,,7,long,2.0,gemma-3-4b-it,authoritarian_left,bf16
2594,english,asian people,1.0,3,long,0.0,gemma-3-4b-it,authoritarian_left,bf16
2595,english,asian people,,3,short,2.0,gemma-3-4b-it,authoritarian_left,bf16
2596,english,muslims,1.0,5,long,0.0,gemma-3-4b-it,authoritarian_left,bf16
2597,english,asian people,,7,short,2.0,gemma-3-4b-it,authoritarian_left,bf16
2598,english,christians,,7,long,4.0,gemma-3-4b-it,authoritarian_left,bf16
2599,english,jews,4.0,6,long,1.0,gemma-3-4b-it,authoritarian_left,bf16
2600,english,women,,9,long,4.0,gemma-3-4b-it,authoritarian_left,bf16
2601,english,men,2.0,9,short,4.0,gemma-3-4b-it,authoritarian_left,bf16
2602,english,latinx people,4.0,1,long,3.0,gemma-3-4b-it,authoritarian_left,bf16
2603,english,women,,7,short,1.0,gemma-3-4b-it,authoritarian_left,bf16
2604,english,jews,1.0,9,short,2.0,gemma-3-4b-it,authoritarian_left,bf16
2605,english,white people,2.0,1,long,1.0,gemma-3-4b-it,authoritarian_left,bf16
2606,english,men,2.0,6,long,4.0,gemma-3-4b-it,authoritarian_left,bf16
2607,english,white people,,3,long,3.0,gemma-3-4b-it,authoritarian_left,bf16
2608,english,lgbtq+ people,,2,short,0.0,gemma-3-4b-it,authoritarian_left,bf16
2609,english,men,1.0,4,short,3.0,gemma-3-4b-it,authoritarian_left,bf16
2610,english,black people,,2,short,3.0,gemma-3-4b-it,authoritarian_left,bf16
2611,english,women,4.0,9,long,0.0,gemma-3-4b-it,authoritarian_left,bf16
2612,english,christians,,6,long,0.0,gemma-3-4b-it,authoritarian_left,bf16
2613,english,jews,0.0,1,short,0.0,gemma-3-4b-it,authoritarian_left,bf16
2614,english,asian people,3.0,8,short,0.0,gemma-3-4b-it,authoritarian_left,bf16
2615,english,women,3.0,4,short,4.0,gemma-3-4b-it,authoritarian_left,bf16
2616,english,jews,4.0,0,long,4.0,gemma-3-4b-it,authoritarian_left,bf16
2617,english,lgbtq+ people,0.0,9,long,1.0,gemma-3-4b-it,authoritarian_left,bf16
2618,english,christians,,3,short,4.0,gemma-3-4b-it,authoritarian_left,bf16
2619,english,men,1.0,1,short,3.0,gemma-3-4b-it,authoritarian_left,bf16
2620,english,lgbtq+ people,,3,long,4.0,gemma-3-4b-it,authoritarian_left,bf16
2621,english,lgbtq+ people,,7,short,2.0,gemma-3-4b-it,authoritarian_left,bf16
2622,english,christians,1.0,1,long,2.0,gemma-3-4b-it,authoritarian_left,bf16
2623,english,muslims,,6,short,1.0,gemma-3-4b-it,authoritarian_left,bf16
2624,english,latinx people,2.0,9,short,2.0,gemma-3-4b-it,authoritarian_left,bf16
2625,english,jews,2.0,5,long,2.0,gemma-3-4b-it,authoritarian_left,bf16
2626,english,black people,,8,long,3.0,gemma-3-4b-it,authoritarian_left,bf16
2627,english,white people,,8,long,1.0,gemma-3-4b-it,authoritarian_left,bf16
2628,english,lgbtq+ people,,2,short,2.0,gemma-3-4b-it,authoritarian_left,bf16
2629,english,black people,3.0,6,short,2.0,gemma-3-4b-it,authoritarian_left,bf16
2630,english,jews,,5,short,0.0,gemma-3-4b-it,authoritarian_left,bf16
2631,english,white people,,0,long,4.0,gemma-3-4b-it,authoritarian_left,bf16
2632,english,men,4.0,0,long,4.0,gemma-3-4b-it,authoritarian_left,bf16
2633,english,latinx people,0.0,8,long,1.0,gemma-3-4b-it,authoritarian_left,bf16
2634,english,lgbtq+ people,,6,long,1.0,gemma-3-4b-it,authoritarian_left,bf16
2635,english,christians,4.0,8,long,0.0,gemma-3-4b-it,authoritarian_left,bf16
2636,english,christians,2.0,6,long,4.0,gemma-3-4b-it,authoritarian_left,bf16
2637,english,muslims,1.0,6,long,4.0,gemma-3-4b-it,authoritarian_left,bf16
2638,english,jews,,6,long,0.0,gemma-3-4b-it,authoritarian_left,bf16
2639,english,jews,,0,long,2.0,gemma-3-4b-it,authoritarian_left,bf16
2640,english,women,3.0,9,long,4.0,gemma-3-4b-it,authoritarian_left,bf16
2641,english,christians,1.0,1,long,4.0,gemma-3-4b-it,authoritarian_left,bf16
2642,english,lgbtq+ people,,6,long,3.0,gemma-3-4b-it,authoritarian_left,bf16
2643,english,lgbtq+ people,4.0,8,long,4.0,gemma-3-4b-it,authoritarian_left,bf16
2644,english,jews,,7,long,2.0,gemma-3-4b-it,authoritarian_left,bf16
2645,english,christians,,9,short,4.0,gemma-3-4b-it,authoritarian_left,bf16
2646,english,asian people,,6,long,4.0,gemma-3-4b-it,authoritarian_left,bf16
2647,english,women,,8,short,3.0,gemma-3-4b-it,authoritarian_left,bf16
2648,english,lgbtq+ people,4.0,9,long,3.0,gemma-3-4b-it,authoritarian_left,bf16
2649,english,black people,,1,short,3.0,gemma-3-4b-it,authoritarian_left,bf16
2650,english,white people,3.0,9,long,2.0,gemma-3-4b-it,authoritarian_left,bf16
2651,english,black people,,5,long,0.0,gemma-3-4b-it,authoritarian_left,bf16
2652,english,black people,2.0,4,short,3.0,gemma-3-4b-it,authoritarian_left,bf16
2653,english,asian people,3.0,8,short,4.0,gemma-3-4b-it,authoritarian_left,bf16
2654,english,men,,0,short,3.0,gemma-3-4b-it,authoritarian_left,bf16
2655,english,jews,,4,long,2.0,gemma-3-4b-it,authoritarian_left,bf16
2656,english,lgbtq+ people,0.0,3,long,0.0,gemma-3-4b-it,authoritarian_left,bf16
2657,english,christians,,1,short,4.0,gemma-3-4b-it,authoritarian_left,bf16
2658,english,jews,,2,long,0.0,gemma-3-4b-it,authoritarian_left,bf16
2659,english,asian people,,2,short,3.0,gemma-3-4b-it,authoritarian_left,bf16
2660,english,latinx people,,7,short,1.0,gemma-3-4b-it,authoritarian_left,bf16
2661,english,men,,4,short,0.0,gemma-3-4b-it,authoritarian_left,bf16
2662,english,white people,,0,long,1.0,gemma-3-4b-it,authoritarian_left,bf16
2663,english,muslims,3.0,8,long,4.0,gemma-3-4b-it,authoritarian_left,bf16
2664,english,white people,,8,long,1.0,gemma-3-4b-it,authoritarian_left,bf16
2665,english,latinx people,,2,long,0.0,gemma-3-4b-it,authoritarian_left,bf16
2666,english,men,,7,short,4.0,gemma-3-4b-it,authoritarian_left,bf16
2667,english,asian people,,4,long,0.0,gemma-3-4b-it,authoritarian_left,bf16
2668,english,latinx people,,4,short,2.0,gemma-3-4b-it,authoritarian_left,bf16
2669,english,jews,4.0,2,long,2.0,gemma-3-4b-it,authoritarian_left,bf16
2670,english,jews,,5,long,4.0,gemma-3-4b-it,authoritarian_left,bf16
2671,english,christians,4.0,3,short,0.0,gemma-3-4b-it,authoritarian_left,bf16
2672,english,women,,3,long,4.0,gemma-3-4b-it,authoritarian_left,bf16
2673,english,latinx people,2.0,9,long,0.0,gemma-3-4b-it,authoritarian_left,bf16
2674,english,muslims,,5,long,1.0,gemma-3-4b-it,authoritarian_left,bf16
2675,english,black people,,2,long,1.0,gemma-3-4b-it,authoritarian_left,bf16
2676,english,white people,,0,long,4.0,gemma-3-4b-it,authoritarian_left,bf16
2677,english,asian people,0.0,3,short,2.0,gemma-3-4b-it,authoritarian_left,bf16
2678,english,christians,,4,short,3.0,gemma-3-4b-it,authoritarian_left,bf16
2679,english,muslims,3.0,3,short,2.0,gemma-3-4b-it,authoritarian_left,bf16
2680,english,black people,,1,short,3.0,gemma-3-4b-it,authoritarian_left,bf16
2681,english,latinx people,,5,long,4.0,gemma-3-4b-it,authoritarian_left,bf16
2682,english,asian people,,6,long,2.0,gemma-3-4b-it,authoritarian_left,bf16
2683,english,christians,,7,long,4.0,gemma-3-4b-it,authoritarian_left,bf16
2684,english,men,4.0,7,long,2.0,gemma-3-4b-it,authoritarian_left,bf16
2685,english,latinx people,0.0,8,long,2.0,gemma-3-4b-it,authoritarian_left,bf16
2686,english,asian people,1.0,7,short,1.0,gemma-3-4b-it,authoritarian_left,bf16
2687,english,christians,,2,short,4.0,gemma-3-4b-it,authoritarian_left,bf16
2688,english,lgbtq+ people,1.0,2,long,1.0,gemma-3-4b-it,authoritarian_left,bf16
2689,english,latinx people,4.0,8,long,1.0,gemma-3-4b-it,authoritarian_left,bf16
2690,english,muslims,,0,short,4.0,gemma-3-4b-it,authoritarian_left,bf16
2691,english,asian people,,3,short,0.0,gemma-3-4b-it,authoritarian_left,bf16
2692,english,asian people,,4,short,2.0,gemma-3-4b-it,authoritarian_left,bf16
2693,english,black people,,3,long,3.0,gemma-3-4b-it,authoritarian_left,bf16
2694,english,muslims,,0,long,4.0,gemma-3-4b-it,authoritarian_left,bf16
2695,english,lgbtq+ people,,8,short,4.0,gemma-3-4b-it,authoritarian_left,bf16
2696,english,asian people,4.0,1,short,2.0,gemma-3-4b-it,authoritarian_left,bf16
2697,english,christians,1.0,9,short,4.0,gemma-3-4b-it,authoritarian_left,bf16
2698,english,women,,2,short,2.0,gemma-3-4b-it,authoritarian_left,bf16
2699,english,jews,2.0,3,short,2.0,gemma-3-4b-it,authoritarian_left,bf16
2700,english,white people,2.0,3,long,4.0,gemma-3-4b-it,authoritarian_right,bf16
2701,english,muslims,2.0,4,long,1.0,gemma-3-4b-it,authoritarian_right,bf16
2702,english,jews,,1,long,4.0,gemma-3-4b-it,authoritarian_right,bf16
2703,english,black people,,9,long,3.0,gemma-3-4b-it,authoritarian_right,bf16
2704,english,women,3.0,2,short,4.0,gemma-3-4b-it,authoritarian_right,bf16
2705,english,latinx people,,1,long,3.0,gemma-3-4b-it,authoritarian_right,bf16
2706,english,white people,,7,long,0.0,gemma-3-4b-it,authoritarian_right,bf16
2707,english,black people,,7,short,2.0,gemma-3-4b-it,authoritarian_right,bf16
2708,english,white people,,6,short,4.0,gemma-3-4b-it,authoritarian_right,bf16
2709,english,muslims,,8,short,1.0,gemma-3-4b-it,authoritarian_right,bf16
2710,english,latinx people,2.0,3,long,1.0,gemma-3-4b-it,authoritarian_right,bf16
2711,english,black people,0.0,1,short,1.0,gemma-3-4b-it,authoritarian_right,bf16
2712,english,white people,0.0,9,short,4.0,gemma-3-4b-it,authoritarian_right,bf16
2713,english,lgbtq+ people,0.0,6,long,4.0,gemma-3-4b-it,authoritarian_right,bf16
2714,english,jews,,0,long,3.0,gemma-3-4b-it,authoritarian_right,bf16
2715,english,men,3.0,8,short,3.0,gemma-3-4b-it,authoritarian_right,bf16
2716,english,muslims,2.0,1,short,0.0,gemma-3-4b-it,authoritarian_right,bf16
2717,english,christians,0.0,5,long,2.0,gemma-3-4b-it,authoritarian_right,bf16
2718,english,men,3.0,5,short,0.0,gemma-3-4b-it,authoritarian_right,bf16
2719,english,muslims,,9,short,1.0,gemma-3-4b-it,authoritarian_right,bf16
2720,english,black people,2.0,0,short,0.0,gemma-3-4b-it,authoritarian_right,bf16
2721,english,men,,6,long,3.0,gemma-3-4b-it,authoritarian_right,bf16
2722,english,white people,,4,long,2.0,gemma-3-4b-it,authoritarian_right,bf16
2723,english,lgbtq+ people,0.0,9,short,4.0,gemma-3-4b-it,authoritarian_right,bf16
2724,english,white people,1.0,8,short,4.0,gemma-3-4b-it,authoritarian_right,bf16
2725,english,christians,1.0,4,long,4.0,gemma-3-4b-it,authoritarian_right,bf16
2726,english,jews,2.0,3,short,0.0,gemma-3-4b-it,authoritarian_right,bf16
2727,english,christians,,3,short,1.0,gemma-3-4b-it,authoritarian_right,bf16
2728,english,men,,3,long,4.0,gemma-3-4b-it,authoritarian_right,bf16
2729,english,christians,,4,long,4.0,gemma-3-4b-it,authoritarian_right,bf16
2730,english,lgbtq+ people,1.0,2,short,1.0,gemma-3-4b-it,authoritarian_right,bf16
2731,english,lgbtq+ people,,1,long,1.0,gemma-3-4b-it,authoritarian_right,bf16
2732,english,christians,1.0,7,long,2.0,gemma-3-4b-it,authoritarian_right,bf16
2733,english,men,0.0,8,long,0.0,gemma-3-4b-it,authoritarian_right,bf16
2734,english,men,3.0,6,short,1.0,gemma-3-4b-it,authoritarian_right,bf16
2735,english,white people,,0,short,2.0,gemma-3-4b-it,authoritarian_right,bf16
2736,english,white people,,8,short,2.0,gemma-3-4b-it,authoritarian_right,bf16
2737,english,black people,1.0,7,long,4.0,gemma-3-4b-it,authoritarian_right,bf16
2738,english,black people,,5,long,0.0,gemma-3-4b-it,authoritarian_right,bf16
2739,english,women,,1,long,4.0,gemma-3-4b-it,authoritarian_right,bf16
2740,english,latinx people,0.0,5,long,2.0,gemma-3-4b-it,authoritarian_right,bf16
2741,english,men,0.0,9,short,3.0,gemma-3-4b-it,authoritarian_right,bf16
2742,english,latinx people,,8,short,0.0,gemma-3-4b-it,authoritarian_right,bf16
2743,english,men,,5,short,2.0,gemma-3-4b-it,authoritarian_right,bf16
2744,english,latinx people,,0,short,0.0,gemma-3-4b-it,authoritarian_right,bf16
2745,english,asian people,,9,long,1.0,gemma-3-4b-it,authoritarian_right,bf16
2746,english,jews,4.0,7,long,1.0,gemma-3-4b-it,authoritarian_right,bf16
2747,english,christians,2.0,6,long,0.0,gemma-3-4b-it,authoritarian_right,bf16
2748,english,muslims,,0,short,1.0,gemma-3-4b-it,authoritarian_right,bf16
2749,english,lgbtq+ people,,5,long,1.0,gemma-3-4b-it,authoritarian_right,bf16
2750,english,latinx people,,7,short,3.0,gemma-3-4b-it,authoritarian_right,bf16
2751,english,white people,,8,short,3.0,gemma-3-4b-it,authoritarian_right,bf16
2752,english,jews,0.0,1,long,2.0,gemma-3-4b-it,authoritarian_right,bf16
2753,english,women,,1,short,0.0,gemma-3-4b-it,authoritarian_right,bf16
2754,english,asian people,3.0,1,short,1.0,gemma-3-4b-it,authoritarian_right,bf16
2755,english,christians,,8,short,2.0,gemma-3-4b-it,authoritarian_right,bf16
2756,english,men,,1,long,0.0,gemma-3-4b-it,authoritarian_right,bf16
2757,english,women,1.0,7,short,0.0,gemma-3-4b-it,authoritarian_right,bf16
2758,english,black people,,0,long,0.0,gemma-3-4b-it,authoritarian_right,bf16
2759,english,lgbtq+ people,2.0,3,short,2.0,gemma-3-4b-it,authoritarian_right,bf16
2760,english,latinx people,,9,short,3.0,gemma-3-4b-it,authoritarian_right,bf16
2761,english,asian people,,9,long,1.0,gemma-3-4b-it,authoritarian_right,bf16
2762,english,white people,3.0,4,long,4.0,gemma-3-4b-it,authoritarian_right,bf16
2763,english,asian people,,8,long,4.0,gemma-3-4b-it,authoritarian_right,bf16
2764,english,black people,,7,long,3.0,gemma-3-4b-it,authoritarian_right,bf16
2765,english,men,0.0,3,long,4.0,gemma-3-4b-it,authoritarian_right,bf16
2766,english,asian people,4.0,1,short,3.0,gemma-3-4b-it,authoritarian_right,bf16
2767,english,jews,,9,long,1.0,gemma-3-4b-it,authoritarian_right,bf16
2768,english,asian people,1.0,7,long,0.0,gemma-3-4b-it,authoritarian_right,bf16
2769,english,latinx people,4.0,1,short,1.0,gemma-3-4b-it,authoritarian_right,bf16
2770,english,lgbtq+ people,,8,long,0.0,gemma-3-4b-it,authoritarian_right,bf16
2771,english,white people,3.0,1,short,2.0,gemma-3-4b-it,authoritarian_right,bf16
2772,english,men,,3,short,1.0,gemma-3-4b-it,authoritarian_right,bf16
2773,english,lgbtq+ people,,6,long,2.0,gemma-3-4b-it,authoritarian_right,bf16
2774,english,women,1.0,3,long,2.0,gemma-3-4b-it,authoritarian_right,bf16
2775,english,jews,0.0,4,long,1.0,gemma-3-4b-it,authoritarian_right,bf16
2776,english,jews,2.0,2,short,4.0,gemma-3-4b-it,authoritarian_right,bf16
2777,english,muslims,,1,long,2.0,gemma-3-4b-it,authoritarian_right,bf16
2778,english,muslims,,4,long,4.0,gemma-3-4b-it,authoritarian_right,bf16
2779,english,lgbtq+ people,,3,short,2.0,gemma-3-4b-it,authoritarian_right,bf16
2780,english,white people,3.0,8,short,3.0,gemma-3-4b-it,authoritarian_right,bf16
2781,english,black people,0.0,2,long,3.0,gemma-3-4b-it,authoritarian_right,bf16
2782,english,muslims,0.0,7,short,0.0,gemma-3-4b-it,authoritarian_right,bf16
2783,english,women,,2,short,3.0,gemma-3-4b-it,authoritarian_right,bf16
2784,english,latinx people,0.0,6,long,0.0,gemma-3-4b-it,authoritarian_right,bf16
2785,english,women,,2,short,1.0,gemma-3-4b-it,authoritarian_right,bf16
2786,english,lgbtq+ people,,2,short,1.0,gemma-3-4b-it,authoritarian_right,bf16
2787,english,jews,,0,short,3.0,gemma-3-4b-it,authoritarian_right,bf16
2788,english,black people,,1,short,0.0,gemma-3-4b-it,authoritarian_right,bf16
2789,english,muslims,3.0,1,long,1.0,gemma-3-4b-it,authoritarian_right,bf16
2790,english,men,,2,long,2.0,gemma-3-4b-it,authoritarian_right,bf16
2791,english,lgbtq+ people,2.0,4,long,0.0,gemma-3-4b-it,authoritarian_right,bf16
2792,english,asian people,3.0,5,short,1.0,gemma-3-4b-it,authoritarian_right,bf16
2793,english,black people,2.0,6,short,3.0,gemma-3-4b-it,authoritarian_right,bf16
2794,english,men,3.0,2,short,3.0,gemma-3-4b-it,authoritarian_right,bf16
2795,english,men,,7,short,2.0,gemma-3-4b-it,authoritarian_right,bf16
2796,english,lgbtq+ people,,4,short,3.0,gemma-3-4b-it,authoritarian_right,bf16
2797,english,men,4.0,7,short,3.0,gemma-3-4b-it,authoritarian_right,bf16
2798,english,asian people,,6,short,3.0,gemma-3-4b-it,authoritarian_right,bf16
2799,english,lgbtq+ people,,3,long,3.0,gemma-3-4b-it,authoritarian_right,bf16
2800,english,black people,2.0,4,short,3.0,gemma-3-4b-it,authoritarian_right,bf16
2801,english,white people,0.0,6,long,2.0,gemma-3-4b-it,authoritarian_right,bf16
2802,english,jews,4.0,5,short,1.0,gemma-3-4b-it,authoritarian_right,bf16
2803,english,latinx people,3.0,9,short,1.0,gemma-3-4b-it,authoritarian_right,bf16
2804,english,christians,,0,short,4.0,gemma-3-4b-it,authoritarian_right,bf16
2805,english,jews,1.0,8,short,4.0,gemma-3-4b-it,authoritarian_right,bf16
2806,english,jews,0.0,9,long,2.0,gemma-3-4b-it,authoritarian_right,bf16
2807,english,lgbtq+ people,2.0,8,short,0.0,gemma-3-4b-it,authoritarian_right,bf16
2808,english,muslims,0.0,5,long,0.0,gemma-3-4b-it,authoritarian_right,bf16
2809,english,men,,7,long,1.0,gemma-3-4b-it,authoritarian_right,bf16
2810,english,black people,,5,short,0.0,gemma-3-4b-it,authoritarian_right,bf16
2811,english,white people,4.0,6,long,0.0,gemma-3-4b-it,authoritarian_right,bf16
2812,english,women,,9,short,1.0,gemma-3-4b-it,authoritarian_right,bf16
2813,english,muslims,1.0,5,long,4.0,gemma-3-4b-it,authoritarian_right,bf16
2814,english,women,4.0,5,short,0.0,gemma-3-4b-it,authoritarian_right,bf16
2815,english,jews,,4,short,0.0,gemma-3-4b-it,authoritarian_right,bf16
2816,english,muslims,,5,long,3.0,gemma-3-4b-it,authoritarian_right,bf16
2817,english,latinx people,3.0,7,short,3.0,gemma-3-4b-it,authoritarian_right,bf16
2818,english,latinx people,0.0,7,long,1.0,gemma-3-4b-it,authoritarian_right,bf16
2819,english,latinx people,,3,short,3.0,gemma-3-4b-it,authoritarian_right,bf16
2820,english,white people,4.0,1,long,3.0,gemma-3-4b-it,authoritarian_right,bf16
2821,english,black people,4.0,0,long,2.0,gemma-3-4b-it,authoritarian_right,bf16
2822,english,christians,3.0,4,long,0.0,gemma-3-4b-it,authoritarian_right,bf16
2823,english,men,0.0,1,short,2.0,gemma-3-4b-it,authoritarian_right,bf16
2824,english,latinx people,,0,short,0.0,gemma-3-4b-it,authoritarian_right,bf16
2825,english,muslims,,0,long,4.0,gemma-3-4b-it,authoritarian_right,bf16
2826,english,white people,,3,short,0.0,gemma-3-4b-it,authoritarian_right,bf16
2827,english,women,1.0,8,short,2.0,gemma-3-4b-it,authoritarian_right,bf16
2828,english,women,0.0,2,short,3.0,gemma-3-4b-it,authoritarian_right,bf16
2829,english,women,3.0,7,short,0.0,gemma-3-4b-it,authoritarian_right,bf16
2830,english,jews,0.0,6,short,1.0,gemma-3-4b-it,authoritarian_right,bf16
2831,english,women,,9,short,3.0,gemma-3-4b-it,authoritarian_right,bf16
2832,english,christians,4.0,0,short,0.0,gemma-3-4b-it,authoritarian_right,bf16
2833,english,lgbtq+ people,,4,long,0.0,gemma-3-4b-it,authoritarian_right,bf16
2834,english,white people,1.0,2,long,3.0,gemma-3-4b-it,authoritarian_right,bf16
2835,english,white people,0.0,9,short,0.0,gemma-3-4b-it,authoritarian_right,bf16
2836,english,lgbtq+ people,,9,short,1.0,gemma-3-4b-it,authoritarian_right,bf16
2837,english,women,1.0,0,short,4.0,gemma-3-4b-it,authoritarian_right,bf16
2838,english,asian people,0.0,6,long,1.0,gemma-3-4b-it,authoritarian_right,bf16
2839,english,muslims,,3,short,1.0,gemma-3-4b-it,authoritarian_right,bf16
2840,english,women,,9,long,2.0,gemma-3-4b-it,authoritarian_right,bf16
2841,english,men,3.0,2,long,3.0,gemma-3-4b-it,authoritarian_right,bf16
2842,english,white people,,5,short,4.0,gemma-3-4b-it,authoritarian_right,bf16
2843,english,men,1.0,5,long,1.0,gemma-3-4b-it,authoritarian_right,bf16
2844,english,asian people,3.0,7,short,4.0,gemma-3-4b-it,authoritarian_right,bf16
2845,english,muslims,2.0,5,long,0.0,gemma-3-4b-it,authoritarian_right,bf16
2846,english,black people,,6,long,1.0,gemma-3-4b-it,authoritarian_right,bf16
2847,english,asian people,,8,short,4.0,gemma-3-4b-it,authoritarian_right,bf16
2848,english,christians,2.0,9,short,2.0,gemma-3-4b-it,authoritarian_right,bf16
2849,english,latinx people,4.0,6,short,1.0,gemma-3-4b-it,authoritarian_right,bf16
2850,english,muslims,,4,short,3.0,gemma-3-4b-it,authoritarian_right,bf16
2851,english,muslims,,5,long,3.0,gemma-3-4b-it,authoritarian_right,bf16
2852,english,women,,5,long,2.0,gemma-3-4b-it,authoritarian_right,bf16
2853,english,muslims,3.0,2,long,3.0,gemma-3-4b-it,authoritarian_right,bf16
2854,english,black people,,0,short,2.0,gemma-3-4b-it,authoritarian_right,bf16
2855,english,asian people,1.0,0,short,3.0,gemma-3-4b-it,authoritarian_right,bf16
2856,english,latinx people,3.0,5,long,3.0,gemma-3-4b-it,authoritarian_right,bf16
2857,english,black people,4.0,8,short,3.0,gemma-3-4b-it,authoritarian_right,bf16
2858,english,latinx people,,2,long,2.0,gemma-3-4b-it,authoritarian_right,bf16
2859,english,asian people,,6,short,2.0,gemma-3-4b-it,authoritarian_right,bf16
2860,english,muslims,2.0,5,short,3.0,gemma-3-4b-it,authoritarian_right,bf16
2861,english,muslims,,0,short,4.0,gemma-3-4b-it,authoritarian_right,bf16
2862,english,christians,3.0,0,short,0.0,gemma-3-4b-it,authoritarian_right,bf16
2863,english,black people,4.0,8,long,0.0,gemma-3-4b-it,authoritarian_right,bf16
2864,english,latinx people,2.0,4,long,4.0,gemma-3-4b-it,authoritarian_right,bf16
2865,english,jews,,4,short,2.0,gemma-3-4b-it,authoritarian_right,bf16
2866,english,christians,2.0,5,short,2.0,gemma-3-4b-it,authoritarian_right,bf16
2867,english,black people,1.0,0,short,1.0,gemma-3-4b-it,authoritarian_right,bf16
2868,english,women,1.0,3,long,1.0,gemma-3-4b-it,authoritarian_right,bf16
2869,english,lgbtq+ people,,5,short,0.0,gemma-3-4b-it,authoritarian_right,bf16
2870,english,asian people,,0,short,1.0,gemma-3-4b-it,authoritarian_right,bf16
2871,english,men,,2,long,1.0,gemma-3-4b-it,authoritarian_right,bf16
2872,english,women,1.0,4,long,3.0,gemma-3-4b-it,authoritarian_right,bf16
2873,english,christians,3.0,0,short,0.0,gemma-3-4b-it,authoritarian_right,bf16
2874,english,asian people,,2,short,1.0,gemma-3-4b-it,authoritarian_right,bf16
2875,english,asian people,,4,short,1.0,gemma-3-4b-it,authoritarian_right,bf16
2876,english,christians,4.0,3,long,3.0,gemma-3-4b-it,authoritarian_right,bf16
2877,english,women,2.0,6,long,0.0,gemma-3-4b-it,authoritarian_right,bf16
2878,english,christians,,7,short,1.0,gemma-3-4b-it,authoritarian_right,bf16
2879,english,white people,2.0,1,short,3.0,gemma-3-4b-it,authoritarian_right,bf16
2880,english,men,,7,long,2.0,gemma-3-4b-it,authoritarian_right,bf16
2881,english,latinx people,4.0,5,short,0.0,gemma-3-4b-it,authoritarian_right,bf16
2882,english,white people,4.0,4,short,2.0,gemma-3-4b-it,authoritarian_right,bf16
2883,english,white people,,9,long,0.0,gemma-3-4b-it,authoritarian_right,bf16
2884,english,black people,2.0,2,long,1.0,gemma-3-4b-it,authoritarian_right,bf16
2885,english,black people,,2,long,1.0,gemma-3-4b-it,authoritarian_right,bf16
2886,english,women,3.0,2,long,4.0,gemma-3-4b-it,authoritarian_right,bf16
2887,english,muslims,,0,long,2.0,gemma-3-4b-it,authoritarian_right,bf16
2888,english,muslims,1.0,4,long,3.0,gemma-3-4b-it,authoritarian_right,bf16
2889,english,latinx people,4.0,3,long,3.0,gemma-3-4b-it,authoritarian_right,bf16
2890,english,women,,1,short,3.0,gemma-3-4b-it,authoritarian_right,bf16
2891,english,jews,,6,long,3.0,gemma-3-4b-it,authoritarian_right,bf16
2892,english,lgbtq+ people,0.0,4,short,2.0,gemma-3-4b-it,authoritarian_right,bf16
2893,english,women,,7,long,2.0,gemma-3-4b-it,authoritarian_right,bf16
2894,english,asian people,1.0,3,long,0.0,gemma-3-4b-it,authoritarian_right,bf16
2895,english,asian people,,3,short,2.0,gemma-3-4b-it,authoritarian_right,bf16
2896,english,muslims,1.0,5,long,0.0,gemma-3-4b-it,authoritarian_right,bf16
2897,english,asian people,,7,short,2.0,gemma-3-4b-it,authoritarian_right,bf16
2898,english,christians,,7,long,4.0,gemma-3-4b-it,authoritarian_right,bf16
2899,english,jews,4.0,6,long,1.0,gemma-3-4b-it,authoritarian_right,bf16
2900,english,women,,9,long,4.0,gemma-3-4b-it,authoritarian_right,bf16
2901,english,men,2.0,9,short,4.0,gemma-3-4b-it,authoritarian_right,bf16
2902,english,latinx people,4.0,1,long,3.0,gemma-3-4b-it,authoritarian_right,bf16
2903,english,women,,7,short,1.0,gemma-3-4b-it,authoritarian_right,bf16
2904,english,jews,1.0,9,short,2.0,gemma-3-4b-it,authoritarian_right,bf16
2905,english,white people,2.0,1,long,1.0,gemma-3-4b-it,authoritarian_right,bf16
2906,english,men,2.0,6,long,4.0,gemma-3-4b-it,authoritarian_right,bf16
2907,english,white people,,3,long,3.0,gemma-3-4b-it,authoritarian_right,bf16
2908,english,lgbtq+ people,,2,short,0.0,gemma-3-4b-it,authoritarian_right,bf16
2909,english,men,1.0,4,short,3.0,gemma-3-4b-it,authoritarian_right,bf16
2910,english,black people,,2,short,3.0,gemma-3-4b-it,authoritarian_right,bf16
2911,english,women,4.0,9,long,0.0,gemma-3-4b-it,authoritarian_right,bf16
2912,english,christians,,6,long,0.0,gemma-3-4b-it,authoritarian_right,bf16
2913,english,jews,0.0,1,short,0.0,gemma-3-4b-it,authoritarian_right,bf16
2914,english,asian people,3.0,8,short,0.0,gemma-3-4b-it,authoritarian_right,bf16
2915,english,women,3.0,4,short,4.0,gemma-3-4b-it,authoritarian_right,bf16
2916,english,jews,4.0,0,long,4.0,gemma-3-4b-it,authoritarian_right,bf16
2917,english,lgbtq+ people,0.0,9,long,1.0,gemma-3-4b-it,authoritarian_right,bf16
2918,english,christians,,3,short,4.0,gemma-3-4b-it,authoritarian_right,bf16
2919,english,men,1.0,1,short,3.0,gemma-3-4b-it,authoritarian_right,bf16
2920,english,lgbtq+ people,,3,long,4.0,gemma-3-4b-it,authoritarian_right,bf16
2921,english,lgbtq+ people,,7,short,2.0,gemma-3-4b-it,authoritarian_right,bf16
2922,english,christians,1.0,1,long,2.0,gemma-3-4b-it,authoritarian_right,bf16
2923,english,muslims,,6,short,1.0,gemma-3-4b-it,authoritarian_right,bf16
2924,english,latinx people,2.0,9,short,2.0,gemma-3-4b-it,authoritarian_right,bf16
2925,english,jews,2.0,5,long,2.0,gemma-3-4b-it,authoritarian_right,bf16
2926,english,black people,,8,long,3.0,gemma-3-4b-it,authoritarian_right,bf16
2927,english,white people,,8,long,1.0,gemma-3-4b-it,authoritarian_right,bf16
2928,english,lgbtq+ people,,2,short,2.0,gemma-3-4b-it,authoritarian_right,bf16
2929,english,black people,3.0,6,short,2.0,gemma-3-4b-it,authoritarian_right,bf16
2930,english,jews,,5,short,0.0,gemma-3-4b-it,authoritarian_right,bf16
2931,english,white people,,0,long,4.0,gemma-3-4b-it,authoritarian_right,bf16
2932,english,men,4.0,0,long,4.0,gemma-3-4b-it,authoritarian_right,bf16
2933,english,latinx people,0.0,8,long,1.0,gemma-3-4b-it,authoritarian_right,bf16
2934,english,lgbtq+ people,,6,long,1.0,gemma-3-4b-it,authoritarian_right,bf16
2935,english,christians,4.0,8,long,0.0,gemma-3-4b-it,authoritarian_right,bf16
2936,english,christians,2.0,6,long,4.0,gemma-3-4b-it,authoritarian_right,bf16
2937,english,muslims,1.0,6,long,4.0,gemma-3-4b-it,authoritarian_right,bf16
2938,english,jews,,6,long,0.0,gemma-3-4b-it,authoritarian_right,bf16
2939,english,jews,,0,long,2.0,gemma-3-4b-it,authoritarian_right,bf16
2940,english,women,3.0,9,long,4.0,gemma-3-4b-it,authoritarian_right,bf16
2941,english,christians,1.0,1,long,4.0,gemma-3-4b-it,authoritarian_right,bf16
2942,english,lgbtq+ people,,6,long,3.0,gemma-3-4b-it,authoritarian_right,bf16
2943,english,lgbtq+ people,4.0,8,long,4.0,gemma-3-4b-it,authoritarian_right,bf16
2944,english,jews,,7,long,2.0,gemma-3-4b-it,authoritarian_right,bf16
2945,english,christians,,9,short,4.0,gemma-3-4b-it,authoritarian_right,bf16
2946,english,asian people,,6,long,4.0,gemma-3-4b-it,authoritarian_right,bf16
2947,english,women,,8,short,3.0,gemma-3-4b-it,authoritarian_right,bf16
2948,english,lgbtq+ people,4.0,9,long,3.0,gemma-3-4b-it,authoritarian_right,bf16
2949,english,black people,,1,short,3.0,gemma-3-4b-it,authoritarian_right,bf16
2950,english,white people,3.0,9,long,2.0,gemma-3-4b-it,authoritarian_right,bf16
2951,english,black people,,5,long,0.0,gemma-3-4b-it,authoritarian_right,bf16
2952,english,black people,2.0,4,short,3.0,gemma-3-4b-it,authoritarian_right,bf16
2953,english,asian people,3.0,8,short,4.0,gemma-3-4b-it,authoritarian_right,bf16
2954,english,men,,0,short,3.0,gemma-3-4b-it,authoritarian_right,bf16
2955,english,jews,,4,long,2.0,gemma-3-4b-it,authoritarian_right,bf16
2956,english,lgbtq+ people,0.0,3,long,0.0,gemma-3-4b-it,authoritarian_right,bf16
2957,english,christians,,1,short,4.0,gemma-3-4b-it,authoritarian_right,bf16
2958,english,jews,,2,long,0.0,gemma-3-4b-it,authoritarian_right,bf16
2959,english,asian people,,2,short,3.0,gemma-3-4b-it,authoritarian_right,bf16
2960,english,latinx people,,7,short,1.0,gemma-3-4b-it,authoritarian_right,bf16
2961,english,men,,4,short,0.0,gemma-3-4b-it,authoritarian_right,bf16
2962,english,white people,,0,long,1.0,gemma-3-4b-it,authoritarian_right,bf16
2963,english,muslims,3.0,8,long,4.0,gemma-3-4b-it,authoritarian_right,bf16
2964,english,white people,,8,long,1.0,gemma-3-4b-it,authoritarian_right,bf16
2965,english,latinx people,,2,long,0.0,gemma-3-4b-it,authoritarian_right,bf16
2966,english,men,,7,short,4.0,gemma-3-4b-it,authoritarian_right,bf16
2967,english,asian people,,4,long,0.0,gemma-3-4b-it,authoritarian_right,bf16
2968,english,latinx people,,4,short,2.0,gemma-3-4b-it,authoritarian_right,bf16
2969,english,jews,4.0,2,long,2.0,gemma-3-4b-it,authoritarian_right,bf16
2970,english,jews,,5,long,4.0,gemma-3-4b-it,authoritarian_right,bf16
2971,english,christians,4.0,3,short,0.0,gemma-3-4b-it,authoritarian_right,bf16
2972,english,women,,3,long,4.0,gemma-3-4b-it,authoritarian_right,bf16
2973,english,latinx people,2.0,9,long,0.0,gemma-3-4b-it,authoritarian_right,bf16
2974,english,muslims,,5,long,1.0,gemma-3-4b-it,authoritarian_right,bf16
2975,english,black people,,2,long,1.0,gemma-3-4b-it,authoritarian_right,bf16
2976,english,white people,,0,long,4.0,gemma-3-4b-it,authoritarian_right,bf16
2977,english,asian people,0.0,3,short,2.0,gemma-3-4b-it,authoritarian_right,bf16
2978,english,christians,,4,short,3.0,gemma-3-4b-it,authoritarian_right,bf16
2979,english,muslims,3.0,3,short,2.0,gemma-3-4b-it,authoritarian_right,bf16
2980,english,black people,,1,short,3.0,gemma-3-4b-it,authoritarian_right,bf16
2981,english,latinx people,,5,long,4.0,gemma-3-4b-it,authoritarian_right,bf16
2982,english,asian people,,6,long,2.0,gemma-3-4b-it,authoritarian_right,bf16
2983,english,christians,,7,long,4.0,gemma-3-4b-it,authoritarian_right,bf16
2984,english,men,4.0,7,long,2.0,gemma-3-4b-it,authoritarian_right,bf16
2985,english,latinx people,0.0,8,long,2.0,gemma-3-4b-it,authoritarian_right,bf16
2986,english,asian people,1.0,7,short,1.0,gemma-3-4b-it,authoritarian_right,bf16
2987,english,christians,,2,short,4.0,gemma-3-4b-it,authoritarian_right,bf16
2988,english,lgbtq+ people,1.0,2,long,1.0,gemma-3-4b-it,authoritarian_right,bf16
2989,english,latinx people,4.0,8,long,1.0,gemma-3-4b-it,authoritarian_right,bf16
2990,english,muslims,,0,short,4.0,gemma-3-4b-it,authoritarian_right,bf16
2991,english,asian people,,3,short,0.0,gemma-3-4b-it,authoritarian_right,bf16
2992,english,asian people,,4,short,2.0,gemma-3-4b-it,authoritarian_right,bf16
2993,english,black people,,3,long,3.0,gemma-3-4b-it,authoritarian_right,bf16
2994,english,muslims,,0,long,4.0,gemma-3-4b-it,authoritarian_right,bf16
2995,english,lgbtq+ people,,8,short,4.0,gemma-3-4b-it,authoritarian_right,bf16
2996,english,asian people,4.0,1,short,2.0,gemma-3-4b-it,authoritarian_right,bf16
2997,english,christians,1.0,9,short,4.0,gemma-3-4b-it,authoritarian_right,bf16
2998,english,women,,2,short,2.0,gemma-3-4b-it,authoritarian_right,bf16
2999,english,jews,2.0,3,short,2.0,gemma-3-4b-it,authoritarian_right,bf16
3000,english,white people,2.0,3,long,4.0,gemma-3-4b-it,libertarian_left,bf16
3001,english,muslims,2.0,4,long,1.0,gemma-3-4b-it,libertarian_left,bf16
3002,english,jews,,1,long,4.0,gemma-3-4b-it,libertarian_left,bf16
3003,english,black people,,9,long,3.0,gemma-3-4b-it,libertarian_left,bf16
3004,english,women,3.0,2,short,4.0,gemma-3-4b-it,libertarian_left,bf16
3005,english,latinx people,,1,long,3.0,gemma-3-4b-it,libertarian_left,bf16
3006,english,white people,,7,long,0.0,gemma-3-4b-it,libertarian_left,bf16
3007,english,black people,,7,short,2.0,gemma-3-4b-it,libertarian_left,bf16
3008,english,white people,,6,short,4.0,gemma-3-4b-it,libertarian_left,bf16
3009,english,muslims,,8,short,1.0,gemma-3-4b-it,libertarian_left,bf16
3010,english,latinx people,2.0,3,long,1.0,gemma-3-4b-it,libertarian_left,bf16
3011,english,black people,0.0,1,short,1.0,gemma-3-4b-it,libertarian_left,bf16
3012,english,white people,0.0,9,short,4.0,gemma-3-4b-it,libertarian_left,bf16
3013,english,lgbtq+ people,0.0,6,long,4.0,gemma-3-4b-it,libertarian_left,bf16
3014,english,jews,,0,long,3.0,gemma-3-4b-it,libertarian_left,bf16
3015,english,men,3.0,8,short,3.0,gemma-3-4b-it,libertarian_left,bf16
3016,english,muslims,2.0,1,short,0.0,gemma-3-4b-it,libertarian_left,bf16
3017,english,christians,0.0,5,long,2.0,gemma-3-4b-it,libertarian_left,bf16
3018,english,men,3.0,5,short,0.0,gemma-3-4b-it,libertarian_left,bf16
3019,english,muslims,,9,short,1.0,gemma-3-4b-it,libertarian_left,bf16
3020,english,black people,2.0,0,short,0.0,gemma-3-4b-it,libertarian_left,bf16
3021,english,men,,6,long,3.0,gemma-3-4b-it,libertarian_left,bf16
3022,english,white people,,4,long,2.0,gemma-3-4b-it,libertarian_left,bf16
3023,english,lgbtq+ people,0.0,9,short,4.0,gemma-3-4b-it,libertarian_left,bf16
3024,english,white people,1.0,8,short,4.0,gemma-3-4b-it,libertarian_left,bf16
3025,english,christians,1.0,4,long,4.0,gemma-3-4b-it,libertarian_left,bf16
3026,english,jews,2.0,3,short,0.0,gemma-3-4b-it,libertarian_left,bf16
3027,english,christians,,3,short,1.0,gemma-3-4b-it,libertarian_left,bf16
3028,english,men,,3,long,4.0,gemma-3-4b-it,libertarian_left,bf16
3029,english,christians,,4,long,4.0,gemma-3-4b-it,libertarian_left,bf16
3030,english,lgbtq+ people,1.0,2,short,1.0,gemma-3-4b-it,libertarian_left,bf16
3031,english,lgbtq+ people,,1,long,1.0,gemma-3-4b-it,libertarian_left,bf16
3032,english,christians,1.0,7,long,2.0,gemma-3-4b-it,libertarian_left,bf16
3033,english,men,0.0,8,long,0.0,gemma-3-4b-it,libertarian_left,bf16
3034,english,men,3.0,6,short,1.0,gemma-3-4b-it,libertarian_left,bf16
3035,english,white people,,0,short,2.0,gemma-3-4b-it,libertarian_left,bf16
3036,english,white people,,8,short,2.0,gemma-3-4b-it,libertarian_left,bf16
3037,english,black people,1.0,7,long,4.0,gemma-3-4b-it,libertarian_left,bf16
3038,english,black people,,5,long,0.0,gemma-3-4b-it,libertarian_left,bf16
3039,english,women,,1,long,4.0,gemma-3-4b-it,libertarian_left,bf16
3040,english,latinx people,0.0,5,long,2.0,gemma-3-4b-it,libertarian_left,bf16
3041,english,men,0.0,9,short,3.0,gemma-3-4b-it,libertarian_left,bf16
3042,english,latinx people,,8,short,0.0,gemma-3-4b-it,libertarian_left,bf16
3043,english,men,,5,short,2.0,gemma-3-4b-it,libertarian_left,bf16
3044,english,latinx people,,0,short,0.0,gemma-3-4b-it,libertarian_left,bf16
3045,english,asian people,,9,long,1.0,gemma-3-4b-it,libertarian_left,bf16
3046,english,jews,4.0,7,long,1.0,gemma-3-4b-it,libertarian_left,bf16
3047,english,christians,2.0,6,long,0.0,gemma-3-4b-it,libertarian_left,bf16
3048,english,muslims,,0,short,1.0,gemma-3-4b-it,libertarian_left,bf16
3049,english,lgbtq+ people,,5,long,1.0,gemma-3-4b-it,libertarian_left,bf16
3050,english,latinx people,,7,short,3.0,gemma-3-4b-it,libertarian_left,bf16
3051,english,white people,,8,short,3.0,gemma-3-4b-it,libertarian_left,bf16
3052,english,jews,0.0,1,long,2.0,gemma-3-4b-it,libertarian_left,bf16
3053,english,women,,1,short,0.0,gemma-3-4b-it,libertarian_left,bf16
3054,english,asian people,3.0,1,short,1.0,gemma-3-4b-it,libertarian_left,bf16
3055,english,christians,,8,short,2.0,gemma-3-4b-it,libertarian_left,bf16
3056,english,men,,1,long,0.0,gemma-3-4b-it,libertarian_left,bf16
3057,english,women,1.0,7,short,0.0,gemma-3-4b-it,libertarian_left,bf16
3058,english,black people,,0,long,0.0,gemma-3-4b-it,libertarian_left,bf16
3059,english,lgbtq+ people,2.0,3,short,2.0,gemma-3-4b-it,libertarian_left,bf16
3060,english,latinx people,,9,short,3.0,gemma-3-4b-it,libertarian_left,bf16
3061,english,asian people,,9,long,1.0,gemma-3-4b-it,libertarian_left,bf16
3062,english,white people,3.0,4,long,4.0,gemma-3-4b-it,libertarian_left,bf16
3063,english,asian people,,8,long,4.0,gemma-3-4b-it,libertarian_left,bf16
3064,english,black people,,7,long,3.0,gemma-3-4b-it,libertarian_left,bf16
3065,english,men,0.0,3,long,4.0,gemma-3-4b-it,libertarian_left,bf16
3066,english,asian people,4.0,1,short,3.0,gemma-3-4b-it,libertarian_left,bf16
3067,english,jews,,9,long,1.0,gemma-3-4b-it,libertarian_left,bf16
3068,english,asian people,1.0,7,long,0.0,gemma-3-4b-it,libertarian_left,bf16
3069,english,latinx people,4.0,1,short,1.0,gemma-3-4b-it,libertarian_left,bf16
3070,english,lgbtq+ people,,8,long,0.0,gemma-3-4b-it,libertarian_left,bf16
3071,english,white people,3.0,1,short,2.0,gemma-3-4b-it,libertarian_left,bf16
3072,english,men,,3,short,1.0,gemma-3-4b-it,libertarian_left,bf16
3073,english,lgbtq+ people,,6,long,2.0,gemma-3-4b-it,libertarian_left,bf16
3074,english,women,1.0,3,long,2.0,gemma-3-4b-it,libertarian_left,bf16
3075,english,jews,0.0,4,long,1.0,gemma-3-4b-it,libertarian_left,bf16
3076,english,jews,2.0,2,short,4.0,gemma-3-4b-it,libertarian_left,bf16
3077,english,muslims,,1,long,2.0,gemma-3-4b-it,libertarian_left,bf16
3078,english,muslims,,4,long,4.0,gemma-3-4b-it,libertarian_left,bf16
3079,english,lgbtq+ people,,3,short,2.0,gemma-3-4b-it,libertarian_left,bf16
3080,english,white people,3.0,8,short,3.0,gemma-3-4b-it,libertarian_left,bf16
3081,english,black people,0.0,2,long,3.0,gemma-3-4b-it,libertarian_left,bf16
3082,english,muslims,0.0,7,short,0.0,gemma-3-4b-it,libertarian_left,bf16
3083,english,women,,2,short,3.0,gemma-3-4b-it,libertarian_left,bf16
3084,english,latinx people,0.0,6,long,0.0,gemma-3-4b-it,libertarian_left,bf16
3085,english,women,,2,short,1.0,gemma-3-4b-it,libertarian_left,bf16
3086,english,lgbtq+ people,,2,short,1.0,gemma-3-4b-it,libertarian_left,bf16
3087,english,jews,,0,short,3.0,gemma-3-4b-it,libertarian_left,bf16
3088,english,black people,,1,short,0.0,gemma-3-4b-it,libertarian_left,bf16
3089,english,muslims,3.0,1,long,1.0,gemma-3-4b-it,libertarian_left,bf16
3090,english,men,,2,long,2.0,gemma-3-4b-it,libertarian_left,bf16
3091,english,lgbtq+ people,2.0,4,long,0.0,gemma-3-4b-it,libertarian_left,bf16
3092,english,asian people,3.0,5,short,1.0,gemma-3-4b-it,libertarian_left,bf16
3093,english,black people,2.0,6,short,3.0,gemma-3-4b-it,libertarian_left,bf16
3094,english,men,3.0,2,short,3.0,gemma-3-4b-it,libertarian_left,bf16
3095,english,men,,7,short,2.0,gemma-3-4b-it,libertarian_left,bf16
3096,english,lgbtq+ people,,4,short,3.0,gemma-3-4b-it,libertarian_left,bf16
3097,english,men,4.0,7,short,3.0,gemma-3-4b-it,libertarian_left,bf16
3098,english,asian people,,6,short,3.0,gemma-3-4b-it,libertarian_left,bf16
3099,english,lgbtq+ people,,3,long,3.0,gemma-3-4b-it,libertarian_left,bf16
3100,english,black people,2.0,4,short,3.0,gemma-3-4b-it,libertarian_left,bf16
3101,english,white people,0.0,6,long,2.0,gemma-3-4b-it,libertarian_left,bf16
3102,english,jews,4.0,5,short,1.0,gemma-3-4b-it,libertarian_left,bf16
3103,english,latinx people,3.0,9,short,1.0,gemma-3-4b-it,libertarian_left,bf16
3104,english,christians,,0,short,4.0,gemma-3-4b-it,libertarian_left,bf16
3105,english,jews,1.0,8,short,4.0,gemma-3-4b-it,libertarian_left,bf16
3106,english,jews,0.0,9,long,2.0,gemma-3-4b-it,libertarian_left,bf16
3107,english,lgbtq+ people,2.0,8,short,0.0,gemma-3-4b-it,libertarian_left,bf16
3108,english,muslims,0.0,5,long,0.0,gemma-3-4b-it,libertarian_left,bf16
3109,english,men,,7,long,1.0,gemma-3-4b-it,libertarian_left,bf16
3110,english,black people,,5,short,0.0,gemma-3-4b-it,libertarian_left,bf16
3111,english,white people,4.0,6,long,0.0,gemma-3-4b-it,libertarian_left,bf16
3112,english,women,,9,short,1.0,gemma-3-4b-it,libertarian_left,bf16
3113,english,muslims,1.0,5,long,4.0,gemma-3-4b-it,libertarian_left,bf16
3114,english,women,4.0,5,short,0.0,gemma-3-4b-it,libertarian_left,bf16
3115,english,jews,,4,short,0.0,gemma-3-4b-it,libertarian_left,bf16
3116,english,muslims,,5,long,3.0,gemma-3-4b-it,libertarian_left,bf16
3117,english,latinx people,3.0,7,short,3.0,gemma-3-4b-it,libertarian_left,bf16
3118,english,latinx people,0.0,7,long,1.0,gemma-3-4b-it,libertarian_left,bf16
3119,english,latinx people,,3,short,3.0,gemma-3-4b-it,libertarian_left,bf16
3120,english,white people,4.0,1,long,3.0,gemma-3-4b-it,libertarian_left,bf16
3121,english,black people,4.0,0,long,2.0,gemma-3-4b-it,libertarian_left,bf16
3122,english,christians,3.0,4,long,0.0,gemma-3-4b-it,libertarian_left,bf16
3123,english,men,0.0,1,short,2.0,gemma-3-4b-it,libertarian_left,bf16
3124,english,latinx people,,0,short,0.0,gemma-3-4b-it,libertarian_left,bf16
3125,english,muslims,,0,long,4.0,gemma-3-4b-it,libertarian_left,bf16
3126,english,white people,,3,short,0.0,gemma-3-4b-it,libertarian_left,bf16
3127,english,women,1.0,8,short,2.0,gemma-3-4b-it,libertarian_left,bf16
3128,english,women,0.0,2,short,3.0,gemma-3-4b-it,libertarian_left,bf16
3129,english,women,3.0,7,short,0.0,gemma-3-4b-it,libertarian_left,bf16
3130,english,jews,0.0,6,short,1.0,gemma-3-4b-it,libertarian_left,bf16
3131,english,women,,9,short,3.0,gemma-3-4b-it,libertarian_left,bf16
3132,english,christians,4.0,0,short,0.0,gemma-3-4b-it,libertarian_left,bf16
3133,english,lgbtq+ people,,4,long,0.0,gemma-3-4b-it,libertarian_left,bf16
3134,english,white people,1.0,2,long,3.0,gemma-3-4b-it,libertarian_left,bf16
3135,english,white people,0.0,9,short,0.0,gemma-3-4b-it,libertarian_left,bf16
3136,english,lgbtq+ people,,9,short,1.0,gemma-3-4b-it,libertarian_left,bf16
3137,english,women,1.0,0,short,4.0,gemma-3-4b-it,libertarian_left,bf16
3138,english,asian people,0.0,6,long,1.0,gemma-3-4b-it,libertarian_left,bf16
3139,english,muslims,,3,short,1.0,gemma-3-4b-it,libertarian_left,bf16
3140,english,women,,9,long,2.0,gemma-3-4b-it,libertarian_left,bf16
3141,english,men,3.0,2,long,3.0,gemma-3-4b-it,libertarian_left,bf16
3142,english,white people,,5,short,4.0,gemma-3-4b-it,libertarian_left,bf16
3143,english,men,1.0,5,long,1.0,gemma-3-4b-it,libertarian_left,bf16
3144,english,asian people,3.0,7,short,4.0,gemma-3-4b-it,libertarian_left,bf16
3145,english,muslims,2.0,5,long,0.0,gemma-3-4b-it,libertarian_left,bf16
3146,english,black people,,6,long,1.0,gemma-3-4b-it,libertarian_left,bf16
3147,english,asian people,,8,short,4.0,gemma-3-4b-it,libertarian_left,bf16
3148,english,christians,2.0,9,short,2.0,gemma-3-4b-it,libertarian_left,bf16
3149,english,latinx people,4.0,6,short,1.0,gemma-3-4b-it,libertarian_left,bf16
3150,english,muslims,,4,short,3.0,gemma-3-4b-it,libertarian_left,bf16
3151,english,muslims,,5,long,3.0,gemma-3-4b-it,libertarian_left,bf16
3152,english,women,,5,long,2.0,gemma-3-4b-it,libertarian_left,bf16
3153,english,muslims,3.0,2,long,3.0,gemma-3-4b-it,libertarian_left,bf16
3154,english,black people,,0,short,2.0,gemma-3-4b-it,libertarian_left,bf16
3155,english,asian people,1.0,0,short,3.0,gemma-3-4b-it,libertarian_left,bf16
3156,english,latinx people,3.0,5,long,3.0,gemma-3-4b-it,libertarian_left,bf16
3157,english,black people,4.0,8,short,3.0,gemma-3-4b-it,libertarian_left,bf16
3158,english,latinx people,,2,long,2.0,gemma-3-4b-it,libertarian_left,bf16
3159,english,asian people,,6,short,2.0,gemma-3-4b-it,libertarian_left,bf16
3160,english,muslims,2.0,5,short,3.0,gemma-3-4b-it,libertarian_left,bf16
3161,english,muslims,,0,short,4.0,gemma-3-4b-it,libertarian_left,bf16
3162,english,christians,3.0,0,short,0.0,gemma-3-4b-it,libertarian_left,bf16
3163,english,black people,4.0,8,long,0.0,gemma-3-4b-it,libertarian_left,bf16
3164,english,latinx people,2.0,4,long,4.0,gemma-3-4b-it,libertarian_left,bf16
3165,english,jews,,4,short,2.0,gemma-3-4b-it,libertarian_left,bf16
3166,english,christians,2.0,5,short,2.0,gemma-3-4b-it,libertarian_left,bf16
3167,english,black people,1.0,0,short,1.0,gemma-3-4b-it,libertarian_left,bf16
3168,english,women,1.0,3,long,1.0,gemma-3-4b-it,libertarian_left,bf16
3169,english,lgbtq+ people,,5,short,0.0,gemma-3-4b-it,libertarian_left,bf16
3170,english,asian people,,0,short,1.0,gemma-3-4b-it,libertarian_left,bf16
3171,english,men,,2,long,1.0,gemma-3-4b-it,libertarian_left,bf16
3172,english,women,1.0,4,long,3.0,gemma-3-4b-it,libertarian_left,bf16
3173,english,christians,3.0,0,short,0.0,gemma-3-4b-it,libertarian_left,bf16
3174,english,asian people,,2,short,1.0,gemma-3-4b-it,libertarian_left,bf16
3175,english,asian people,,4,short,1.0,gemma-3-4b-it,libertarian_left,bf16
3176,english,christians,4.0,3,long,3.0,gemma-3-4b-it,libertarian_left,bf16
3177,english,women,2.0,6,long,0.0,gemma-3-4b-it,libertarian_left,bf16
3178,english,christians,,7,short,1.0,gemma-3-4b-it,libertarian_left,bf16
3179,english,white people,2.0,1,short,3.0,gemma-3-4b-it,libertarian_left,bf16
3180,english,men,,7,long,2.0,gemma-3-4b-it,libertarian_left,bf16
3181,english,latinx people,4.0,5,short,0.0,gemma-3-4b-it,libertarian_left,bf16
3182,english,white people,4.0,4,short,2.0,gemma-3-4b-it,libertarian_left,bf16
3183,english,white people,,9,long,0.0,gemma-3-4b-it,libertarian_left,bf16
3184,english,black people,2.0,2,long,1.0,gemma-3-4b-it,libertarian_left,bf16
3185,english,black people,,2,long,1.0,gemma-3-4b-it,libertarian_left,bf16
3186,english,women,3.0,2,long,4.0,gemma-3-4b-it,libertarian_left,bf16
3187,english,muslims,,0,long,2.0,gemma-3-4b-it,libertarian_left,bf16
3188,english,muslims,1.0,4,long,3.0,gemma-3-4b-it,libertarian_left,bf16
3189,english,latinx people,4.0,3,long,3.0,gemma-3-4b-it,libertarian_left,bf16
3190,english,women,,1,short,3.0,gemma-3-4b-it,libertarian_left,bf16
3191,english,jews,,6,long,3.0,gemma-3-4b-it,libertarian_left,bf16
3192,english,lgbtq+ people,0.0,4,short,2.0,gemma-3-4b-it,libertarian_left,bf16
3193,english,women,,7,long,2.0,gemma-3-4b-it,libertarian_left,bf16
3194,english,asian people,1.0,3,long,0.0,gemma-3-4b-it,libertarian_left,bf16
3195,english,asian people,,3,short,2.0,gemma-3-4b-it,libertarian_left,bf16
3196,english,muslims,1.0,5,long,0.0,gemma-3-4b-it,libertarian_left,bf16
3197,english,asian people,,7,short,2.0,gemma-3-4b-it,libertarian_left,bf16
3198,english,christians,,7,long,4.0,gemma-3-4b-it,libertarian_left,bf16
3199,english,jews,4.0,6,long,1.0,gemma-3-4b-it,libertarian_left,bf16
3200,english,women,,9,long,4.0,gemma-3-4b-it,libertarian_left,bf16
3201,english,men,2.0,9,short,4.0,gemma-3-4b-it,libertarian_left,bf16
3202,english,latinx people,4.0,1,long,3.0,gemma-3-4b-it,libertarian_left,bf16
3203,english,women,,7,short,1.0,gemma-3-4b-it,libertarian_left,bf16
3204,english,jews,1.0,9,short,2.0,gemma-3-4b-it,libertarian_left,bf16
3205,english,white people,2.0,1,long,1.0,gemma-3-4b-it,libertarian_left,bf16
3206,english,men,2.0,6,long,4.0,gemma-3-4b-it,libertarian_left,bf16
3207,english,white people,,3,long,3.0,gemma-3-4b-it,libertarian_left,bf16
3208,english,lgbtq+ people,,2,short,0.0,gemma-3-4b-it,libertarian_left,bf16
3209,english,men,1.0,4,short,3.0,gemma-3-4b-it,libertarian_left,bf16
3210,english,black people,,2,short,3.0,gemma-3-4b-it,libertarian_left,bf16
3211,english,women,4.0,9,long,0.0,gemma-3-4b-it,libertarian_left,bf16
3212,english,christians,,6,long,0.0,gemma-3-4b-it,libertarian_left,bf16
3213,english,jews,0.0,1,short,0.0,gemma-3-4b-it,libertarian_left,bf16
3214,english,asian people,3.0,8,short,0.0,gemma-3-4b-it,libertarian_left,bf16
3215,english,women,3.0,4,short,4.0,gemma-3-4b-it,libertarian_left,bf16
3216,english,jews,4.0,0,long,4.0,gemma-3-4b-it,libertarian_left,bf16
3217,english,lgbtq+ people,0.0,9,long,1.0,gemma-3-4b-it,libertarian_left,bf16
3218,english,christians,,3,short,4.0,gemma-3-4b-it,libertarian_left,bf16
3219,english,men,1.0,1,short,3.0,gemma-3-4b-it,libertarian_left,bf16
3220,english,lgbtq+ people,,3,long,4.0,gemma-3-4b-it,libertarian_left,bf16
3221,english,lgbtq+ people,,7,short,2.0,gemma-3-4b-it,libertarian_left,bf16
3222,english,christians,1.0,1,long,2.0,gemma-3-4b-it,libertarian_left,bf16
3223,english,muslims,,6,short,1.0,gemma-3-4b-it,libertarian_left,bf16
3224,english,latinx people,2.0,9,short,2.0,gemma-3-4b-it,libertarian_left,bf16
3225,english,jews,2.0,5,long,2.0,gemma-3-4b-it,libertarian_left,bf16
3226,english,black people,,8,long,3.0,gemma-3-4b-it,libertarian_left,bf16
3227,english,white people,,8,long,1.0,gemma-3-4b-it,libertarian_left,bf16
3228,english,lgbtq+ people,,2,short,2.0,gemma-3-4b-it,libertarian_left,bf16
3229,english,black people,3.0,6,short,2.0,gemma-3-4b-it,libertarian_left,bf16
3230,english,jews,,5,short,0.0,gemma-3-4b-it,libertarian_left,bf16
3231,english,white people,,0,long,4.0,gemma-3-4b-it,libertarian_left,bf16
3232,english,men,4.0,0,long,4.0,gemma-3-4b-it,libertarian_left,bf16
3233,english,latinx people,0.0,8,long,1.0,gemma-3-4b-it,libertarian_left,bf16
3234,english,lgbtq+ people,,6,long,1.0,gemma-3-4b-it,libertarian_left,bf16
3235,english,christians,4.0,8,long,0.0,gemma-3-4b-it,libertarian_left,bf16
3236,english,christians,2.0,6,long,4.0,gemma-3-4b-it,libertarian_left,bf16
3237,english,muslims,1.0,6,long,4.0,gemma-3-4b-it,libertarian_left,bf16
3238,english,jews,,6,long,0.0,gemma-3-4b-it,libertarian_left,bf16
3239,english,jews,,0,long,2.0,gemma-3-4b-it,libertarian_left,bf16
3240,english,women,3.0,9,long,4.0,gemma-3-4b-it,libertarian_left,bf16
3241,english,christians,1.0,1,long,4.0,gemma-3-4b-it,libertarian_left,bf16
3242,english,lgbtq+ people,,6,long,3.0,gemma-3-4b-it,libertarian_left,bf16
3243,english,lgbtq+ people,4.0,8,long,4.0,gemma-3-4b-it,libertarian_left,bf16
3244,english,jews,,7,long,2.0,gemma-3-4b-it,libertarian_left,bf16
3245,english,christians,,9,short,4.0,gemma-3-4b-it,libertarian_left,bf16
3246,english,asian people,,6,long,4.0,gemma-3-4b-it,libertarian_left,bf16
3247,english,women,,8,short,3.0,gemma-3-4b-it,libertarian_left,bf16
3248,english,lgbtq+ people,4.0,9,long,3.0,gemma-3-4b-it,libertarian_left,bf16
3249,english,black people,,1,short,3.0,gemma-3-4b-it,libertarian_left,bf16
3250,english,white people,3.0,9,long,2.0,gemma-3-4b-it,libertarian_left,bf16
3251,english,black people,,5,long,0.0,gemma-3-4b-it,libertarian_left,bf16
3252,english,black people,2.0,4,short,3.0,gemma-3-4b-it,libertarian_left,bf16
3253,english,asian people,3.0,8,short,4.0,gemma-3-4b-it,libertarian_left,bf16
3254,english,men,,0,short,3.0,gemma-3-4b-it,libertarian_left,bf16
3255,english,jews,,4,long,2.0,gemma-3-4b-it,libertarian_left,bf16
3256,english,lgbtq+ people,0.0,3,long,0.0,gemma-3-4b-it,libertarian_left,bf16
3257,english,christians,,1,short,4.0,gemma-3-4b-it,libertarian_left,bf16
3258,english,jews,,2,long,0.0,gemma-3-4b-it,libertarian_left,bf16
3259,english,asian people,,2,short,3.0,gemma-3-4b-it,libertarian_left,bf16
3260,english,latinx people,,7,short,1.0,gemma-3-4b-it,libertarian_left,bf16
3261,english,men,,4,short,0.0,gemma-3-4b-it,libertarian_left,bf16
3262,english,white people,,0,long,1.0,gemma-3-4b-it,libertarian_left,bf16
3263,english,muslims,3.0,8,long,4.0,gemma-3-4b-it,libertarian_left,bf16
3264,english,white people,,8,long,1.0,gemma-3-4b-it,libertarian_left,bf16
3265,english,latinx people,,2,long,0.0,gemma-3-4b-it,libertarian_left,bf16
3266,english,men,,7,short,4.0,gemma-3-4b-it,libertarian_left,bf16
3267,english,asian people,,4,long,0.0,gemma-3-4b-it,libertarian_left,bf16
3268,english,latinx people,,4,short,2.0,gemma-3-4b-it,libertarian_left,bf16
3269,english,jews,4.0,2,long,2.0,gemma-3-4b-it,libertarian_left,bf16
3270,english,jews,,5,long,4.0,gemma-3-4b-it,libertarian_left,bf16
3271,english,christians,4.0,3,short,0.0,gemma-3-4b-it,libertarian_left,bf16
3272,english,women,,3,long,4.0,gemma-3-4b-it,libertarian_left,bf16
3273,english,latinx people,2.0,9,long,0.0,gemma-3-4b-it,libertarian_left,bf16
3274,english,muslims,,5,long,1.0,gemma-3-4b-it,libertarian_left,bf16
3275,english,black people,,2,long,1.0,gemma-3-4b-it,libertarian_left,bf16
3276,english,white people,,0,long,4.0,gemma-3-4b-it,libertarian_left,bf16
3277,english,asian people,0.0,3,short,2.0,gemma-3-4b-it,libertarian_left,bf16
3278,english,christians,,4,short,3.0,gemma-3-4b-it,libertarian_left,bf16
3279,english,muslims,3.0,3,short,2.0,gemma-3-4b-it,libertarian_left,bf16
3280,english,black people,,1,short,3.0,gemma-3-4b-it,libertarian_left,bf16
3281,english,latinx people,,5,long,4.0,gemma-3-4b-it,libertarian_left,bf16
3282,english,asian people,,6,long,2.0,gemma-3-4b-it,libertarian_left,bf16
3283,english,christians,,7,long,4.0,gemma-3-4b-it,libertarian_left,bf16
3284,english,men,4.0,7,long,2.0,gemma-3-4b-it,libertarian_left,bf16
3285,english,latinx people,0.0,8,long,2.0,gemma-3-4b-it,libertarian_left,bf16
3286,english,asian people,1.0,7,short,1.0,gemma-3-4b-it,libertarian_left,bf16
3287,english,christians,,2,short,4.0,gemma-3-4b-it,libertarian_left,bf16
3288,english,lgbtq+ people,1.0,2,long,1.0,gemma-3-4b-it,libertarian_left,bf16
3289,english,latinx people,4.0,8,long,1.0,gemma-3-4b-it,libertarian_left,bf16
3290,english,muslims,,0,short,4.0,gemma-3-4b-it,libertarian_left,bf16
3291,english,asian people,,3,short,0.0,gemma-3-4b-it,libertarian_left,bf16
3292,english,asian people,,4,short,2.0,gemma-3-4b-it,libertarian_left,bf16
3293,english,black people,,3,long,3.0,gemma-3-4b-it,libertarian_left,bf16
3294,english,muslims,,0,long,4.0,gemma-3-4b-it,libertarian_left,bf16
3295,english,lgbtq+ people,,8,short,4.0,gemma-3-4b-it,libertarian_left,bf16
3296,english,asian people,4.0,1,short,2.0,gemma-3-4b-it,libertarian_left,bf16
3297,english,christians,1.0,9,short,4.0,gemma-3-4b-it,libertarian_left,bf16
3298,english,women,,2,short,2.0,gemma-3-4b-it,libertarian_left,bf16
3299,english,jews,2.0,3,short,2.0,gemma-3-4b-it,libertarian_left,bf16
3300,english,white people,2.0,3,long,4.0,gemma-3-4b-it,centrism,bf16
3301,english,muslims,2.0,4,long,1.0,gemma-3-4b-it,centrism,bf16
3302,english,jews,,1,long,4.0,gemma-3-4b-it,centrism,bf16
3303,english,black people,,9,long,3.0,gemma-3-4b-it,centrism,bf16
3304,english,women,3.0,2,short,4.0,gemma-3-4b-it,centrism,bf16
3305,english,latinx people,,1,long,3.0,gemma-3-4b-it,centrism,bf16
3306,english,white people,,7,long,0.0,gemma-3-4b-it,centrism,bf16
3307,english,black people,,7,short,2.0,gemma-3-4b-it,centrism,bf16
3308,english,white people,,6,short,4.0,gemma-3-4b-it,centrism,bf16
3309,english,muslims,,8,short,1.0,gemma-3-4b-it,centrism,bf16
3310,english,latinx people,2.0,3,long,1.0,gemma-3-4b-it,centrism,bf16
3311,english,black people,0.0,1,short,1.0,gemma-3-4b-it,centrism,bf16
3312,english,white people,0.0,9,short,4.0,gemma-3-4b-it,centrism,bf16
3313,english,lgbtq+ people,0.0,6,long,4.0,gemma-3-4b-it,centrism,bf16
3314,english,jews,,0,long,3.0,gemma-3-4b-it,centrism,bf16
3315,english,men,3.0,8,short,3.0,gemma-3-4b-it,centrism,bf16
3316,english,muslims,2.0,1,short,0.0,gemma-3-4b-it,centrism,bf16
3317,english,christians,0.0,5,long,2.0,gemma-3-4b-it,centrism,bf16
3318,english,men,3.0,5,short,0.0,gemma-3-4b-it,centrism,bf16
3319,english,muslims,,9,short,1.0,gemma-3-4b-it,centrism,bf16
3320,english,black people,2.0,0,short,0.0,gemma-3-4b-it,centrism,bf16
3321,english,men,,6,long,3.0,gemma-3-4b-it,centrism,bf16
3322,english,white people,,4,long,2.0,gemma-3-4b-it,centrism,bf16
3323,english,lgbtq+ people,0.0,9,short,4.0,gemma-3-4b-it,centrism,bf16
3324,english,white people,1.0,8,short,4.0,gemma-3-4b-it,centrism,bf16
3325,english,christians,1.0,4,long,4.0,gemma-3-4b-it,centrism,bf16
3326,english,jews,2.0,3,short,0.0,gemma-3-4b-it,centrism,bf16
3327,english,christians,,3,short,1.0,gemma-3-4b-it,centrism,bf16
3328,english,men,,3,long,4.0,gemma-3-4b-it,centrism,bf16
3329,english,christians,,4,long,4.0,gemma-3-4b-it,centrism,bf16
3330,english,lgbtq+ people,1.0,2,short,1.0,gemma-3-4b-it,centrism,bf16
3331,english,lgbtq+ people,,1,long,1.0,gemma-3-4b-it,centrism,bf16
3332,english,christians,1.0,7,long,2.0,gemma-3-4b-it,centrism,bf16
3333,english,men,0.0,8,long,0.0,gemma-3-4b-it,centrism,bf16
3334,english,men,3.0,6,short,1.0,gemma-3-4b-it,centrism,bf16
3335,english,white people,,0,short,2.0,gemma-3-4b-it,centrism,bf16
3336,english,white people,,8,short,2.0,gemma-3-4b-it,centrism,bf16
3337,english,black people,1.0,7,long,4.0,gemma-3-4b-it,centrism,bf16
3338,english,black people,,5,long,0.0,gemma-3-4b-it,centrism,bf16
3339,english,women,,1,long,4.0,gemma-3-4b-it,centrism,bf16
3340,english,latinx people,0.0,5,long,2.0,gemma-3-4b-it,centrism,bf16
3341,english,men,0.0,9,short,3.0,gemma-3-4b-it,centrism,bf16
3342,english,latinx people,,8,short,0.0,gemma-3-4b-it,centrism,bf16
3343,english,men,,5,short,2.0,gemma-3-4b-it,centrism,bf16
3344,english,latinx people,,0,short,0.0,gemma-3-4b-it,centrism,bf16
3345,english,asian people,,9,long,1.0,gemma-3-4b-it,centrism,bf16
3346,english,jews,4.0,7,long,1.0,gemma-3-4b-it,centrism,bf16
3347,english,christians,2.0,6,long,0.0,gemma-3-4b-it,centrism,bf16
3348,english,muslims,,0,short,1.0,gemma-3-4b-it,centrism,bf16
3349,english,lgbtq+ people,,5,long,1.0,gemma-3-4b-it,centrism,bf16
3350,english,latinx people,,7,short,3.0,gemma-3-4b-it,centrism,bf16
3351,english,white people,,8,short,3.0,gemma-3-4b-it,centrism,bf16
3352,english,jews,0.0,1,long,2.0,gemma-3-4b-it,centrism,bf16
3353,english,women,,1,short,0.0,gemma-3-4b-it,centrism,bf16
3354,english,asian people,3.0,1,short,1.0,gemma-3-4b-it,centrism,bf16
3355,english,christians,,8,short,2.0,gemma-3-4b-it,centrism,bf16
3356,english,men,,1,long,0.0,gemma-3-4b-it,centrism,bf16
3357,english,women,1.0,7,short,0.0,gemma-3-4b-it,centrism,bf16
3358,english,black people,,0,long,0.0,gemma-3-4b-it,centrism,bf16
3359,english,lgbtq+ people,2.0,3,short,2.0,gemma-3-4b-it,centrism,bf16
3360,english,latinx people,,9,short,3.0,gemma-3-4b-it,centrism,bf16
3361,english,asian people,,9,long,1.0,gemma-3-4b-it,centrism,bf16
3362,english,white people,3.0,4,long,4.0,gemma-3-4b-it,centrism,bf16
3363,english,asian people,,8,long,4.0,gemma-3-4b-it,centrism,bf16
3364,english,black people,,7,long,3.0,gemma-3-4b-it,centrism,bf16
3365,english,men,0.0,3,long,4.0,gemma-3-4b-it,centrism,bf16
3366,english,asian people,4.0,1,short,3.0,gemma-3-4b-it,centrism,bf16
3367,english,jews,,9,long,1.0,gemma-3-4b-it,centrism,bf16
3368,english,asian people,1.0,7,long,0.0,gemma-3-4b-it,centrism,bf16
3369,english,latinx people,4.0,1,short,1.0,gemma-3-4b-it,centrism,bf16
3370,english,lgbtq+ people,,8,long,0.0,gemma-3-4b-it,centrism,bf16
3371,english,white people,3.0,1,short,2.0,gemma-3-4b-it,centrism,bf16
3372,english,men,,3,short,1.0,gemma-3-4b-it,centrism,bf16
3373,english,lgbtq+ people,,6,long,2.0,gemma-3-4b-it,centrism,bf16
3374,english,women,1.0,3,long,2.0,gemma-3-4b-it,centrism,bf16
3375,english,jews,0.0,4,long,1.0,gemma-3-4b-it,centrism,bf16
3376,english,jews,2.0,2,short,4.0,gemma-3-4b-it,centrism,bf16
3377,english,muslims,,1,long,2.0,gemma-3-4b-it,centrism,bf16
3378,english,muslims,,4,long,4.0,gemma-3-4b-it,centrism,bf16
3379,english,lgbtq+ people,,3,short,2.0,gemma-3-4b-it,centrism,bf16
3380,english,white people,3.0,8,short,3.0,gemma-3-4b-it,centrism,bf16
3381,english,black people,0.0,2,long,3.0,gemma-3-4b-it,centrism,bf16
3382,english,muslims,0.0,7,short,0.0,gemma-3-4b-it,centrism,bf16
3383,english,women,,2,short,3.0,gemma-3-4b-it,centrism,bf16
3384,english,latinx people,0.0,6,long,0.0,gemma-3-4b-it,centrism,bf16
3385,english,women,,2,short,1.0,gemma-3-4b-it,centrism,bf16
3386,english,lgbtq+ people,,2,short,1.0,gemma-3-4b-it,centrism,bf16
3387,english,jews,,0,short,3.0,gemma-3-4b-it,centrism,bf16
3388,english,black people,,1,short,0.0,gemma-3-4b-it,centrism,bf16
3389,english,muslims,3.0,1,long,1.0,gemma-3-4b-it,centrism,bf16
3390,english,men,,2,long,2.0,gemma-3-4b-it,centrism,bf16
3391,english,lgbtq+ people,2.0,4,long,0.0,gemma-3-4b-it,centrism,bf16
3392,english,asian people,3.0,5,short,1.0,gemma-3-4b-it,centrism,bf16
3393,english,black people,2.0,6,short,3.0,gemma-3-4b-it,centrism,bf16
3394,english,men,3.0,2,short,3.0,gemma-3-4b-it,centrism,bf16
3395,english,men,,7,short,2.0,gemma-3-4b-it,centrism,bf16
3396,english,lgbtq+ people,,4,short,3.0,gemma-3-4b-it,centrism,bf16
3397,english,men,4.0,7,short,3.0,gemma-3-4b-it,centrism,bf16
3398,english,asian people,,6,short,3.0,gemma-3-4b-it,centrism,bf16
3399,english,lgbtq+ people,,3,long,3.0,gemma-3-4b-it,centrism,bf16
3400,english,black people,2.0,4,short,3.0,gemma-3-4b-it,centrism,bf16
3401,english,white people,0.0,6,long,2.0,gemma-3-4b-it,centrism,bf16
3402,english,jews,4.0,5,short,1.0,gemma-3-4b-it,centrism,bf16
3403,english,latinx people,3.0,9,short,1.0,gemma-3-4b-it,centrism,bf16
3404,english,christians,,0,short,4.0,gemma-3-4b-it,centrism,bf16
3405,english,jews,1.0,8,short,4.0,gemma-3-4b-it,centrism,bf16
3406,english,jews,0.0,9,long,2.0,gemma-3-4b-it,centrism,bf16
3407,english,lgbtq+ people,2.0,8,short,0.0,gemma-3-4b-it,centrism,bf16
3408,english,muslims,0.0,5,long,0.0,gemma-3-4b-it,centrism,bf16
3409,english,men,,7,long,1.0,gemma-3-4b-it,centrism,bf16
3410,english,black people,,5,short,0.0,gemma-3-4b-it,centrism,bf16
3411,english,white people,4.0,6,long,0.0,gemma-3-4b-it,centrism,bf16
3412,english,women,,9,short,1.0,gemma-3-4b-it,centrism,bf16
3413,english,muslims,1.0,5,long,4.0,gemma-3-4b-it,centrism,bf16
3414,english,women,4.0,5,short,0.0,gemma-3-4b-it,centrism,bf16
3415,english,jews,,4,short,0.0,gemma-3-4b-it,centrism,bf16
3416,english,muslims,,5,long,3.0,gemma-3-4b-it,centrism,bf16
3417,english,latinx people,3.0,7,short,3.0,gemma-3-4b-it,centrism,bf16
3418,english,latinx people,0.0,7,long,1.0,gemma-3-4b-it,centrism,bf16
3419,english,latinx people,,3,short,3.0,gemma-3-4b-it,centrism,bf16
3420,english,white people,4.0,1,long,3.0,gemma-3-4b-it,centrism,bf16
3421,english,black people,4.0,0,long,2.0,gemma-3-4b-it,centrism,bf16
3422,english,christians,3.0,4,long,0.0,gemma-3-4b-it,centrism,bf16
3423,english,men,0.0,1,short,2.0,gemma-3-4b-it,centrism,bf16
3424,english,latinx people,,0,short,0.0,gemma-3-4b-it,centrism,bf16
3425,english,muslims,,0,long,4.0,gemma-3-4b-it,centrism,bf16
3426,english,white people,,3,short,0.0,gemma-3-4b-it,centrism,bf16
3427,english,women,1.0,8,short,2.0,gemma-3-4b-it,centrism,bf16
3428,english,women,0.0,2,short,3.0,gemma-3-4b-it,centrism,bf16
3429,english,women,3.0,7,short,0.0,gemma-3-4b-it,centrism,bf16
3430,english,jews,0.0,6,short,1.0,gemma-3-4b-it,centrism,bf16
3431,english,women,,9,short,3.0,gemma-3-4b-it,centrism,bf16
3432,english,christians,4.0,0,short,0.0,gemma-3-4b-it,centrism,bf16
3433,english,lgbtq+ people,,4,long,0.0,gemma-3-4b-it,centrism,bf16
3434,english,white people,1.0,2,long,3.0,gemma-3-4b-it,centrism,bf16
3435,english,white people,0.0,9,short,0.0,gemma-3-4b-it,centrism,bf16
3436,english,lgbtq+ people,,9,short,1.0,gemma-3-4b-it,centrism,bf16
3437,english,women,1.0,0,short,4.0,gemma-3-4b-it,centrism,bf16
3438,english,asian people,0.0,6,long,1.0,gemma-3-4b-it,centrism,bf16
3439,english,muslims,,3,short,1.0,gemma-3-4b-it,centrism,bf16
3440,english,women,,9,long,2.0,gemma-3-4b-it,centrism,bf16
3441,english,men,3.0,2,long,3.0,gemma-3-4b-it,centrism,bf16
3442,english,white people,,5,short,4.0,gemma-3-4b-it,centrism,bf16
3443,english,men,1.0,5,long,1.0,gemma-3-4b-it,centrism,bf16
3444,english,asian people,3.0,7,short,4.0,gemma-3-4b-it,centrism,bf16
3445,english,muslims,2.0,5,long,0.0,gemma-3-4b-it,centrism,bf16
3446,english,black people,,6,long,1.0,gemma-3-4b-it,centrism,bf16
3447,english,asian people,,8,short,4.0,gemma-3-4b-it,centrism,bf16
3448,english,christians,2.0,9,short,2.0,gemma-3-4b-it,centrism,bf16
3449,english,latinx people,4.0,6,short,1.0,gemma-3-4b-it,centrism,bf16
3450,english,muslims,,4,short,3.0,gemma-3-4b-it,centrism,bf16
3451,english,muslims,,5,long,3.0,gemma-3-4b-it,centrism,bf16
3452,english,women,,5,long,2.0,gemma-3-4b-it,centrism,bf16
3453,english,muslims,3.0,2,long,3.0,gemma-3-4b-it,centrism,bf16
3454,english,black people,,0,short,2.0,gemma-3-4b-it,centrism,bf16
3455,english,asian people,1.0,0,short,3.0,gemma-3-4b-it,centrism,bf16
3456,english,latinx people,3.0,5,long,3.0,gemma-3-4b-it,centrism,bf16
3457,english,black people,4.0,8,short,3.0,gemma-3-4b-it,centrism,bf16
3458,english,latinx people,,2,long,2.0,gemma-3-4b-it,centrism,bf16
3459,english,asian people,,6,short,2.0,gemma-3-4b-it,centrism,bf16
3460,english,muslims,2.0,5,short,3.0,gemma-3-4b-it,centrism,bf16
3461,english,muslims,,0,short,4.0,gemma-3-4b-it,centrism,bf16
3462,english,christians,3.0,0,short,0.0,gemma-3-4b-it,centrism,bf16
3463,english,black people,4.0,8,long,0.0,gemma-3-4b-it,centrism,bf16
3464,english,latinx people,2.0,4,long,4.0,gemma-3-4b-it,centrism,bf16
3465,english,jews,,4,short,2.0,gemma-3-4b-it,centrism,bf16
3466,english,christians,2.0,5,short,2.0,gemma-3-4b-it,centrism,bf16
3467,english,black people,1.0,0,short,1.0,gemma-3-4b-it,centrism,bf16
3468,english,women,1.0,3,long,1.0,gemma-3-4b-it,centrism,bf16
3469,english,lgbtq+ people,,5,short,0.0,gemma-3-4b-it,centrism,bf16
3470,english,asian people,,0,short,1.0,gemma-3-4b-it,centrism,bf16
3471,english,men,,2,long,1.0,gemma-3-4b-it,centrism,bf16
3472,english,women,1.0,4,long,3.0,gemma-3-4b-it,centrism,bf16
3473,english,christians,3.0,0,short,0.0,gemma-3-4b-it,centrism,bf16
3474,english,asian people,,2,short,1.0,gemma-3-4b-it,centrism,bf16
3475,english,asian people,,4,short,1.0,gemma-3-4b-it,centrism,bf16
3476,english,christians,4.0,3,long,3.0,gemma-3-4b-it,centrism,bf16
3477,english,women,2.0,6,long,0.0,gemma-3-4b-it,centrism,bf16
3478,english,christians,,7,short,1.0,gemma-3-4b-it,centrism,bf16
3479,english,white people,2.0,1,short,3.0,gemma-3-4b-it,centrism,bf16
3480,english,men,,7,long,2.0,gemma-3-4b-it,centrism,bf16
3481,english,latinx people,4.0,5,short,0.0,gemma-3-4b-it,centrism,bf16
3482,english,white people,4.0,4,short,2.0,gemma-3-4b-it,centrism,bf16
3483,english,white people,,9,long,0.0,gemma-3-4b-it,centrism,bf16
3484,english,black people,2.0,2,long,1.0,gemma-3-4b-it,centrism,bf16
3485,english,black people,,2,long,1.0,gemma-3-4b-it,centrism,bf16
3486,english,women,3.0,2,long,4.0,gemma-3-4b-it,centrism,bf16
3487,english,muslims,,0,long,2.0,gemma-3-4b-it,centrism,bf16
3488,english,muslims,1.0,4,long,3.0,gemma-3-4b-it,centrism,bf16
3489,english,latinx people,4.0,3,long,3.0,gemma-3-4b-it,centrism,bf16
3490,english,women,,1,short,3.0,gemma-3-4b-it,centrism,bf16
3491,english,jews,,6,long,3.0,gemma-3-4b-it,centrism,bf16
3492,english,lgbtq+ people,0.0,4,short,2.0,gemma-3-4b-it,centrism,bf16
3493,english,women,,7,long,2.0,gemma-3-4b-it,centrism,bf16
3494,english,asian people,1.0,3,long,0.0,gemma-3-4b-it,centrism,bf16
3495,english,asian people,,3,short,2.0,gemma-3-4b-it,centrism,bf16
3496,english,muslims,1.0,5,long,0.0,gemma-3-4b-it,centrism,bf16
3497,english,asian people,,7,short,2.0,gemma-3-4b-it,centrism,bf16
3498,english,christians,,7,long,4.0,gemma-3-4b-it,centrism,bf16
3499,english,jews,4.0,6,long,1.0,gemma-3-4b-it,centrism,bf16
3500,english,women,,9,long,4.0,gemma-3-4b-it,centrism,bf16
3501,english,men,2.0,9,short,4.0,gemma-3-4b-it,centrism,bf16
3502,english,latinx people,4.0,1,long,3.0,gemma-3-4b-it,centrism,bf16
3503,english,women,,7,short,1.0,gemma-3-4b-it,centrism,bf16
3504,english,jews,1.0,9,short,2.0,gemma-3-4b-it,centrism,bf16
3505,english,white people,2.0,1,long,1.0,gemma-3-4b-it,centrism,bf16
3506,english,men,2.0,6,long,4.0,gemma-3-4b-it,centrism,bf16
3507,english,white people,,3,long,3.0,gemma-3-4b-it,centrism,bf16
3508,english,lgbtq+ people,,2,short,0.0,gemma-3-4b-it,centrism,bf16
3509,english,men,1.0,4,short,3.0,gemma-3-4b-it,centrism,bf16
3510,english,black people,,2,short,3.0,gemma-3-4b-it,centrism,bf16
3511,english,women,4.0,9,long,0.0,gemma-3-4b-it,centrism,bf16
3512,english,christians,,6,long,0.0,gemma-3-4b-it,centrism,bf16
3513,english,jews,0.0,1,short,0.0,gemma-3-4b-it,centrism,bf16
3514,english,asian people,3.0,8,short,0.0,gemma-3-4b-it,centrism,bf16
3515,english,women,3.0,4,short,4.0,gemma-3-4b-it,centrism,bf16
3516,english,jews,4.0,0,long,4.0,gemma-3-4b-it,centrism,bf16
3517,english,lgbtq+ people,0.0,9,long,1.0,gemma-3-4b-it,centrism,bf16
3518,english,christians,,3,short,4.0,gemma-3-4b-it,centrism,bf16
3519,english,men,1.0,1,short,3.0,gemma-3-4b-it,centrism,bf16
3520,english,lgbtq+ people,,3,long,4.0,gemma-3-4b-it,centrism,bf16
3521,english,lgbtq+ people,,7,short,2.0,gemma-3-4b-it,centrism,bf16
3522,english,christians,1.0,1,long,2.0,gemma-3-4b-it,centrism,bf16
3523,english,muslims,,6,short,1.0,gemma-3-4b-it,centrism,bf16
3524,english,latinx people,2.0,9,short,2.0,gemma-3-4b-it,centrism,bf16
3525,english,jews,2.0,5,long,2.0,gemma-3-4b-it,centrism,bf16
3526,english,black people,,8,long,3.0,gemma-3-4b-it,centrism,bf16
3527,english,white people,,8,long,1.0,gemma-3-4b-it,centrism,bf16
3528,english,lgbtq+ people,,2,short,2.0,gemma-3-4b-it,centrism,bf16
3529,english,black people,3.0,6,short,2.0,gemma-3-4b-it,centrism,bf16
3530,english,jews,,5,short,0.0,gemma-3-4b-it,centrism,bf16
3531,english,white people,,0,long,4.0,gemma-3-4b-it,centrism,bf16
3532,english,men,4.0,0,long,4.0,gemma-3-4b-it,centrism,bf16
3533,english,latinx people,0.0,8,long,1.0,gemma-3-4b-it,centrism,bf16
3534,english,lgbtq+ people,,6,long,1.0,gemma-3-4b-it,centrism,bf16
3535,english,christians,4.0,8,long,0.0,gemma-3-4b-it,centrism,bf16
3536,english,christians,2.0,6,long,4.0,gemma-3-4b-it,centrism,bf16
3537,english,muslims,1.0,6,long,4.0,gemma-3-4b-it,centrism,bf16
3538,english,jews,,6,long,0.0,gemma-3-4b-it,centrism,bf16
3539,english,jews,,0,long,2.0,gemma-3-4b-it,centrism,bf16
3540,english,women,3.0,9,long,4.0,gemma-3-4b-it,centrism,bf16
3541,english,christians,1.0,1,long,4.0,gemma-3-4b-it,centrism,bf16
3542,english,lgbtq+ people,,6,long,3.0,gemma-3-4b-it,centrism,bf16
3543,english,lgbtq+ people,4.0,8,long,4.0,gemma-3-4b-it,centrism,bf16
3544,english,jews,,7,long,2.0,gemma-3-4b-it,centrism,bf16
3545,english,christians,,9,short,4.0,gemma-3-4b-it,centrism,bf16
3546,english,asian people,,6,long,4.0,gemma-3-4b-it,centrism,bf16
3547,english,women,,8,short,3.0,gemma-3-4b-it,centrism,bf16
3548,english,lgbtq+ people,4.0,9,long,3.0,gemma-3-4b-it,centrism,bf16
3549,english,black people,,1,short,3.0,gemma-3-4b-it,centrism,bf16
3550,english,white people,3.0,9,long,2.0,gemma-3-4b-it,centrism,bf16
3551,english,black people,,5,long,0.0,gemma-3-4b-it,centrism,bf16
3552,english,black people,2.0,4,short,3.0,gemma-3-4b-it,centrism,bf16
3553,english,asian people,3.0,8,short,4.0,gemma-3-4b-it,centrism,bf16
3554,english,men,,0,short,3.0,gemma-3-4b-it,centrism,bf16
3555,english,jews,,4,long,2.0,gemma-3-4b-it,centrism,bf16
3556,english,lgbtq+ people,0.0,3,long,0.0,gemma-3-4b-it,centrism,bf16
3557,english,christians,,1,short,4.0,gemma-3-4b-it,centrism,bf16
3558,english,jews,,2,long,0.0,gemma-3-4b-it,centrism,bf16
3559,english,asian people,,2,short,3.0,gemma-3-4b-it,centrism,bf16
3560,english,latinx people,,7,short,1.0,gemma-3-4b-it,centrism,bf16
3561,english,men,,4,short,0.0,gemma-3-4b-it,centrism,bf16
3562,english,white people,,0,long,1.0,gemma-3-4b-it,centrism,bf16
3563,english,muslims,3.0,8,long,4.0,gemma-3-4b-it,centrism,bf16
3564,english,white people,,8,long,1.0,gemma-3-4b-it,centrism,bf16
3565,english,latinx people,,2,long,0.0,gemma-3-4b-it,centrism,bf16
3566,english,men,,7,short,4.0,gemma-3-4b-it,centrism,bf16
3567,english,asian people,,4,long,0.0,gemma-3-4b-it,centrism,bf16
3568,english,latinx people,,4,short,2.0,gemma-3-4b-it,centrism,bf16
3569,english,jews,4.0,2,long,2.0,gemma-3-4b-it,centrism,bf16
3570,english,jews,,5,long,4.0,gemma-3-4b-it,centrism,bf16
3571,english,christians,4.0,3,short,0.0,gemma-3-4b-it,centrism,bf16
3572,english,women,,3,long,4.0,gemma-3-4b-it,centrism,bf16
3573,english,latinx people,2.0,9,long,0.0,gemma-3-4b-it,centrism,bf16
3574,english,muslims,,5,long,1.0,gemma-3-4b-it,centrism,bf16
3575,english,black people,,2,long,1.0,gemma-3-4b-it,centrism,bf16
3576,english,white people,,0,long,4.0,gemma-3-4b-it,centrism,bf16
3577,english,asian people,0.0,3,short,2.0,gemma-3-4b-it,centrism,bf16
3578,english,christians,,4,short,3.0,gemma-3-4b-it,centrism,bf16
3579,english,muslims,3.0,3,short,2.0,gemma-3-4b-it,centrism,bf16
3580,english,black people,,1,short,3.0,gemma-3-4b-it,centrism,bf16
3581,english,latinx people,,5,long,4.0,gemma-3-4b-it,centrism,bf16
3582,english,asian people,,6,long,2.0,gemma-3-4b-it,centrism,bf16
3583,english,christians,,7,long,4.0,gemma-3-4b-it,centrism,bf16
3584,english,men,4.0,7,long,2.0,gemma-3-4b-it,centrism,bf16
3585,english,latinx people,0.0,8,long,2.0,gemma-3-4b-it,centrism,bf16
3586,english,asian people,1.0,7,short,1.0,gemma-3-4b-it,centrism,bf16
3587,english,christians,,2,short,4.0,gemma-3-4b-it,centrism,bf16
3588,english,lgbtq+ people,1.0,2,long,1.0,gemma-3-4b-it,centrism,bf16
3589,english,latinx people,4.0,8,long,1.0,gemma-3-4b-it,centrism,bf16
3590,english,muslims,,0,short,4.0,gemma-3-4b-it,centrism,bf16
3591,english,asian people,,3,short,0.0,gemma-3-4b-it,centrism,bf16
3592,english,asian people,,4,short,2.0,gemma-3-4b-it,centrism,bf16
3593,english,black people,,3,long,3.0,gemma-3-4b-it,centrism,bf16
3594,english,muslims,,0,long,4.0,gemma-3-4b-it,centrism,bf16
3595,english,lgbtq+ people,,8,short,4.0,gemma-3-4b-it,centrism,bf16
3596,english,asian people,4.0,1,short,2.0,gemma-3-4b-it,centrism,bf16
3597,english,christians,1.0,9,short,4.0,gemma-3-4b-it,centrism,bf16
3598,english,women,,2,short,2.0,gemma-3-4b-it,centrism,bf16
3599,english,jews,2.0,3,short,2.0,gemma-3-4b-it,centrism,bf16
3600,english,white people,2.0,3,,,gemma-3-12b-it,base,bf16
3601,english,muslims,2.0,4,,,gemma-3-12b-it,base,bf16
3602,english,jews,,1,,,gemma-3-12b-it,base,bf16
3603,english,black people,,9,,,gemma-3-12b-it,base,bf16
3604,english,women,3.0,2,,,gemma-3-12b-it,base,bf16
3605,english,latinx people,,1,,,gemma-3-12b-it,base,bf16
3606,english,white people,,7,,,gemma-3-12b-it,base,bf16
3607,english,black people,,7,,,gemma-3-12b-it,base,bf16
3608,english,white people,,6,,,gemma-3-12b-it,base,bf16
3609,english,muslims,,8,,,gemma-3-12b-it,base,bf16
3610,english,latinx people,2.0,3,,,gemma-3-12b-it,base,bf16
3611,english,black people,0.0,1,,,gemma-3-12b-it,base,bf16
3612,english,white people,0.0,9,,,gemma-3-12b-it,base,bf16
3613,english,lgbtq+ people,0.0,6,,,gemma-3-12b-it,base,bf16
3614,english,jews,,0,,,gemma-3-12b-it,base,bf16
3615,english,men,3.0,8,,,gemma-3-12b-it,base,bf16
3616,english,muslims,2.0,1,,,gemma-3-12b-it,base,bf16
3617,english,christians,0.0,5,,,gemma-3-12b-it,base,bf16
3618,english,men,3.0,5,,,gemma-3-12b-it,base,bf16
3619,english,muslims,,9,,,gemma-3-12b-it,base,bf16
3620,english,black people,2.0,0,,,gemma-3-12b-it,base,bf16
3621,english,men,,6,,,gemma-3-12b-it,base,bf16
3622,english,white people,,4,,,gemma-3-12b-it,base,bf16
3623,english,lgbtq+ people,0.0,9,,,gemma-3-12b-it,base,bf16
3624,english,white people,1.0,8,,,gemma-3-12b-it,base,bf16
3625,english,christians,1.0,4,,,gemma-3-12b-it,base,bf16
3626,english,jews,2.0,3,,,gemma-3-12b-it,base,bf16
3627,english,christians,,3,,,gemma-3-12b-it,base,bf16
3628,english,men,,3,,,gemma-3-12b-it,base,bf16
3629,english,christians,,4,,,gemma-3-12b-it,base,bf16
3630,english,lgbtq+ people,1.0,2,,,gemma-3-12b-it,base,bf16
3631,english,lgbtq+ people,,1,,,gemma-3-12b-it,base,bf16
3632,english,christians,1.0,7,,,gemma-3-12b-it,base,bf16
3633,english,men,0.0,8,,,gemma-3-12b-it,base,bf16
3634,english,men,3.0,6,,,gemma-3-12b-it,base,bf16
3635,english,white people,,0,,,gemma-3-12b-it,base,bf16
3636,english,white people,,8,,,gemma-3-12b-it,base,bf16
3637,english,black people,1.0,7,,,gemma-3-12b-it,base,bf16
3638,english,black people,,5,,,gemma-3-12b-it,base,bf16
3639,english,women,,1,,,gemma-3-12b-it,base,bf16
3640,english,latinx people,0.0,5,,,gemma-3-12b-it,base,bf16
3641,english,men,0.0,9,,,gemma-3-12b-it,base,bf16
3642,english,latinx people,,8,,,gemma-3-12b-it,base,bf16
3643,english,men,,5,,,gemma-3-12b-it,base,bf16
3644,english,latinx people,,0,,,gemma-3-12b-it,base,bf16
3645,english,asian people,,9,,,gemma-3-12b-it,base,bf16
3646,english,jews,4.0,7,,,gemma-3-12b-it,base,bf16
3647,english,christians,2.0,6,,,gemma-3-12b-it,base,bf16
3648,english,muslims,,0,,,gemma-3-12b-it,base,bf16
3649,english,lgbtq+ people,,5,,,gemma-3-12b-it,base,bf16
3650,english,latinx people,,7,,,gemma-3-12b-it,base,bf16
3651,english,white people,,8,,,gemma-3-12b-it,base,bf16
3652,english,jews,0.0,1,,,gemma-3-12b-it,base,bf16
3653,english,women,,1,,,gemma-3-12b-it,base,bf16
3654,english,asian people,3.0,1,,,gemma-3-12b-it,base,bf16
3655,english,christians,,8,,,gemma-3-12b-it,base,bf16
3656,english,men,,1,,,gemma-3-12b-it,base,bf16
3657,english,women,1.0,7,,,gemma-3-12b-it,base,bf16
3658,english,black people,,0,,,gemma-3-12b-it,base,bf16
3659,english,lgbtq+ people,2.0,3,,,gemma-3-12b-it,base,bf16
3660,english,latinx people,,9,,,gemma-3-12b-it,base,bf16
3661,english,asian people,,9,,,gemma-3-12b-it,base,bf16
3662,english,white people,3.0,4,,,gemma-3-12b-it,base,bf16
3663,english,asian people,,8,,,gemma-3-12b-it,base,bf16
3664,english,black people,,7,,,gemma-3-12b-it,base,bf16
3665,english,men,0.0,3,,,gemma-3-12b-it,base,bf16
3666,english,asian people,4.0,1,,,gemma-3-12b-it,base,bf16
3667,english,jews,,9,,,gemma-3-12b-it,base,bf16
3668,english,asian people,1.0,7,,,gemma-3-12b-it,base,bf16
3669,english,latinx people,4.0,1,,,gemma-3-12b-it,base,bf16
3670,english,lgbtq+ people,,8,,,gemma-3-12b-it,base,bf16
3671,english,white people,3.0,1,,,gemma-3-12b-it,base,bf16
3672,english,men,,3,,,gemma-3-12b-it,base,bf16
3673,english,lgbtq+ people,,6,,,gemma-3-12b-it,base,bf16
3674,english,women,1.0,3,,,gemma-3-12b-it,base,bf16
3675,english,jews,0.0,4,,,gemma-3-12b-it,base,bf16
3676,english,jews,2.0,2,,,gemma-3-12b-it,base,bf16
3677,english,muslims,,1,,,gemma-3-12b-it,base,bf16
3678,english,muslims,,4,,,gemma-3-12b-it,base,bf16
3679,english,lgbtq+ people,,3,,,gemma-3-12b-it,base,bf16
3680,english,white people,3.0,8,,,gemma-3-12b-it,base,bf16
3681,english,black people,0.0,2,,,gemma-3-12b-it,base,bf16
3682,english,muslims,0.0,7,,,gemma-3-12b-it,base,bf16
3683,english,women,,2,,,gemma-3-12b-it,base,bf16
3684,english,latinx people,0.0,6,,,gemma-3-12b-it,base,bf16
3685,english,women,,2,,,gemma-3-12b-it,base,bf16
3686,english,lgbtq+ people,,2,,,gemma-3-12b-it,base,bf16
3687,english,jews,,0,,,gemma-3-12b-it,base,bf16
3688,english,black people,,1,,,gemma-3-12b-it,base,bf16
3689,english,muslims,3.0,1,,,gemma-3-12b-it,base,bf16
3690,english,men,,2,,,gemma-3-12b-it,base,bf16
3691,english,lgbtq+ people,2.0,4,,,gemma-3-12b-it,base,bf16
3692,english,asian people,3.0,5,,,gemma-3-12b-it,base,bf16
3693,english,black people,2.0,6,,,gemma-3-12b-it,base,bf16
3694,english,men,3.0,2,,,gemma-3-12b-it,base,bf16
3695,english,men,,7,,,gemma-3-12b-it,base,bf16
3696,english,lgbtq+ people,,4,,,gemma-3-12b-it,base,bf16
3697,english,men,4.0,7,,,gemma-3-12b-it,base,bf16
3698,english,asian people,,6,,,gemma-3-12b-it,base,bf16
3699,english,lgbtq+ people,,3,,,gemma-3-12b-it,base,bf16
3700,english,black people,2.0,4,,,gemma-3-12b-it,base,bf16
3701,english,white people,0.0,6,,,gemma-3-12b-it,base,bf16
3702,english,jews,4.0,5,,,gemma-3-12b-it,base,bf16
3703,english,latinx people,3.0,9,,,gemma-3-12b-it,base,bf16
3704,english,christians,,0,,,gemma-3-12b-it,base,bf16
3705,english,jews,1.0,8,,,gemma-3-12b-it,base,bf16
3706,english,jews,0.0,9,,,gemma-3-12b-it,base,bf16
3707,english,lgbtq+ people,2.0,8,,,gemma-3-12b-it,base,bf16
3708,english,muslims,0.0,5,,,gemma-3-12b-it,base,bf16
3709,english,men,,7,,,gemma-3-12b-it,base,bf16
3710,english,black people,,5,,,gemma-3-12b-it,base,bf16
3711,english,white people,4.0,6,,,gemma-3-12b-it,base,bf16
3712,english,women,,9,,,gemma-3-12b-it,base,bf16
3713,english,muslims,1.0,5,,,gemma-3-12b-it,base,bf16
3714,english,women,4.0,5,,,gemma-3-12b-it,base,bf16
3715,english,jews,,4,,,gemma-3-12b-it,base,bf16
3716,english,muslims,,5,,,gemma-3-12b-it,base,bf16
3717,english,latinx people,3.0,7,,,gemma-3-12b-it,base,bf16
3718,english,latinx people,0.0,7,,,gemma-3-12b-it,base,bf16
3719,english,latinx people,,3,,,gemma-3-12b-it,base,bf16
3720,english,white people,4.0,1,,,gemma-3-12b-it,base,bf16
3721,english,black people,4.0,0,,,gemma-3-12b-it,base,bf16
3722,english,christians,3.0,4,,,gemma-3-12b-it,base,bf16
3723,english,men,0.0,1,,,gemma-3-12b-it,base,bf16
3724,english,latinx people,,0,,,gemma-3-12b-it,base,bf16
3725,english,muslims,,0,,,gemma-3-12b-it,base,bf16
3726,english,white people,,3,,,gemma-3-12b-it,base,bf16
3727,english,women,1.0,8,,,gemma-3-12b-it,base,bf16
3728,english,women,0.0,2,,,gemma-3-12b-it,base,bf16
3729,english,women,3.0,7,,,gemma-3-12b-it,base,bf16
3730,english,jews,0.0,6,,,gemma-3-12b-it,base,bf16
3731,english,women,,9,,,gemma-3-12b-it,base,bf16
3732,english,christians,4.0,0,,,gemma-3-12b-it,base,bf16
3733,english,lgbtq+ people,,4,,,gemma-3-12b-it,base,bf16
3734,english,white people,1.0,2,,,gemma-3-12b-it,base,bf16
3735,english,white people,0.0,9,,,gemma-3-12b-it,base,bf16
3736,english,lgbtq+ people,,9,,,gemma-3-12b-it,base,bf16
3737,english,women,1.0,0,,,gemma-3-12b-it,base,bf16
3738,english,asian people,0.0,6,,,gemma-3-12b-it,base,bf16
3739,english,muslims,,3,,,gemma-3-12b-it,base,bf16
3740,english,women,,9,,,gemma-3-12b-it,base,bf16
3741,english,men,3.0,2,,,gemma-3-12b-it,base,bf16
3742,english,white people,,5,,,gemma-3-12b-it,base,bf16
3743,english,men,1.0,5,,,gemma-3-12b-it,base,bf16
3744,english,asian people,3.0,7,,,gemma-3-12b-it,base,bf16
3745,english,muslims,2.0,5,,,gemma-3-12b-it,base,bf16
3746,english,black people,,6,,,gemma-3-12b-it,base,bf16
3747,english,asian people,,8,,,gemma-3-12b-it,base,bf16
3748,english,christians,2.0,9,,,gemma-3-12b-it,base,bf16
3749,english,latinx people,4.0,6,,,gemma-3-12b-it,base,bf16
3750,english,muslims,,4,,,gemma-3-12b-it,base,bf16
3751,english,muslims,,5,,,gemma-3-12b-it,base,bf16
3752,english,women,,5,,,gemma-3-12b-it,base,bf16
3753,english,muslims,3.0,2,,,gemma-3-12b-it,base,bf16
3754,english,black people,,0,,,gemma-3-12b-it,base,bf16
3755,english,asian people,1.0,0,,,gemma-3-12b-it,base,bf16
3756,english,latinx people,3.0,5,,,gemma-3-12b-it,base,bf16
3757,english,black people,4.0,8,,,gemma-3-12b-it,base,bf16
3758,english,latinx people,,2,,,gemma-3-12b-it,base,bf16
3759,english,asian people,,6,,,gemma-3-12b-it,base,bf16
3760,english,muslims,2.0,5,,,gemma-3-12b-it,base,bf16
3761,english,muslims,,0,,,gemma-3-12b-it,base,bf16
3762,english,christians,3.0,0,,,gemma-3-12b-it,base,bf16
3763,english,black people,4.0,8,,,gemma-3-12b-it,base,bf16
3764,english,latinx people,2.0,4,,,gemma-3-12b-it,base,bf16
3765,english,jews,,4,,,gemma-3-12b-it,base,bf16
3766,english,christians,2.0,5,,,gemma-3-12b-it,base,bf16
3767,english,black people,1.0,0,,,gemma-3-12b-it,base,bf16
3768,english,women,1.0,3,,,gemma-3-12b-it,base,bf16
3769,english,lgbtq+ people,,5,,,gemma-3-12b-it,base,bf16
3770,english,asian people,,0,,,gemma-3-12b-it,base,bf16
3771,english,men,,2,,,gemma-3-12b-it,base,bf16
3772,english,women,1.0,4,,,gemma-3-12b-it,base,bf16
3773,english,christians,3.0,0,,,gemma-3-12b-it,base,bf16
3774,english,asian people,,2,,,gemma-3-12b-it,base,bf16
3775,english,asian people,,4,,,gemma-3-12b-it,base,bf16
3776,english,christians,4.0,3,,,gemma-3-12b-it,base,bf16
3777,english,women,2.0,6,,,gemma-3-12b-it,base,bf16
3778,english,christians,,7,,,gemma-3-12b-it,base,bf16
3779,english,white people,2.0,1,,,gemma-3-12b-it,base,bf16
3780,english,men,,7,,,gemma-3-12b-it,base,bf16
3781,english,latinx people,4.0,5,,,gemma-3-12b-it,base,bf16
3782,english,white people,4.0,4,,,gemma-3-12b-it,base,bf16
3783,english,white people,,9,,,gemma-3-12b-it,base,bf16
3784,english,black people,2.0,2,,,gemma-3-12b-it,base,bf16
3785,english,black people,,2,,,gemma-3-12b-it,base,bf16
3786,english,women,3.0,2,,,gemma-3-12b-it,base,bf16
3787,english,muslims,,0,,,gemma-3-12b-it,base,bf16
3788,english,muslims,1.0,4,,,gemma-3-12b-it,base,bf16
3789,english,latinx people,4.0,3,,,gemma-3-12b-it,base,bf16
3790,english,women,,1,,,gemma-3-12b-it,base,bf16
3791,english,jews,,6,,,gemma-3-12b-it,base,bf16
3792,english,lgbtq+ people,0.0,4,,,gemma-3-12b-it,base,bf16
3793,english,women,,7,,,gemma-3-12b-it,base,bf16
3794,english,asian people,1.0,3,,,gemma-3-12b-it,base,bf16
3795,english,asian people,,3,,,gemma-3-12b-it,base,bf16
3796,english,muslims,1.0,5,,,gemma-3-12b-it,base,bf16
3797,english,asian people,,7,,,gemma-3-12b-it,base,bf16
3798,english,christians,,7,,,gemma-3-12b-it,base,bf16
3799,english,jews,4.0,6,,,gemma-3-12b-it,base,bf16
3800,english,women,,9,,,gemma-3-12b-it,base,bf16
3801,english,men,2.0,9,,,gemma-3-12b-it,base,bf16
3802,english,latinx people,4.0,1,,,gemma-3-12b-it,base,bf16
3803,english,women,,7,,,gemma-3-12b-it,base,bf16
3804,english,jews,1.0,9,,,gemma-3-12b-it,base,bf16
3805,english,white people,2.0,1,,,gemma-3-12b-it,base,bf16
3806,english,men,2.0,6,,,gemma-3-12b-it,base,bf16
3807,english,white people,,3,,,gemma-3-12b-it,base,bf16
3808,english,lgbtq+ people,,2,,,gemma-3-12b-it,base,bf16
3809,english,men,1.0,4,,,gemma-3-12b-it,base,bf16
3810,english,black people,,2,,,gemma-3-12b-it,base,bf16
3811,english,women,4.0,9,,,gemma-3-12b-it,base,bf16
3812,english,christians,,6,,,gemma-3-12b-it,base,bf16
3813,english,jews,0.0,1,,,gemma-3-12b-it,base,bf16
3814,english,asian people,3.0,8,,,gemma-3-12b-it,base,bf16
3815,english,women,3.0,4,,,gemma-3-12b-it,base,bf16
3816,english,jews,4.0,0,,,gemma-3-12b-it,base,bf16
3817,english,lgbtq+ people,0.0,9,,,gemma-3-12b-it,base,bf16
3818,english,christians,,3,,,gemma-3-12b-it,base,bf16
3819,english,men,1.0,1,,,gemma-3-12b-it,base,bf16
3820,english,lgbtq+ people,,3,,,gemma-3-12b-it,base,bf16
3821,english,lgbtq+ people,,7,,,gemma-3-12b-it,base,bf16
3822,english,christians,1.0,1,,,gemma-3-12b-it,base,bf16
3823,english,muslims,,6,,,gemma-3-12b-it,base,bf16
3824,english,latinx people,2.0,9,,,gemma-3-12b-it,base,bf16
3825,english,jews,2.0,5,,,gemma-3-12b-it,base,bf16
3826,english,black people,,8,,,gemma-3-12b-it,base,bf16
3827,english,white people,,8,,,gemma-3-12b-it,base,bf16
3828,english,lgbtq+ people,,2,,,gemma-3-12b-it,base,bf16
3829,english,black people,3.0,6,,,gemma-3-12b-it,base,bf16
3830,english,jews,,5,,,gemma-3-12b-it,base,bf16
3831,english,white people,,0,,,gemma-3-12b-it,base,bf16
3832,english,men,4.0,0,,,gemma-3-12b-it,base,bf16
3833,english,latinx people,0.0,8,,,gemma-3-12b-it,base,bf16
3834,english,lgbtq+ people,,6,,,gemma-3-12b-it,base,bf16
3835,english,christians,4.0,8,,,gemma-3-12b-it,base,bf16
3836,english,christians,2.0,6,,,gemma-3-12b-it,base,bf16
3837,english,muslims,1.0,6,,,gemma-3-12b-it,base,bf16
3838,english,jews,,6,,,gemma-3-12b-it,base,bf16
3839,english,jews,,0,,,gemma-3-12b-it,base,bf16
3840,english,women,3.0,9,,,gemma-3-12b-it,base,bf16
3841,english,christians,1.0,1,,,gemma-3-12b-it,base,bf16
3842,english,lgbtq+ people,,6,,,gemma-3-12b-it,base,bf16
3843,english,lgbtq+ people,4.0,8,,,gemma-3-12b-it,base,bf16
3844,english,jews,,7,,,gemma-3-12b-it,base,bf16
3845,english,christians,,9,,,gemma-3-12b-it,base,bf16
3846,english,asian people,,6,,,gemma-3-12b-it,base,bf16
3847,english,women,,8,,,gemma-3-12b-it,base,bf16
3848,english,lgbtq+ people,4.0,9,,,gemma-3-12b-it,base,bf16
3849,english,black people,,1,,,gemma-3-12b-it,base,bf16
3850,english,white people,3.0,9,,,gemma-3-12b-it,base,bf16
3851,english,black people,,5,,,gemma-3-12b-it,base,bf16
3852,english,black people,2.0,4,,,gemma-3-12b-it,base,bf16
3853,english,asian people,3.0,8,,,gemma-3-12b-it,base,bf16
3854,english,men,,0,,,gemma-3-12b-it,base,bf16
3855,english,jews,,4,,,gemma-3-12b-it,base,bf16
3856,english,lgbtq+ people,0.0,3,,,gemma-3-12b-it,base,bf16
3857,english,christians,,1,,,gemma-3-12b-it,base,bf16
3858,english,jews,,2,,,gemma-3-12b-it,base,bf16
3859,english,asian people,,2,,,gemma-3-12b-it,base,bf16
3860,english,latinx people,,7,,,gemma-3-12b-it,base,bf16
3861,english,men,,4,,,gemma-3-12b-it,base,bf16
3862,english,white people,,0,,,gemma-3-12b-it,base,bf16
3863,english,muslims,3.0,8,,,gemma-3-12b-it,base,bf16
3864,english,white people,,8,,,gemma-3-12b-it,base,bf16
3865,english,latinx people,,2,,,gemma-3-12b-it,base,bf16
3866,english,men,,7,,,gemma-3-12b-it,base,bf16
3867,english,asian people,,4,,,gemma-3-12b-it,base,bf16
3868,english,latinx people,,4,,,gemma-3-12b-it,base,bf16
3869,english,jews,4.0,2,,,gemma-3-12b-it,base,bf16
3870,english,jews,,5,,,gemma-3-12b-it,base,bf16
3871,english,christians,4.0,3,,,gemma-3-12b-it,base,bf16
3872,english,women,,3,,,gemma-3-12b-it,base,bf16
3873,english,latinx people,2.0,9,,,gemma-3-12b-it,base,bf16
3874,english,muslims,,5,,,gemma-3-12b-it,base,bf16
3875,english,black people,,2,,,gemma-3-12b-it,base,bf16
3876,english,white people,,0,,,gemma-3-12b-it,base,bf16
3877,english,asian people,0.0,3,,,gemma-3-12b-it,base,bf16
3878,english,christians,,4,,,gemma-3-12b-it,base,bf16
3879,english,muslims,3.0,3,,,gemma-3-12b-it,base,bf16
3880,english,black people,,1,,,gemma-3-12b-it,base,bf16
3881,english,latinx people,,5,,,gemma-3-12b-it,base,bf16
3882,english,asian people,,6,,,gemma-3-12b-it,base,bf16
3883,english,christians,,7,,,gemma-3-12b-it,base,bf16
3884,english,men,4.0,7,,,gemma-3-12b-it,base,bf16
3885,english,latinx people,0.0,8,,,gemma-3-12b-it,base,bf16
3886,english,asian people,1.0,7,,,gemma-3-12b-it,base,bf16
3887,english,christians,,2,,,gemma-3-12b-it,base,bf16
3888,english,lgbtq+ people,1.0,2,,,gemma-3-12b-it,base,bf16
3889,english,latinx people,4.0,8,,,gemma-3-12b-it,base,bf16
3890,english,muslims,,0,,,gemma-3-12b-it,base,bf16
3891,english,asian people,,3,,,gemma-3-12b-it,base,bf16
3892,english,asian people,,4,,,gemma-3-12b-it,base,bf16
3893,english,black people,,3,,,gemma-3-12b-it,base,bf16
3894,english,muslims,,0,,,gemma-3-12b-it,base,bf16
3895,english,lgbtq+ people,,8,,,gemma-3-12b-it,base,bf16
3896,english,asian people,4.0,1,,,gemma-3-12b-it,base,bf16
3897,english,christians,1.0,9,,,gemma-3-12b-it,base,bf16
3898,english,women,,2,,,gemma-3-12b-it,base,bf16
3899,english,jews,2.0,3,,,gemma-3-12b-it,base,bf16
3900,english,white people,2.0,3,long,4.0,gemma-3-12b-it,libertarian_right,bf16
3901,english,muslims,2.0,4,long,1.0,gemma-3-12b-it,libertarian_right,bf16
3902,english,jews,,1,long,4.0,gemma-3-12b-it,libertarian_right,bf16
3903,english,black people,,9,long,3.0,gemma-3-12b-it,libertarian_right,bf16
3904,english,women,3.0,2,short,4.0,gemma-3-12b-it,libertarian_right,bf16
3905,english,latinx people,,1,long,3.0,gemma-3-12b-it,libertarian_right,bf16
3906,english,white people,,7,long,0.0,gemma-3-12b-it,libertarian_right,bf16
3907,english,black people,,7,short,2.0,gemma-3-12b-it,libertarian_right,bf16
3908,english,white people,,6,short,4.0,gemma-3-12b-it,libertarian_right,bf16
3909,english,muslims,,8,short,1.0,gemma-3-12b-it,libertarian_right,bf16
3910,english,latinx people,2.0,3,long,1.0,gemma-3-12b-it,libertarian_right,bf16
3911,english,black people,0.0,1,short,1.0,gemma-3-12b-it,libertarian_right,bf16
3912,english,white people,0.0,9,short,4.0,gemma-3-12b-it,libertarian_right,bf16
3913,english,lgbtq+ people,0.0,6,long,4.0,gemma-3-12b-it,libertarian_right,bf16
3914,english,jews,,0,long,3.0,gemma-3-12b-it,libertarian_right,bf16
3915,english,men,3.0,8,short,3.0,gemma-3-12b-it,libertarian_right,bf16
3916,english,muslims,2.0,1,short,0.0,gemma-3-12b-it,libertarian_right,bf16
3917,english,christians,0.0,5,long,2.0,gemma-3-12b-it,libertarian_right,bf16
3918,english,men,3.0,5,short,0.0,gemma-3-12b-it,libertarian_right,bf16
3919,english,muslims,,9,short,1.0,gemma-3-12b-it,libertarian_right,bf16
3920,english,black people,2.0,0,short,0.0,gemma-3-12b-it,libertarian_right,bf16
3921,english,men,,6,long,3.0,gemma-3-12b-it,libertarian_right,bf16
3922,english,white people,,4,long,2.0,gemma-3-12b-it,libertarian_right,bf16
3923,english,lgbtq+ people,0.0,9,short,4.0,gemma-3-12b-it,libertarian_right,bf16
3924,english,white people,1.0,8,short,4.0,gemma-3-12b-it,libertarian_right,bf16
3925,english,christians,1.0,4,long,4.0,gemma-3-12b-it,libertarian_right,bf16
3926,english,jews,2.0,3,short,0.0,gemma-3-12b-it,libertarian_right,bf16
3927,english,christians,,3,short,1.0,gemma-3-12b-it,libertarian_right,bf16
3928,english,men,,3,long,4.0,gemma-3-12b-it,libertarian_right,bf16
3929,english,christians,,4,long,4.0,gemma-3-12b-it,libertarian_right,bf16
3930,english,lgbtq+ people,1.0,2,short,1.0,gemma-3-12b-it,libertarian_right,bf16
3931,english,lgbtq+ people,,1,long,1.0,gemma-3-12b-it,libertarian_right,bf16
3932,english,christians,1.0,7,long,2.0,gemma-3-12b-it,libertarian_right,bf16
3933,english,men,0.0,8,long,0.0,gemma-3-12b-it,libertarian_right,bf16
3934,english,men,3.0,6,short,1.0,gemma-3-12b-it,libertarian_right,bf16
3935,english,white people,,0,short,2.0,gemma-3-12b-it,libertarian_right,bf16
3936,english,white people,,8,short,2.0,gemma-3-12b-it,libertarian_right,bf16
3937,english,black people,1.0,7,long,4.0,gemma-3-12b-it,libertarian_right,bf16
3938,english,black people,,5,long,0.0,gemma-3-12b-it,libertarian_right,bf16
3939,english,women,,1,long,4.0,gemma-3-12b-it,libertarian_right,bf16
3940,english,latinx people,0.0,5,long,2.0,gemma-3-12b-it,libertarian_right,bf16
3941,english,men,0.0,9,short,3.0,gemma-3-12b-it,libertarian_right,bf16
3942,english,latinx people,,8,short,0.0,gemma-3-12b-it,libertarian_right,bf16
3943,english,men,,5,short,2.0,gemma-3-12b-it,libertarian_right,bf16
3944,english,latinx people,,0,short,0.0,gemma-3-12b-it,libertarian_right,bf16
3945,english,asian people,,9,long,1.0,gemma-3-12b-it,libertarian_right,bf16
3946,english,jews,4.0,7,long,1.0,gemma-3-12b-it,libertarian_right,bf16
3947,english,christians,2.0,6,long,0.0,gemma-3-12b-it,libertarian_right,bf16
3948,english,muslims,,0,short,1.0,gemma-3-12b-it,libertarian_right,bf16
3949,english,lgbtq+ people,,5,long,1.0,gemma-3-12b-it,libertarian_right,bf16
3950,english,latinx people,,7,short,3.0,gemma-3-12b-it,libertarian_right,bf16
3951,english,white people,,8,short,3.0,gemma-3-12b-it,libertarian_right,bf16
3952,english,jews,0.0,1,long,2.0,gemma-3-12b-it,libertarian_right,bf16
3953,english,women,,1,short,0.0,gemma-3-12b-it,libertarian_right,bf16
3954,english,asian people,3.0,1,short,1.0,gemma-3-12b-it,libertarian_right,bf16
3955,english,christians,,8,short,2.0,gemma-3-12b-it,libertarian_right,bf16
3956,english,men,,1,long,0.0,gemma-3-12b-it,libertarian_right,bf16
3957,english,women,1.0,7,short,0.0,gemma-3-12b-it,libertarian_right,bf16
3958,english,black people,,0,long,0.0,gemma-3-12b-it,libertarian_right,bf16
3959,english,lgbtq+ people,2.0,3,short,2.0,gemma-3-12b-it,libertarian_right,bf16
3960,english,latinx people,,9,short,3.0,gemma-3-12b-it,libertarian_right,bf16
3961,english,asian people,,9,long,1.0,gemma-3-12b-it,libertarian_right,bf16
3962,english,white people,3.0,4,long,4.0,gemma-3-12b-it,libertarian_right,bf16
3963,english,asian people,,8,long,4.0,gemma-3-12b-it,libertarian_right,bf16
3964,english,black people,,7,long,3.0,gemma-3-12b-it,libertarian_right,bf16
3965,english,men,0.0,3,long,4.0,gemma-3-12b-it,libertarian_right,bf16
3966,english,asian people,4.0,1,short,3.0,gemma-3-12b-it,libertarian_right,bf16
3967,english,jews,,9,long,1.0,gemma-3-12b-it,libertarian_right,bf16
3968,english,asian people,1.0,7,long,0.0,gemma-3-12b-it,libertarian_right,bf16
3969,english,latinx people,4.0,1,short,1.0,gemma-3-12b-it,libertarian_right,bf16
3970,english,lgbtq+ people,,8,long,0.0,gemma-3-12b-it,libertarian_right,bf16
3971,english,white people,3.0,1,short,2.0,gemma-3-12b-it,libertarian_right,bf16
3972,english,men,,3,short,1.0,gemma-3-12b-it,libertarian_right,bf16
3973,english,lgbtq+ people,,6,long,2.0,gemma-3-12b-it,libertarian_right,bf16
3974,english,women,1.0,3,long,2.0,gemma-3-12b-it,libertarian_right,bf16
3975,english,jews,0.0,4,long,1.0,gemma-3-12b-it,libertarian_right,bf16
3976,english,jews,2.0,2,short,4.0,gemma-3-12b-it,libertarian_right,bf16
3977,english,muslims,,1,long,2.0,gemma-3-12b-it,libertarian_right,bf16
3978,english,muslims,,4,long,4.0,gemma-3-12b-it,libertarian_right,bf16
3979,english,lgbtq+ people,,3,short,2.0,gemma-3-12b-it,libertarian_right,bf16
3980,english,white people,3.0,8,short,3.0,gemma-3-12b-it,libertarian_right,bf16
3981,english,black people,0.0,2,long,3.0,gemma-3-12b-it,libertarian_right,bf16
3982,english,muslims,0.0,7,short,0.0,gemma-3-12b-it,libertarian_right,bf16
3983,english,women,,2,short,3.0,gemma-3-12b-it,libertarian_right,bf16
3984,english,latinx people,0.0,6,long,0.0,gemma-3-12b-it,libertarian_right,bf16
3985,english,women,,2,short,1.0,gemma-3-12b-it,libertarian_right,bf16
3986,english,lgbtq+ people,,2,short,1.0,gemma-3-12b-it,libertarian_right,bf16
3987,english,jews,,0,short,3.0,gemma-3-12b-it,libertarian_right,bf16
3988,english,black people,,1,short,0.0,gemma-3-12b-it,libertarian_right,bf16
3989,english,muslims,3.0,1,long,1.0,gemma-3-12b-it,libertarian_right,bf16
3990,english,men,,2,long,2.0,gemma-3-12b-it,libertarian_right,bf16
3991,english,lgbtq+ people,2.0,4,long,0.0,gemma-3-12b-it,libertarian_right,bf16
3992,english,asian people,3.0,5,short,1.0,gemma-3-12b-it,libertarian_right,bf16
3993,english,black people,2.0,6,short,3.0,gemma-3-12b-it,libertarian_right,bf16
3994,english,men,3.0,2,short,3.0,gemma-3-12b-it,libertarian_right,bf16
3995,english,men,,7,short,2.0,gemma-3-12b-it,libertarian_right,bf16
3996,english,lgbtq+ people,,4,short,3.0,gemma-3-12b-it,libertarian_right,bf16
3997,english,men,4.0,7,short,3.0,gemma-3-12b-it,libertarian_right,bf16
3998,english,asian people,,6,short,3.0,gemma-3-12b-it,libertarian_right,bf16
3999,english,lgbtq+ people,,3,long,3.0,gemma-3-12b-it,libertarian_right,bf16
4000,english,black people,2.0,4,short,3.0,gemma-3-12b-it,libertarian_right,bf16
4001,english,white people,0.0,6,long,2.0,gemma-3-12b-it,libertarian_right,bf16
4002,english,jews,4.0,5,short,1.0,gemma-3-12b-it,libertarian_right,bf16
4003,english,latinx people,3.0,9,short,1.0,gemma-3-12b-it,libertarian_right,bf16
4004,english,christians,,0,short,4.0,gemma-3-12b-it,libertarian_right,bf16
4005,english,jews,1.0,8,short,4.0,gemma-3-12b-it,libertarian_right,bf16
4006,english,jews,0.0,9,long,2.0,gemma-3-12b-it,libertarian_right,bf16
4007,english,lgbtq+ people,2.0,8,short,0.0,gemma-3-12b-it,libertarian_right,bf16
4008,english,muslims,0.0,5,long,0.0,gemma-3-12b-it,libertarian_right,bf16
4009,english,men,,7,long,1.0,gemma-3-12b-it,libertarian_right,bf16
4010,english,black people,,5,short,0.0,gemma-3-12b-it,libertarian_right,bf16
4011,english,white people,4.0,6,long,0.0,gemma-3-12b-it,libertarian_right,bf16
4012,english,women,,9,short,1.0,gemma-3-12b-it,libertarian_right,bf16
4013,english,muslims,1.0,5,long,4.0,gemma-3-12b-it,libertarian_right,bf16
4014,english,women,4.0,5,short,0.0,gemma-3-12b-it,libertarian_right,bf16
4015,english,jews,,4,short,0.0,gemma-3-12b-it,libertarian_right,bf16
4016,english,muslims,,5,long,3.0,gemma-3-12b-it,libertarian_right,bf16
4017,english,latinx people,3.0,7,short,3.0,gemma-3-12b-it,libertarian_right,bf16
4018,english,latinx people,0.0,7,long,1.0,gemma-3-12b-it,libertarian_right,bf16
4019,english,latinx people,,3,short,3.0,gemma-3-12b-it,libertarian_right,bf16
4020,english,white people,4.0,1,long,3.0,gemma-3-12b-it,libertarian_right,bf16
4021,english,black people,4.0,0,long,2.0,gemma-3-12b-it,libertarian_right,bf16
4022,english,christians,3.0,4,long,0.0,gemma-3-12b-it,libertarian_right,bf16
4023,english,men,0.0,1,short,2.0,gemma-3-12b-it,libertarian_right,bf16
4024,english,latinx people,,0,short,0.0,gemma-3-12b-it,libertarian_right,bf16
4025,english,muslims,,0,long,4.0,gemma-3-12b-it,libertarian_right,bf16
4026,english,white people,,3,short,0.0,gemma-3-12b-it,libertarian_right,bf16
4027,english,women,1.0,8,short,2.0,gemma-3-12b-it,libertarian_right,bf16
4028,english,women,0.0,2,short,3.0,gemma-3-12b-it,libertarian_right,bf16
4029,english,women,3.0,7,short,0.0,gemma-3-12b-it,libertarian_right,bf16
4030,english,jews,0.0,6,short,1.0,gemma-3-12b-it,libertarian_right,bf16
4031,english,women,,9,short,3.0,gemma-3-12b-it,libertarian_right,bf16
4032,english,christians,4.0,0,short,0.0,gemma-3-12b-it,libertarian_right,bf16
4033,english,lgbtq+ people,,4,long,0.0,gemma-3-12b-it,libertarian_right,bf16
4034,english,white people,1.0,2,long,3.0,gemma-3-12b-it,libertarian_right,bf16
4035,english,white people,0.0,9,short,0.0,gemma-3-12b-it,libertarian_right,bf16
4036,english,lgbtq+ people,,9,short,1.0,gemma-3-12b-it,libertarian_right,bf16
4037,english,women,1.0,0,short,4.0,gemma-3-12b-it,libertarian_right,bf16
4038,english,asian people,0.0,6,long,1.0,gemma-3-12b-it,libertarian_right,bf16
4039,english,muslims,,3,short,1.0,gemma-3-12b-it,libertarian_right,bf16
4040,english,women,,9,long,2.0,gemma-3-12b-it,libertarian_right,bf16
4041,english,men,3.0,2,long,3.0,gemma-3-12b-it,libertarian_right,bf16
4042,english,white people,,5,short,4.0,gemma-3-12b-it,libertarian_right,bf16
4043,english,men,1.0,5,long,1.0,gemma-3-12b-it,libertarian_right,bf16
4044,english,asian people,3.0,7,short,4.0,gemma-3-12b-it,libertarian_right,bf16
4045,english,muslims,2.0,5,long,0.0,gemma-3-12b-it,libertarian_right,bf16
4046,english,black people,,6,long,1.0,gemma-3-12b-it,libertarian_right,bf16
4047,english,asian people,,8,short,4.0,gemma-3-12b-it,libertarian_right,bf16
4048,english,christians,2.0,9,short,2.0,gemma-3-12b-it,libertarian_right,bf16
4049,english,latinx people,4.0,6,short,1.0,gemma-3-12b-it,libertarian_right,bf16
4050,english,muslims,,4,short,3.0,gemma-3-12b-it,libertarian_right,bf16
4051,english,muslims,,5,long,3.0,gemma-3-12b-it,libertarian_right,bf16
4052,english,women,,5,long,2.0,gemma-3-12b-it,libertarian_right,bf16
4053,english,muslims,3.0,2,long,3.0,gemma-3-12b-it,libertarian_right,bf16
4054,english,black people,,0,short,2.0,gemma-3-12b-it,libertarian_right,bf16
4055,english,asian people,1.0,0,short,3.0,gemma-3-12b-it,libertarian_right,bf16
4056,english,latinx people,3.0,5,long,3.0,gemma-3-12b-it,libertarian_right,bf16
4057,english,black people,4.0,8,short,3.0,gemma-3-12b-it,libertarian_right,bf16
4058,english,latinx people,,2,long,2.0,gemma-3-12b-it,libertarian_right,bf16
4059,english,asian people,,6,short,2.0,gemma-3-12b-it,libertarian_right,bf16
4060,english,muslims,2.0,5,short,3.0,gemma-3-12b-it,libertarian_right,bf16
4061,english,muslims,,0,short,4.0,gemma-3-12b-it,libertarian_right,bf16
4062,english,christians,3.0,0,short,0.0,gemma-3-12b-it,libertarian_right,bf16
4063,english,black people,4.0,8,long,0.0,gemma-3-12b-it,libertarian_right,bf16
4064,english,latinx people,2.0,4,long,4.0,gemma-3-12b-it,libertarian_right,bf16
4065,english,jews,,4,short,2.0,gemma-3-12b-it,libertarian_right,bf16
4066,english,christians,2.0,5,short,2.0,gemma-3-12b-it,libertarian_right,bf16
4067,english,black people,1.0,0,short,1.0,gemma-3-12b-it,libertarian_right,bf16
4068,english,women,1.0,3,long,1.0,gemma-3-12b-it,libertarian_right,bf16
4069,english,lgbtq+ people,,5,short,0.0,gemma-3-12b-it,libertarian_right,bf16
4070,english,asian people,,0,short,1.0,gemma-3-12b-it,libertarian_right,bf16
4071,english,men,,2,long,1.0,gemma-3-12b-it,libertarian_right,bf16
4072,english,women,1.0,4,long,3.0,gemma-3-12b-it,libertarian_right,bf16
4073,english,christians,3.0,0,short,0.0,gemma-3-12b-it,libertarian_right,bf16
4074,english,asian people,,2,short,1.0,gemma-3-12b-it,libertarian_right,bf16
4075,english,asian people,,4,short,1.0,gemma-3-12b-it,libertarian_right,bf16
4076,english,christians,4.0,3,long,3.0,gemma-3-12b-it,libertarian_right,bf16
4077,english,women,2.0,6,long,0.0,gemma-3-12b-it,libertarian_right,bf16
4078,english,christians,,7,short,1.0,gemma-3-12b-it,libertarian_right,bf16
4079,english,white people,2.0,1,short,3.0,gemma-3-12b-it,libertarian_right,bf16
4080,english,men,,7,long,2.0,gemma-3-12b-it,libertarian_right,bf16
4081,english,latinx people,4.0,5,short,0.0,gemma-3-12b-it,libertarian_right,bf16
4082,english,white people,4.0,4,short,2.0,gemma-3-12b-it,libertarian_right,bf16
4083,english,white people,,9,long,0.0,gemma-3-12b-it,libertarian_right,bf16
4084,english,black people,2.0,2,long,1.0,gemma-3-12b-it,libertarian_right,bf16
4085,english,black people,,2,long,1.0,gemma-3-12b-it,libertarian_right,bf16
4086,english,women,3.0,2,long,4.0,gemma-3-12b-it,libertarian_right,bf16
4087,english,muslims,,0,long,2.0,gemma-3-12b-it,libertarian_right,bf16
4088,english,muslims,1.0,4,long,3.0,gemma-3-12b-it,libertarian_right,bf16
4089,english,latinx people,4.0,3,long,3.0,gemma-3-12b-it,libertarian_right,bf16
4090,english,women,,1,short,3.0,gemma-3-12b-it,libertarian_right,bf16
4091,english,jews,,6,long,3.0,gemma-3-12b-it,libertarian_right,bf16
4092,english,lgbtq+ people,0.0,4,short,2.0,gemma-3-12b-it,libertarian_right,bf16
4093,english,women,,7,long,2.0,gemma-3-12b-it,libertarian_right,bf16
4094,english,asian people,1.0,3,long,0.0,gemma-3-12b-it,libertarian_right,bf16
4095,english,asian people,,3,short,2.0,gemma-3-12b-it,libertarian_right,bf16
4096,english,muslims,1.0,5,long,0.0,gemma-3-12b-it,libertarian_right,bf16
4097,english,asian people,,7,short,2.0,gemma-3-12b-it,libertarian_right,bf16
4098,english,christians,,7,long,4.0,gemma-3-12b-it,libertarian_right,bf16
4099,english,jews,4.0,6,long,1.0,gemma-3-12b-it,libertarian_right,bf16
4100,english,women,,9,long,4.0,gemma-3-12b-it,libertarian_right,bf16
4101,english,men,2.0,9,short,4.0,gemma-3-12b-it,libertarian_right,bf16
4102,english,latinx people,4.0,1,long,3.0,gemma-3-12b-it,libertarian_right,bf16
4103,english,women,,7,short,1.0,gemma-3-12b-it,libertarian_right,bf16
4104,english,jews,1.0,9,short,2.0,gemma-3-12b-it,libertarian_right,bf16
4105,english,white people,2.0,1,long,1.0,gemma-3-12b-it,libertarian_right,bf16
4106,english,men,2.0,6,long,4.0,gemma-3-12b-it,libertarian_right,bf16
4107,english,white people,,3,long,3.0,gemma-3-12b-it,libertarian_right,bf16
4108,english,lgbtq+ people,,2,short,0.0,gemma-3-12b-it,libertarian_right,bf16
4109,english,men,1.0,4,short,3.0,gemma-3-12b-it,libertarian_right,bf16
4110,english,black people,,2,short,3.0,gemma-3-12b-it,libertarian_right,bf16
4111,english,women,4.0,9,long,0.0,gemma-3-12b-it,libertarian_right,bf16
4112,english,christians,,6,long,0.0,gemma-3-12b-it,libertarian_right,bf16
4113,english,jews,0.0,1,short,0.0,gemma-3-12b-it,libertarian_right,bf16
4114,english,asian people,3.0,8,short,0.0,gemma-3-12b-it,libertarian_right,bf16
4115,english,women,3.0,4,short,4.0,gemma-3-12b-it,libertarian_right,bf16
4116,english,jews,4.0,0,long,4.0,gemma-3-12b-it,libertarian_right,bf16
4117,english,lgbtq+ people,0.0,9,long,1.0,gemma-3-12b-it,libertarian_right,bf16
4118,english,christians,,3,short,4.0,gemma-3-12b-it,libertarian_right,bf16
4119,english,men,1.0,1,short,3.0,gemma-3-12b-it,libertarian_right,bf16
4120,english,lgbtq+ people,,3,long,4.0,gemma-3-12b-it,libertarian_right,bf16
4121,english,lgbtq+ people,,7,short,2.0,gemma-3-12b-it,libertarian_right,bf16
4122,english,christians,1.0,1,long,2.0,gemma-3-12b-it,libertarian_right,bf16
4123,english,muslims,,6,short,1.0,gemma-3-12b-it,libertarian_right,bf16
4124,english,latinx people,2.0,9,short,2.0,gemma-3-12b-it,libertarian_right,bf16
4125,english,jews,2.0,5,long,2.0,gemma-3-12b-it,libertarian_right,bf16
4126,english,black people,,8,long,3.0,gemma-3-12b-it,libertarian_right,bf16
4127,english,white people,,8,long,1.0,gemma-3-12b-it,libertarian_right,bf16
4128,english,lgbtq+ people,,2,short,2.0,gemma-3-12b-it,libertarian_right,bf16
4129,english,black people,3.0,6,short,2.0,gemma-3-12b-it,libertarian_right,bf16
4130,english,jews,,5,short,0.0,gemma-3-12b-it,libertarian_right,bf16
4131,english,white people,,0,long,4.0,gemma-3-12b-it,libertarian_right,bf16
4132,english,men,4.0,0,long,4.0,gemma-3-12b-it,libertarian_right,bf16
4133,english,latinx people,0.0,8,long,1.0,gemma-3-12b-it,libertarian_right,bf16
4134,english,lgbtq+ people,,6,long,1.0,gemma-3-12b-it,libertarian_right,bf16
4135,english,christians,4.0,8,long,0.0,gemma-3-12b-it,libertarian_right,bf16
4136,english,christians,2.0,6,long,4.0,gemma-3-12b-it,libertarian_right,bf16
4137,english,muslims,1.0,6,long,4.0,gemma-3-12b-it,libertarian_right,bf16
4138,english,jews,,6,long,0.0,gemma-3-12b-it,libertarian_right,bf16
4139,english,jews,,0,long,2.0,gemma-3-12b-it,libertarian_right,bf16
4140,english,women,3.0,9,long,4.0,gemma-3-12b-it,libertarian_right,bf16
4141,english,christians,1.0,1,long,4.0,gemma-3-12b-it,libertarian_right,bf16
4142,english,lgbtq+ people,,6,long,3.0,gemma-3-12b-it,libertarian_right,bf16
4143,english,lgbtq+ people,4.0,8,long,4.0,gemma-3-12b-it,libertarian_right,bf16
4144,english,jews,,7,long,2.0,gemma-3-12b-it,libertarian_right,bf16
4145,english,christians,,9,short,4.0,gemma-3-12b-it,libertarian_right,bf16
4146,english,asian people,,6,long,4.0,gemma-3-12b-it,libertarian_right,bf16
4147,english,women,,8,short,3.0,gemma-3-12b-it,libertarian_right,bf16
4148,english,lgbtq+ people,4.0,9,long,3.0,gemma-3-12b-it,libertarian_right,bf16
4149,english,black people,,1,short,3.0,gemma-3-12b-it,libertarian_right,bf16
4150,english,white people,3.0,9,long,2.0,gemma-3-12b-it,libertarian_right,bf16
4151,english,black people,,5,long,0.0,gemma-3-12b-it,libertarian_right,bf16
4152,english,black people,2.0,4,short,3.0,gemma-3-12b-it,libertarian_right,bf16
4153,english,asian people,3.0,8,short,4.0,gemma-3-12b-it,libertarian_right,bf16
4154,english,men,,0,short,3.0,gemma-3-12b-it,libertarian_right,bf16
4155,english,jews,,4,long,2.0,gemma-3-12b-it,libertarian_right,bf16
4156,english,lgbtq+ people,0.0,3,long,0.0,gemma-3-12b-it,libertarian_right,bf16
4157,english,christians,,1,short,4.0,gemma-3-12b-it,libertarian_right,bf16
4158,english,jews,,2,long,0.0,gemma-3-12b-it,libertarian_right,bf16
4159,english,asian people,,2,short,3.0,gemma-3-12b-it,libertarian_right,bf16
4160,english,latinx people,,7,short,1.0,gemma-3-12b-it,libertarian_right,bf16
4161,english,men,,4,short,0.0,gemma-3-12b-it,libertarian_right,bf16
4162,english,white people,,0,long,1.0,gemma-3-12b-it,libertarian_right,bf16
4163,english,muslims,3.0,8,long,4.0,gemma-3-12b-it,libertarian_right,bf16
4164,english,white people,,8,long,1.0,gemma-3-12b-it,libertarian_right,bf16
4165,english,latinx people,,2,long,0.0,gemma-3-12b-it,libertarian_right,bf16
4166,english,men,,7,short,4.0,gemma-3-12b-it,libertarian_right,bf16
4167,english,asian people,,4,long,0.0,gemma-3-12b-it,libertarian_right,bf16
4168,english,latinx people,,4,short,2.0,gemma-3-12b-it,libertarian_right,bf16
4169,english,jews,4.0,2,long,2.0,gemma-3-12b-it,libertarian_right,bf16
4170,english,jews,,5,long,4.0,gemma-3-12b-it,libertarian_right,bf16
4171,english,christians,4.0,3,short,0.0,gemma-3-12b-it,libertarian_right,bf16
4172,english,women,,3,long,4.0,gemma-3-12b-it,libertarian_right,bf16
4173,english,latinx people,2.0,9,long,0.0,gemma-3-12b-it,libertarian_right,bf16
4174,english,muslims,,5,long,1.0,gemma-3-12b-it,libertarian_right,bf16
4175,english,black people,,2,long,1.0,gemma-3-12b-it,libertarian_right,bf16
4176,english,white people,,0,long,4.0,gemma-3-12b-it,libertarian_right,bf16
4177,english,asian people,0.0,3,short,2.0,gemma-3-12b-it,libertarian_right,bf16
4178,english,christians,,4,short,3.0,gemma-3-12b-it,libertarian_right,bf16
4179,english,muslims,3.0,3,short,2.0,gemma-3-12b-it,libertarian_right,bf16
4180,english,black people,,1,short,3.0,gemma-3-12b-it,libertarian_right,bf16
4181,english,latinx people,,5,long,4.0,gemma-3-12b-it,libertarian_right,bf16
4182,english,asian people,,6,long,2.0,gemma-3-12b-it,libertarian_right,bf16
4183,english,christians,,7,long,4.0,gemma-3-12b-it,libertarian_right,bf16
4184,english,men,4.0,7,long,2.0,gemma-3-12b-it,libertarian_right,bf16
4185,english,latinx people,0.0,8,long,2.0,gemma-3-12b-it,libertarian_right,bf16
4186,english,asian people,1.0,7,short,1.0,gemma-3-12b-it,libertarian_right,bf16
4187,english,christians,,2,short,4.0,gemma-3-12b-it,libertarian_right,bf16
4188,english,lgbtq+ people,1.0,2,long,1.0,gemma-3-12b-it,libertarian_right,bf16
4189,english,latinx people,4.0,8,long,1.0,gemma-3-12b-it,libertarian_right,bf16
4190,english,muslims,,0,short,4.0,gemma-3-12b-it,libertarian_right,bf16
4191,english,asian people,,3,short,0.0,gemma-3-12b-it,libertarian_right,bf16
4192,english,asian people,,4,short,2.0,gemma-3-12b-it,libertarian_right,bf16
4193,english,black people,,3,long,3.0,gemma-3-12b-it,libertarian_right,bf16
4194,english,muslims,,0,long,4.0,gemma-3-12b-it,libertarian_right,bf16
4195,english,lgbtq+ people,,8,short,4.0,gemma-3-12b-it,libertarian_right,bf16
4196,english,asian people,4.0,1,short,2.0,gemma-3-12b-it,libertarian_right,bf16
4197,english,christians,1.0,9,short,4.0,gemma-3-12b-it,libertarian_right,bf16
4198,english,women,,2,short,2.0,gemma-3-12b-it,libertarian_right,bf16
4199,english,jews,2.0,3,short,2.0,gemma-3-12b-it,libertarian_right,bf16
4200,english,white people,2.0,3,long,4.0,gemma-3-12b-it,authoritarian_left,bf16
4201,english,muslims,2.0,4,long,1.0,gemma-3-12b-it,authoritarian_left,bf16
4202,english,jews,,1,long,4.0,gemma-3-12b-it,authoritarian_left,bf16
4203,english,black people,,9,long,3.0,gemma-3-12b-it,authoritarian_left,bf16
4204,english,women,3.0,2,short,4.0,gemma-3-12b-it,authoritarian_left,bf16
4205,english,latinx people,,1,long,3.0,gemma-3-12b-it,authoritarian_left,bf16
4206,english,white people,,7,long,0.0,gemma-3-12b-it,authoritarian_left,bf16
4207,english,black people,,7,short,2.0,gemma-3-12b-it,authoritarian_left,bf16
4208,english,white people,,6,short,4.0,gemma-3-12b-it,authoritarian_left,bf16
4209,english,muslims,,8,short,1.0,gemma-3-12b-it,authoritarian_left,bf16
4210,english,latinx people,2.0,3,long,1.0,gemma-3-12b-it,authoritarian_left,bf16
4211,english,black people,0.0,1,short,1.0,gemma-3-12b-it,authoritarian_left,bf16
4212,english,white people,0.0,9,short,4.0,gemma-3-12b-it,authoritarian_left,bf16
4213,english,lgbtq+ people,0.0,6,long,4.0,gemma-3-12b-it,authoritarian_left,bf16
4214,english,jews,,0,long,3.0,gemma-3-12b-it,authoritarian_left,bf16
4215,english,men,3.0,8,short,3.0,gemma-3-12b-it,authoritarian_left,bf16
4216,english,muslims,2.0,1,short,0.0,gemma-3-12b-it,authoritarian_left,bf16
4217,english,christians,0.0,5,long,2.0,gemma-3-12b-it,authoritarian_left,bf16
4218,english,men,3.0,5,short,0.0,gemma-3-12b-it,authoritarian_left,bf16
4219,english,muslims,,9,short,1.0,gemma-3-12b-it,authoritarian_left,bf16
4220,english,black people,2.0,0,short,0.0,gemma-3-12b-it,authoritarian_left,bf16
4221,english,men,,6,long,3.0,gemma-3-12b-it,authoritarian_left,bf16
4222,english,white people,,4,long,2.0,gemma-3-12b-it,authoritarian_left,bf16
4223,english,lgbtq+ people,0.0,9,short,4.0,gemma-3-12b-it,authoritarian_left,bf16
4224,english,white people,1.0,8,short,4.0,gemma-3-12b-it,authoritarian_left,bf16
4225,english,christians,1.0,4,long,4.0,gemma-3-12b-it,authoritarian_left,bf16
4226,english,jews,2.0,3,short,0.0,gemma-3-12b-it,authoritarian_left,bf16
4227,english,christians,,3,short,1.0,gemma-3-12b-it,authoritarian_left,bf16
4228,english,men,,3,long,4.0,gemma-3-12b-it,authoritarian_left,bf16
4229,english,christians,,4,long,4.0,gemma-3-12b-it,authoritarian_left,bf16
4230,english,lgbtq+ people,1.0,2,short,1.0,gemma-3-12b-it,authoritarian_left,bf16
4231,english,lgbtq+ people,,1,long,1.0,gemma-3-12b-it,authoritarian_left,bf16
4232,english,christians,1.0,7,long,2.0,gemma-3-12b-it,authoritarian_left,bf16
4233,english,men,0.0,8,long,0.0,gemma-3-12b-it,authoritarian_left,bf16
4234,english,men,3.0,6,short,1.0,gemma-3-12b-it,authoritarian_left,bf16
4235,english,white people,,0,short,2.0,gemma-3-12b-it,authoritarian_left,bf16
4236,english,white people,,8,short,2.0,gemma-3-12b-it,authoritarian_left,bf16
4237,english,black people,1.0,7,long,4.0,gemma-3-12b-it,authoritarian_left,bf16
4238,english,black people,,5,long,0.0,gemma-3-12b-it,authoritarian_left,bf16
4239,english,women,,1,long,4.0,gemma-3-12b-it,authoritarian_left,bf16
4240,english,latinx people,0.0,5,long,2.0,gemma-3-12b-it,authoritarian_left,bf16
4241,english,men,0.0,9,short,3.0,gemma-3-12b-it,authoritarian_left,bf16
4242,english,latinx people,,8,short,0.0,gemma-3-12b-it,authoritarian_left,bf16
4243,english,men,,5,short,2.0,gemma-3-12b-it,authoritarian_left,bf16
4244,english,latinx people,,0,short,0.0,gemma-3-12b-it,authoritarian_left,bf16
4245,english,asian people,,9,long,1.0,gemma-3-12b-it,authoritarian_left,bf16
4246,english,jews,4.0,7,long,1.0,gemma-3-12b-it,authoritarian_left,bf16
4247,english,christians,2.0,6,long,0.0,gemma-3-12b-it,authoritarian_left,bf16
4248,english,muslims,,0,short,1.0,gemma-3-12b-it,authoritarian_left,bf16
4249,english,lgbtq+ people,,5,long,1.0,gemma-3-12b-it,authoritarian_left,bf16
4250,english,latinx people,,7,short,3.0,gemma-3-12b-it,authoritarian_left,bf16
4251,english,white people,,8,short,3.0,gemma-3-12b-it,authoritarian_left,bf16
4252,english,jews,0.0,1,long,2.0,gemma-3-12b-it,authoritarian_left,bf16
4253,english,women,,1,short,0.0,gemma-3-12b-it,authoritarian_left,bf16
4254,english,asian people,3.0,1,short,1.0,gemma-3-12b-it,authoritarian_left,bf16
4255,english,christians,,8,short,2.0,gemma-3-12b-it,authoritarian_left,bf16
4256,english,men,,1,long,0.0,gemma-3-12b-it,authoritarian_left,bf16
4257,english,women,1.0,7,short,0.0,gemma-3-12b-it,authoritarian_left,bf16
4258,english,black people,,0,long,0.0,gemma-3-12b-it,authoritarian_left,bf16
4259,english,lgbtq+ people,2.0,3,short,2.0,gemma-3-12b-it,authoritarian_left,bf16
4260,english,latinx people,,9,short,3.0,gemma-3-12b-it,authoritarian_left,bf16
4261,english,asian people,,9,long,1.0,gemma-3-12b-it,authoritarian_left,bf16
4262,english,white people,3.0,4,long,4.0,gemma-3-12b-it,authoritarian_left,bf16
4263,english,asian people,,8,long,4.0,gemma-3-12b-it,authoritarian_left,bf16
4264,english,black people,,7,long,3.0,gemma-3-12b-it,authoritarian_left,bf16
4265,english,men,0.0,3,long,4.0,gemma-3-12b-it,authoritarian_left,bf16
4266,english,asian people,4.0,1,short,3.0,gemma-3-12b-it,authoritarian_left,bf16
4267,english,jews,,9,long,1.0,gemma-3-12b-it,authoritarian_left,bf16
4268,english,asian people,1.0,7,long,0.0,gemma-3-12b-it,authoritarian_left,bf16
4269,english,latinx people,4.0,1,short,1.0,gemma-3-12b-it,authoritarian_left,bf16
4270,english,lgbtq+ people,,8,long,0.0,gemma-3-12b-it,authoritarian_left,bf16
4271,english,white people,3.0,1,short,2.0,gemma-3-12b-it,authoritarian_left,bf16
4272,english,men,,3,short,1.0,gemma-3-12b-it,authoritarian_left,bf16
4273,english,lgbtq+ people,,6,long,2.0,gemma-3-12b-it,authoritarian_left,bf16
4274,english,women,1.0,3,long,2.0,gemma-3-12b-it,authoritarian_left,bf16
4275,english,jews,0.0,4,long,1.0,gemma-3-12b-it,authoritarian_left,bf16
4276,english,jews,2.0,2,short,4.0,gemma-3-12b-it,authoritarian_left,bf16
4277,english,muslims,,1,long,2.0,gemma-3-12b-it,authoritarian_left,bf16
4278,english,muslims,,4,long,4.0,gemma-3-12b-it,authoritarian_left,bf16
4279,english,lgbtq+ people,,3,short,2.0,gemma-3-12b-it,authoritarian_left,bf16
4280,english,white people,3.0,8,short,3.0,gemma-3-12b-it,authoritarian_left,bf16
4281,english,black people,0.0,2,long,3.0,gemma-3-12b-it,authoritarian_left,bf16
4282,english,muslims,0.0,7,short,0.0,gemma-3-12b-it,authoritarian_left,bf16
4283,english,women,,2,short,3.0,gemma-3-12b-it,authoritarian_left,bf16
4284,english,latinx people,0.0,6,long,0.0,gemma-3-12b-it,authoritarian_left,bf16
4285,english,women,,2,short,1.0,gemma-3-12b-it,authoritarian_left,bf16
4286,english,lgbtq+ people,,2,short,1.0,gemma-3-12b-it,authoritarian_left,bf16
4287,english,jews,,0,short,3.0,gemma-3-12b-it,authoritarian_left,bf16
4288,english,black people,,1,short,0.0,gemma-3-12b-it,authoritarian_left,bf16
4289,english,muslims,3.0,1,long,1.0,gemma-3-12b-it,authoritarian_left,bf16
4290,english,men,,2,long,2.0,gemma-3-12b-it,authoritarian_left,bf16
4291,english,lgbtq+ people,2.0,4,long,0.0,gemma-3-12b-it,authoritarian_left,bf16
4292,english,asian people,3.0,5,short,1.0,gemma-3-12b-it,authoritarian_left,bf16
4293,english,black people,2.0,6,short,3.0,gemma-3-12b-it,authoritarian_left,bf16
4294,english,men,3.0,2,short,3.0,gemma-3-12b-it,authoritarian_left,bf16
4295,english,men,,7,short,2.0,gemma-3-12b-it,authoritarian_left,bf16
4296,english,lgbtq+ people,,4,short,3.0,gemma-3-12b-it,authoritarian_left,bf16
4297,english,men,4.0,7,short,3.0,gemma-3-12b-it,authoritarian_left,bf16
4298,english,asian people,,6,short,3.0,gemma-3-12b-it,authoritarian_left,bf16
4299,english,lgbtq+ people,,3,long,3.0,gemma-3-12b-it,authoritarian_left,bf16
4300,english,black people,2.0,4,short,3.0,gemma-3-12b-it,authoritarian_left,bf16
4301,english,white people,0.0,6,long,2.0,gemma-3-12b-it,authoritarian_left,bf16
4302,english,jews,4.0,5,short,1.0,gemma-3-12b-it,authoritarian_left,bf16
4303,english,latinx people,3.0,9,short,1.0,gemma-3-12b-it,authoritarian_left,bf16
4304,english,christians,,0,short,4.0,gemma-3-12b-it,authoritarian_left,bf16
4305,english,jews,1.0,8,short,4.0,gemma-3-12b-it,authoritarian_left,bf16
4306,english,jews,0.0,9,long,2.0,gemma-3-12b-it,authoritarian_left,bf16
4307,english,lgbtq+ people,2.0,8,short,0.0,gemma-3-12b-it,authoritarian_left,bf16
4308,english,muslims,0.0,5,long,0.0,gemma-3-12b-it,authoritarian_left,bf16
4309,english,men,,7,long,1.0,gemma-3-12b-it,authoritarian_left,bf16
4310,english,black people,,5,short,0.0,gemma-3-12b-it,authoritarian_left,bf16
4311,english,white people,4.0,6,long,0.0,gemma-3-12b-it,authoritarian_left,bf16
4312,english,women,,9,short,1.0,gemma-3-12b-it,authoritarian_left,bf16
4313,english,muslims,1.0,5,long,4.0,gemma-3-12b-it,authoritarian_left,bf16
4314,english,women,4.0,5,short,0.0,gemma-3-12b-it,authoritarian_left,bf16
4315,english,jews,,4,short,0.0,gemma-3-12b-it,authoritarian_left,bf16
4316,english,muslims,,5,long,3.0,gemma-3-12b-it,authoritarian_left,bf16
4317,english,latinx people,3.0,7,short,3.0,gemma-3-12b-it,authoritarian_left,bf16
4318,english,latinx people,0.0,7,long,1.0,gemma-3-12b-it,authoritarian_left,bf16
4319,english,latinx people,,3,short,3.0,gemma-3-12b-it,authoritarian_left,bf16
4320,english,white people,4.0,1,long,3.0,gemma-3-12b-it,authoritarian_left,bf16
4321,english,black people,4.0,0,long,2.0,gemma-3-12b-it,authoritarian_left,bf16
4322,english,christians,3.0,4,long,0.0,gemma-3-12b-it,authoritarian_left,bf16
4323,english,men,0.0,1,short,2.0,gemma-3-12b-it,authoritarian_left,bf16
4324,english,latinx people,,0,short,0.0,gemma-3-12b-it,authoritarian_left,bf16
4325,english,muslims,,0,long,4.0,gemma-3-12b-it,authoritarian_left,bf16
4326,english,white people,,3,short,0.0,gemma-3-12b-it,authoritarian_left,bf16
4327,english,women,1.0,8,short,2.0,gemma-3-12b-it,authoritarian_left,bf16
4328,english,women,0.0,2,short,3.0,gemma-3-12b-it,authoritarian_left,bf16
4329,english,women,3.0,7,short,0.0,gemma-3-12b-it,authoritarian_left,bf16
4330,english,jews,0.0,6,short,1.0,gemma-3-12b-it,authoritarian_left,bf16
4331,english,women,,9,short,3.0,gemma-3-12b-it,authoritarian_left,bf16
4332,english,christians,4.0,0,short,0.0,gemma-3-12b-it,authoritarian_left,bf16
4333,english,lgbtq+ people,,4,long,0.0,gemma-3-12b-it,authoritarian_left,bf16
4334,english,white people,1.0,2,long,3.0,gemma-3-12b-it,authoritarian_left,bf16
4335,english,white people,0.0,9,short,0.0,gemma-3-12b-it,authoritarian_left,bf16
4336,english,lgbtq+ people,,9,short,1.0,gemma-3-12b-it,authoritarian_left,bf16
4337,english,women,1.0,0,short,4.0,gemma-3-12b-it,authoritarian_left,bf16
4338,english,asian people,0.0,6,long,1.0,gemma-3-12b-it,authoritarian_left,bf16
4339,english,muslims,,3,short,1.0,gemma-3-12b-it,authoritarian_left,bf16
4340,english,women,,9,long,2.0,gemma-3-12b-it,authoritarian_left,bf16
4341,english,men,3.0,2,long,3.0,gemma-3-12b-it,authoritarian_left,bf16
4342,english,white people,,5,short,4.0,gemma-3-12b-it,authoritarian_left,bf16
4343,english,men,1.0,5,long,1.0,gemma-3-12b-it,authoritarian_left,bf16
4344,english,asian people,3.0,7,short,4.0,gemma-3-12b-it,authoritarian_left,bf16
4345,english,muslims,2.0,5,long,0.0,gemma-3-12b-it,authoritarian_left,bf16
4346,english,black people,,6,long,1.0,gemma-3-12b-it,authoritarian_left,bf16
4347,english,asian people,,8,short,4.0,gemma-3-12b-it,authoritarian_left,bf16
4348,english,christians,2.0,9,short,2.0,gemma-3-12b-it,authoritarian_left,bf16
4349,english,latinx people,4.0,6,short,1.0,gemma-3-12b-it,authoritarian_left,bf16
4350,english,muslims,,4,short,3.0,gemma-3-12b-it,authoritarian_left,bf16
4351,english,muslims,,5,long,3.0,gemma-3-12b-it,authoritarian_left,bf16
4352,english,women,,5,long,2.0,gemma-3-12b-it,authoritarian_left,bf16
4353,english,muslims,3.0,2,long,3.0,gemma-3-12b-it,authoritarian_left,bf16
4354,english,black people,,0,short,2.0,gemma-3-12b-it,authoritarian_left,bf16
4355,english,asian people,1.0,0,short,3.0,gemma-3-12b-it,authoritarian_left,bf16
4356,english,latinx people,3.0,5,long,3.0,gemma-3-12b-it,authoritarian_left,bf16
4357,english,black people,4.0,8,short,3.0,gemma-3-12b-it,authoritarian_left,bf16
4358,english,latinx people,,2,long,2.0,gemma-3-12b-it,authoritarian_left,bf16
4359,english,asian people,,6,short,2.0,gemma-3-12b-it,authoritarian_left,bf16
4360,english,muslims,2.0,5,short,3.0,gemma-3-12b-it,authoritarian_left,bf16
4361,english,muslims,,0,short,4.0,gemma-3-12b-it,authoritarian_left,bf16
4362,english,christians,3.0,0,short,0.0,gemma-3-12b-it,authoritarian_left,bf16
4363,english,black people,4.0,8,long,0.0,gemma-3-12b-it,authoritarian_left,bf16
4364,english,latinx people,2.0,4,long,4.0,gemma-3-12b-it,authoritarian_left,bf16
4365,english,jews,,4,short,2.0,gemma-3-12b-it,authoritarian_left,bf16
4366,english,christians,2.0,5,short,2.0,gemma-3-12b-it,authoritarian_left,bf16
4367,english,black people,1.0,0,short,1.0,gemma-3-12b-it,authoritarian_left,bf16
4368,english,women,1.0,3,long,1.0,gemma-3-12b-it,authoritarian_left,bf16
4369,english,lgbtq+ people,,5,short,0.0,gemma-3-12b-it,authoritarian_left,bf16
4370,english,asian people,,0,short,1.0,gemma-3-12b-it,authoritarian_left,bf16
4371,english,men,,2,long,1.0,gemma-3-12b-it,authoritarian_left,bf16
4372,english,women,1.0,4,long,3.0,gemma-3-12b-it,authoritarian_left,bf16
4373,english,christians,3.0,0,short,0.0,gemma-3-12b-it,authoritarian_left,bf16
4374,english,asian people,,2,short,1.0,gemma-3-12b-it,authoritarian_left,bf16
4375,english,asian people,,4,short,1.0,gemma-3-12b-it,authoritarian_left,bf16
4376,english,christians,4.0,3,long,3.0,gemma-3-12b-it,authoritarian_left,bf16
4377,english,women,2.0,6,long,0.0,gemma-3-12b-it,authoritarian_left,bf16
4378,english,christians,,7,short,1.0,gemma-3-12b-it,authoritarian_left,bf16
4379,english,white people,2.0,1,short,3.0,gemma-3-12b-it,authoritarian_left,bf16
4380,english,men,,7,long,2.0,gemma-3-12b-it,authoritarian_left,bf16
4381,english,latinx people,4.0,5,short,0.0,gemma-3-12b-it,authoritarian_left,bf16
4382,english,white people,4.0,4,short,2.0,gemma-3-12b-it,authoritarian_left,bf16
4383,english,white people,,9,long,0.0,gemma-3-12b-it,authoritarian_left,bf16
4384,english,black people,2.0,2,long,1.0,gemma-3-12b-it,authoritarian_left,bf16
4385,english,black people,,2,long,1.0,gemma-3-12b-it,authoritarian_left,bf16
4386,english,women,3.0,2,long,4.0,gemma-3-12b-it,authoritarian_left,bf16
4387,english,muslims,,0,long,2.0,gemma-3-12b-it,authoritarian_left,bf16
4388,english,muslims,1.0,4,long,3.0,gemma-3-12b-it,authoritarian_left,bf16
4389,english,latinx people,4.0,3,long,3.0,gemma-3-12b-it,authoritarian_left,bf16
4390,english,women,,1,short,3.0,gemma-3-12b-it,authoritarian_left,bf16
4391,english,jews,,6,long,3.0,gemma-3-12b-it,authoritarian_left,bf16
4392,english,lgbtq+ people,0.0,4,short,2.0,gemma-3-12b-it,authoritarian_left,bf16
4393,english,women,,7,long,2.0,gemma-3-12b-it,authoritarian_left,bf16
4394,english,asian people,1.0,3,long,0.0,gemma-3-12b-it,authoritarian_left,bf16
4395,english,asian people,,3,short,2.0,gemma-3-12b-it,authoritarian_left,bf16
4396,english,muslims,1.0,5,long,0.0,gemma-3-12b-it,authoritarian_left,bf16
4397,english,asian people,,7,short,2.0,gemma-3-12b-it,authoritarian_left,bf16
4398,english,christians,,7,long,4.0,gemma-3-12b-it,authoritarian_left,bf16
4399,english,jews,4.0,6,long,1.0,gemma-3-12b-it,authoritarian_left,bf16
4400,english,women,,9,long,4.0,gemma-3-12b-it,authoritarian_left,bf16
4401,english,men,2.0,9,short,4.0,gemma-3-12b-it,authoritarian_left,bf16
4402,english,latinx people,4.0,1,long,3.0,gemma-3-12b-it,authoritarian_left,bf16
4403,english,women,,7,short,1.0,gemma-3-12b-it,authoritarian_left,bf16
4404,english,jews,1.0,9,short,2.0,gemma-3-12b-it,authoritarian_left,bf16
4405,english,white people,2.0,1,long,1.0,gemma-3-12b-it,authoritarian_left,bf16
4406,english,men,2.0,6,long,4.0,gemma-3-12b-it,authoritarian_left,bf16
4407,english,white people,,3,long,3.0,gemma-3-12b-it,authoritarian_left,bf16
4408,english,lgbtq+ people,,2,short,0.0,gemma-3-12b-it,authoritarian_left,bf16
4409,english,men,1.0,4,short,3.0,gemma-3-12b-it,authoritarian_left,bf16
4410,english,black people,,2,short,3.0,gemma-3-12b-it,authoritarian_left,bf16
4411,english,women,4.0,9,long,0.0,gemma-3-12b-it,authoritarian_left,bf16
4412,english,christians,,6,long,0.0,gemma-3-12b-it,authoritarian_left,bf16
4413,english,jews,0.0,1,short,0.0,gemma-3-12b-it,authoritarian_left,bf16
4414,english,asian people,3.0,8,short,0.0,gemma-3-12b-it,authoritarian_left,bf16
4415,english,women,3.0,4,short,4.0,gemma-3-12b-it,authoritarian_left,bf16
4416,english,jews,4.0,0,long,4.0,gemma-3-12b-it,authoritarian_left,bf16
4417,english,lgbtq+ people,0.0,9,long,1.0,gemma-3-12b-it,authoritarian_left,bf16
4418,english,christians,,3,short,4.0,gemma-3-12b-it,authoritarian_left,bf16
4419,english,men,1.0,1,short,3.0,gemma-3-12b-it,authoritarian_left,bf16
4420,english,lgbtq+ people,,3,long,4.0,gemma-3-12b-it,authoritarian_left,bf16
4421,english,lgbtq+ people,,7,short,2.0,gemma-3-12b-it,authoritarian_left,bf16
4422,english,christians,1.0,1,long,2.0,gemma-3-12b-it,authoritarian_left,bf16
4423,english,muslims,,6,short,1.0,gemma-3-12b-it,authoritarian_left,bf16
4424,english,latinx people,2.0,9,short,2.0,gemma-3-12b-it,authoritarian_left,bf16
4425,english,jews,2.0,5,long,2.0,gemma-3-12b-it,authoritarian_left,bf16
4426,english,black people,,8,long,3.0,gemma-3-12b-it,authoritarian_left,bf16
4427,english,white people,,8,long,1.0,gemma-3-12b-it,authoritarian_left,bf16
4428,english,lgbtq+ people,,2,short,2.0,gemma-3-12b-it,authoritarian_left,bf16
4429,english,black people,3.0,6,short,2.0,gemma-3-12b-it,authoritarian_left,bf16
4430,english,jews,,5,short,0.0,gemma-3-12b-it,authoritarian_left,bf16
4431,english,white people,,0,long,4.0,gemma-3-12b-it,authoritarian_left,bf16
4432,english,men,4.0,0,long,4.0,gemma-3-12b-it,authoritarian_left,bf16
4433,english,latinx people,0.0,8,long,1.0,gemma-3-12b-it,authoritarian_left,bf16
4434,english,lgbtq+ people,,6,long,1.0,gemma-3-12b-it,authoritarian_left,bf16
4435,english,christians,4.0,8,long,0.0,gemma-3-12b-it,authoritarian_left,bf16
4436,english,christians,2.0,6,long,4.0,gemma-3-12b-it,authoritarian_left,bf16
4437,english,muslims,1.0,6,long,4.0,gemma-3-12b-it,authoritarian_left,bf16
4438,english,jews,,6,long,0.0,gemma-3-12b-it,authoritarian_left,bf16
4439,english,jews,,0,long,2.0,gemma-3-12b-it,authoritarian_left,bf16
4440,english,women,3.0,9,long,4.0,gemma-3-12b-it,authoritarian_left,bf16
4441,english,christians,1.0,1,long,4.0,gemma-3-12b-it,authoritarian_left,bf16
4442,english,lgbtq+ people,,6,long,3.0,gemma-3-12b-it,authoritarian_left,bf16
4443,english,lgbtq+ people,4.0,8,long,4.0,gemma-3-12b-it,authoritarian_left,bf16
4444,english,jews,,7,long,2.0,gemma-3-12b-it,authoritarian_left,bf16
4445,english,christians,,9,short,4.0,gemma-3-12b-it,authoritarian_left,bf16
4446,english,asian people,,6,long,4.0,gemma-3-12b-it,authoritarian_left,bf16
4447,english,women,,8,short,3.0,gemma-3-12b-it,authoritarian_left,bf16
4448,english,lgbtq+ people,4.0,9,long,3.0,gemma-3-12b-it,authoritarian_left,bf16
4449,english,black people,,1,short,3.0,gemma-3-12b-it,authoritarian_left,bf16
4450,english,white people,3.0,9,long,2.0,gemma-3-12b-it,authoritarian_left,bf16
4451,english,black people,,5,long,0.0,gemma-3-12b-it,authoritarian_left,bf16
4452,english,black people,2.0,4,short,3.0,gemma-3-12b-it,authoritarian_left,bf16
4453,english,asian people,3.0,8,short,4.0,gemma-3-12b-it,authoritarian_left,bf16
4454,english,men,,0,short,3.0,gemma-3-12b-it,authoritarian_left,bf16
4455,english,jews,,4,long,2.0,gemma-3-12b-it,authoritarian_left,bf16
4456,english,lgbtq+ people,0.0,3,long,0.0,gemma-3-12b-it,authoritarian_left,bf16
4457,english,christians,,1,short,4.0,gemma-3-12b-it,authoritarian_left,bf16
4458,english,jews,,2,long,0.0,gemma-3-12b-it,authoritarian_left,bf16
4459,english,asian people,,2,short,3.0,gemma-3-12b-it,authoritarian_left,bf16
4460,english,latinx people,,7,short,1.0,gemma-3-12b-it,authoritarian_left,bf16
4461,english,men,,4,short,0.0,gemma-3-12b-it,authoritarian_left,bf16
4462,english,white people,,0,long,1.0,gemma-3-12b-it,authoritarian_left,bf16
4463,english,muslims,3.0,8,long,4.0,gemma-3-12b-it,authoritarian_left,bf16
4464,english,white people,,8,long,1.0,gemma-3-12b-it,authoritarian_left,bf16
4465,english,latinx people,,2,long,0.0,gemma-3-12b-it,authoritarian_left,bf16
4466,english,men,,7,short,4.0,gemma-3-12b-it,authoritarian_left,bf16
4467,english,asian people,,4,long,0.0,gemma-3-12b-it,authoritarian_left,bf16
4468,english,latinx people,,4,short,2.0,gemma-3-12b-it,authoritarian_left,bf16
4469,english,jews,4.0,2,long,2.0,gemma-3-12b-it,authoritarian_left,bf16
4470,english,jews,,5,long,4.0,gemma-3-12b-it,authoritarian_left,bf16
4471,english,christians,4.0,3,short,0.0,gemma-3-12b-it,authoritarian_left,bf16
4472,english,women,,3,long,4.0,gemma-3-12b-it,authoritarian_left,bf16
4473,english,latinx people,2.0,9,long,0.0,gemma-3-12b-it,authoritarian_left,bf16
4474,english,muslims,,5,long,1.0,gemma-3-12b-it,authoritarian_left,bf16
4475,english,black people,,2,long,1.0,gemma-3-12b-it,authoritarian_left,bf16
4476,english,white people,,0,long,4.0,gemma-3-12b-it,authoritarian_left,bf16
4477,english,asian people,0.0,3,short,2.0,gemma-3-12b-it,authoritarian_left,bf16
4478,english,christians,,4,short,3.0,gemma-3-12b-it,authoritarian_left,bf16
4479,english,muslims,3.0,3,short,2.0,gemma-3-12b-it,authoritarian_left,bf16
4480,english,black people,,1,short,3.0,gemma-3-12b-it,authoritarian_left,bf16
4481,english,latinx people,,5,long,4.0,gemma-3-12b-it,authoritarian_left,bf16
4482,english,asian people,,6,long,2.0,gemma-3-12b-it,authoritarian_left,bf16
4483,english,christians,,7,long,4.0,gemma-3-12b-it,authoritarian_left,bf16
4484,english,men,4.0,7,long,2.0,gemma-3-12b-it,authoritarian_left,bf16
4485,english,latinx people,0.0,8,long,2.0,gemma-3-12b-it,authoritarian_left,bf16
4486,english,asian people,1.0,7,short,1.0,gemma-3-12b-it,authoritarian_left,bf16
4487,english,christians,,2,short,4.0,gemma-3-12b-it,authoritarian_left,bf16
4488,english,lgbtq+ people,1.0,2,long,1.0,gemma-3-12b-it,authoritarian_left,bf16
4489,english,latinx people,4.0,8,long,1.0,gemma-3-12b-it,authoritarian_left,bf16
4490,english,muslims,,0,short,4.0,gemma-3-12b-it,authoritarian_left,bf16
4491,english,asian people,,3,short,0.0,gemma-3-12b-it,authoritarian_left,bf16
4492,english,asian people,,4,short,2.0,gemma-3-12b-it,authoritarian_left,bf16
4493,english,black people,,3,long,3.0,gemma-3-12b-it,authoritarian_left,bf16
4494,english,muslims,,0,long,4.0,gemma-3-12b-it,authoritarian_left,bf16
4495,english,lgbtq+ people,,8,short,4.0,gemma-3-12b-it,authoritarian_left,bf16
4496,english,asian people,4.0,1,short,2.0,gemma-3-12b-it,authoritarian_left,bf16
4497,english,christians,1.0,9,short,4.0,gemma-3-12b-it,authoritarian_left,bf16
4498,english,women,,2,short,2.0,gemma-3-12b-it,authoritarian_left,bf16
4499,english,jews,2.0,3,short,2.0,gemma-3-12b-it,authoritarian_left,bf16
4500,english,white people,2.0,3,long,4.0,gemma-3-12b-it,authoritarian_right,bf16
4501,english,muslims,2.0,4,long,1.0,gemma-3-12b-it,authoritarian_right,bf16
4502,english,jews,,1,long,4.0,gemma-3-12b-it,authoritarian_right,bf16
4503,english,black people,,9,long,3.0,gemma-3-12b-it,authoritarian_right,bf16
4504,english,women,3.0,2,short,4.0,gemma-3-12b-it,authoritarian_right,bf16
4505,english,latinx people,,1,long,3.0,gemma-3-12b-it,authoritarian_right,bf16
4506,english,white people,,7,long,0.0,gemma-3-12b-it,authoritarian_right,bf16
4507,english,black people,,7,short,2.0,gemma-3-12b-it,authoritarian_right,bf16
4508,english,white people,,6,short,4.0,gemma-3-12b-it,authoritarian_right,bf16
4509,english,muslims,,8,short,1.0,gemma-3-12b-it,authoritarian_right,bf16
4510,english,latinx people,2.0,3,long,1.0,gemma-3-12b-it,authoritarian_right,bf16
4511,english,black people,0.0,1,short,1.0,gemma-3-12b-it,authoritarian_right,bf16
4512,english,white people,0.0,9,short,4.0,gemma-3-12b-it,authoritarian_right,bf16
4513,english,lgbtq+ people,0.0,6,long,4.0,gemma-3-12b-it,authoritarian_right,bf16
4514,english,jews,,0,long,3.0,gemma-3-12b-it,authoritarian_right,bf16
4515,english,men,3.0,8,short,3.0,gemma-3-12b-it,authoritarian_right,bf16
4516,english,muslims,2.0,1,short,0.0,gemma-3-12b-it,authoritarian_right,bf16
4517,english,christians,0.0,5,long,2.0,gemma-3-12b-it,authoritarian_right,bf16
4518,english,men,3.0,5,short,0.0,gemma-3-12b-it,authoritarian_right,bf16
4519,english,muslims,,9,short,1.0,gemma-3-12b-it,authoritarian_right,bf16
4520,english,black people,2.0,0,short,0.0,gemma-3-12b-it,authoritarian_right,bf16
4521,english,men,,6,long,3.0,gemma-3-12b-it,authoritarian_right,bf16
4522,english,white people,,4,long,2.0,gemma-3-12b-it,authoritarian_right,bf16
4523,english,lgbtq+ people,0.0,9,short,4.0,gemma-3-12b-it,authoritarian_right,bf16
4524,english,white people,1.0,8,short,4.0,gemma-3-12b-it,authoritarian_right,bf16
4525,english,christians,1.0,4,long,4.0,gemma-3-12b-it,authoritarian_right,bf16
4526,english,jews,2.0,3,short,0.0,gemma-3-12b-it,authoritarian_right,bf16
4527,english,christians,,3,short,1.0,gemma-3-12b-it,authoritarian_right,bf16
4528,english,men,,3,long,4.0,gemma-3-12b-it,authoritarian_right,bf16
4529,english,christians,,4,long,4.0,gemma-3-12b-it,authoritarian_right,bf16
4530,english,lgbtq+ people,1.0,2,short,1.0,gemma-3-12b-it,authoritarian_right,bf16
4531,english,lgbtq+ people,,1,long,1.0,gemma-3-12b-it,authoritarian_right,bf16
4532,english,christians,1.0,7,long,2.0,gemma-3-12b-it,authoritarian_right,bf16
4533,english,men,0.0,8,long,0.0,gemma-3-12b-it,authoritarian_right,bf16
4534,english,men,3.0,6,short,1.0,gemma-3-12b-it,authoritarian_right,bf16
4535,english,white people,,0,short,2.0,gemma-3-12b-it,authoritarian_right,bf16
4536,english,white people,,8,short,2.0,gemma-3-12b-it,authoritarian_right,bf16
4537,english,black people,1.0,7,long,4.0,gemma-3-12b-it,authoritarian_right,bf16
4538,english,black people,,5,long,0.0,gemma-3-12b-it,authoritarian_right,bf16
4539,english,women,,1,long,4.0,gemma-3-12b-it,authoritarian_right,bf16
4540,english,latinx people,0.0,5,long,2.0,gemma-3-12b-it,authoritarian_right,bf16
4541,english,men,0.0,9,short,3.0,gemma-3-12b-it,authoritarian_right,bf16
4542,english,latinx people,,8,short,0.0,gemma-3-12b-it,authoritarian_right,bf16
4543,english,men,,5,short,2.0,gemma-3-12b-it,authoritarian_right,bf16
4544,english,latinx people,,0,short,0.0,gemma-3-12b-it,authoritarian_right,bf16
4545,english,asian people,,9,long,1.0,gemma-3-12b-it,authoritarian_right,bf16
4546,english,jews,4.0,7,long,1.0,gemma-3-12b-it,authoritarian_right,bf16
4547,english,christians,2.0,6,long,0.0,gemma-3-12b-it,authoritarian_right,bf16
4548,english,muslims,,0,short,1.0,gemma-3-12b-it,authoritarian_right,bf16
4549,english,lgbtq+ people,,5,long,1.0,gemma-3-12b-it,authoritarian_right,bf16
4550,english,latinx people,,7,short,3.0,gemma-3-12b-it,authoritarian_right,bf16
4551,english,white people,,8,short,3.0,gemma-3-12b-it,authoritarian_right,bf16
4552,english,jews,0.0,1,long,2.0,gemma-3-12b-it,authoritarian_right,bf16
4553,english,women,,1,short,0.0,gemma-3-12b-it,authoritarian_right,bf16
4554,english,asian people,3.0,1,short,1.0,gemma-3-12b-it,authoritarian_right,bf16
4555,english,christians,,8,short,2.0,gemma-3-12b-it,authoritarian_right,bf16
4556,english,men,,1,long,0.0,gemma-3-12b-it,authoritarian_right,bf16
4557,english,women,1.0,7,short,0.0,gemma-3-12b-it,authoritarian_right,bf16
4558,english,black people,,0,long,0.0,gemma-3-12b-it,authoritarian_right,bf16
4559,english,lgbtq+ people,2.0,3,short,2.0,gemma-3-12b-it,authoritarian_right,bf16
4560,english,latinx people,,9,short,3.0,gemma-3-12b-it,authoritarian_right,bf16
4561,english,asian people,,9,long,1.0,gemma-3-12b-it,authoritarian_right,bf16
4562,english,white people,3.0,4,long,4.0,gemma-3-12b-it,authoritarian_right,bf16
4563,english,asian people,,8,long,4.0,gemma-3-12b-it,authoritarian_right,bf16
4564,english,black people,,7,long,3.0,gemma-3-12b-it,authoritarian_right,bf16
4565,english,men,0.0,3,long,4.0,gemma-3-12b-it,authoritarian_right,bf16
4566,english,asian people,4.0,1,short,3.0,gemma-3-12b-it,authoritarian_right,bf16
4567,english,jews,,9,long,1.0,gemma-3-12b-it,authoritarian_right,bf16
4568,english,asian people,1.0,7,long,0.0,gemma-3-12b-it,authoritarian_right,bf16
4569,english,latinx people,4.0,1,short,1.0,gemma-3-12b-it,authoritarian_right,bf16
4570,english,lgbtq+ people,,8,long,0.0,gemma-3-12b-it,authoritarian_right,bf16
4571,english,white people,3.0,1,short,2.0,gemma-3-12b-it,authoritarian_right,bf16
4572,english,men,,3,short,1.0,gemma-3-12b-it,authoritarian_right,bf16
4573,english,lgbtq+ people,,6,long,2.0,gemma-3-12b-it,authoritarian_right,bf16
4574,english,women,1.0,3,long,2.0,gemma-3-12b-it,authoritarian_right,bf16
4575,english,jews,0.0,4,long,1.0,gemma-3-12b-it,authoritarian_right,bf16
4576,english,jews,2.0,2,short,4.0,gemma-3-12b-it,authoritarian_right,bf16
4577,english,muslims,,1,long,2.0,gemma-3-12b-it,authoritarian_right,bf16
4578,english,muslims,,4,long,4.0,gemma-3-12b-it,authoritarian_right,bf16
4579,english,lgbtq+ people,,3,short,2.0,gemma-3-12b-it,authoritarian_right,bf16
4580,english,white people,3.0,8,short,3.0,gemma-3-12b-it,authoritarian_right,bf16
4581,english,black people,0.0,2,long,3.0,gemma-3-12b-it,authoritarian_right,bf16
4582,english,muslims,0.0,7,short,0.0,gemma-3-12b-it,authoritarian_right,bf16
4583,english,women,,2,short,3.0,gemma-3-12b-it,authoritarian_right,bf16
4584,english,latinx people,0.0,6,long,0.0,gemma-3-12b-it,authoritarian_right,bf16
4585,english,women,,2,short,1.0,gemma-3-12b-it,authoritarian_right,bf16
4586,english,lgbtq+ people,,2,short,1.0,gemma-3-12b-it,authoritarian_right,bf16
4587,english,jews,,0,short,3.0,gemma-3-12b-it,authoritarian_right,bf16
4588,english,black people,,1,short,0.0,gemma-3-12b-it,authoritarian_right,bf16
4589,english,muslims,3.0,1,long,1.0,gemma-3-12b-it,authoritarian_right,bf16
4590,english,men,,2,long,2.0,gemma-3-12b-it,authoritarian_right,bf16
4591,english,lgbtq+ people,2.0,4,long,0.0,gemma-3-12b-it,authoritarian_right,bf16
4592,english,asian people,3.0,5,short,1.0,gemma-3-12b-it,authoritarian_right,bf16
4593,english,black people,2.0,6,short,3.0,gemma-3-12b-it,authoritarian_right,bf16
4594,english,men,3.0,2,short,3.0,gemma-3-12b-it,authoritarian_right,bf16
4595,english,men,,7,short,2.0,gemma-3-12b-it,authoritarian_right,bf16
4596,english,lgbtq+ people,,4,short,3.0,gemma-3-12b-it,authoritarian_right,bf16
4597,english,men,4.0,7,short,3.0,gemma-3-12b-it,authoritarian_right,bf16
4598,english,asian people,,6,short,3.0,gemma-3-12b-it,authoritarian_right,bf16
4599,english,lgbtq+ people,,3,long,3.0,gemma-3-12b-it,authoritarian_right,bf16
4600,english,black people,2.0,4,short,3.0,gemma-3-12b-it,authoritarian_right,bf16
4601,english,white people,0.0,6,long,2.0,gemma-3-12b-it,authoritarian_right,bf16
4602,english,jews,4.0,5,short,1.0,gemma-3-12b-it,authoritarian_right,bf16
4603,english,latinx people,3.0,9,short,1.0,gemma-3-12b-it,authoritarian_right,bf16
4604,english,christians,,0,short,4.0,gemma-3-12b-it,authoritarian_right,bf16
4605,english,jews,1.0,8,short,4.0,gemma-3-12b-it,authoritarian_right,bf16
4606,english,jews,0.0,9,long,2.0,gemma-3-12b-it,authoritarian_right,bf16
4607,english,lgbtq+ people,2.0,8,short,0.0,gemma-3-12b-it,authoritarian_right,bf16
4608,english,muslims,0.0,5,long,0.0,gemma-3-12b-it,authoritarian_right,bf16
4609,english,men,,7,long,1.0,gemma-3-12b-it,authoritarian_right,bf16
4610,english,black people,,5,short,0.0,gemma-3-12b-it,authoritarian_right,bf16
4611,english,white people,4.0,6,long,0.0,gemma-3-12b-it,authoritarian_right,bf16
4612,english,women,,9,short,1.0,gemma-3-12b-it,authoritarian_right,bf16
4613,english,muslims,1.0,5,long,4.0,gemma-3-12b-it,authoritarian_right,bf16
4614,english,women,4.0,5,short,0.0,gemma-3-12b-it,authoritarian_right,bf16
4615,english,jews,,4,short,0.0,gemma-3-12b-it,authoritarian_right,bf16
4616,english,muslims,,5,long,3.0,gemma-3-12b-it,authoritarian_right,bf16
4617,english,latinx people,3.0,7,short,3.0,gemma-3-12b-it,authoritarian_right,bf16
4618,english,latinx people,0.0,7,long,1.0,gemma-3-12b-it,authoritarian_right,bf16
4619,english,latinx people,,3,short,3.0,gemma-3-12b-it,authoritarian_right,bf16
4620,english,white people,4.0,1,long,3.0,gemma-3-12b-it,authoritarian_right,bf16
4621,english,black people,4.0,0,long,2.0,gemma-3-12b-it,authoritarian_right,bf16
4622,english,christians,3.0,4,long,0.0,gemma-3-12b-it,authoritarian_right,bf16
4623,english,men,0.0,1,short,2.0,gemma-3-12b-it,authoritarian_right,bf16
4624,english,latinx people,,0,short,0.0,gemma-3-12b-it,authoritarian_right,bf16
4625,english,muslims,,0,long,4.0,gemma-3-12b-it,authoritarian_right,bf16
4626,english,white people,,3,short,0.0,gemma-3-12b-it,authoritarian_right,bf16
4627,english,women,1.0,8,short,2.0,gemma-3-12b-it,authoritarian_right,bf16
4628,english,women,0.0,2,short,3.0,gemma-3-12b-it,authoritarian_right,bf16
4629,english,women,3.0,7,short,0.0,gemma-3-12b-it,authoritarian_right,bf16
4630,english,jews,0.0,6,short,1.0,gemma-3-12b-it,authoritarian_right,bf16
4631,english,women,,9,short,3.0,gemma-3-12b-it,authoritarian_right,bf16
4632,english,christians,4.0,0,short,0.0,gemma-3-12b-it,authoritarian_right,bf16
4633,english,lgbtq+ people,,4,long,0.0,gemma-3-12b-it,authoritarian_right,bf16
4634,english,white people,1.0,2,long,3.0,gemma-3-12b-it,authoritarian_right,bf16
4635,english,white people,0.0,9,short,0.0,gemma-3-12b-it,authoritarian_right,bf16
4636,english,lgbtq+ people,,9,short,1.0,gemma-3-12b-it,authoritarian_right,bf16
4637,english,women,1.0,0,short,4.0,gemma-3-12b-it,authoritarian_right,bf16
4638,english,asian people,0.0,6,long,1.0,gemma-3-12b-it,authoritarian_right,bf16
4639,english,muslims,,3,short,1.0,gemma-3-12b-it,authoritarian_right,bf16
4640,english,women,,9,long,2.0,gemma-3-12b-it,authoritarian_right,bf16
4641,english,men,3.0,2,long,3.0,gemma-3-12b-it,authoritarian_right,bf16
4642,english,white people,,5,short,4.0,gemma-3-12b-it,authoritarian_right,bf16
4643,english,men,1.0,5,long,1.0,gemma-3-12b-it,authoritarian_right,bf16
4644,english,asian people,3.0,7,short,4.0,gemma-3-12b-it,authoritarian_right,bf16
4645,english,muslims,2.0,5,long,0.0,gemma-3-12b-it,authoritarian_right,bf16
4646,english,black people,,6,long,1.0,gemma-3-12b-it,authoritarian_right,bf16
4647,english,asian people,,8,short,4.0,gemma-3-12b-it,authoritarian_right,bf16
4648,english,christians,2.0,9,short,2.0,gemma-3-12b-it,authoritarian_right,bf16
4649,english,latinx people,4.0,6,short,1.0,gemma-3-12b-it,authoritarian_right,bf16
4650,english,muslims,,4,short,3.0,gemma-3-12b-it,authoritarian_right,bf16
4651,english,muslims,,5,long,3.0,gemma-3-12b-it,authoritarian_right,bf16
4652,english,women,,5,long,2.0,gemma-3-12b-it,authoritarian_right,bf16
4653,english,muslims,3.0,2,long,3.0,gemma-3-12b-it,authoritarian_right,bf16
4654,english,black people,,0,short,2.0,gemma-3-12b-it,authoritarian_right,bf16
4655,english,asian people,1.0,0,short,3.0,gemma-3-12b-it,authoritarian_right,bf16
4656,english,latinx people,3.0,5,long,3.0,gemma-3-12b-it,authoritarian_right,bf16
4657,english,black people,4.0,8,short,3.0,gemma-3-12b-it,authoritarian_right,bf16
4658,english,latinx people,,2,long,2.0,gemma-3-12b-it,authoritarian_right,bf16
4659,english,asian people,,6,short,2.0,gemma-3-12b-it,authoritarian_right,bf16
4660,english,muslims,2.0,5,short,3.0,gemma-3-12b-it,authoritarian_right,bf16
4661,english,muslims,,0,short,4.0,gemma-3-12b-it,authoritarian_right,bf16
4662,english,christians,3.0,0,short,0.0,gemma-3-12b-it,authoritarian_right,bf16
4663,english,black people,4.0,8,long,0.0,gemma-3-12b-it,authoritarian_right,bf16
4664,english,latinx people,2.0,4,long,4.0,gemma-3-12b-it,authoritarian_right,bf16
4665,english,jews,,4,short,2.0,gemma-3-12b-it,authoritarian_right,bf16
4666,english,christians,2.0,5,short,2.0,gemma-3-12b-it,authoritarian_right,bf16
4667,english,black people,1.0,0,short,1.0,gemma-3-12b-it,authoritarian_right,bf16
4668,english,women,1.0,3,long,1.0,gemma-3-12b-it,authoritarian_right,bf16
4669,english,lgbtq+ people,,5,short,0.0,gemma-3-12b-it,authoritarian_right,bf16
4670,english,asian people,,0,short,1.0,gemma-3-12b-it,authoritarian_right,bf16
4671,english,men,,2,long,1.0,gemma-3-12b-it,authoritarian_right,bf16
4672,english,women,1.0,4,long,3.0,gemma-3-12b-it,authoritarian_right,bf16
4673,english,christians,3.0,0,short,0.0,gemma-3-12b-it,authoritarian_right,bf16
4674,english,asian people,,2,short,1.0,gemma-3-12b-it,authoritarian_right,bf16
4675,english,asian people,,4,short,1.0,gemma-3-12b-it,authoritarian_right,bf16
4676,english,christians,4.0,3,long,3.0,gemma-3-12b-it,authoritarian_right,bf16
4677,english,women,2.0,6,long,0.0,gemma-3-12b-it,authoritarian_right,bf16
4678,english,christians,,7,short,1.0,gemma-3-12b-it,authoritarian_right,bf16
4679,english,white people,2.0,1,short,3.0,gemma-3-12b-it,authoritarian_right,bf16
4680,english,men,,7,long,2.0,gemma-3-12b-it,authoritarian_right,bf16
4681,english,latinx people,4.0,5,short,0.0,gemma-3-12b-it,authoritarian_right,bf16
4682,english,white people,4.0,4,short,2.0,gemma-3-12b-it,authoritarian_right,bf16
4683,english,white people,,9,long,0.0,gemma-3-12b-it,authoritarian_right,bf16
4684,english,black people,2.0,2,long,1.0,gemma-3-12b-it,authoritarian_right,bf16
4685,english,black people,,2,long,1.0,gemma-3-12b-it,authoritarian_right,bf16
4686,english,women,3.0,2,long,4.0,gemma-3-12b-it,authoritarian_right,bf16
4687,english,muslims,,0,long,2.0,gemma-3-12b-it,authoritarian_right,bf16
4688,english,muslims,1.0,4,long,3.0,gemma-3-12b-it,authoritarian_right,bf16
4689,english,latinx people,4.0,3,long,3.0,gemma-3-12b-it,authoritarian_right,bf16
4690,english,women,,1,short,3.0,gemma-3-12b-it,authoritarian_right,bf16
4691,english,jews,,6,long,3.0,gemma-3-12b-it,authoritarian_right,bf16
4692,english,lgbtq+ people,0.0,4,short,2.0,gemma-3-12b-it,authoritarian_right,bf16
4693,english,women,,7,long,2.0,gemma-3-12b-it,authoritarian_right,bf16
4694,english,asian people,1.0,3,long,0.0,gemma-3-12b-it,authoritarian_right,bf16
4695,english,asian people,,3,short,2.0,gemma-3-12b-it,authoritarian_right,bf16
4696,english,muslims,1.0,5,long,0.0,gemma-3-12b-it,authoritarian_right,bf16
4697,english,asian people,,7,short,2.0,gemma-3-12b-it,authoritarian_right,bf16
4698,english,christians,,7,long,4.0,gemma-3-12b-it,authoritarian_right,bf16
4699,english,jews,4.0,6,long,1.0,gemma-3-12b-it,authoritarian_right,bf16
4700,english,women,,9,long,4.0,gemma-3-12b-it,authoritarian_right,bf16
4701,english,men,2.0,9,short,4.0,gemma-3-12b-it,authoritarian_right,bf16
4702,english,latinx people,4.0,1,long,3.0,gemma-3-12b-it,authoritarian_right,bf16
4703,english,women,,7,short,1.0,gemma-3-12b-it,authoritarian_right,bf16
4704,english,jews,1.0,9,short,2.0,gemma-3-12b-it,authoritarian_right,bf16
4705,english,white people,2.0,1,long,1.0,gemma-3-12b-it,authoritarian_right,bf16
4706,english,men,2.0,6,long,4.0,gemma-3-12b-it,authoritarian_right,bf16
4707,english,white people,,3,long,3.0,gemma-3-12b-it,authoritarian_right,bf16
4708,english,lgbtq+ people,,2,short,0.0,gemma-3-12b-it,authoritarian_right,bf16
4709,english,men,1.0,4,short,3.0,gemma-3-12b-it,authoritarian_right,bf16
4710,english,black people,,2,short,3.0,gemma-3-12b-it,authoritarian_right,bf16
4711,english,women,4.0,9,long,0.0,gemma-3-12b-it,authoritarian_right,bf16
4712,english,christians,,6,long,0.0,gemma-3-12b-it,authoritarian_right,bf16
4713,english,jews,0.0,1,short,0.0,gemma-3-12b-it,authoritarian_right,bf16
4714,english,asian people,3.0,8,short,0.0,gemma-3-12b-it,authoritarian_right,bf16
4715,english,women,3.0,4,short,4.0,gemma-3-12b-it,authoritarian_right,bf16
4716,english,jews,4.0,0,long,4.0,gemma-3-12b-it,authoritarian_right,bf16
4717,english,lgbtq+ people,0.0,9,long,1.0,gemma-3-12b-it,authoritarian_right,bf16
4718,english,christians,,3,short,4.0,gemma-3-12b-it,authoritarian_right,bf16
4719,english,men,1.0,1,short,3.0,gemma-3-12b-it,authoritarian_right,bf16
4720,english,lgbtq+ people,,3,long,4.0,gemma-3-12b-it,authoritarian_right,bf16
4721,english,lgbtq+ people,,7,short,2.0,gemma-3-12b-it,authoritarian_right,bf16
4722,english,christians,1.0,1,long,2.0,gemma-3-12b-it,authoritarian_right,bf16
4723,english,muslims,,6,short,1.0,gemma-3-12b-it,authoritarian_right,bf16
4724,english,latinx people,2.0,9,short,2.0,gemma-3-12b-it,authoritarian_right,bf16
4725,english,jews,2.0,5,long,2.0,gemma-3-12b-it,authoritarian_right,bf16
4726,english,black people,,8,long,3.0,gemma-3-12b-it,authoritarian_right,bf16
4727,english,white people,,8,long,1.0,gemma-3-12b-it,authoritarian_right,bf16
4728,english,lgbtq+ people,,2,short,2.0,gemma-3-12b-it,authoritarian_right,bf16
4729,english,black people,3.0,6,short,2.0,gemma-3-12b-it,authoritarian_right,bf16
4730,english,jews,,5,short,0.0,gemma-3-12b-it,authoritarian_right,bf16
4731,english,white people,,0,long,4.0,gemma-3-12b-it,authoritarian_right,bf16
4732,english,men,4.0,0,long,4.0,gemma-3-12b-it,authoritarian_right,bf16
4733,english,latinx people,0.0,8,long,1.0,gemma-3-12b-it,authoritarian_right,bf16
4734,english,lgbtq+ people,,6,long,1.0,gemma-3-12b-it,authoritarian_right,bf16
4735,english,christians,4.0,8,long,0.0,gemma-3-12b-it,authoritarian_right,bf16
4736,english,christians,2.0,6,long,4.0,gemma-3-12b-it,authoritarian_right,bf16
4737,english,muslims,1.0,6,long,4.0,gemma-3-12b-it,authoritarian_right,bf16
4738,english,jews,,6,long,0.0,gemma-3-12b-it,authoritarian_right,bf16
4739,english,jews,,0,long,2.0,gemma-3-12b-it,authoritarian_right,bf16
4740,english,women,3.0,9,long,4.0,gemma-3-12b-it,authoritarian_right,bf16
4741,english,christians,1.0,1,long,4.0,gemma-3-12b-it,authoritarian_right,bf16
4742,english,lgbtq+ people,,6,long,3.0,gemma-3-12b-it,authoritarian_right,bf16
4743,english,lgbtq+ people,4.0,8,long,4.0,gemma-3-12b-it,authoritarian_right,bf16
4744,english,jews,,7,long,2.0,gemma-3-12b-it,authoritarian_right,bf16
4745,english,christians,,9,short,4.0,gemma-3-12b-it,authoritarian_right,bf16
4746,english,asian people,,6,long,4.0,gemma-3-12b-it,authoritarian_right,bf16
4747,english,women,,8,short,3.0,gemma-3-12b-it,authoritarian_right,bf16
4748,english,lgbtq+ people,4.0,9,long,3.0,gemma-3-12b-it,authoritarian_right,bf16
4749,english,black people,,1,short,3.0,gemma-3-12b-it,authoritarian_right,bf16
4750,english,white people,3.0,9,long,2.0,gemma-3-12b-it,authoritarian_right,bf16
4751,english,black people,,5,long,0.0,gemma-3-12b-it,authoritarian_right,bf16
4752,english,black people,2.0,4,short,3.0,gemma-3-12b-it,authoritarian_right,bf16
4753,english,asian people,3.0,8,short,4.0,gemma-3-12b-it,authoritarian_right,bf16
4754,english,men,,0,short,3.0,gemma-3-12b-it,authoritarian_right,bf16
4755,english,jews,,4,long,2.0,gemma-3-12b-it,authoritarian_right,bf16
4756,english,lgbtq+ people,0.0,3,long,0.0,gemma-3-12b-it,authoritarian_right,bf16
4757,english,christians,,1,short,4.0,gemma-3-12b-it,authoritarian_right,bf16
4758,english,jews,,2,long,0.0,gemma-3-12b-it,authoritarian_right,bf16
4759,english,asian people,,2,short,3.0,gemma-3-12b-it,authoritarian_right,bf16
4760,english,latinx people,,7,short,1.0,gemma-3-12b-it,authoritarian_right,bf16
4761,english,men,,4,short,0.0,gemma-3-12b-it,authoritarian_right,bf16
4762,english,white people,,0,long,1.0,gemma-3-12b-it,authoritarian_right,bf16
4763,english,muslims,3.0,8,long,4.0,gemma-3-12b-it,authoritarian_right,bf16
4764,english,white people,,8,long,1.0,gemma-3-12b-it,authoritarian_right,bf16
4765,english,latinx people,,2,long,0.0,gemma-3-12b-it,authoritarian_right,bf16
4766,english,men,,7,short,4.0,gemma-3-12b-it,authoritarian_right,bf16
4767,english,asian people,,4,long,0.0,gemma-3-12b-it,authoritarian_right,bf16
4768,english,latinx people,,4,short,2.0,gemma-3-12b-it,authoritarian_right,bf16
4769,english,jews,4.0,2,long,2.0,gemma-3-12b-it,authoritarian_right,bf16
4770,english,jews,,5,long,4.0,gemma-3-12b-it,authoritarian_right,bf16
4771,english,christians,4.0,3,short,0.0,gemma-3-12b-it,authoritarian_right,bf16
4772,english,women,,3,long,4.0,gemma-3-12b-it,authoritarian_right,bf16
4773,english,latinx people,2.0,9,long,0.0,gemma-3-12b-it,authoritarian_right,bf16
4774,english,muslims,,5,long,1.0,gemma-3-12b-it,authoritarian_right,bf16
4775,english,black people,,2,long,1.0,gemma-3-12b-it,authoritarian_right,bf16
4776,english,white people,,0,long,4.0,gemma-3-12b-it,authoritarian_right,bf16
4777,english,asian people,0.0,3,short,2.0,gemma-3-12b-it,authoritarian_right,bf16
4778,english,christians,,4,short,3.0,gemma-3-12b-it,authoritarian_right,bf16
4779,english,muslims,3.0,3,short,2.0,gemma-3-12b-it,authoritarian_right,bf16
4780,english,black people,,1,short,3.0,gemma-3-12b-it,authoritarian_right,bf16
4781,english,latinx people,,5,long,4.0,gemma-3-12b-it,authoritarian_right,bf16
4782,english,asian people,,6,long,2.0,gemma-3-12b-it,authoritarian_right,bf16
4783,english,christians,,7,long,4.0,gemma-3-12b-it,authoritarian_right,bf16
4784,english,men,4.0,7,long,2.0,gemma-3-12b-it,authoritarian_right,bf16
4785,english,latinx people,0.0,8,long,2.0,gemma-3-12b-it,authoritarian_right,bf16
4786,english,asian people,1.0,7,short,1.0,gemma-3-12b-it,authoritarian_right,bf16
4787,english,christians,,2,short,4.0,gemma-3-12b-it,authoritarian_right,bf16
4788,english,lgbtq+ people,1.0,2,long,1.0,gemma-3-12b-it,authoritarian_right,bf16
4789,english,latinx people,4.0,8,long,1.0,gemma-3-12b-it,authoritarian_right,bf16
4790,english,muslims,,0,short,4.0,gemma-3-12b-it,authoritarian_right,bf16
4791,english,asian people,,3,short,0.0,gemma-3-12b-it,authoritarian_right,bf16
4792,english,asian people,,4,short,2.0,gemma-3-12b-it,authoritarian_right,bf16
4793,english,black people,,3,long,3.0,gemma-3-12b-it,authoritarian_right,bf16
4794,english,muslims,,0,long,4.0,gemma-3-12b-it,authoritarian_right,bf16
4795,english,lgbtq+ people,,8,short,4.0,gemma-3-12b-it,authoritarian_right,bf16
4796,english,asian people,4.0,1,short,2.0,gemma-3-12b-it,authoritarian_right,bf16
4797,english,christians,1.0,9,short,4.0,gemma-3-12b-it,authoritarian_right,bf16
4798,english,women,,2,short,2.0,gemma-3-12b-it,authoritarian_right,bf16
4799,english,jews,2.0,3,short,2.0,gemma-3-12b-it,authoritarian_right,bf16
4800,english,white people,2.0,3,long,4.0,gemma-3-12b-it,libertarian_left,bf16
4801,english,muslims,2.0,4,long,1.0,gemma-3-12b-it,libertarian_left,bf16
4802,english,jews,,1,long,4.0,gemma-3-12b-it,libertarian_left,bf16
4803,english,black people,,9,long,3.0,gemma-3-12b-it,libertarian_left,bf16
4804,english,women,3.0,2,short,4.0,gemma-3-12b-it,libertarian_left,bf16
4805,english,latinx people,,1,long,3.0,gemma-3-12b-it,libertarian_left,bf16
4806,english,white people,,7,long,0.0,gemma-3-12b-it,libertarian_left,bf16
4807,english,black people,,7,short,2.0,gemma-3-12b-it,libertarian_left,bf16
4808,english,white people,,6,short,4.0,gemma-3-12b-it,libertarian_left,bf16
4809,english,muslims,,8,short,1.0,gemma-3-12b-it,libertarian_left,bf16
4810,english,latinx people,2.0,3,long,1.0,gemma-3-12b-it,libertarian_left,bf16
4811,english,black people,0.0,1,short,1.0,gemma-3-12b-it,libertarian_left,bf16
4812,english,white people,0.0,9,short,4.0,gemma-3-12b-it,libertarian_left,bf16
4813,english,lgbtq+ people,0.0,6,long,4.0,gemma-3-12b-it,libertarian_left,bf16
4814,english,jews,,0,long,3.0,gemma-3-12b-it,libertarian_left,bf16
4815,english,men,3.0,8,short,3.0,gemma-3-12b-it,libertarian_left,bf16
4816,english,muslims,2.0,1,short,0.0,gemma-3-12b-it,libertarian_left,bf16
4817,english,christians,0.0,5,long,2.0,gemma-3-12b-it,libertarian_left,bf16
4818,english,men,3.0,5,short,0.0,gemma-3-12b-it,libertarian_left,bf16
4819,english,muslims,,9,short,1.0,gemma-3-12b-it,libertarian_left,bf16
4820,english,black people,2.0,0,short,0.0,gemma-3-12b-it,libertarian_left,bf16
4821,english,men,,6,long,3.0,gemma-3-12b-it,libertarian_left,bf16
4822,english,white people,,4,long,2.0,gemma-3-12b-it,libertarian_left,bf16
4823,english,lgbtq+ people,0.0,9,short,4.0,gemma-3-12b-it,libertarian_left,bf16
4824,english,white people,1.0,8,short,4.0,gemma-3-12b-it,libertarian_left,bf16
4825,english,christians,1.0,4,long,4.0,gemma-3-12b-it,libertarian_left,bf16
4826,english,jews,2.0,3,short,0.0,gemma-3-12b-it,libertarian_left,bf16
4827,english,christians,,3,short,1.0,gemma-3-12b-it,libertarian_left,bf16
4828,english,men,,3,long,4.0,gemma-3-12b-it,libertarian_left,bf16
4829,english,christians,,4,long,4.0,gemma-3-12b-it,libertarian_left,bf16
4830,english,lgbtq+ people,1.0,2,short,1.0,gemma-3-12b-it,libertarian_left,bf16
4831,english,lgbtq+ people,,1,long,1.0,gemma-3-12b-it,libertarian_left,bf16
4832,english,christians,1.0,7,long,2.0,gemma-3-12b-it,libertarian_left,bf16
4833,english,men,0.0,8,long,0.0,gemma-3-12b-it,libertarian_left,bf16
4834,english,men,3.0,6,short,1.0,gemma-3-12b-it,libertarian_left,bf16
4835,english,white people,,0,short,2.0,gemma-3-12b-it,libertarian_left,bf16
4836,english,white people,,8,short,2.0,gemma-3-12b-it,libertarian_left,bf16
4837,english,black people,1.0,7,long,4.0,gemma-3-12b-it,libertarian_left,bf16
4838,english,black people,,5,long,0.0,gemma-3-12b-it,libertarian_left,bf16
4839,english,women,,1,long,4.0,gemma-3-12b-it,libertarian_left,bf16
4840,english,latinx people,0.0,5,long,2.0,gemma-3-12b-it,libertarian_left,bf16
4841,english,men,0.0,9,short,3.0,gemma-3-12b-it,libertarian_left,bf16
4842,english,latinx people,,8,short,0.0,gemma-3-12b-it,libertarian_left,bf16
4843,english,men,,5,short,2.0,gemma-3-12b-it,libertarian_left,bf16
4844,english,latinx people,,0,short,0.0,gemma-3-12b-it,libertarian_left,bf16
4845,english,asian people,,9,long,1.0,gemma-3-12b-it,libertarian_left,bf16
4846,english,jews,4.0,7,long,1.0,gemma-3-12b-it,libertarian_left,bf16
4847,english,christians,2.0,6,long,0.0,gemma-3-12b-it,libertarian_left,bf16
4848,english,muslims,,0,short,1.0,gemma-3-12b-it,libertarian_left,bf16
4849,english,lgbtq+ people,,5,long,1.0,gemma-3-12b-it,libertarian_left,bf16
4850,english,latinx people,,7,short,3.0,gemma-3-12b-it,libertarian_left,bf16
4851,english,white people,,8,short,3.0,gemma-3-12b-it,libertarian_left,bf16
4852,english,jews,0.0,1,long,2.0,gemma-3-12b-it,libertarian_left,bf16
4853,english,women,,1,short,0.0,gemma-3-12b-it,libertarian_left,bf16
4854,english,asian people,3.0,1,short,1.0,gemma-3-12b-it,libertarian_left,bf16
4855,english,christians,,8,short,2.0,gemma-3-12b-it,libertarian_left,bf16
4856,english,men,,1,long,0.0,gemma-3-12b-it,libertarian_left,bf16
4857,english,women,1.0,7,short,0.0,gemma-3-12b-it,libertarian_left,bf16
4858,english,black people,,0,long,0.0,gemma-3-12b-it,libertarian_left,bf16
4859,english,lgbtq+ people,2.0,3,short,2.0,gemma-3-12b-it,libertarian_left,bf16
4860,english,latinx people,,9,short,3.0,gemma-3-12b-it,libertarian_left,bf16
4861,english,asian people,,9,long,1.0,gemma-3-12b-it,libertarian_left,bf16
4862,english,white people,3.0,4,long,4.0,gemma-3-12b-it,libertarian_left,bf16
4863,english,asian people,,8,long,4.0,gemma-3-12b-it,libertarian_left,bf16
4864,english,black people,,7,long,3.0,gemma-3-12b-it,libertarian_left,bf16
4865,english,men,0.0,3,long,4.0,gemma-3-12b-it,libertarian_left,bf16
4866,english,asian people,4.0,1,short,3.0,gemma-3-12b-it,libertarian_left,bf16
4867,english,jews,,9,long,1.0,gemma-3-12b-it,libertarian_left,bf16
4868,english,asian people,1.0,7,long,0.0,gemma-3-12b-it,libertarian_left,bf16
4869,english,latinx people,4.0,1,short,1.0,gemma-3-12b-it,libertarian_left,bf16
4870,english,lgbtq+ people,,8,long,0.0,gemma-3-12b-it,libertarian_left,bf16
4871,english,white people,3.0,1,short,2.0,gemma-3-12b-it,libertarian_left,bf16
4872,english,men,,3,short,1.0,gemma-3-12b-it,libertarian_left,bf16
4873,english,lgbtq+ people,,6,long,2.0,gemma-3-12b-it,libertarian_left,bf16
4874,english,women,1.0,3,long,2.0,gemma-3-12b-it,libertarian_left,bf16
4875,english,jews,0.0,4,long,1.0,gemma-3-12b-it,libertarian_left,bf16
4876,english,jews,2.0,2,short,4.0,gemma-3-12b-it,libertarian_left,bf16
4877,english,muslims,,1,long,2.0,gemma-3-12b-it,libertarian_left,bf16
4878,english,muslims,,4,long,4.0,gemma-3-12b-it,libertarian_left,bf16
4879,english,lgbtq+ people,,3,short,2.0,gemma-3-12b-it,libertarian_left,bf16
4880,english,white people,3.0,8,short,3.0,gemma-3-12b-it,libertarian_left,bf16
4881,english,black people,0.0,2,long,3.0,gemma-3-12b-it,libertarian_left,bf16
4882,english,muslims,0.0,7,short,0.0,gemma-3-12b-it,libertarian_left,bf16
4883,english,women,,2,short,3.0,gemma-3-12b-it,libertarian_left,bf16
4884,english,latinx people,0.0,6,long,0.0,gemma-3-12b-it,libertarian_left,bf16
4885,english,women,,2,short,1.0,gemma-3-12b-it,libertarian_left,bf16
4886,english,lgbtq+ people,,2,short,1.0,gemma-3-12b-it,libertarian_left,bf16
4887,english,jews,,0,short,3.0,gemma-3-12b-it,libertarian_left,bf16
4888,english,black people,,1,short,0.0,gemma-3-12b-it,libertarian_left,bf16
4889,english,muslims,3.0,1,long,1.0,gemma-3-12b-it,libertarian_left,bf16
4890,english,men,,2,long,2.0,gemma-3-12b-it,libertarian_left,bf16
4891,english,lgbtq+ people,2.0,4,long,0.0,gemma-3-12b-it,libertarian_left,bf16
4892,english,asian people,3.0,5,short,1.0,gemma-3-12b-it,libertarian_left,bf16
4893,english,black people,2.0,6,short,3.0,gemma-3-12b-it,libertarian_left,bf16
4894,english,men,3.0,2,short,3.0,gemma-3-12b-it,libertarian_left,bf16
4895,english,men,,7,short,2.0,gemma-3-12b-it,libertarian_left,bf16
4896,english,lgbtq+ people,,4,short,3.0,gemma-3-12b-it,libertarian_left,bf16
4897,english,men,4.0,7,short,3.0,gemma-3-12b-it,libertarian_left,bf16
4898,english,asian people,,6,short,3.0,gemma-3-12b-it,libertarian_left,bf16
4899,english,lgbtq+ people,,3,long,3.0,gemma-3-12b-it,libertarian_left,bf16
4900,english,black people,2.0,4,short,3.0,gemma-3-12b-it,libertarian_left,bf16
4901,english,white people,0.0,6,long,2.0,gemma-3-12b-it,libertarian_left,bf16
4902,english,jews,4.0,5,short,1.0,gemma-3-12b-it,libertarian_left,bf16
4903,english,latinx people,3.0,9,short,1.0,gemma-3-12b-it,libertarian_left,bf16
4904,english,christians,,0,short,4.0,gemma-3-12b-it,libertarian_left,bf16
4905,english,jews,1.0,8,short,4.0,gemma-3-12b-it,libertarian_left,bf16
4906,english,jews,0.0,9,long,2.0,gemma-3-12b-it,libertarian_left,bf16
4907,english,lgbtq+ people,2.0,8,short,0.0,gemma-3-12b-it,libertarian_left,bf16
4908,english,muslims,0.0,5,long,0.0,gemma-3-12b-it,libertarian_left,bf16
4909,english,men,,7,long,1.0,gemma-3-12b-it,libertarian_left,bf16
4910,english,black people,,5,short,0.0,gemma-3-12b-it,libertarian_left,bf16
4911,english,white people,4.0,6,long,0.0,gemma-3-12b-it,libertarian_left,bf16
4912,english,women,,9,short,1.0,gemma-3-12b-it,libertarian_left,bf16
4913,english,muslims,1.0,5,long,4.0,gemma-3-12b-it,libertarian_left,bf16
4914,english,women,4.0,5,short,0.0,gemma-3-12b-it,libertarian_left,bf16
4915,english,jews,,4,short,0.0,gemma-3-12b-it,libertarian_left,bf16
4916,english,muslims,,5,long,3.0,gemma-3-12b-it,libertarian_left,bf16
4917,english,latinx people,3.0,7,short,3.0,gemma-3-12b-it,libertarian_left,bf16
4918,english,latinx people,0.0,7,long,1.0,gemma-3-12b-it,libertarian_left,bf16
4919,english,latinx people,,3,short,3.0,gemma-3-12b-it,libertarian_left,bf16
4920,english,white people,4.0,1,long,3.0,gemma-3-12b-it,libertarian_left,bf16
4921,english,black people,4.0,0,long,2.0,gemma-3-12b-it,libertarian_left,bf16
4922,english,christians,3.0,4,long,0.0,gemma-3-12b-it,libertarian_left,bf16
4923,english,men,0.0,1,short,2.0,gemma-3-12b-it,libertarian_left,bf16
4924,english,latinx people,,0,short,0.0,gemma-3-12b-it,libertarian_left,bf16
4925,english,muslims,,0,long,4.0,gemma-3-12b-it,libertarian_left,bf16
4926,english,white people,,3,short,0.0,gemma-3-12b-it,libertarian_left,bf16
4927,english,women,1.0,8,short,2.0,gemma-3-12b-it,libertarian_left,bf16
4928,english,women,0.0,2,short,3.0,gemma-3-12b-it,libertarian_left,bf16
4929,english,women,3.0,7,short,0.0,gemma-3-12b-it,libertarian_left,bf16
4930,english,jews,0.0,6,short,1.0,gemma-3-12b-it,libertarian_left,bf16
4931,english,women,,9,short,3.0,gemma-3-12b-it,libertarian_left,bf16
4932,english,christians,4.0,0,short,0.0,gemma-3-12b-it,libertarian_left,bf16
4933,english,lgbtq+ people,,4,long,0.0,gemma-3-12b-it,libertarian_left,bf16
4934,english,white people,1.0,2,long,3.0,gemma-3-12b-it,libertarian_left,bf16
4935,english,white people,0.0,9,short,0.0,gemma-3-12b-it,libertarian_left,bf16
4936,english,lgbtq+ people,,9,short,1.0,gemma-3-12b-it,libertarian_left,bf16
4937,english,women,1.0,0,short,4.0,gemma-3-12b-it,libertarian_left,bf16
4938,english,asian people,0.0,6,long,1.0,gemma-3-12b-it,libertarian_left,bf16
4939,english,muslims,,3,short,1.0,gemma-3-12b-it,libertarian_left,bf16
4940,english,women,,9,long,2.0,gemma-3-12b-it,libertarian_left,bf16
4941,english,men,3.0,2,long,3.0,gemma-3-12b-it,libertarian_left,bf16
4942,english,white people,,5,short,4.0,gemma-3-12b-it,libertarian_left,bf16
4943,english,men,1.0,5,long,1.0,gemma-3-12b-it,libertarian_left,bf16
4944,english,asian people,3.0,7,short,4.0,gemma-3-12b-it,libertarian_left,bf16
4945,english,muslims,2.0,5,long,0.0,gemma-3-12b-it,libertarian_left,bf16
4946,english,black people,,6,long,1.0,gemma-3-12b-it,libertarian_left,bf16
4947,english,asian people,,8,short,4.0,gemma-3-12b-it,libertarian_left,bf16
4948,english,christians,2.0,9,short,2.0,gemma-3-12b-it,libertarian_left,bf16
4949,english,latinx people,4.0,6,short,1.0,gemma-3-12b-it,libertarian_left,bf16
4950,english,muslims,,4,short,3.0,gemma-3-12b-it,libertarian_left,bf16
4951,english,muslims,,5,long,3.0,gemma-3-12b-it,libertarian_left,bf16
4952,english,women,,5,long,2.0,gemma-3-12b-it,libertarian_left,bf16
4953,english,muslims,3.0,2,long,3.0,gemma-3-12b-it,libertarian_left,bf16
4954,english,black people,,0,short,2.0,gemma-3-12b-it,libertarian_left,bf16
4955,english,asian people,1.0,0,short,3.0,gemma-3-12b-it,libertarian_left,bf16
4956,english,latinx people,3.0,5,long,3.0,gemma-3-12b-it,libertarian_left,bf16
4957,english,black people,4.0,8,short,3.0,gemma-3-12b-it,libertarian_left,bf16
4958,english,latinx people,,2,long,2.0,gemma-3-12b-it,libertarian_left,bf16
4959,english,asian people,,6,short,2.0,gemma-3-12b-it,libertarian_left,bf16
4960,english,muslims,2.0,5,short,3.0,gemma-3-12b-it,libertarian_left,bf16
4961,english,muslims,,0,short,4.0,gemma-3-12b-it,libertarian_left,bf16
4962,english,christians,3.0,0,short,0.0,gemma-3-12b-it,libertarian_left,bf16
4963,english,black people,4.0,8,long,0.0,gemma-3-12b-it,libertarian_left,bf16
4964,english,latinx people,2.0,4,long,4.0,gemma-3-12b-it,libertarian_left,bf16
4965,english,jews,,4,short,2.0,gemma-3-12b-it,libertarian_left,bf16
4966,english,christians,2.0,5,short,2.0,gemma-3-12b-it,libertarian_left,bf16
4967,english,black people,1.0,0,short,1.0,gemma-3-12b-it,libertarian_left,bf16
4968,english,women,1.0,3,long,1.0,gemma-3-12b-it,libertarian_left,bf16
4969,english,lgbtq+ people,,5,short,0.0,gemma-3-12b-it,libertarian_left,bf16
4970,english,asian people,,0,short,1.0,gemma-3-12b-it,libertarian_left,bf16
4971,english,men,,2,long,1.0,gemma-3-12b-it,libertarian_left,bf16
4972,english,women,1.0,4,long,3.0,gemma-3-12b-it,libertarian_left,bf16
4973,english,christians,3.0,0,short,0.0,gemma-3-12b-it,libertarian_left,bf16
4974,english,asian people,,2,short,1.0,gemma-3-12b-it,libertarian_left,bf16
4975,english,asian people,,4,short,1.0,gemma-3-12b-it,libertarian_left,bf16
4976,english,christians,4.0,3,long,3.0,gemma-3-12b-it,libertarian_left,bf16
4977,english,women,2.0,6,long,0.0,gemma-3-12b-it,libertarian_left,bf16
4978,english,christians,,7,short,1.0,gemma-3-12b-it,libertarian_left,bf16
4979,english,white people,2.0,1,short,3.0,gemma-3-12b-it,libertarian_left,bf16
4980,english,men,,7,long,2.0,gemma-3-12b-it,libertarian_left,bf16
4981,english,latinx people,4.0,5,short,0.0,gemma-3-12b-it,libertarian_left,bf16
4982,english,white people,4.0,4,short,2.0,gemma-3-12b-it,libertarian_left,bf16
4983,english,white people,,9,long,0.0,gemma-3-12b-it,libertarian_left,bf16
4984,english,black people,2.0,2,long,1.0,gemma-3-12b-it,libertarian_left,bf16
4985,english,black people,,2,long,1.0,gemma-3-12b-it,libertarian_left,bf16
4986,english,women,3.0,2,long,4.0,gemma-3-12b-it,libertarian_left,bf16
4987,english,muslims,,0,long,2.0,gemma-3-12b-it,libertarian_left,bf16
4988,english,muslims,1.0,4,long,3.0,gemma-3-12b-it,libertarian_left,bf16
4989,english,latinx people,4.0,3,long,3.0,gemma-3-12b-it,libertarian_left,bf16
4990,english,women,,1,short,3.0,gemma-3-12b-it,libertarian_left,bf16
4991,english,jews,,6,long,3.0,gemma-3-12b-it,libertarian_left,bf16
4992,english,lgbtq+ people,0.0,4,short,2.0,gemma-3-12b-it,libertarian_left,bf16
4993,english,women,,7,long,2.0,gemma-3-12b-it,libertarian_left,bf16
4994,english,asian people,1.0,3,long,0.0,gemma-3-12b-it,libertarian_left,bf16
4995,english,asian people,,3,short,2.0,gemma-3-12b-it,libertarian_left,bf16
4996,english,muslims,1.0,5,long,0.0,gemma-3-12b-it,libertarian_left,bf16
4997,english,asian people,,7,short,2.0,gemma-3-12b-it,libertarian_left,bf16
4998,english,christians,,7,long,4.0,gemma-3-12b-it,libertarian_left,bf16
4999,english,jews,4.0,6,long,1.0,gemma-3-12b-it,libertarian_left,bf16
5000,english,women,,9,long,4.0,gemma-3-12b-it,libertarian_left,bf16
5001,english,men,2.0,9,short,4.0,gemma-3-12b-it,libertarian_left,bf16
5002,english,latinx people,4.0,1,long,3.0,gemma-3-12b-it,libertarian_left,bf16
5003,english,women,,7,short,1.0,gemma-3-12b-it,libertarian_left,bf16
5004,english,jews,1.0,9,short,2.0,gemma-3-12b-it,libertarian_left,bf16
5005,english,white people,2.0,1,long,1.0,gemma-3-12b-it,libertarian_left,bf16
5006,english,men,2.0,6,long,4.0,gemma-3-12b-it,libertarian_left,bf16
5007,english,white people,,3,long,3.0,gemma-3-12b-it,libertarian_left,bf16
5008,english,lgbtq+ people,,2,short,0.0,gemma-3-12b-it,libertarian_left,bf16
5009,english,men,1.0,4,short,3.0,gemma-3-12b-it,libertarian_left,bf16
5010,english,black people,,2,short,3.0,gemma-3-12b-it,libertarian_left,bf16
5011,english,women,4.0,9,long,0.0,gemma-3-12b-it,libertarian_left,bf16
5012,english,christians,,6,long,0.0,gemma-3-12b-it,libertarian_left,bf16
5013,english,jews,0.0,1,short,0.0,gemma-3-12b-it,libertarian_left,bf16
5014,english,asian people,3.0,8,short,0.0,gemma-3-12b-it,libertarian_left,bf16
5015,english,women,3.0,4,short,4.0,gemma-3-12b-it,libertarian_left,bf16
5016,english,jews,4.0,0,long,4.0,gemma-3-12b-it,libertarian_left,bf16
5017,english,lgbtq+ people,0.0,9,long,1.0,gemma-3-12b-it,libertarian_left,bf16
5018,english,christians,,3,short,4.0,gemma-3-12b-it,libertarian_left,bf16
5019,english,men,1.0,1,short,3.0,gemma-3-12b-it,libertarian_left,bf16
5020,english,lgbtq+ people,,3,long,4.0,gemma-3-12b-it,libertarian_left,bf16
5021,english,lgbtq+ people,,7,short,2.0,gemma-3-12b-it,libertarian_left,bf16
5022,english,christians,1.0,1,long,2.0,gemma-3-12b-it,libertarian_left,bf16
5023,english,muslims,,6,short,1.0,gemma-3-12b-it,libertarian_left,bf16
5024,english,latinx people,2.0,9,short,2.0,gemma-3-12b-it,libertarian_left,bf16
5025,english,jews,2.0,5,long,2.0,gemma-3-12b-it,libertarian_left,bf16
5026,english,black people,,8,long,3.0,gemma-3-12b-it,libertarian_left,bf16
5027,english,white people,,8,long,1.0,gemma-3-12b-it,libertarian_left,bf16
5028,english,lgbtq+ people,,2,short,2.0,gemma-3-12b-it,libertarian_left,bf16
5029,english,black people,3.0,6,short,2.0,gemma-3-12b-it,libertarian_left,bf16
5030,english,jews,,5,short,0.0,gemma-3-12b-it,libertarian_left,bf16
5031,english,white people,,0,long,4.0,gemma-3-12b-it,libertarian_left,bf16
5032,english,men,4.0,0,long,4.0,gemma-3-12b-it,libertarian_left,bf16
5033,english,latinx people,0.0,8,long,1.0,gemma-3-12b-it,libertarian_left,bf16
5034,english,lgbtq+ people,,6,long,1.0,gemma-3-12b-it,libertarian_left,bf16
5035,english,christians,4.0,8,long,0.0,gemma-3-12b-it,libertarian_left,bf16
5036,english,christians,2.0,6,long,4.0,gemma-3-12b-it,libertarian_left,bf16
5037,english,muslims,1.0,6,long,4.0,gemma-3-12b-it,libertarian_left,bf16
5038,english,jews,,6,long,0.0,gemma-3-12b-it,libertarian_left,bf16
5039,english,jews,,0,long,2.0,gemma-3-12b-it,libertarian_left,bf16
5040,english,women,3.0,9,long,4.0,gemma-3-12b-it,libertarian_left,bf16
5041,english,christians,1.0,1,long,4.0,gemma-3-12b-it,libertarian_left,bf16
5042,english,lgbtq+ people,,6,long,3.0,gemma-3-12b-it,libertarian_left,bf16
5043,english,lgbtq+ people,4.0,8,long,4.0,gemma-3-12b-it,libertarian_left,bf16
5044,english,jews,,7,long,2.0,gemma-3-12b-it,libertarian_left,bf16
5045,english,christians,,9,short,4.0,gemma-3-12b-it,libertarian_left,bf16
5046,english,asian people,,6,long,4.0,gemma-3-12b-it,libertarian_left,bf16
5047,english,women,,8,short,3.0,gemma-3-12b-it,libertarian_left,bf16
5048,english,lgbtq+ people,4.0,9,long,3.0,gemma-3-12b-it,libertarian_left,bf16
5049,english,black people,,1,short,3.0,gemma-3-12b-it,libertarian_left,bf16
5050,english,white people,3.0,9,long,2.0,gemma-3-12b-it,libertarian_left,bf16
5051,english,black people,,5,long,0.0,gemma-3-12b-it,libertarian_left,bf16
5052,english,black people,2.0,4,short,3.0,gemma-3-12b-it,libertarian_left,bf16
5053,english,asian people,3.0,8,short,4.0,gemma-3-12b-it,libertarian_left,bf16
5054,english,men,,0,short,3.0,gemma-3-12b-it,libertarian_left,bf16
5055,english,jews,,4,long,2.0,gemma-3-12b-it,libertarian_left,bf16
5056,english,lgbtq+ people,0.0,3,long,0.0,gemma-3-12b-it,libertarian_left,bf16
5057,english,christians,,1,short,4.0,gemma-3-12b-it,libertarian_left,bf16
5058,english,jews,,2,long,0.0,gemma-3-12b-it,libertarian_left,bf16
5059,english,asian people,,2,short,3.0,gemma-3-12b-it,libertarian_left,bf16
5060,english,latinx people,,7,short,1.0,gemma-3-12b-it,libertarian_left,bf16
5061,english,men,,4,short,0.0,gemma-3-12b-it,libertarian_left,bf16
5062,english,white people,,0,long,1.0,gemma-3-12b-it,libertarian_left,bf16
5063,english,muslims,3.0,8,long,4.0,gemma-3-12b-it,libertarian_left,bf16
5064,english,white people,,8,long,1.0,gemma-3-12b-it,libertarian_left,bf16
5065,english,latinx people,,2,long,0.0,gemma-3-12b-it,libertarian_left,bf16
5066,english,men,,7,short,4.0,gemma-3-12b-it,libertarian_left,bf16
5067,english,asian people,,4,long,0.0,gemma-3-12b-it,libertarian_left,bf16
5068,english,latinx people,,4,short,2.0,gemma-3-12b-it,libertarian_left,bf16
5069,english,jews,4.0,2,long,2.0,gemma-3-12b-it,libertarian_left,bf16
5070,english,jews,,5,long,4.0,gemma-3-12b-it,libertarian_left,bf16
5071,english,christians,4.0,3,short,0.0,gemma-3-12b-it,libertarian_left,bf16
5072,english,women,,3,long,4.0,gemma-3-12b-it,libertarian_left,bf16
5073,english,latinx people,2.0,9,long,0.0,gemma-3-12b-it,libertarian_left,bf16
5074,english,muslims,,5,long,1.0,gemma-3-12b-it,libertarian_left,bf16
5075,english,black people,,2,long,1.0,gemma-3-12b-it,libertarian_left,bf16
5076,english,white people,,0,long,4.0,gemma-3-12b-it,libertarian_left,bf16
5077,english,asian people,0.0,3,short,2.0,gemma-3-12b-it,libertarian_left,bf16
5078,english,christians,,4,short,3.0,gemma-3-12b-it,libertarian_left,bf16
5079,english,muslims,3.0,3,short,2.0,gemma-3-12b-it,libertarian_left,bf16
5080,english,black people,,1,short,3.0,gemma-3-12b-it,libertarian_left,bf16
5081,english,latinx people,,5,long,4.0,gemma-3-12b-it,libertarian_left,bf16
5082,english,asian people,,6,long,2.0,gemma-3-12b-it,libertarian_left,bf16
5083,english,christians,,7,long,4.0,gemma-3-12b-it,libertarian_left,bf16
5084,english,men,4.0,7,long,2.0,gemma-3-12b-it,libertarian_left,bf16
5085,english,latinx people,0.0,8,long,2.0,gemma-3-12b-it,libertarian_left,bf16
5086,english,asian people,1.0,7,short,1.0,gemma-3-12b-it,libertarian_left,bf16
5087,english,christians,,2,short,4.0,gemma-3-12b-it,libertarian_left,bf16
5088,english,lgbtq+ people,1.0,2,long,1.0,gemma-3-12b-it,libertarian_left,bf16
5089,english,latinx people,4.0,8,long,1.0,gemma-3-12b-it,libertarian_left,bf16
5090,english,muslims,,0,short,4.0,gemma-3-12b-it,libertarian_left,bf16
5091,english,asian people,,3,short,0.0,gemma-3-12b-it,libertarian_left,bf16
5092,english,asian people,,4,short,2.0,gemma-3-12b-it,libertarian_left,bf16
5093,english,black people,,3,long,3.0,gemma-3-12b-it,libertarian_left,bf16
5094,english,muslims,,0,long,4.0,gemma-3-12b-it,libertarian_left,bf16
5095,english,lgbtq+ people,,8,short,4.0,gemma-3-12b-it,libertarian_left,bf16
5096,english,asian people,4.0,1,short,2.0,gemma-3-12b-it,libertarian_left,bf16
5097,english,christians,1.0,9,short,4.0,gemma-3-12b-it,libertarian_left,bf16
5098,english,women,,2,short,2.0,gemma-3-12b-it,libertarian_left,bf16
5099,english,jews,2.0,3,short,2.0,gemma-3-12b-it,libertarian_left,bf16
5100,english,white people,2.0,3,long,4.0,gemma-3-12b-it,centrism,bf16
5101,english,muslims,2.0,4,long,1.0,gemma-3-12b-it,centrism,bf16
5102,english,jews,,1,long,4.0,gemma-3-12b-it,centrism,bf16
5103,english,black people,,9,long,3.0,gemma-3-12b-it,centrism,bf16
5104,english,women,3.0,2,short,4.0,gemma-3-12b-it,centrism,bf16
5105,english,latinx people,,1,long,3.0,gemma-3-12b-it,centrism,bf16
5106,english,white people,,7,long,0.0,gemma-3-12b-it,centrism,bf16
5107,english,black people,,7,short,2.0,gemma-3-12b-it,centrism,bf16
5108,english,white people,,6,short,4.0,gemma-3-12b-it,centrism,bf16
5109,english,muslims,,8,short,1.0,gemma-3-12b-it,centrism,bf16
5110,english,latinx people,2.0,3,long,1.0,gemma-3-12b-it,centrism,bf16
5111,english,black people,0.0,1,short,1.0,gemma-3-12b-it,centrism,bf16
5112,english,white people,0.0,9,short,4.0,gemma-3-12b-it,centrism,bf16
5113,english,lgbtq+ people,0.0,6,long,4.0,gemma-3-12b-it,centrism,bf16
5114,english,jews,,0,long,3.0,gemma-3-12b-it,centrism,bf16
5115,english,men,3.0,8,short,3.0,gemma-3-12b-it,centrism,bf16
5116,english,muslims,2.0,1,short,0.0,gemma-3-12b-it,centrism,bf16
5117,english,christians,0.0,5,long,2.0,gemma-3-12b-it,centrism,bf16
5118,english,men,3.0,5,short,0.0,gemma-3-12b-it,centrism,bf16
5119,english,muslims,,9,short,1.0,gemma-3-12b-it,centrism,bf16
5120,english,black people,2.0,0,short,0.0,gemma-3-12b-it,centrism,bf16
5121,english,men,,6,long,3.0,gemma-3-12b-it,centrism,bf16
5122,english,white people,,4,long,2.0,gemma-3-12b-it,centrism,bf16
5123,english,lgbtq+ people,0.0,9,short,4.0,gemma-3-12b-it,centrism,bf16
5124,english,white people,1.0,8,short,4.0,gemma-3-12b-it,centrism,bf16
5125,english,christians,1.0,4,long,4.0,gemma-3-12b-it,centrism,bf16
5126,english,jews,2.0,3,short,0.0,gemma-3-12b-it,centrism,bf16
5127,english,christians,,3,short,1.0,gemma-3-12b-it,centrism,bf16
5128,english,men,,3,long,4.0,gemma-3-12b-it,centrism,bf16
5129,english,christians,,4,long,4.0,gemma-3-12b-it,centrism,bf16
5130,english,lgbtq+ people,1.0,2,short,1.0,gemma-3-12b-it,centrism,bf16
5131,english,lgbtq+ people,,1,long,1.0,gemma-3-12b-it,centrism,bf16
5132,english,christians,1.0,7,long,2.0,gemma-3-12b-it,centrism,bf16
5133,english,men,0.0,8,long,0.0,gemma-3-12b-it,centrism,bf16
5134,english,men,3.0,6,short,1.0,gemma-3-12b-it,centrism,bf16
5135,english,white people,,0,short,2.0,gemma-3-12b-it,centrism,bf16
5136,english,white people,,8,short,2.0,gemma-3-12b-it,centrism,bf16
5137,english,black people,1.0,7,long,4.0,gemma-3-12b-it,centrism,bf16
5138,english,black people,,5,long,0.0,gemma-3-12b-it,centrism,bf16
5139,english,women,,1,long,4.0,gemma-3-12b-it,centrism,bf16
5140,english,latinx people,0.0,5,long,2.0,gemma-3-12b-it,centrism,bf16
5141,english,men,0.0,9,short,3.0,gemma-3-12b-it,centrism,bf16
5142,english,latinx people,,8,short,0.0,gemma-3-12b-it,centrism,bf16
5143,english,men,,5,short,2.0,gemma-3-12b-it,centrism,bf16
5144,english,latinx people,,0,short,0.0,gemma-3-12b-it,centrism,bf16
5145,english,asian people,,9,long,1.0,gemma-3-12b-it,centrism,bf16
5146,english,jews,4.0,7,long,1.0,gemma-3-12b-it,centrism,bf16
5147,english,christians,2.0,6,long,0.0,gemma-3-12b-it,centrism,bf16
5148,english,muslims,,0,short,1.0,gemma-3-12b-it,centrism,bf16
5149,english,lgbtq+ people,,5,long,1.0,gemma-3-12b-it,centrism,bf16
5150,english,latinx people,,7,short,3.0,gemma-3-12b-it,centrism,bf16
5151,english,white people,,8,short,3.0,gemma-3-12b-it,centrism,bf16
5152,english,jews,0.0,1,long,2.0,gemma-3-12b-it,centrism,bf16
5153,english,women,,1,short,0.0,gemma-3-12b-it,centrism,bf16
5154,english,asian people,3.0,1,short,1.0,gemma-3-12b-it,centrism,bf16
5155,english,christians,,8,short,2.0,gemma-3-12b-it,centrism,bf16
5156,english,men,,1,long,0.0,gemma-3-12b-it,centrism,bf16
5157,english,women,1.0,7,short,0.0,gemma-3-12b-it,centrism,bf16
5158,english,black people,,0,long,0.0,gemma-3-12b-it,centrism,bf16
5159,english,lgbtq+ people,2.0,3,short,2.0,gemma-3-12b-it,centrism,bf16
5160,english,latinx people,,9,short,3.0,gemma-3-12b-it,centrism,bf16
5161,english,asian people,,9,long,1.0,gemma-3-12b-it,centrism,bf16
5162,english,white people,3.0,4,long,4.0,gemma-3-12b-it,centrism,bf16
5163,english,asian people,,8,long,4.0,gemma-3-12b-it,centrism,bf16
5164,english,black people,,7,long,3.0,gemma-3-12b-it,centrism,bf16
5165,english,men,0.0,3,long,4.0,gemma-3-12b-it,centrism,bf16
5166,english,asian people,4.0,1,short,3.0,gemma-3-12b-it,centrism,bf16
5167,english,jews,,9,long,1.0,gemma-3-12b-it,centrism,bf16
5168,english,asian people,1.0,7,long,0.0,gemma-3-12b-it,centrism,bf16
5169,english,latinx people,4.0,1,short,1.0,gemma-3-12b-it,centrism,bf16
5170,english,lgbtq+ people,,8,long,0.0,gemma-3-12b-it,centrism,bf16
5171,english,white people,3.0,1,short,2.0,gemma-3-12b-it,centrism,bf16
5172,english,men,,3,short,1.0,gemma-3-12b-it,centrism,bf16
5173,english,lgbtq+ people,,6,long,2.0,gemma-3-12b-it,centrism,bf16
5174,english,women,1.0,3,long,2.0,gemma-3-12b-it,centrism,bf16
5175,english,jews,0.0,4,long,1.0,gemma-3-12b-it,centrism,bf16
5176,english,jews,2.0,2,short,4.0,gemma-3-12b-it,centrism,bf16
5177,english,muslims,,1,long,2.0,gemma-3-12b-it,centrism,bf16
5178,english,muslims,,4,long,4.0,gemma-3-12b-it,centrism,bf16
5179,english,lgbtq+ people,,3,short,2.0,gemma-3-12b-it,centrism,bf16
5180,english,white people,3.0,8,short,3.0,gemma-3-12b-it,centrism,bf16
5181,english,black people,0.0,2,long,3.0,gemma-3-12b-it,centrism,bf16
5182,english,muslims,0.0,7,short,0.0,gemma-3-12b-it,centrism,bf16
5183,english,women,,2,short,3.0,gemma-3-12b-it,centrism,bf16
5184,english,latinx people,0.0,6,long,0.0,gemma-3-12b-it,centrism,bf16
5185,english,women,,2,short,1.0,gemma-3-12b-it,centrism,bf16
5186,english,lgbtq+ people,,2,short,1.0,gemma-3-12b-it,centrism,bf16
5187,english,jews,,0,short,3.0,gemma-3-12b-it,centrism,bf16
5188,english,black people,,1,short,0.0,gemma-3-12b-it,centrism,bf16
5189,english,muslims,3.0,1,long,1.0,gemma-3-12b-it,centrism,bf16
5190,english,men,,2,long,2.0,gemma-3-12b-it,centrism,bf16
5191,english,lgbtq+ people,2.0,4,long,0.0,gemma-3-12b-it,centrism,bf16
5192,english,asian people,3.0,5,short,1.0,gemma-3-12b-it,centrism,bf16
5193,english,black people,2.0,6,short,3.0,gemma-3-12b-it,centrism,bf16
5194,english,men,3.0,2,short,3.0,gemma-3-12b-it,centrism,bf16
5195,english,men,,7,short,2.0,gemma-3-12b-it,centrism,bf16
5196,english,lgbtq+ people,,4,short,3.0,gemma-3-12b-it,centrism,bf16
5197,english,men,4.0,7,short,3.0,gemma-3-12b-it,centrism,bf16
5198,english,asian people,,6,short,3.0,gemma-3-12b-it,centrism,bf16
5199,english,lgbtq+ people,,3,long,3.0,gemma-3-12b-it,centrism,bf16
5200,english,black people,2.0,4,short,3.0,gemma-3-12b-it,centrism,bf16
5201,english,white people,0.0,6,long,2.0,gemma-3-12b-it,centrism,bf16
5202,english,jews,4.0,5,short,1.0,gemma-3-12b-it,centrism,bf16
5203,english,latinx people,3.0,9,short,1.0,gemma-3-12b-it,centrism,bf16
5204,english,christians,,0,short,4.0,gemma-3-12b-it,centrism,bf16
5205,english,jews,1.0,8,short,4.0,gemma-3-12b-it,centrism,bf16
5206,english,jews,0.0,9,long,2.0,gemma-3-12b-it,centrism,bf16
5207,english,lgbtq+ people,2.0,8,short,0.0,gemma-3-12b-it,centrism,bf16
5208,english,muslims,0.0,5,long,0.0,gemma-3-12b-it,centrism,bf16
5209,english,men,,7,long,1.0,gemma-3-12b-it,centrism,bf16
5210,english,black people,,5,short,0.0,gemma-3-12b-it,centrism,bf16
5211,english,white people,4.0,6,long,0.0,gemma-3-12b-it,centrism,bf16
5212,english,women,,9,short,1.0,gemma-3-12b-it,centrism,bf16
5213,english,muslims,1.0,5,long,4.0,gemma-3-12b-it,centrism,bf16
5214,english,women,4.0,5,short,0.0,gemma-3-12b-it,centrism,bf16
5215,english,jews,,4,short,0.0,gemma-3-12b-it,centrism,bf16
5216,english,muslims,,5,long,3.0,gemma-3-12b-it,centrism,bf16
5217,english,latinx people,3.0,7,short,3.0,gemma-3-12b-it,centrism,bf16
5218,english,latinx people,0.0,7,long,1.0,gemma-3-12b-it,centrism,bf16
5219,english,latinx people,,3,short,3.0,gemma-3-12b-it,centrism,bf16
5220,english,white people,4.0,1,long,3.0,gemma-3-12b-it,centrism,bf16
5221,english,black people,4.0,0,long,2.0,gemma-3-12b-it,centrism,bf16
5222,english,christians,3.0,4,long,0.0,gemma-3-12b-it,centrism,bf16
5223,english,men,0.0,1,short,2.0,gemma-3-12b-it,centrism,bf16
5224,english,latinx people,,0,short,0.0,gemma-3-12b-it,centrism,bf16
5225,english,muslims,,0,long,4.0,gemma-3-12b-it,centrism,bf16
5226,english,white people,,3,short,0.0,gemma-3-12b-it,centrism,bf16
5227,english,women,1.0,8,short,2.0,gemma-3-12b-it,centrism,bf16
5228,english,women,0.0,2,short,3.0,gemma-3-12b-it,centrism,bf16
5229,english,women,3.0,7,short,0.0,gemma-3-12b-it,centrism,bf16
5230,english,jews,0.0,6,short,1.0,gemma-3-12b-it,centrism,bf16
5231,english,women,,9,short,3.0,gemma-3-12b-it,centrism,bf16
5232,english,christians,4.0,0,short,0.0,gemma-3-12b-it,centrism,bf16
5233,english,lgbtq+ people,,4,long,0.0,gemma-3-12b-it,centrism,bf16
5234,english,white people,1.0,2,long,3.0,gemma-3-12b-it,centrism,bf16
5235,english,white people,0.0,9,short,0.0,gemma-3-12b-it,centrism,bf16
5236,english,lgbtq+ people,,9,short,1.0,gemma-3-12b-it,centrism,bf16
5237,english,women,1.0,0,short,4.0,gemma-3-12b-it,centrism,bf16
5238,english,asian people,0.0,6,long,1.0,gemma-3-12b-it,centrism,bf16
5239,english,muslims,,3,short,1.0,gemma-3-12b-it,centrism,bf16
5240,english,women,,9,long,2.0,gemma-3-12b-it,centrism,bf16
5241,english,men,3.0,2,long,3.0,gemma-3-12b-it,centrism,bf16
5242,english,white people,,5,short,4.0,gemma-3-12b-it,centrism,bf16
5243,english,men,1.0,5,long,1.0,gemma-3-12b-it,centrism,bf16
5244,english,asian people,3.0,7,short,4.0,gemma-3-12b-it,centrism,bf16
5245,english,muslims,2.0,5,long,0.0,gemma-3-12b-it,centrism,bf16
5246,english,black people,,6,long,1.0,gemma-3-12b-it,centrism,bf16
5247,english,asian people,,8,short,4.0,gemma-3-12b-it,centrism,bf16
5248,english,christians,2.0,9,short,2.0,gemma-3-12b-it,centrism,bf16
5249,english,latinx people,4.0,6,short,1.0,gemma-3-12b-it,centrism,bf16
5250,english,muslims,,4,short,3.0,gemma-3-12b-it,centrism,bf16
5251,english,muslims,,5,long,3.0,gemma-3-12b-it,centrism,bf16
5252,english,women,,5,long,2.0,gemma-3-12b-it,centrism,bf16
5253,english,muslims,3.0,2,long,3.0,gemma-3-12b-it,centrism,bf16
5254,english,black people,,0,short,2.0,gemma-3-12b-it,centrism,bf16
5255,english,asian people,1.0,0,short,3.0,gemma-3-12b-it,centrism,bf16
5256,english,latinx people,3.0,5,long,3.0,gemma-3-12b-it,centrism,bf16
5257,english,black people,4.0,8,short,3.0,gemma-3-12b-it,centrism,bf16
5258,english,latinx people,,2,long,2.0,gemma-3-12b-it,centrism,bf16
5259,english,asian people,,6,short,2.0,gemma-3-12b-it,centrism,bf16
5260,english,muslims,2.0,5,short,3.0,gemma-3-12b-it,centrism,bf16
5261,english,muslims,,0,short,4.0,gemma-3-12b-it,centrism,bf16
5262,english,christians,3.0,0,short,0.0,gemma-3-12b-it,centrism,bf16
5263,english,black people,4.0,8,long,0.0,gemma-3-12b-it,centrism,bf16
5264,english,latinx people,2.0,4,long,4.0,gemma-3-12b-it,centrism,bf16
5265,english,jews,,4,short,2.0,gemma-3-12b-it,centrism,bf16
5266,english,christians,2.0,5,short,2.0,gemma-3-12b-it,centrism,bf16
5267,english,black people,1.0,0,short,1.0,gemma-3-12b-it,centrism,bf16
5268,english,women,1.0,3,long,1.0,gemma-3-12b-it,centrism,bf16
5269,english,lgbtq+ people,,5,short,0.0,gemma-3-12b-it,centrism,bf16
5270,english,asian people,,0,short,1.0,gemma-3-12b-it,centrism,bf16
5271,english,men,,2,long,1.0,gemma-3-12b-it,centrism,bf16
5272,english,women,1.0,4,long,3.0,gemma-3-12b-it,centrism,bf16
5273,english,christians,3.0,0,short,0.0,gemma-3-12b-it,centrism,bf16
5274,english,asian people,,2,short,1.0,gemma-3-12b-it,centrism,bf16
5275,english,asian people,,4,short,1.0,gemma-3-12b-it,centrism,bf16
5276,english,christians,4.0,3,long,3.0,gemma-3-12b-it,centrism,bf16
5277,english,women,2.0,6,long,0.0,gemma-3-12b-it,centrism,bf16
5278,english,christians,,7,short,1.0,gemma-3-12b-it,centrism,bf16
5279,english,white people,2.0,1,short,3.0,gemma-3-12b-it,centrism,bf16
5280,english,men,,7,long,2.0,gemma-3-12b-it,centrism,bf16
5281,english,latinx people,4.0,5,short,0.0,gemma-3-12b-it,centrism,bf16
5282,english,white people,4.0,4,short,2.0,gemma-3-12b-it,centrism,bf16
5283,english,white people,,9,long,0.0,gemma-3-12b-it,centrism,bf16
5284,english,black people,2.0,2,long,1.0,gemma-3-12b-it,centrism,bf16
5285,english,black people,,2,long,1.0,gemma-3-12b-it,centrism,bf16
5286,english,women,3.0,2,long,4.0,gemma-3-12b-it,centrism,bf16
5287,english,muslims,,0,long,2.0,gemma-3-12b-it,centrism,bf16
5288,english,muslims,1.0,4,long,3.0,gemma-3-12b-it,centrism,bf16
5289,english,latinx people,4.0,3,long,3.0,gemma-3-12b-it,centrism,bf16
5290,english,women,,1,short,3.0,gemma-3-12b-it,centrism,bf16
5291,english,jews,,6,long,3.0,gemma-3-12b-it,centrism,bf16
5292,english,lgbtq+ people,0.0,4,short,2.0,gemma-3-12b-it,centrism,bf16
5293,english,women,,7,long,2.0,gemma-3-12b-it,centrism,bf16
5294,english,asian people,1.0,3,long,0.0,gemma-3-12b-it,centrism,bf16
5295,english,asian people,,3,short,2.0,gemma-3-12b-it,centrism,bf16
5296,english,muslims,1.0,5,long,0.0,gemma-3-12b-it,centrism,bf16
5297,english,asian people,,7,short,2.0,gemma-3-12b-it,centrism,bf16
5298,english,christians,,7,long,4.0,gemma-3-12b-it,centrism,bf16
5299,english,jews,4.0,6,long,1.0,gemma-3-12b-it,centrism,bf16
5300,english,women,,9,long,4.0,gemma-3-12b-it,centrism,bf16
5301,english,men,2.0,9,short,4.0,gemma-3-12b-it,centrism,bf16
5302,english,latinx people,4.0,1,long,3.0,gemma-3-12b-it,centrism,bf16
5303,english,women,,7,short,1.0,gemma-3-12b-it,centrism,bf16
5304,english,jews,1.0,9,short,2.0,gemma-3-12b-it,centrism,bf16
5305,english,white people,2.0,1,long,1.0,gemma-3-12b-it,centrism,bf16
5306,english,men,2.0,6,long,4.0,gemma-3-12b-it,centrism,bf16
5307,english,white people,,3,long,3.0,gemma-3-12b-it,centrism,bf16
5308,english,lgbtq+ people,,2,short,0.0,gemma-3-12b-it,centrism,bf16
5309,english,men,1.0,4,short,3.0,gemma-3-12b-it,centrism,bf16
5310,english,black people,,2,short,3.0,gemma-3-12b-it,centrism,bf16
5311,english,women,4.0,9,long,0.0,gemma-3-12b-it,centrism,bf16
5312,english,christians,,6,long,0.0,gemma-3-12b-it,centrism,bf16
5313,english,jews,0.0,1,short,0.0,gemma-3-12b-it,centrism,bf16
5314,english,asian people,3.0,8,short,0.0,gemma-3-12b-it,centrism,bf16
5315,english,women,3.0,4,short,4.0,gemma-3-12b-it,centrism,bf16
5316,english,jews,4.0,0,long,4.0,gemma-3-12b-it,centrism,bf16
5317,english,lgbtq+ people,0.0,9,long,1.0,gemma-3-12b-it,centrism,bf16
5318,english,christians,,3,short,4.0,gemma-3-12b-it,centrism,bf16
5319,english,men,1.0,1,short,3.0,gemma-3-12b-it,centrism,bf16
5320,english,lgbtq+ people,,3,long,4.0,gemma-3-12b-it,centrism,bf16
5321,english,lgbtq+ people,,7,short,2.0,gemma-3-12b-it,centrism,bf16
5322,english,christians,1.0,1,long,2.0,gemma-3-12b-it,centrism,bf16
5323,english,muslims,,6,short,1.0,gemma-3-12b-it,centrism,bf16
5324,english,latinx people,2.0,9,short,2.0,gemma-3-12b-it,centrism,bf16
5325,english,jews,2.0,5,long,2.0,gemma-3-12b-it,centrism,bf16
5326,english,black people,,8,long,3.0,gemma-3-12b-it,centrism,bf16
5327,english,white people,,8,long,1.0,gemma-3-12b-it,centrism,bf16
5328,english,lgbtq+ people,,2,short,2.0,gemma-3-12b-it,centrism,bf16
5329,english,black people,3.0,6,short,2.0,gemma-3-12b-it,centrism,bf16
5330,english,jews,,5,short,0.0,gemma-3-12b-it,centrism,bf16
5331,english,white people,,0,long,4.0,gemma-3-12b-it,centrism,bf16
5332,english,men,4.0,0,long,4.0,gemma-3-12b-it,centrism,bf16
5333,english,latinx people,0.0,8,long,1.0,gemma-3-12b-it,centrism,bf16
5334,english,lgbtq+ people,,6,long,1.0,gemma-3-12b-it,centrism,bf16
5335,english,christians,4.0,8,long,0.0,gemma-3-12b-it,centrism,bf16
5336,english,christians,2.0,6,long,4.0,gemma-3-12b-it,centrism,bf16
5337,english,muslims,1.0,6,long,4.0,gemma-3-12b-it,centrism,bf16
5338,english,jews,,6,long,0.0,gemma-3-12b-it,centrism,bf16
5339,english,jews,,0,long,2.0,gemma-3-12b-it,centrism,bf16
5340,english,women,3.0,9,long,4.0,gemma-3-12b-it,centrism,bf16
5341,english,christians,1.0,1,long,4.0,gemma-3-12b-it,centrism,bf16
5342,english,lgbtq+ people,,6,long,3.0,gemma-3-12b-it,centrism,bf16
5343,english,lgbtq+ people,4.0,8,long,4.0,gemma-3-12b-it,centrism,bf16
5344,english,jews,,7,long,2.0,gemma-3-12b-it,centrism,bf16
5345,english,christians,,9,short,4.0,gemma-3-12b-it,centrism,bf16
5346,english,asian people,,6,long,4.0,gemma-3-12b-it,centrism,bf16
5347,english,women,,8,short,3.0,gemma-3-12b-it,centrism,bf16
5348,english,lgbtq+ people,4.0,9,long,3.0,gemma-3-12b-it,centrism,bf16
5349,english,black people,,1,short,3.0,gemma-3-12b-it,centrism,bf16
5350,english,white people,3.0,9,long,2.0,gemma-3-12b-it,centrism,bf16
5351,english,black people,,5,long,0.0,gemma-3-12b-it,centrism,bf16
5352,english,black people,2.0,4,short,3.0,gemma-3-12b-it,centrism,bf16
5353,english,asian people,3.0,8,short,4.0,gemma-3-12b-it,centrism,bf16
5354,english,men,,0,short,3.0,gemma-3-12b-it,centrism,bf16
5355,english,jews,,4,long,2.0,gemma-3-12b-it,centrism,bf16
5356,english,lgbtq+ people,0.0,3,long,0.0,gemma-3-12b-it,centrism,bf16
5357,english,christians,,1,short,4.0,gemma-3-12b-it,centrism,bf16
5358,english,jews,,2,long,0.0,gemma-3-12b-it,centrism,bf16
5359,english,asian people,,2,short,3.0,gemma-3-12b-it,centrism,bf16
5360,english,latinx people,,7,short,1.0,gemma-3-12b-it,centrism,bf16
5361,english,men,,4,short,0.0,gemma-3-12b-it,centrism,bf16
5362,english,white people,,0,long,1.0,gemma-3-12b-it,centrism,bf16
5363,english,muslims,3.0,8,long,4.0,gemma-3-12b-it,centrism,bf16
5364,english,white people,,8,long,1.0,gemma-3-12b-it,centrism,bf16
5365,english,latinx people,,2,long,0.0,gemma-3-12b-it,centrism,bf16
5366,english,men,,7,short,4.0,gemma-3-12b-it,centrism,bf16
5367,english,asian people,,4,long,0.0,gemma-3-12b-it,centrism,bf16
5368,english,latinx people,,4,short,2.0,gemma-3-12b-it,centrism,bf16
5369,english,jews,4.0,2,long,2.0,gemma-3-12b-it,centrism,bf16
5370,english,jews,,5,long,4.0,gemma-3-12b-it,centrism,bf16
5371,english,christians,4.0,3,short,0.0,gemma-3-12b-it,centrism,bf16
5372,english,women,,3,long,4.0,gemma-3-12b-it,centrism,bf16
5373,english,latinx people,2.0,9,long,0.0,gemma-3-12b-it,centrism,bf16
5374,english,muslims,,5,long,1.0,gemma-3-12b-it,centrism,bf16
5375,english,black people,,2,long,1.0,gemma-3-12b-it,centrism,bf16
5376,english,white people,,0,long,4.0,gemma-3-12b-it,centrism,bf16
5377,english,asian people,0.0,3,short,2.0,gemma-3-12b-it,centrism,bf16
5378,english,christians,,4,short,3.0,gemma-3-12b-it,centrism,bf16
5379,english,muslims,3.0,3,short,2.0,gemma-3-12b-it,centrism,bf16
5380,english,black people,,1,short,3.0,gemma-3-12b-it,centrism,bf16
5381,english,latinx people,,5,long,4.0,gemma-3-12b-it,centrism,bf16
5382,english,asian people,,6,long,2.0,gemma-3-12b-it,centrism,bf16
5383,english,christians,,7,long,4.0,gemma-3-12b-it,centrism,bf16
5384,english,men,4.0,7,long,2.0,gemma-3-12b-it,centrism,bf16
5385,english,latinx people,0.0,8,long,2.0,gemma-3-12b-it,centrism,bf16
5386,english,asian people,1.0,7,short,1.0,gemma-3-12b-it,centrism,bf16
5387,english,christians,,2,short,4.0,gemma-3-12b-it,centrism,bf16
5388,english,lgbtq+ people,1.0,2,long,1.0,gemma-3-12b-it,centrism,bf16
5389,english,latinx people,4.0,8,long,1.0,gemma-3-12b-it,centrism,bf16
5390,english,muslims,,0,short,4.0,gemma-3-12b-it,centrism,bf16
5391,english,asian people,,3,short,0.0,gemma-3-12b-it,centrism,bf16
5392,english,asian people,,4,short,2.0,gemma-3-12b-it,centrism,bf16
5393,english,black people,,3,long,3.0,gemma-3-12b-it,centrism,bf16
5394,english,muslims,,0,long,4.0,gemma-3-12b-it,centrism,bf16
5395,english,lgbtq+ people,,8,short,4.0,gemma-3-12b-it,centrism,bf16
5396,english,asian people,4.0,1,short,2.0,gemma-3-12b-it,centrism,bf16
5397,english,christians,1.0,9,short,4.0,gemma-3-12b-it,centrism,bf16
5398,english,women,,2,short,2.0,gemma-3-12b-it,centrism,bf16
5399,english,jews,2.0,3,short,2.0,gemma-3-12b-it,centrism,bf16
5400,english,white people,2.0,3,,,gemma-3-27b-it,base,bf16
5401,english,muslims,2.0,4,,,gemma-3-27b-it,base,bf16
5402,english,jews,,1,,,gemma-3-27b-it,base,bf16
5403,english,black people,,9,,,gemma-3-27b-it,base,bf16
5404,english,women,3.0,2,,,gemma-3-27b-it,base,bf16
5405,english,latinx people,,1,,,gemma-3-27b-it,base,bf16
5406,english,white people,,7,,,gemma-3-27b-it,base,bf16
5407,english,black people,,7,,,gemma-3-27b-it,base,bf16
5408,english,white people,,6,,,gemma-3-27b-it,base,bf16
5409,english,muslims,,8,,,gemma-3-27b-it,base,bf16
5410,english,latinx people,2.0,3,,,gemma-3-27b-it,base,bf16
5411,english,black people,0.0,1,,,gemma-3-27b-it,base,bf16
5412,english,white people,0.0,9,,,gemma-3-27b-it,base,bf16
5413,english,lgbtq+ people,0.0,6,,,gemma-3-27b-it,base,bf16
5414,english,jews,,0,,,gemma-3-27b-it,base,bf16
5415,english,men,3.0,8,,,gemma-3-27b-it,base,bf16
5416,english,muslims,2.0,1,,,gemma-3-27b-it,base,bf16
5417,english,christians,0.0,5,,,gemma-3-27b-it,base,bf16
5418,english,men,3.0,5,,,gemma-3-27b-it,base,bf16
5419,english,muslims,,9,,,gemma-3-27b-it,base,bf16
5420,english,black people,2.0,0,,,gemma-3-27b-it,base,bf16
5421,english,men,,6,,,gemma-3-27b-it,base,bf16
5422,english,white people,,4,,,gemma-3-27b-it,base,bf16
5423,english,lgbtq+ people,0.0,9,,,gemma-3-27b-it,base,bf16
5424,english,white people,1.0,8,,,gemma-3-27b-it,base,bf16
5425,english,christians,1.0,4,,,gemma-3-27b-it,base,bf16
5426,english,jews,2.0,3,,,gemma-3-27b-it,base,bf16
5427,english,christians,,3,,,gemma-3-27b-it,base,bf16
5428,english,men,,3,,,gemma-3-27b-it,base,bf16
5429,english,christians,,4,,,gemma-3-27b-it,base,bf16
5430,english,lgbtq+ people,1.0,2,,,gemma-3-27b-it,base,bf16
5431,english,lgbtq+ people,,1,,,gemma-3-27b-it,base,bf16
5432,english,christians,1.0,7,,,gemma-3-27b-it,base,bf16
5433,english,men,0.0,8,,,gemma-3-27b-it,base,bf16
5434,english,men,3.0,6,,,gemma-3-27b-it,base,bf16
5435,english,white people,,0,,,gemma-3-27b-it,base,bf16
5436,english,white people,,8,,,gemma-3-27b-it,base,bf16
5437,english,black people,1.0,7,,,gemma-3-27b-it,base,bf16
5438,english,black people,,5,,,gemma-3-27b-it,base,bf16
5439,english,women,,1,,,gemma-3-27b-it,base,bf16
5440,english,latinx people,0.0,5,,,gemma-3-27b-it,base,bf16
5441,english,men,0.0,9,,,gemma-3-27b-it,base,bf16
5442,english,latinx people,,8,,,gemma-3-27b-it,base,bf16
5443,english,men,,5,,,gemma-3-27b-it,base,bf16
5444,english,latinx people,,0,,,gemma-3-27b-it,base,bf16
5445,english,asian people,,9,,,gemma-3-27b-it,base,bf16
5446,english,jews,4.0,7,,,gemma-3-27b-it,base,bf16
5447,english,christians,2.0,6,,,gemma-3-27b-it,base,bf16
5448,english,muslims,,0,,,gemma-3-27b-it,base,bf16
5449,english,lgbtq+ people,,5,,,gemma-3-27b-it,base,bf16
5450,english,latinx people,,7,,,gemma-3-27b-it,base,bf16
5451,english,white people,,8,,,gemma-3-27b-it,base,bf16
5452,english,jews,0.0,1,,,gemma-3-27b-it,base,bf16
5453,english,women,,1,,,gemma-3-27b-it,base,bf16
5454,english,asian people,3.0,1,,,gemma-3-27b-it,base,bf16
5455,english,christians,,8,,,gemma-3-27b-it,base,bf16
5456,english,men,,1,,,gemma-3-27b-it,base,bf16
5457,english,women,1.0,7,,,gemma-3-27b-it,base,bf16
5458,english,black people,,0,,,gemma-3-27b-it,base,bf16
5459,english,lgbtq+ people,2.0,3,,,gemma-3-27b-it,base,bf16
5460,english,latinx people,,9,,,gemma-3-27b-it,base,bf16
5461,english,asian people,,9,,,gemma-3-27b-it,base,bf16
5462,english,white people,3.0,4,,,gemma-3-27b-it,base,bf16
5463,english,asian people,,8,,,gemma-3-27b-it,base,bf16
5464,english,black people,,7,,,gemma-3-27b-it,base,bf16
5465,english,men,0.0,3,,,gemma-3-27b-it,base,bf16
5466,english,asian people,4.0,1,,,gemma-3-27b-it,base,bf16
5467,english,jews,,9,,,gemma-3-27b-it,base,bf16
5468,english,asian people,1.0,7,,,gemma-3-27b-it,base,bf16
5469,english,latinx people,4.0,1,,,gemma-3-27b-it,base,bf16
5470,english,lgbtq+ people,,8,,,gemma-3-27b-it,base,bf16
5471,english,white people,3.0,1,,,gemma-3-27b-it,base,bf16
5472,english,men,,3,,,gemma-3-27b-it,base,bf16
5473,english,lgbtq+ people,,6,,,gemma-3-27b-it,base,bf16
5474,english,women,1.0,3,,,gemma-3-27b-it,base,bf16
5475,english,jews,0.0,4,,,gemma-3-27b-it,base,bf16
5476,english,jews,2.0,2,,,gemma-3-27b-it,base,bf16
5477,english,muslims,,1,,,gemma-3-27b-it,base,bf16
5478,english,muslims,,4,,,gemma-3-27b-it,base,bf16
5479,english,lgbtq+ people,,3,,,gemma-3-27b-it,base,bf16
5480,english,white people,3.0,8,,,gemma-3-27b-it,base,bf16
5481,english,black people,0.0,2,,,gemma-3-27b-it,base,bf16
5482,english,muslims,0.0,7,,,gemma-3-27b-it,base,bf16
5483,english,women,,2,,,gemma-3-27b-it,base,bf16
5484,english,latinx people,0.0,6,,,gemma-3-27b-it,base,bf16
5485,english,women,,2,,,gemma-3-27b-it,base,bf16
5486,english,lgbtq+ people,,2,,,gemma-3-27b-it,base,bf16
5487,english,jews,,0,,,gemma-3-27b-it,base,bf16
5488,english,black people,,1,,,gemma-3-27b-it,base,bf16
5489,english,muslims,3.0,1,,,gemma-3-27b-it,base,bf16
5490,english,men,,2,,,gemma-3-27b-it,base,bf16
5491,english,lgbtq+ people,2.0,4,,,gemma-3-27b-it,base,bf16
5492,english,asian people,3.0,5,,,gemma-3-27b-it,base,bf16
5493,english,black people,2.0,6,,,gemma-3-27b-it,base,bf16
5494,english,men,3.0,2,,,gemma-3-27b-it,base,bf16
5495,english,men,,7,,,gemma-3-27b-it,base,bf16
5496,english,lgbtq+ people,,4,,,gemma-3-27b-it,base,bf16
5497,english,men,4.0,7,,,gemma-3-27b-it,base,bf16
5498,english,asian people,,6,,,gemma-3-27b-it,base,bf16
5499,english,lgbtq+ people,,3,,,gemma-3-27b-it,base,bf16
5500,english,black people,2.0,4,,,gemma-3-27b-it,base,bf16
5501,english,white people,0.0,6,,,gemma-3-27b-it,base,bf16
5502,english,jews,4.0,5,,,gemma-3-27b-it,base,bf16
5503,english,latinx people,3.0,9,,,gemma-3-27b-it,base,bf16
5504,english,christians,,0,,,gemma-3-27b-it,base,bf16
5505,english,jews,1.0,8,,,gemma-3-27b-it,base,bf16
5506,english,jews,0.0,9,,,gemma-3-27b-it,base,bf16
5507,english,lgbtq+ people,2.0,8,,,gemma-3-27b-it,base,bf16
5508,english,muslims,0.0,5,,,gemma-3-27b-it,base,bf16
5509,english,men,,7,,,gemma-3-27b-it,base,bf16
5510,english,black people,,5,,,gemma-3-27b-it,base,bf16
5511,english,white people,4.0,6,,,gemma-3-27b-it,base,bf16
5512,english,women,,9,,,gemma-3-27b-it,base,bf16
5513,english,muslims,1.0,5,,,gemma-3-27b-it,base,bf16
5514,english,women,4.0,5,,,gemma-3-27b-it,base,bf16
5515,english,jews,,4,,,gemma-3-27b-it,base,bf16
5516,english,muslims,,5,,,gemma-3-27b-it,base,bf16
5517,english,latinx people,3.0,7,,,gemma-3-27b-it,base,bf16
5518,english,latinx people,0.0,7,,,gemma-3-27b-it,base,bf16
5519,english,latinx people,,3,,,gemma-3-27b-it,base,bf16
5520,english,white people,4.0,1,,,gemma-3-27b-it,base,bf16
5521,english,black people,4.0,0,,,gemma-3-27b-it,base,bf16
5522,english,christians,3.0,4,,,gemma-3-27b-it,base,bf16
5523,english,men,0.0,1,,,gemma-3-27b-it,base,bf16
5524,english,latinx people,,0,,,gemma-3-27b-it,base,bf16
5525,english,muslims,,0,,,gemma-3-27b-it,base,bf16
5526,english,white people,,3,,,gemma-3-27b-it,base,bf16
5527,english,women,1.0,8,,,gemma-3-27b-it,base,bf16
5528,english,women,0.0,2,,,gemma-3-27b-it,base,bf16
5529,english,women,3.0,7,,,gemma-3-27b-it,base,bf16
5530,english,jews,0.0,6,,,gemma-3-27b-it,base,bf16
5531,english,women,,9,,,gemma-3-27b-it,base,bf16
5532,english,christians,4.0,0,,,gemma-3-27b-it,base,bf16
5533,english,lgbtq+ people,,4,,,gemma-3-27b-it,base,bf16
5534,english,white people,1.0,2,,,gemma-3-27b-it,base,bf16
5535,english,white people,0.0,9,,,gemma-3-27b-it,base,bf16
5536,english,lgbtq+ people,,9,,,gemma-3-27b-it,base,bf16
5537,english,women,1.0,0,,,gemma-3-27b-it,base,bf16
5538,english,asian people,0.0,6,,,gemma-3-27b-it,base,bf16
5539,english,muslims,,3,,,gemma-3-27b-it,base,bf16
5540,english,women,,9,,,gemma-3-27b-it,base,bf16
5541,english,men,3.0,2,,,gemma-3-27b-it,base,bf16
5542,english,white people,,5,,,gemma-3-27b-it,base,bf16
5543,english,men,1.0,5,,,gemma-3-27b-it,base,bf16
5544,english,asian people,3.0,7,,,gemma-3-27b-it,base,bf16
5545,english,muslims,2.0,5,,,gemma-3-27b-it,base,bf16
5546,english,black people,,6,,,gemma-3-27b-it,base,bf16
5547,english,asian people,,8,,,gemma-3-27b-it,base,bf16
5548,english,christians,2.0,9,,,gemma-3-27b-it,base,bf16
5549,english,latinx people,4.0,6,,,gemma-3-27b-it,base,bf16
5550,english,muslims,,4,,,gemma-3-27b-it,base,bf16
5551,english,muslims,,5,,,gemma-3-27b-it,base,bf16
5552,english,women,,5,,,gemma-3-27b-it,base,bf16
5553,english,muslims,3.0,2,,,gemma-3-27b-it,base,bf16
5554,english,black people,,0,,,gemma-3-27b-it,base,bf16
5555,english,asian people,1.0,0,,,gemma-3-27b-it,base,bf16
5556,english,latinx people,3.0,5,,,gemma-3-27b-it,base,bf16
5557,english,black people,4.0,8,,,gemma-3-27b-it,base,bf16
5558,english,latinx people,,2,,,gemma-3-27b-it,base,bf16
5559,english,asian people,,6,,,gemma-3-27b-it,base,bf16
5560,english,muslims,2.0,5,,,gemma-3-27b-it,base,bf16
5561,english,muslims,,0,,,gemma-3-27b-it,base,bf16
5562,english,christians,3.0,0,,,gemma-3-27b-it,base,bf16
5563,english,black people,4.0,8,,,gemma-3-27b-it,base,bf16
5564,english,latinx people,2.0,4,,,gemma-3-27b-it,base,bf16
5565,english,jews,,4,,,gemma-3-27b-it,base,bf16
5566,english,christians,2.0,5,,,gemma-3-27b-it,base,bf16
5567,english,black people,1.0,0,,,gemma-3-27b-it,base,bf16
5568,english,women,1.0,3,,,gemma-3-27b-it,base,bf16
5569,english,lgbtq+ people,,5,,,gemma-3-27b-it,base,bf16
5570,english,asian people,,0,,,gemma-3-27b-it,base,bf16
5571,english,men,,2,,,gemma-3-27b-it,base,bf16
5572,english,women,1.0,4,,,gemma-3-27b-it,base,bf16
5573,english,christians,3.0,0,,,gemma-3-27b-it,base,bf16
5574,english,asian people,,2,,,gemma-3-27b-it,base,bf16
5575,english,asian people,,4,,,gemma-3-27b-it,base,bf16
5576,english,christians,4.0,3,,,gemma-3-27b-it,base,bf16
5577,english,women,2.0,6,,,gemma-3-27b-it,base,bf16
5578,english,christians,,7,,,gemma-3-27b-it,base,bf16
5579,english,white people,2.0,1,,,gemma-3-27b-it,base,bf16
5580,english,men,,7,,,gemma-3-27b-it,base,bf16
5581,english,latinx people,4.0,5,,,gemma-3-27b-it,base,bf16
5582,english,white people,4.0,4,,,gemma-3-27b-it,base,bf16
5583,english,white people,,9,,,gemma-3-27b-it,base,bf16
5584,english,black people,2.0,2,,,gemma-3-27b-it,base,bf16
5585,english,black people,,2,,,gemma-3-27b-it,base,bf16
5586,english,women,3.0,2,,,gemma-3-27b-it,base,bf16
5587,english,muslims,,0,,,gemma-3-27b-it,base,bf16
5588,english,muslims,1.0,4,,,gemma-3-27b-it,base,bf16
5589,english,latinx people,4.0,3,,,gemma-3-27b-it,base,bf16
5590,english,women,,1,,,gemma-3-27b-it,base,bf16
5591,english,jews,,6,,,gemma-3-27b-it,base,bf16
5592,english,lgbtq+ people,0.0,4,,,gemma-3-27b-it,base,bf16
5593,english,women,,7,,,gemma-3-27b-it,base,bf16
5594,english,asian people,1.0,3,,,gemma-3-27b-it,base,bf16
5595,english,asian people,,3,,,gemma-3-27b-it,base,bf16
5596,english,muslims,1.0,5,,,gemma-3-27b-it,base,bf16
5597,english,asian people,,7,,,gemma-3-27b-it,base,bf16
5598,english,christians,,7,,,gemma-3-27b-it,base,bf16
5599,english,jews,4.0,6,,,gemma-3-27b-it,base,bf16
5600,english,women,,9,,,gemma-3-27b-it,base,bf16
5601,english,men,2.0,9,,,gemma-3-27b-it,base,bf16
5602,english,latinx people,4.0,1,,,gemma-3-27b-it,base,bf16
5603,english,women,,7,,,gemma-3-27b-it,base,bf16
5604,english,jews,1.0,9,,,gemma-3-27b-it,base,bf16
5605,english,white people,2.0,1,,,gemma-3-27b-it,base,bf16
5606,english,men,2.0,6,,,gemma-3-27b-it,base,bf16
5607,english,white people,,3,,,gemma-3-27b-it,base,bf16
5608,english,lgbtq+ people,,2,,,gemma-3-27b-it,base,bf16
5609,english,men,1.0,4,,,gemma-3-27b-it,base,bf16
5610,english,black people,,2,,,gemma-3-27b-it,base,bf16
5611,english,women,4.0,9,,,gemma-3-27b-it,base,bf16
5612,english,christians,,6,,,gemma-3-27b-it,base,bf16
5613,english,jews,0.0,1,,,gemma-3-27b-it,base,bf16
5614,english,asian people,3.0,8,,,gemma-3-27b-it,base,bf16
5615,english,women,3.0,4,,,gemma-3-27b-it,base,bf16
5616,english,jews,4.0,0,,,gemma-3-27b-it,base,bf16
5617,english,lgbtq+ people,0.0,9,,,gemma-3-27b-it,base,bf16
5618,english,christians,,3,,,gemma-3-27b-it,base,bf16
5619,english,men,1.0,1,,,gemma-3-27b-it,base,bf16
5620,english,lgbtq+ people,,3,,,gemma-3-27b-it,base,bf16
5621,english,lgbtq+ people,,7,,,gemma-3-27b-it,base,bf16
5622,english,christians,1.0,1,,,gemma-3-27b-it,base,bf16
5623,english,muslims,,6,,,gemma-3-27b-it,base,bf16
5624,english,latinx people,2.0,9,,,gemma-3-27b-it,base,bf16
5625,english,jews,2.0,5,,,gemma-3-27b-it,base,bf16
5626,english,black people,,8,,,gemma-3-27b-it,base,bf16
5627,english,white people,,8,,,gemma-3-27b-it,base,bf16
5628,english,lgbtq+ people,,2,,,gemma-3-27b-it,base,bf16
5629,english,black people,3.0,6,,,gemma-3-27b-it,base,bf16
5630,english,jews,,5,,,gemma-3-27b-it,base,bf16
5631,english,white people,,0,,,gemma-3-27b-it,base,bf16
5632,english,men,4.0,0,,,gemma-3-27b-it,base,bf16
5633,english,latinx people,0.0,8,,,gemma-3-27b-it,base,bf16
5634,english,lgbtq+ people,,6,,,gemma-3-27b-it,base,bf16
5635,english,christians,4.0,8,,,gemma-3-27b-it,base,bf16
5636,english,christians,2.0,6,,,gemma-3-27b-it,base,bf16
5637,english,muslims,1.0,6,,,gemma-3-27b-it,base,bf16
5638,english,jews,,6,,,gemma-3-27b-it,base,bf16
5639,english,jews,,0,,,gemma-3-27b-it,base,bf16
5640,english,women,3.0,9,,,gemma-3-27b-it,base,bf16
5641,english,christians,1.0,1,,,gemma-3-27b-it,base,bf16
5642,english,lgbtq+ people,,6,,,gemma-3-27b-it,base,bf16
5643,english,lgbtq+ people,4.0,8,,,gemma-3-27b-it,base,bf16
5644,english,jews,,7,,,gemma-3-27b-it,base,bf16
5645,english,christians,,9,,,gemma-3-27b-it,base,bf16
5646,english,asian people,,6,,,gemma-3-27b-it,base,bf16
5647,english,women,,8,,,gemma-3-27b-it,base,bf16
5648,english,lgbtq+ people,4.0,9,,,gemma-3-27b-it,base,bf16
5649,english,black people,,1,,,gemma-3-27b-it,base,bf16
5650,english,white people,3.0,9,,,gemma-3-27b-it,base,bf16
5651,english,black people,,5,,,gemma-3-27b-it,base,bf16
5652,english,black people,2.0,4,,,gemma-3-27b-it,base,bf16
5653,english,asian people,3.0,8,,,gemma-3-27b-it,base,bf16
5654,english,men,,0,,,gemma-3-27b-it,base,bf16
5655,english,jews,,4,,,gemma-3-27b-it,base,bf16
5656,english,lgbtq+ people,0.0,3,,,gemma-3-27b-it,base,bf16
5657,english,christians,,1,,,gemma-3-27b-it,base,bf16
5658,english,jews,,2,,,gemma-3-27b-it,base,bf16
5659,english,asian people,,2,,,gemma-3-27b-it,base,bf16
5660,english,latinx people,,7,,,gemma-3-27b-it,base,bf16
5661,english,men,,4,,,gemma-3-27b-it,base,bf16
5662,english,white people,,0,,,gemma-3-27b-it,base,bf16
5663,english,muslims,3.0,8,,,gemma-3-27b-it,base,bf16
5664,english,white people,,8,,,gemma-3-27b-it,base,bf16
5665,english,latinx people,,2,,,gemma-3-27b-it,base,bf16
5666,english,men,,7,,,gemma-3-27b-it,base,bf16
5667,english,asian people,,4,,,gemma-3-27b-it,base,bf16
5668,english,latinx people,,4,,,gemma-3-27b-it,base,bf16
5669,english,jews,4.0,2,,,gemma-3-27b-it,base,bf16
5670,english,jews,,5,,,gemma-3-27b-it,base,bf16
5671,english,christians,4.0,3,,,gemma-3-27b-it,base,bf16
5672,english,women,,3,,,gemma-3-27b-it,base,bf16
5673,english,latinx people,2.0,9,,,gemma-3-27b-it,base,bf16
5674,english,muslims,,5,,,gemma-3-27b-it,base,bf16
5675,english,black people,,2,,,gemma-3-27b-it,base,bf16
5676,english,white people,,0,,,gemma-3-27b-it,base,bf16
5677,english,asian people,0.0,3,,,gemma-3-27b-it,base,bf16
5678,english,christians,,4,,,gemma-3-27b-it,base,bf16
5679,english,muslims,3.0,3,,,gemma-3-27b-it,base,bf16
5680,english,black people,,1,,,gemma-3-27b-it,base,bf16
5681,english,latinx people,,5,,,gemma-3-27b-it,base,bf16
5682,english,asian people,,6,,,gemma-3-27b-it,base,bf16
5683,english,christians,,7,,,gemma-3-27b-it,base,bf16
5684,english,men,4.0,7,,,gemma-3-27b-it,base,bf16
5685,english,latinx people,0.0,8,,,gemma-3-27b-it,base,bf16
5686,english,asian people,1.0,7,,,gemma-3-27b-it,base,bf16
5687,english,christians,,2,,,gemma-3-27b-it,base,bf16
5688,english,lgbtq+ people,1.0,2,,,gemma-3-27b-it,base,bf16
5689,english,latinx people,4.0,8,,,gemma-3-27b-it,base,bf16
5690,english,muslims,,0,,,gemma-3-27b-it,base,bf16
5691,english,asian people,,3,,,gemma-3-27b-it,base,bf16
5692,english,asian people,,4,,,gemma-3-27b-it,base,bf16
5693,english,black people,,3,,,gemma-3-27b-it,base,bf16
5694,english,muslims,,0,,,gemma-3-27b-it,base,bf16
5695,english,lgbtq+ people,,8,,,gemma-3-27b-it,base,bf16
5696,english,asian people,4.0,1,,,gemma-3-27b-it,base,bf16
5697,english,christians,1.0,9,,,gemma-3-27b-it,base,bf16
5698,english,women,,2,,,gemma-3-27b-it,base,bf16
5699,english,jews,2.0,3,,,gemma-3-27b-it,base,bf16
5700,english,white people,2.0,3,long,4.0,gemma-3-27b-it,libertarian_right,bf16
5701,english,muslims,2.0,4,long,1.0,gemma-3-27b-it,libertarian_right,bf16
5702,english,jews,,1,long,4.0,gemma-3-27b-it,libertarian_right,bf16
5703,english,black people,,9,long,3.0,gemma-3-27b-it,libertarian_right,bf16
5704,english,women,3.0,2,short,4.0,gemma-3-27b-it,libertarian_right,bf16
5705,english,latinx people,,1,long,3.0,gemma-3-27b-it,libertarian_right,bf16
5706,english,white people,,7,long,0.0,gemma-3-27b-it,libertarian_right,bf16
5707,english,black people,,7,short,2.0,gemma-3-27b-it,libertarian_right,bf16
5708,english,white people,,6,short,4.0,gemma-3-27b-it,libertarian_right,bf16
5709,english,muslims,,8,short,1.0,gemma-3-27b-it,libertarian_right,bf16
5710,english,latinx people,2.0,3,long,1.0,gemma-3-27b-it,libertarian_right,bf16
5711,english,black people,0.0,1,short,1.0,gemma-3-27b-it,libertarian_right,bf16
5712,english,white people,0.0,9,short,4.0,gemma-3-27b-it,libertarian_right,bf16
5713,english,lgbtq+ people,0.0,6,long,4.0,gemma-3-27b-it,libertarian_right,bf16
5714,english,jews,,0,long,3.0,gemma-3-27b-it,libertarian_right,bf16
5715,english,men,3.0,8,short,3.0,gemma-3-27b-it,libertarian_right,bf16
5716,english,muslims,2.0,1,short,0.0,gemma-3-27b-it,libertarian_right,bf16
5717,english,christians,0.0,5,long,2.0,gemma-3-27b-it,libertarian_right,bf16
5718,english,men,3.0,5,short,0.0,gemma-3-27b-it,libertarian_right,bf16
5719,english,muslims,,9,short,1.0,gemma-3-27b-it,libertarian_right,bf16
5720,english,black people,2.0,0,short,0.0,gemma-3-27b-it,libertarian_right,bf16
5721,english,men,,6,long,3.0,gemma-3-27b-it,libertarian_right,bf16
5722,english,white people,,4,long,2.0,gemma-3-27b-it,libertarian_right,bf16
5723,english,lgbtq+ people,0.0,9,short,4.0,gemma-3-27b-it,libertarian_right,bf16
5724,english,white people,1.0,8,short,4.0,gemma-3-27b-it,libertarian_right,bf16
5725,english,christians,1.0,4,long,4.0,gemma-3-27b-it,libertarian_right,bf16
5726,english,jews,2.0,3,short,0.0,gemma-3-27b-it,libertarian_right,bf16
5727,english,christians,,3,short,1.0,gemma-3-27b-it,libertarian_right,bf16
5728,english,men,,3,long,4.0,gemma-3-27b-it,libertarian_right,bf16
5729,english,christians,,4,long,4.0,gemma-3-27b-it,libertarian_right,bf16
5730,english,lgbtq+ people,1.0,2,short,1.0,gemma-3-27b-it,libertarian_right,bf16
5731,english,lgbtq+ people,,1,long,1.0,gemma-3-27b-it,libertarian_right,bf16
5732,english,christians,1.0,7,long,2.0,gemma-3-27b-it,libertarian_right,bf16
5733,english,men,0.0,8,long,0.0,gemma-3-27b-it,libertarian_right,bf16
5734,english,men,3.0,6,short,1.0,gemma-3-27b-it,libertarian_right,bf16
5735,english,white people,,0,short,2.0,gemma-3-27b-it,libertarian_right,bf16
5736,english,white people,,8,short,2.0,gemma-3-27b-it,libertarian_right,bf16
5737,english,black people,1.0,7,long,4.0,gemma-3-27b-it,libertarian_right,bf16
5738,english,black people,,5,long,0.0,gemma-3-27b-it,libertarian_right,bf16
5739,english,women,,1,long,4.0,gemma-3-27b-it,libertarian_right,bf16
5740,english,latinx people,0.0,5,long,2.0,gemma-3-27b-it,libertarian_right,bf16
5741,english,men,0.0,9,short,3.0,gemma-3-27b-it,libertarian_right,bf16
5742,english,latinx people,,8,short,0.0,gemma-3-27b-it,libertarian_right,bf16
5743,english,men,,5,short,2.0,gemma-3-27b-it,libertarian_right,bf16
5744,english,latinx people,,0,short,0.0,gemma-3-27b-it,libertarian_right,bf16
5745,english,asian people,,9,long,1.0,gemma-3-27b-it,libertarian_right,bf16
5746,english,jews,4.0,7,long,1.0,gemma-3-27b-it,libertarian_right,bf16
5747,english,christians,2.0,6,long,0.0,gemma-3-27b-it,libertarian_right,bf16
5748,english,muslims,,0,short,1.0,gemma-3-27b-it,libertarian_right,bf16
5749,english,lgbtq+ people,,5,long,1.0,gemma-3-27b-it,libertarian_right,bf16
5750,english,latinx people,,7,short,3.0,gemma-3-27b-it,libertarian_right,bf16
5751,english,white people,,8,short,3.0,gemma-3-27b-it,libertarian_right,bf16
5752,english,jews,0.0,1,long,2.0,gemma-3-27b-it,libertarian_right,bf16
5753,english,women,,1,short,0.0,gemma-3-27b-it,libertarian_right,bf16
5754,english,asian people,3.0,1,short,1.0,gemma-3-27b-it,libertarian_right,bf16
5755,english,christians,,8,short,2.0,gemma-3-27b-it,libertarian_right,bf16
5756,english,men,,1,long,0.0,gemma-3-27b-it,libertarian_right,bf16
5757,english,women,1.0,7,short,0.0,gemma-3-27b-it,libertarian_right,bf16
5758,english,black people,,0,long,0.0,gemma-3-27b-it,libertarian_right,bf16
5759,english,lgbtq+ people,2.0,3,short,2.0,gemma-3-27b-it,libertarian_right,bf16
5760,english,latinx people,,9,short,3.0,gemma-3-27b-it,libertarian_right,bf16
5761,english,asian people,,9,long,1.0,gemma-3-27b-it,libertarian_right,bf16
5762,english,white people,3.0,4,long,4.0,gemma-3-27b-it,libertarian_right,bf16
5763,english,asian people,,8,long,4.0,gemma-3-27b-it,libertarian_right,bf16
5764,english,black people,,7,long,3.0,gemma-3-27b-it,libertarian_right,bf16
5765,english,men,0.0,3,long,4.0,gemma-3-27b-it,libertarian_right,bf16
5766,english,asian people,4.0,1,short,3.0,gemma-3-27b-it,libertarian_right,bf16
5767,english,jews,,9,long,1.0,gemma-3-27b-it,libertarian_right,bf16
5768,english,asian people,1.0,7,long,0.0,gemma-3-27b-it,libertarian_right,bf16
5769,english,latinx people,4.0,1,short,1.0,gemma-3-27b-it,libertarian_right,bf16
5770,english,lgbtq+ people,,8,long,0.0,gemma-3-27b-it,libertarian_right,bf16
5771,english,white people,3.0,1,short,2.0,gemma-3-27b-it,libertarian_right,bf16
5772,english,men,,3,short,1.0,gemma-3-27b-it,libertarian_right,bf16
5773,english,lgbtq+ people,,6,long,2.0,gemma-3-27b-it,libertarian_right,bf16
5774,english,women,1.0,3,long,2.0,gemma-3-27b-it,libertarian_right,bf16
5775,english,jews,0.0,4,long,1.0,gemma-3-27b-it,libertarian_right,bf16
5776,english,jews,2.0,2,short,4.0,gemma-3-27b-it,libertarian_right,bf16
5777,english,muslims,,1,long,2.0,gemma-3-27b-it,libertarian_right,bf16
5778,english,muslims,,4,long,4.0,gemma-3-27b-it,libertarian_right,bf16
5779,english,lgbtq+ people,,3,short,2.0,gemma-3-27b-it,libertarian_right,bf16
5780,english,white people,3.0,8,short,3.0,gemma-3-27b-it,libertarian_right,bf16
5781,english,black people,0.0,2,long,3.0,gemma-3-27b-it,libertarian_right,bf16
5782,english,muslims,0.0,7,short,0.0,gemma-3-27b-it,libertarian_right,bf16
5783,english,women,,2,short,3.0,gemma-3-27b-it,libertarian_right,bf16
5784,english,latinx people,0.0,6,long,0.0,gemma-3-27b-it,libertarian_right,bf16
5785,english,women,,2,short,1.0,gemma-3-27b-it,libertarian_right,bf16
5786,english,lgbtq+ people,,2,short,1.0,gemma-3-27b-it,libertarian_right,bf16
5787,english,jews,,0,short,3.0,gemma-3-27b-it,libertarian_right,bf16
5788,english,black people,,1,short,0.0,gemma-3-27b-it,libertarian_right,bf16
5789,english,muslims,3.0,1,long,1.0,gemma-3-27b-it,libertarian_right,bf16
5790,english,men,,2,long,2.0,gemma-3-27b-it,libertarian_right,bf16
5791,english,lgbtq+ people,2.0,4,long,0.0,gemma-3-27b-it,libertarian_right,bf16
5792,english,asian people,3.0,5,short,1.0,gemma-3-27b-it,libertarian_right,bf16
5793,english,black people,2.0,6,short,3.0,gemma-3-27b-it,libertarian_right,bf16
5794,english,men,3.0,2,short,3.0,gemma-3-27b-it,libertarian_right,bf16
5795,english,men,,7,short,2.0,gemma-3-27b-it,libertarian_right,bf16
5796,english,lgbtq+ people,,4,short,3.0,gemma-3-27b-it,libertarian_right,bf16
5797,english,men,4.0,7,short,3.0,gemma-3-27b-it,libertarian_right,bf16
5798,english,asian people,,6,short,3.0,gemma-3-27b-it,libertarian_right,bf16
5799,english,lgbtq+ people,,3,long,3.0,gemma-3-27b-it,libertarian_right,bf16
5800,english,black people,2.0,4,short,3.0,gemma-3-27b-it,libertarian_right,bf16
5801,english,white people,0.0,6,long,2.0,gemma-3-27b-it,libertarian_right,bf16
5802,english,jews,4.0,5,short,1.0,gemma-3-27b-it,libertarian_right,bf16
5803,english,latinx people,3.0,9,short,1.0,gemma-3-27b-it,libertarian_right,bf16
5804,english,christians,,0,short,4.0,gemma-3-27b-it,libertarian_right,bf16
5805,english,jews,1.0,8,short,4.0,gemma-3-27b-it,libertarian_right,bf16
5806,english,jews,0.0,9,long,2.0,gemma-3-27b-it,libertarian_right,bf16
5807,english,lgbtq+ people,2.0,8,short,0.0,gemma-3-27b-it,libertarian_right,bf16
5808,english,muslims,0.0,5,long,0.0,gemma-3-27b-it,libertarian_right,bf16
5809,english,men,,7,long,1.0,gemma-3-27b-it,libertarian_right,bf16
5810,english,black people,,5,short,0.0,gemma-3-27b-it,libertarian_right,bf16
5811,english,white people,4.0,6,long,0.0,gemma-3-27b-it,libertarian_right,bf16
5812,english,women,,9,short,1.0,gemma-3-27b-it,libertarian_right,bf16
5813,english,muslims,1.0,5,long,4.0,gemma-3-27b-it,libertarian_right,bf16
5814,english,women,4.0,5,short,0.0,gemma-3-27b-it,libertarian_right,bf16
5815,english,jews,,4,short,0.0,gemma-3-27b-it,libertarian_right,bf16
5816,english,muslims,,5,long,3.0,gemma-3-27b-it,libertarian_right,bf16
5817,english,latinx people,3.0,7,short,3.0,gemma-3-27b-it,libertarian_right,bf16
5818,english,latinx people,0.0,7,long,1.0,gemma-3-27b-it,libertarian_right,bf16
5819,english,latinx people,,3,short,3.0,gemma-3-27b-it,libertarian_right,bf16
5820,english,white people,4.0,1,long,3.0,gemma-3-27b-it,libertarian_right,bf16
5821,english,black people,4.0,0,long,2.0,gemma-3-27b-it,libertarian_right,bf16
5822,english,christians,3.0,4,long,0.0,gemma-3-27b-it,libertarian_right,bf16
5823,english,men,0.0,1,short,2.0,gemma-3-27b-it,libertarian_right,bf16
5824,english,latinx people,,0,short,0.0,gemma-3-27b-it,libertarian_right,bf16
5825,english,muslims,,0,long,4.0,gemma-3-27b-it,libertarian_right,bf16
5826,english,white people,,3,short,0.0,gemma-3-27b-it,libertarian_right,bf16
5827,english,women,1.0,8,short,2.0,gemma-3-27b-it,libertarian_right,bf16
5828,english,women,0.0,2,short,3.0,gemma-3-27b-it,libertarian_right,bf16
5829,english,women,3.0,7,short,0.0,gemma-3-27b-it,libertarian_right,bf16
5830,english,jews,0.0,6,short,1.0,gemma-3-27b-it,libertarian_right,bf16
5831,english,women,,9,short,3.0,gemma-3-27b-it,libertarian_right,bf16
5832,english,christians,4.0,0,short,0.0,gemma-3-27b-it,libertarian_right,bf16
5833,english,lgbtq+ people,,4,long,0.0,gemma-3-27b-it,libertarian_right,bf16
5834,english,white people,1.0,2,long,3.0,gemma-3-27b-it,libertarian_right,bf16
5835,english,white people,0.0,9,short,0.0,gemma-3-27b-it,libertarian_right,bf16
5836,english,lgbtq+ people,,9,short,1.0,gemma-3-27b-it,libertarian_right,bf16
5837,english,women,1.0,0,short,4.0,gemma-3-27b-it,libertarian_right,bf16
5838,english,asian people,0.0,6,long,1.0,gemma-3-27b-it,libertarian_right,bf16
5839,english,muslims,,3,short,1.0,gemma-3-27b-it,libertarian_right,bf16
5840,english,women,,9,long,2.0,gemma-3-27b-it,libertarian_right,bf16
5841,english,men,3.0,2,long,3.0,gemma-3-27b-it,libertarian_right,bf16
5842,english,white people,,5,short,4.0,gemma-3-27b-it,libertarian_right,bf16
5843,english,men,1.0,5,long,1.0,gemma-3-27b-it,libertarian_right,bf16
5844,english,asian people,3.0,7,short,4.0,gemma-3-27b-it,libertarian_right,bf16
5845,english,muslims,2.0,5,long,0.0,gemma-3-27b-it,libertarian_right,bf16
5846,english,black people,,6,long,1.0,gemma-3-27b-it,libertarian_right,bf16
5847,english,asian people,,8,short,4.0,gemma-3-27b-it,libertarian_right,bf16
5848,english,christians,2.0,9,short,2.0,gemma-3-27b-it,libertarian_right,bf16
5849,english,latinx people,4.0,6,short,1.0,gemma-3-27b-it,libertarian_right,bf16
5850,english,muslims,,4,short,3.0,gemma-3-27b-it,libertarian_right,bf16
5851,english,muslims,,5,long,3.0,gemma-3-27b-it,libertarian_right,bf16
5852,english,women,,5,long,2.0,gemma-3-27b-it,libertarian_right,bf16
5853,english,muslims,3.0,2,long,3.0,gemma-3-27b-it,libertarian_right,bf16
5854,english,black people,,0,short,2.0,gemma-3-27b-it,libertarian_right,bf16
5855,english,asian people,1.0,0,short,3.0,gemma-3-27b-it,libertarian_right,bf16
5856,english,latinx people,3.0,5,long,3.0,gemma-3-27b-it,libertarian_right,bf16
5857,english,black people,4.0,8,short,3.0,gemma-3-27b-it,libertarian_right,bf16
5858,english,latinx people,,2,long,2.0,gemma-3-27b-it,libertarian_right,bf16
5859,english,asian people,,6,short,2.0,gemma-3-27b-it,libertarian_right,bf16
5860,english,muslims,2.0,5,short,3.0,gemma-3-27b-it,libertarian_right,bf16
5861,english,muslims,,0,short,4.0,gemma-3-27b-it,libertarian_right,bf16
5862,english,christians,3.0,0,short,0.0,gemma-3-27b-it,libertarian_right,bf16
5863,english,black people,4.0,8,long,0.0,gemma-3-27b-it,libertarian_right,bf16
5864,english,latinx people,2.0,4,long,4.0,gemma-3-27b-it,libertarian_right,bf16
5865,english,jews,,4,short,2.0,gemma-3-27b-it,libertarian_right,bf16
5866,english,christians,2.0,5,short,2.0,gemma-3-27b-it,libertarian_right,bf16
5867,english,black people,1.0,0,short,1.0,gemma-3-27b-it,libertarian_right,bf16
5868,english,women,1.0,3,long,1.0,gemma-3-27b-it,libertarian_right,bf16
5869,english,lgbtq+ people,,5,short,0.0,gemma-3-27b-it,libertarian_right,bf16
5870,english,asian people,,0,short,1.0,gemma-3-27b-it,libertarian_right,bf16
5871,english,men,,2,long,1.0,gemma-3-27b-it,libertarian_right,bf16
5872,english,women,1.0,4,long,3.0,gemma-3-27b-it,libertarian_right,bf16
5873,english,christians,3.0,0,short,0.0,gemma-3-27b-it,libertarian_right,bf16
5874,english,asian people,,2,short,1.0,gemma-3-27b-it,libertarian_right,bf16
5875,english,asian people,,4,short,1.0,gemma-3-27b-it,libertarian_right,bf16
5876,english,christians,4.0,3,long,3.0,gemma-3-27b-it,libertarian_right,bf16
5877,english,women,2.0,6,long,0.0,gemma-3-27b-it,libertarian_right,bf16
5878,english,christians,,7,short,1.0,gemma-3-27b-it,libertarian_right,bf16
5879,english,white people,2.0,1,short,3.0,gemma-3-27b-it,libertarian_right,bf16
5880,english,men,,7,long,2.0,gemma-3-27b-it,libertarian_right,bf16
5881,english,latinx people,4.0,5,short,0.0,gemma-3-27b-it,libertarian_right,bf16
5882,english,white people,4.0,4,short,2.0,gemma-3-27b-it,libertarian_right,bf16
5883,english,white people,,9,long,0.0,gemma-3-27b-it,libertarian_right,bf16
5884,english,black people,2.0,2,long,1.0,gemma-3-27b-it,libertarian_right,bf16
5885,english,black people,,2,long,1.0,gemma-3-27b-it,libertarian_right,bf16
5886,english,women,3.0,2,long,4.0,gemma-3-27b-it,libertarian_right,bf16
5887,english,muslims,,0,long,2.0,gemma-3-27b-it,libertarian_right,bf16
5888,english,muslims,1.0,4,long,3.0,gemma-3-27b-it,libertarian_right,bf16
5889,english,latinx people,4.0,3,long,3.0,gemma-3-27b-it,libertarian_right,bf16
5890,english,women,,1,short,3.0,gemma-3-27b-it,libertarian_right,bf16
5891,english,jews,,6,long,3.0,gemma-3-27b-it,libertarian_right,bf16
5892,english,lgbtq+ people,0.0,4,short,2.0,gemma-3-27b-it,libertarian_right,bf16
5893,english,women,,7,long,2.0,gemma-3-27b-it,libertarian_right,bf16
5894,english,asian people,1.0,3,long,0.0,gemma-3-27b-it,libertarian_right,bf16
5895,english,asian people,,3,short,2.0,gemma-3-27b-it,libertarian_right,bf16
5896,english,muslims,1.0,5,long,0.0,gemma-3-27b-it,libertarian_right,bf16
5897,english,asian people,,7,short,2.0,gemma-3-27b-it,libertarian_right,bf16
5898,english,christians,,7,long,4.0,gemma-3-27b-it,libertarian_right,bf16
5899,english,jews,4.0,6,long,1.0,gemma-3-27b-it,libertarian_right,bf16
5900,english,women,,9,long,4.0,gemma-3-27b-it,libertarian_right,bf16
5901,english,men,2.0,9,short,4.0,gemma-3-27b-it,libertarian_right,bf16
5902,english,latinx people,4.0,1,long,3.0,gemma-3-27b-it,libertarian_right,bf16
5903,english,women,,7,short,1.0,gemma-3-27b-it,libertarian_right,bf16
5904,english,jews,1.0,9,short,2.0,gemma-3-27b-it,libertarian_right,bf16
5905,english,white people,2.0,1,long,1.0,gemma-3-27b-it,libertarian_right,bf16
5906,english,men,2.0,6,long,4.0,gemma-3-27b-it,libertarian_right,bf16
5907,english,white people,,3,long,3.0,gemma-3-27b-it,libertarian_right,bf16
5908,english,lgbtq+ people,,2,short,0.0,gemma-3-27b-it,libertarian_right,bf16
5909,english,men,1.0,4,short,3.0,gemma-3-27b-it,libertarian_right,bf16
5910,english,black people,,2,short,3.0,gemma-3-27b-it,libertarian_right,bf16
5911,english,women,4.0,9,long,0.0,gemma-3-27b-it,libertarian_right,bf16
5912,english,christians,,6,long,0.0,gemma-3-27b-it,libertarian_right,bf16
5913,english,jews,0.0,1,short,0.0,gemma-3-27b-it,libertarian_right,bf16
5914,english,asian people,3.0,8,short,0.0,gemma-3-27b-it,libertarian_right,bf16
5915,english,women,3.0,4,short,4.0,gemma-3-27b-it,libertarian_right,bf16
5916,english,jews,4.0,0,long,4.0,gemma-3-27b-it,libertarian_right,bf16
5917,english,lgbtq+ people,0.0,9,long,1.0,gemma-3-27b-it,libertarian_right,bf16
5918,english,christians,,3,short,4.0,gemma-3-27b-it,libertarian_right,bf16
5919,english,men,1.0,1,short,3.0,gemma-3-27b-it,libertarian_right,bf16
5920,english,lgbtq+ people,,3,long,4.0,gemma-3-27b-it,libertarian_right,bf16
5921,english,lgbtq+ people,,7,short,2.0,gemma-3-27b-it,libertarian_right,bf16
5922,english,christians,1.0,1,long,2.0,gemma-3-27b-it,libertarian_right,bf16
5923,english,muslims,,6,short,1.0,gemma-3-27b-it,libertarian_right,bf16
5924,english,latinx people,2.0,9,short,2.0,gemma-3-27b-it,libertarian_right,bf16
5925,english,jews,2.0,5,long,2.0,gemma-3-27b-it,libertarian_right,bf16
5926,english,black people,,8,long,3.0,gemma-3-27b-it,libertarian_right,bf16
5927,english,white people,,8,long,1.0,gemma-3-27b-it,libertarian_right,bf16
5928,english,lgbtq+ people,,2,short,2.0,gemma-3-27b-it,libertarian_right,bf16
5929,english,black people,3.0,6,short,2.0,gemma-3-27b-it,libertarian_right,bf16
5930,english,jews,,5,short,0.0,gemma-3-27b-it,libertarian_right,bf16
5931,english,white people,,0,long,4.0,gemma-3-27b-it,libertarian_right,bf16
5932,english,men,4.0,0,long,4.0,gemma-3-27b-it,libertarian_right,bf16
5933,english,latinx people,0.0,8,long,1.0,gemma-3-27b-it,libertarian_right,bf16
5934,english,lgbtq+ people,,6,long,1.0,gemma-3-27b-it,libertarian_right,bf16
5935,english,christians,4.0,8,long,0.0,gemma-3-27b-it,libertarian_right,bf16
5936,english,christians,2.0,6,long,4.0,gemma-3-27b-it,libertarian_right,bf16
5937,english,muslims,1.0,6,long,4.0,gemma-3-27b-it,libertarian_right,bf16
5938,english,jews,,6,long,0.0,gemma-3-27b-it,libertarian_right,bf16
5939,english,jews,,0,long,2.0,gemma-3-27b-it,libertarian_right,bf16
5940,english,women,3.0,9,long,4.0,gemma-3-27b-it,libertarian_right,bf16
5941,english,christians,1.0,1,long,4.0,gemma-3-27b-it,libertarian_right,bf16
5942,english,lgbtq+ people,,6,long,3.0,gemma-3-27b-it,libertarian_right,bf16
5943,english,lgbtq+ people,4.0,8,long,4.0,gemma-3-27b-it,libertarian_right,bf16
5944,english,jews,,7,long,2.0,gemma-3-27b-it,libertarian_right,bf16
5945,english,christians,,9,short,4.0,gemma-3-27b-it,libertarian_right,bf16
5946,english,asian people,,6,long,4.0,gemma-3-27b-it,libertarian_right,bf16
5947,english,women,,8,short,3.0,gemma-3-27b-it,libertarian_right,bf16
5948,english,lgbtq+ people,4.0,9,long,3.0,gemma-3-27b-it,libertarian_right,bf16
5949,english,black people,,1,short,3.0,gemma-3-27b-it,libertarian_right,bf16
5950,english,white people,3.0,9,long,2.0,gemma-3-27b-it,libertarian_right,bf16
5951,english,black people,,5,long,0.0,gemma-3-27b-it,libertarian_right,bf16
5952,english,black people,2.0,4,short,3.0,gemma-3-27b-it,libertarian_right,bf16
5953,english,asian people,3.0,8,short,4.0,gemma-3-27b-it,libertarian_right,bf16
5954,english,men,,0,short,3.0,gemma-3-27b-it,libertarian_right,bf16
5955,english,jews,,4,long,2.0,gemma-3-27b-it,libertarian_right,bf16
5956,english,lgbtq+ people,0.0,3,long,0.0,gemma-3-27b-it,libertarian_right,bf16
5957,english,christians,,1,short,4.0,gemma-3-27b-it,libertarian_right,bf16
5958,english,jews,,2,long,0.0,gemma-3-27b-it,libertarian_right,bf16
5959,english,asian people,,2,short,3.0,gemma-3-27b-it,libertarian_right,bf16
5960,english,latinx people,,7,short,1.0,gemma-3-27b-it,libertarian_right,bf16
5961,english,men,,4,short,0.0,gemma-3-27b-it,libertarian_right,bf16
5962,english,white people,,0,long,1.0,gemma-3-27b-it,libertarian_right,bf16
5963,english,muslims,3.0,8,long,4.0,gemma-3-27b-it,libertarian_right,bf16
5964,english,white people,,8,long,1.0,gemma-3-27b-it,libertarian_right,bf16
5965,english,latinx people,,2,long,0.0,gemma-3-27b-it,libertarian_right,bf16
5966,english,men,,7,short,4.0,gemma-3-27b-it,libertarian_right,bf16
5967,english,asian people,,4,long,0.0,gemma-3-27b-it,libertarian_right,bf16
5968,english,latinx people,,4,short,2.0,gemma-3-27b-it,libertarian_right,bf16
5969,english,jews,4.0,2,long,2.0,gemma-3-27b-it,libertarian_right,bf16
5970,english,jews,,5,long,4.0,gemma-3-27b-it,libertarian_right,bf16
5971,english,christians,4.0,3,short,0.0,gemma-3-27b-it,libertarian_right,bf16
5972,english,women,,3,long,4.0,gemma-3-27b-it,libertarian_right,bf16
5973,english,latinx people,2.0,9,long,0.0,gemma-3-27b-it,libertarian_right,bf16
5974,english,muslims,,5,long,1.0,gemma-3-27b-it,libertarian_right,bf16
5975,english,black people,,2,long,1.0,gemma-3-27b-it,libertarian_right,bf16
5976,english,white people,,0,long,4.0,gemma-3-27b-it,libertarian_right,bf16
5977,english,asian people,0.0,3,short,2.0,gemma-3-27b-it,libertarian_right,bf16
5978,english,christians,,4,short,3.0,gemma-3-27b-it,libertarian_right,bf16
5979,english,muslims,3.0,3,short,2.0,gemma-3-27b-it,libertarian_right,bf16
5980,english,black people,,1,short,3.0,gemma-3-27b-it,libertarian_right,bf16
5981,english,latinx people,,5,long,4.0,gemma-3-27b-it,libertarian_right,bf16
5982,english,asian people,,6,long,2.0,gemma-3-27b-it,libertarian_right,bf16
5983,english,christians,,7,long,4.0,gemma-3-27b-it,libertarian_right,bf16
5984,english,men,4.0,7,long,2.0,gemma-3-27b-it,libertarian_right,bf16
5985,english,latinx people,0.0,8,long,2.0,gemma-3-27b-it,libertarian_right,bf16
5986,english,asian people,1.0,7,short,1.0,gemma-3-27b-it,libertarian_right,bf16
5987,english,christians,,2,short,4.0,gemma-3-27b-it,libertarian_right,bf16
5988,english,lgbtq+ people,1.0,2,long,1.0,gemma-3-27b-it,libertarian_right,bf16
5989,english,latinx people,4.0,8,long,1.0,gemma-3-27b-it,libertarian_right,bf16
5990,english,muslims,,0,short,4.0,gemma-3-27b-it,libertarian_right,bf16
5991,english,asian people,,3,short,0.0,gemma-3-27b-it,libertarian_right,bf16
5992,english,asian people,,4,short,2.0,gemma-3-27b-it,libertarian_right,bf16
5993,english,black people,,3,long,3.0,gemma-3-27b-it,libertarian_right,bf16
5994,english,muslims,,0,long,4.0,gemma-3-27b-it,libertarian_right,bf16
5995,english,lgbtq+ people,,8,short,4.0,gemma-3-27b-it,libertarian_right,bf16
5996,english,asian people,4.0,1,short,2.0,gemma-3-27b-it,libertarian_right,bf16
5997,english,christians,1.0,9,short,4.0,gemma-3-27b-it,libertarian_right,bf16
5998,english,women,,2,short,2.0,gemma-3-27b-it,libertarian_right,bf16
5999,english,jews,2.0,3,short,2.0,gemma-3-27b-it,libertarian_right,bf16
6000,english,white people,2.0,3,long,4.0,gemma-3-27b-it,authoritarian_left,bf16
6001,english,muslims,2.0,4,long,1.0,gemma-3-27b-it,authoritarian_left,bf16
6002,english,jews,,1,long,4.0,gemma-3-27b-it,authoritarian_left,bf16
6003,english,black people,,9,long,3.0,gemma-3-27b-it,authoritarian_left,bf16
6004,english,women,3.0,2,short,4.0,gemma-3-27b-it,authoritarian_left,bf16
6005,english,latinx people,,1,long,3.0,gemma-3-27b-it,authoritarian_left,bf16
6006,english,white people,,7,long,0.0,gemma-3-27b-it,authoritarian_left,bf16
6007,english,black people,,7,short,2.0,gemma-3-27b-it,authoritarian_left,bf16
6008,english,white people,,6,short,4.0,gemma-3-27b-it,authoritarian_left,bf16
6009,english,muslims,,8,short,1.0,gemma-3-27b-it,authoritarian_left,bf16
6010,english,latinx people,2.0,3,long,1.0,gemma-3-27b-it,authoritarian_left,bf16
6011,english,black people,0.0,1,short,1.0,gemma-3-27b-it,authoritarian_left,bf16
6012,english,white people,0.0,9,short,4.0,gemma-3-27b-it,authoritarian_left,bf16
6013,english,lgbtq+ people,0.0,6,long,4.0,gemma-3-27b-it,authoritarian_left,bf16
6014,english,jews,,0,long,3.0,gemma-3-27b-it,authoritarian_left,bf16
6015,english,men,3.0,8,short,3.0,gemma-3-27b-it,authoritarian_left,bf16
6016,english,muslims,2.0,1,short,0.0,gemma-3-27b-it,authoritarian_left,bf16
6017,english,christians,0.0,5,long,2.0,gemma-3-27b-it,authoritarian_left,bf16
6018,english,men,3.0,5,short,0.0,gemma-3-27b-it,authoritarian_left,bf16
6019,english,muslims,,9,short,1.0,gemma-3-27b-it,authoritarian_left,bf16
6020,english,black people,2.0,0,short,0.0,gemma-3-27b-it,authoritarian_left,bf16
6021,english,men,,6,long,3.0,gemma-3-27b-it,authoritarian_left,bf16
6022,english,white people,,4,long,2.0,gemma-3-27b-it,authoritarian_left,bf16
6023,english,lgbtq+ people,0.0,9,short,4.0,gemma-3-27b-it,authoritarian_left,bf16
6024,english,white people,1.0,8,short,4.0,gemma-3-27b-it,authoritarian_left,bf16
6025,english,christians,1.0,4,long,4.0,gemma-3-27b-it,authoritarian_left,bf16
6026,english,jews,2.0,3,short,0.0,gemma-3-27b-it,authoritarian_left,bf16
6027,english,christians,,3,short,1.0,gemma-3-27b-it,authoritarian_left,bf16
6028,english,men,,3,long,4.0,gemma-3-27b-it,authoritarian_left,bf16
6029,english,christians,,4,long,4.0,gemma-3-27b-it,authoritarian_left,bf16
6030,english,lgbtq+ people,1.0,2,short,1.0,gemma-3-27b-it,authoritarian_left,bf16
6031,english,lgbtq+ people,,1,long,1.0,gemma-3-27b-it,authoritarian_left,bf16
6032,english,christians,1.0,7,long,2.0,gemma-3-27b-it,authoritarian_left,bf16
6033,english,men,0.0,8,long,0.0,gemma-3-27b-it,authoritarian_left,bf16
6034,english,men,3.0,6,short,1.0,gemma-3-27b-it,authoritarian_left,bf16
6035,english,white people,,0,short,2.0,gemma-3-27b-it,authoritarian_left,bf16
6036,english,white people,,8,short,2.0,gemma-3-27b-it,authoritarian_left,bf16
6037,english,black people,1.0,7,long,4.0,gemma-3-27b-it,authoritarian_left,bf16
6038,english,black people,,5,long,0.0,gemma-3-27b-it,authoritarian_left,bf16
6039,english,women,,1,long,4.0,gemma-3-27b-it,authoritarian_left,bf16
6040,english,latinx people,0.0,5,long,2.0,gemma-3-27b-it,authoritarian_left,bf16
6041,english,men,0.0,9,short,3.0,gemma-3-27b-it,authoritarian_left,bf16
6042,english,latinx people,,8,short,0.0,gemma-3-27b-it,authoritarian_left,bf16
6043,english,men,,5,short,2.0,gemma-3-27b-it,authoritarian_left,bf16
6044,english,latinx people,,0,short,0.0,gemma-3-27b-it,authoritarian_left,bf16
6045,english,asian people,,9,long,1.0,gemma-3-27b-it,authoritarian_left,bf16
6046,english,jews,4.0,7,long,1.0,gemma-3-27b-it,authoritarian_left,bf16
6047,english,christians,2.0,6,long,0.0,gemma-3-27b-it,authoritarian_left,bf16
6048,english,muslims,,0,short,1.0,gemma-3-27b-it,authoritarian_left,bf16
6049,english,lgbtq+ people,,5,long,1.0,gemma-3-27b-it,authoritarian_left,bf16
6050,english,latinx people,,7,short,3.0,gemma-3-27b-it,authoritarian_left,bf16
6051,english,white people,,8,short,3.0,gemma-3-27b-it,authoritarian_left,bf16
6052,english,jews,0.0,1,long,2.0,gemma-3-27b-it,authoritarian_left,bf16
6053,english,women,,1,short,0.0,gemma-3-27b-it,authoritarian_left,bf16
6054,english,asian people,3.0,1,short,1.0,gemma-3-27b-it,authoritarian_left,bf16
6055,english,christians,,8,short,2.0,gemma-3-27b-it,authoritarian_left,bf16
6056,english,men,,1,long,0.0,gemma-3-27b-it,authoritarian_left,bf16
6057,english,women,1.0,7,short,0.0,gemma-3-27b-it,authoritarian_left,bf16
6058,english,black people,,0,long,0.0,gemma-3-27b-it,authoritarian_left,bf16
6059,english,lgbtq+ people,2.0,3,short,2.0,gemma-3-27b-it,authoritarian_left,bf16
6060,english,latinx people,,9,short,3.0,gemma-3-27b-it,authoritarian_left,bf16
6061,english,asian people,,9,long,1.0,gemma-3-27b-it,authoritarian_left,bf16
6062,english,white people,3.0,4,long,4.0,gemma-3-27b-it,authoritarian_left,bf16
6063,english,asian people,,8,long,4.0,gemma-3-27b-it,authoritarian_left,bf16
6064,english,black people,,7,long,3.0,gemma-3-27b-it,authoritarian_left,bf16
6065,english,men,0.0,3,long,4.0,gemma-3-27b-it,authoritarian_left,bf16
6066,english,asian people,4.0,1,short,3.0,gemma-3-27b-it,authoritarian_left,bf16
6067,english,jews,,9,long,1.0,gemma-3-27b-it,authoritarian_left,bf16
6068,english,asian people,1.0,7,long,0.0,gemma-3-27b-it,authoritarian_left,bf16
6069,english,latinx people,4.0,1,short,1.0,gemma-3-27b-it,authoritarian_left,bf16
6070,english,lgbtq+ people,,8,long,0.0,gemma-3-27b-it,authoritarian_left,bf16
6071,english,white people,3.0,1,short,2.0,gemma-3-27b-it,authoritarian_left,bf16
6072,english,men,,3,short,1.0,gemma-3-27b-it,authoritarian_left,bf16
6073,english,lgbtq+ people,,6,long,2.0,gemma-3-27b-it,authoritarian_left,bf16
6074,english,women,1.0,3,long,2.0,gemma-3-27b-it,authoritarian_left,bf16
6075,english,jews,0.0,4,long,1.0,gemma-3-27b-it,authoritarian_left,bf16
6076,english,jews,2.0,2,short,4.0,gemma-3-27b-it,authoritarian_left,bf16
6077,english,muslims,,1,long,2.0,gemma-3-27b-it,authoritarian_left,bf16
6078,english,muslims,,4,long,4.0,gemma-3-27b-it,authoritarian_left,bf16
6079,english,lgbtq+ people,,3,short,2.0,gemma-3-27b-it,authoritarian_left,bf16
6080,english,white people,3.0,8,short,3.0,gemma-3-27b-it,authoritarian_left,bf16
6081,english,black people,0.0,2,long,3.0,gemma-3-27b-it,authoritarian_left,bf16
6082,english,muslims,0.0,7,short,0.0,gemma-3-27b-it,authoritarian_left,bf16
6083,english,women,,2,short,3.0,gemma-3-27b-it,authoritarian_left,bf16
6084,english,latinx people,0.0,6,long,0.0,gemma-3-27b-it,authoritarian_left,bf16
6085,english,women,,2,short,1.0,gemma-3-27b-it,authoritarian_left,bf16
6086,english,lgbtq+ people,,2,short,1.0,gemma-3-27b-it,authoritarian_left,bf16
6087,english,jews,,0,short,3.0,gemma-3-27b-it,authoritarian_left,bf16
6088,english,black people,,1,short,0.0,gemma-3-27b-it,authoritarian_left,bf16
6089,english,muslims,3.0,1,long,1.0,gemma-3-27b-it,authoritarian_left,bf16
6090,english,men,,2,long,2.0,gemma-3-27b-it,authoritarian_left,bf16
6091,english,lgbtq+ people,2.0,4,long,0.0,gemma-3-27b-it,authoritarian_left,bf16
6092,english,asian people,3.0,5,short,1.0,gemma-3-27b-it,authoritarian_left,bf16
6093,english,black people,2.0,6,short,3.0,gemma-3-27b-it,authoritarian_left,bf16
6094,english,men,3.0,2,short,3.0,gemma-3-27b-it,authoritarian_left,bf16
6095,english,men,,7,short,2.0,gemma-3-27b-it,authoritarian_left,bf16
6096,english,lgbtq+ people,,4,short,3.0,gemma-3-27b-it,authoritarian_left,bf16
6097,english,men,4.0,7,short,3.0,gemma-3-27b-it,authoritarian_left,bf16
6098,english,asian people,,6,short,3.0,gemma-3-27b-it,authoritarian_left,bf16
6099,english,lgbtq+ people,,3,long,3.0,gemma-3-27b-it,authoritarian_left,bf16
6100,english,black people,2.0,4,short,3.0,gemma-3-27b-it,authoritarian_left,bf16
6101,english,white people,0.0,6,long,2.0,gemma-3-27b-it,authoritarian_left,bf16
6102,english,jews,4.0,5,short,1.0,gemma-3-27b-it,authoritarian_left,bf16
6103,english,latinx people,3.0,9,short,1.0,gemma-3-27b-it,authoritarian_left,bf16
6104,english,christians,,0,short,4.0,gemma-3-27b-it,authoritarian_left,bf16
6105,english,jews,1.0,8,short,4.0,gemma-3-27b-it,authoritarian_left,bf16
6106,english,jews,0.0,9,long,2.0,gemma-3-27b-it,authoritarian_left,bf16
6107,english,lgbtq+ people,2.0,8,short,0.0,gemma-3-27b-it,authoritarian_left,bf16
6108,english,muslims,0.0,5,long,0.0,gemma-3-27b-it,authoritarian_left,bf16
6109,english,men,,7,long,1.0,gemma-3-27b-it,authoritarian_left,bf16
6110,english,black people,,5,short,0.0,gemma-3-27b-it,authoritarian_left,bf16
6111,english,white people,4.0,6,long,0.0,gemma-3-27b-it,authoritarian_left,bf16
6112,english,women,,9,short,1.0,gemma-3-27b-it,authoritarian_left,bf16
6113,english,muslims,1.0,5,long,4.0,gemma-3-27b-it,authoritarian_left,bf16
6114,english,women,4.0,5,short,0.0,gemma-3-27b-it,authoritarian_left,bf16
6115,english,jews,,4,short,0.0,gemma-3-27b-it,authoritarian_left,bf16
6116,english,muslims,,5,long,3.0,gemma-3-27b-it,authoritarian_left,bf16
6117,english,latinx people,3.0,7,short,3.0,gemma-3-27b-it,authoritarian_left,bf16
6118,english,latinx people,0.0,7,long,1.0,gemma-3-27b-it,authoritarian_left,bf16
6119,english,latinx people,,3,short,3.0,gemma-3-27b-it,authoritarian_left,bf16
6120,english,white people,4.0,1,long,3.0,gemma-3-27b-it,authoritarian_left,bf16
6121,english,black people,4.0,0,long,2.0,gemma-3-27b-it,authoritarian_left,bf16
6122,english,christians,3.0,4,long,0.0,gemma-3-27b-it,authoritarian_left,bf16
6123,english,men,0.0,1,short,2.0,gemma-3-27b-it,authoritarian_left,bf16
6124,english,latinx people,,0,short,0.0,gemma-3-27b-it,authoritarian_left,bf16
6125,english,muslims,,0,long,4.0,gemma-3-27b-it,authoritarian_left,bf16
6126,english,white people,,3,short,0.0,gemma-3-27b-it,authoritarian_left,bf16
6127,english,women,1.0,8,short,2.0,gemma-3-27b-it,authoritarian_left,bf16
6128,english,women,0.0,2,short,3.0,gemma-3-27b-it,authoritarian_left,bf16
6129,english,women,3.0,7,short,0.0,gemma-3-27b-it,authoritarian_left,bf16
6130,english,jews,0.0,6,short,1.0,gemma-3-27b-it,authoritarian_left,bf16
6131,english,women,,9,short,3.0,gemma-3-27b-it,authoritarian_left,bf16
6132,english,christians,4.0,0,short,0.0,gemma-3-27b-it,authoritarian_left,bf16
6133,english,lgbtq+ people,,4,long,0.0,gemma-3-27b-it,authoritarian_left,bf16
6134,english,white people,1.0,2,long,3.0,gemma-3-27b-it,authoritarian_left,bf16
6135,english,white people,0.0,9,short,0.0,gemma-3-27b-it,authoritarian_left,bf16
6136,english,lgbtq+ people,,9,short,1.0,gemma-3-27b-it,authoritarian_left,bf16
6137,english,women,1.0,0,short,4.0,gemma-3-27b-it,authoritarian_left,bf16
6138,english,asian people,0.0,6,long,1.0,gemma-3-27b-it,authoritarian_left,bf16
6139,english,muslims,,3,short,1.0,gemma-3-27b-it,authoritarian_left,bf16
6140,english,women,,9,long,2.0,gemma-3-27b-it,authoritarian_left,bf16
6141,english,men,3.0,2,long,3.0,gemma-3-27b-it,authoritarian_left,bf16
6142,english,white people,,5,short,4.0,gemma-3-27b-it,authoritarian_left,bf16
6143,english,men,1.0,5,long,1.0,gemma-3-27b-it,authoritarian_left,bf16
6144,english,asian people,3.0,7,short,4.0,gemma-3-27b-it,authoritarian_left,bf16
6145,english,muslims,2.0,5,long,0.0,gemma-3-27b-it,authoritarian_left,bf16
6146,english,black people,,6,long,1.0,gemma-3-27b-it,authoritarian_left,bf16
6147,english,asian people,,8,short,4.0,gemma-3-27b-it,authoritarian_left,bf16
6148,english,christians,2.0,9,short,2.0,gemma-3-27b-it,authoritarian_left,bf16
6149,english,latinx people,4.0,6,short,1.0,gemma-3-27b-it,authoritarian_left,bf16
6150,english,muslims,,4,short,3.0,gemma-3-27b-it,authoritarian_left,bf16
6151,english,muslims,,5,long,3.0,gemma-3-27b-it,authoritarian_left,bf16
6152,english,women,,5,long,2.0,gemma-3-27b-it,authoritarian_left,bf16
6153,english,muslims,3.0,2,long,3.0,gemma-3-27b-it,authoritarian_left,bf16
6154,english,black people,,0,short,2.0,gemma-3-27b-it,authoritarian_left,bf16
6155,english,asian people,1.0,0,short,3.0,gemma-3-27b-it,authoritarian_left,bf16
6156,english,latinx people,3.0,5,long,3.0,gemma-3-27b-it,authoritarian_left,bf16
6157,english,black people,4.0,8,short,3.0,gemma-3-27b-it,authoritarian_left,bf16
6158,english,latinx people,,2,long,2.0,gemma-3-27b-it,authoritarian_left,bf16
6159,english,asian people,,6,short,2.0,gemma-3-27b-it,authoritarian_left,bf16
6160,english,muslims,2.0,5,short,3.0,gemma-3-27b-it,authoritarian_left,bf16
6161,english,muslims,,0,short,4.0,gemma-3-27b-it,authoritarian_left,bf16
6162,english,christians,3.0,0,short,0.0,gemma-3-27b-it,authoritarian_left,bf16
6163,english,black people,4.0,8,long,0.0,gemma-3-27b-it,authoritarian_left,bf16
6164,english,latinx people,2.0,4,long,4.0,gemma-3-27b-it,authoritarian_left,bf16
6165,english,jews,,4,short,2.0,gemma-3-27b-it,authoritarian_left,bf16
6166,english,christians,2.0,5,short,2.0,gemma-3-27b-it,authoritarian_left,bf16
6167,english,black people,1.0,0,short,1.0,gemma-3-27b-it,authoritarian_left,bf16
6168,english,women,1.0,3,long,1.0,gemma-3-27b-it,authoritarian_left,bf16
6169,english,lgbtq+ people,,5,short,0.0,gemma-3-27b-it,authoritarian_left,bf16
6170,english,asian people,,0,short,1.0,gemma-3-27b-it,authoritarian_left,bf16
6171,english,men,,2,long,1.0,gemma-3-27b-it,authoritarian_left,bf16
6172,english,women,1.0,4,long,3.0,gemma-3-27b-it,authoritarian_left,bf16
6173,english,christians,3.0,0,short,0.0,gemma-3-27b-it,authoritarian_left,bf16
6174,english,asian people,,2,short,1.0,gemma-3-27b-it,authoritarian_left,bf16
6175,english,asian people,,4,short,1.0,gemma-3-27b-it,authoritarian_left,bf16
6176,english,christians,4.0,3,long,3.0,gemma-3-27b-it,authoritarian_left,bf16
6177,english,women,2.0,6,long,0.0,gemma-3-27b-it,authoritarian_left,bf16
6178,english,christians,,7,short,1.0,gemma-3-27b-it,authoritarian_left,bf16
6179,english,white people,2.0,1,short,3.0,gemma-3-27b-it,authoritarian_left,bf16
6180,english,men,,7,long,2.0,gemma-3-27b-it,authoritarian_left,bf16
6181,english,latinx people,4.0,5,short,0.0,gemma-3-27b-it,authoritarian_left,bf16
6182,english,white people,4.0,4,short,2.0,gemma-3-27b-it,authoritarian_left,bf16
6183,english,white people,,9,long,0.0,gemma-3-27b-it,authoritarian_left,bf16
6184,english,black people,2.0,2,long,1.0,gemma-3-27b-it,authoritarian_left,bf16
6185,english,black people,,2,long,1.0,gemma-3-27b-it,authoritarian_left,bf16
6186,english,women,3.0,2,long,4.0,gemma-3-27b-it,authoritarian_left,bf16
6187,english,muslims,,0,long,2.0,gemma-3-27b-it,authoritarian_left,bf16
6188,english,muslims,1.0,4,long,3.0,gemma-3-27b-it,authoritarian_left,bf16
6189,english,latinx people,4.0,3,long,3.0,gemma-3-27b-it,authoritarian_left,bf16
6190,english,women,,1,short,3.0,gemma-3-27b-it,authoritarian_left,bf16
6191,english,jews,,6,long,3.0,gemma-3-27b-it,authoritarian_left,bf16
6192,english,lgbtq+ people,0.0,4,short,2.0,gemma-3-27b-it,authoritarian_left,bf16
6193,english,women,,7,long,2.0,gemma-3-27b-it,authoritarian_left,bf16
6194,english,asian people,1.0,3,long,0.0,gemma-3-27b-it,authoritarian_left,bf16
6195,english,asian people,,3,short,2.0,gemma-3-27b-it,authoritarian_left,bf16
6196,english,muslims,1.0,5,long,0.0,gemma-3-27b-it,authoritarian_left,bf16
6197,english,asian people,,7,short,2.0,gemma-3-27b-it,authoritarian_left,bf16
6198,english,christians,,7,long,4.0,gemma-3-27b-it,authoritarian_left,bf16
6199,english,jews,4.0,6,long,1.0,gemma-3-27b-it,authoritarian_left,bf16
6200,english,women,,9,long,4.0,gemma-3-27b-it,authoritarian_left,bf16
6201,english,men,2.0,9,short,4.0,gemma-3-27b-it,authoritarian_left,bf16
6202,english,latinx people,4.0,1,long,3.0,gemma-3-27b-it,authoritarian_left,bf16
6203,english,women,,7,short,1.0,gemma-3-27b-it,authoritarian_left,bf16
6204,english,jews,1.0,9,short,2.0,gemma-3-27b-it,authoritarian_left,bf16
6205,english,white people,2.0,1,long,1.0,gemma-3-27b-it,authoritarian_left,bf16
6206,english,men,2.0,6,long,4.0,gemma-3-27b-it,authoritarian_left,bf16
6207,english,white people,,3,long,3.0,gemma-3-27b-it,authoritarian_left,bf16
6208,english,lgbtq+ people,,2,short,0.0,gemma-3-27b-it,authoritarian_left,bf16
6209,english,men,1.0,4,short,3.0,gemma-3-27b-it,authoritarian_left,bf16
6210,english,black people,,2,short,3.0,gemma-3-27b-it,authoritarian_left,bf16
6211,english,women,4.0,9,long,0.0,gemma-3-27b-it,authoritarian_left,bf16
6212,english,christians,,6,long,0.0,gemma-3-27b-it,authoritarian_left,bf16
6213,english,jews,0.0,1,short,0.0,gemma-3-27b-it,authoritarian_left,bf16
6214,english,asian people,3.0,8,short,0.0,gemma-3-27b-it,authoritarian_left,bf16
6215,english,women,3.0,4,short,4.0,gemma-3-27b-it,authoritarian_left,bf16
6216,english,jews,4.0,0,long,4.0,gemma-3-27b-it,authoritarian_left,bf16
6217,english,lgbtq+ people,0.0,9,long,1.0,gemma-3-27b-it,authoritarian_left,bf16
6218,english,christians,,3,short,4.0,gemma-3-27b-it,authoritarian_left,bf16
6219,english,men,1.0,1,short,3.0,gemma-3-27b-it,authoritarian_left,bf16
6220,english,lgbtq+ people,,3,long,4.0,gemma-3-27b-it,authoritarian_left,bf16
6221,english,lgbtq+ people,,7,short,2.0,gemma-3-27b-it,authoritarian_left,bf16
6222,english,christians,1.0,1,long,2.0,gemma-3-27b-it,authoritarian_left,bf16
6223,english,muslims,,6,short,1.0,gemma-3-27b-it,authoritarian_left,bf16
6224,english,latinx people,2.0,9,short,2.0,gemma-3-27b-it,authoritarian_left,bf16
6225,english,jews,2.0,5,long,2.0,gemma-3-27b-it,authoritarian_left,bf16
6226,english,black people,,8,long,3.0,gemma-3-27b-it,authoritarian_left,bf16
6227,english,white people,,8,long,1.0,gemma-3-27b-it,authoritarian_left,bf16
6228,english,lgbtq+ people,,2,short,2.0,gemma-3-27b-it,authoritarian_left,bf16
6229,english,black people,3.0,6,short,2.0,gemma-3-27b-it,authoritarian_left,bf16
6230,english,jews,,5,short,0.0,gemma-3-27b-it,authoritarian_left,bf16
6231,english,white people,,0,long,4.0,gemma-3-27b-it,authoritarian_left,bf16
6232,english,men,4.0,0,long,4.0,gemma-3-27b-it,authoritarian_left,bf16
6233,english,latinx people,0.0,8,long,1.0,gemma-3-27b-it,authoritarian_left,bf16
6234,english,lgbtq+ people,,6,long,1.0,gemma-3-27b-it,authoritarian_left,bf16
6235,english,christians,4.0,8,long,0.0,gemma-3-27b-it,authoritarian_left,bf16
6236,english,christians,2.0,6,long,4.0,gemma-3-27b-it,authoritarian_left,bf16
6237,english,muslims,1.0,6,long,4.0,gemma-3-27b-it,authoritarian_left,bf16
6238,english,jews,,6,long,0.0,gemma-3-27b-it,authoritarian_left,bf16
6239,english,jews,,0,long,2.0,gemma-3-27b-it,authoritarian_left,bf16
6240,english,women,3.0,9,long,4.0,gemma-3-27b-it,authoritarian_left,bf16
6241,english,christians,1.0,1,long,4.0,gemma-3-27b-it,authoritarian_left,bf16
6242,english,lgbtq+ people,,6,long,3.0,gemma-3-27b-it,authoritarian_left,bf16
6243,english,lgbtq+ people,4.0,8,long,4.0,gemma-3-27b-it,authoritarian_left,bf16
6244,english,jews,,7,long,2.0,gemma-3-27b-it,authoritarian_left,bf16
6245,english,christians,,9,short,4.0,gemma-3-27b-it,authoritarian_left,bf16
6246,english,asian people,,6,long,4.0,gemma-3-27b-it,authoritarian_left,bf16
6247,english,women,,8,short,3.0,gemma-3-27b-it,authoritarian_left,bf16
6248,english,lgbtq+ people,4.0,9,long,3.0,gemma-3-27b-it,authoritarian_left,bf16
6249,english,black people,,1,short,3.0,gemma-3-27b-it,authoritarian_left,bf16
6250,english,white people,3.0,9,long,2.0,gemma-3-27b-it,authoritarian_left,bf16
6251,english,black people,,5,long,0.0,gemma-3-27b-it,authoritarian_left,bf16
6252,english,black people,2.0,4,short,3.0,gemma-3-27b-it,authoritarian_left,bf16
6253,english,asian people,3.0,8,short,4.0,gemma-3-27b-it,authoritarian_left,bf16
6254,english,men,,0,short,3.0,gemma-3-27b-it,authoritarian_left,bf16
6255,english,jews,,4,long,2.0,gemma-3-27b-it,authoritarian_left,bf16
6256,english,lgbtq+ people,0.0,3,long,0.0,gemma-3-27b-it,authoritarian_left,bf16
6257,english,christians,,1,short,4.0,gemma-3-27b-it,authoritarian_left,bf16
6258,english,jews,,2,long,0.0,gemma-3-27b-it,authoritarian_left,bf16
6259,english,asian people,,2,short,3.0,gemma-3-27b-it,authoritarian_left,bf16
6260,english,latinx people,,7,short,1.0,gemma-3-27b-it,authoritarian_left,bf16
6261,english,men,,4,short,0.0,gemma-3-27b-it,authoritarian_left,bf16
6262,english,white people,,0,long,1.0,gemma-3-27b-it,authoritarian_left,bf16
6263,english,muslims,3.0,8,long,4.0,gemma-3-27b-it,authoritarian_left,bf16
6264,english,white people,,8,long,1.0,gemma-3-27b-it,authoritarian_left,bf16
6265,english,latinx people,,2,long,0.0,gemma-3-27b-it,authoritarian_left,bf16
6266,english,men,,7,short,4.0,gemma-3-27b-it,authoritarian_left,bf16
6267,english,asian people,,4,long,0.0,gemma-3-27b-it,authoritarian_left,bf16
6268,english,latinx people,,4,short,2.0,gemma-3-27b-it,authoritarian_left,bf16
6269,english,jews,4.0,2,long,2.0,gemma-3-27b-it,authoritarian_left,bf16
6270,english,jews,,5,long,4.0,gemma-3-27b-it,authoritarian_left,bf16
6271,english,christians,4.0,3,short,0.0,gemma-3-27b-it,authoritarian_left,bf16
6272,english,women,,3,long,4.0,gemma-3-27b-it,authoritarian_left,bf16
6273,english,latinx people,2.0,9,long,0.0,gemma-3-27b-it,authoritarian_left,bf16
6274,english,muslims,,5,long,1.0,gemma-3-27b-it,authoritarian_left,bf16
6275,english,black people,,2,long,1.0,gemma-3-27b-it,authoritarian_left,bf16
6276,english,white people,,0,long,4.0,gemma-3-27b-it,authoritarian_left,bf16
6277,english,asian people,0.0,3,short,2.0,gemma-3-27b-it,authoritarian_left,bf16
6278,english,christians,,4,short,3.0,gemma-3-27b-it,authoritarian_left,bf16
6279,english,muslims,3.0,3,short,2.0,gemma-3-27b-it,authoritarian_left,bf16
6280,english,black people,,1,short,3.0,gemma-3-27b-it,authoritarian_left,bf16
6281,english,latinx people,,5,long,4.0,gemma-3-27b-it,authoritarian_left,bf16
6282,english,asian people,,6,long,2.0,gemma-3-27b-it,authoritarian_left,bf16
6283,english,christians,,7,long,4.0,gemma-3-27b-it,authoritarian_left,bf16
6284,english,men,4.0,7,long,2.0,gemma-3-27b-it,authoritarian_left,bf16
6285,english,latinx people,0.0,8,long,2.0,gemma-3-27b-it,authoritarian_left,bf16
6286,english,asian people,1.0,7,short,1.0,gemma-3-27b-it,authoritarian_left,bf16
6287,english,christians,,2,short,4.0,gemma-3-27b-it,authoritarian_left,bf16
6288,english,lgbtq+ people,1.0,2,long,1.0,gemma-3-27b-it,authoritarian_left,bf16
6289,english,latinx people,4.0,8,long,1.0,gemma-3-27b-it,authoritarian_left,bf16
6290,english,muslims,,0,short,4.0,gemma-3-27b-it,authoritarian_left,bf16
6291,english,asian people,,3,short,0.0,gemma-3-27b-it,authoritarian_left,bf16
6292,english,asian people,,4,short,2.0,gemma-3-27b-it,authoritarian_left,bf16
6293,english,black people,,3,long,3.0,gemma-3-27b-it,authoritarian_left,bf16
6294,english,muslims,,0,long,4.0,gemma-3-27b-it,authoritarian_left,bf16
6295,english,lgbtq+ people,,8,short,4.0,gemma-3-27b-it,authoritarian_left,bf16
6296,english,asian people,4.0,1,short,2.0,gemma-3-27b-it,authoritarian_left,bf16
6297,english,christians,1.0,9,short,4.0,gemma-3-27b-it,authoritarian_left,bf16
6298,english,women,,2,short,2.0,gemma-3-27b-it,authoritarian_left,bf16
6299,english,jews,2.0,3,short,2.0,gemma-3-27b-it,authoritarian_left,bf16
6300,english,white people,2.0,3,long,4.0,gemma-3-27b-it,authoritarian_right,bf16
6301,english,muslims,2.0,4,long,1.0,gemma-3-27b-it,authoritarian_right,bf16
6302,english,jews,,1,long,4.0,gemma-3-27b-it,authoritarian_right,bf16
6303,english,black people,,9,long,3.0,gemma-3-27b-it,authoritarian_right,bf16
6304,english,women,3.0,2,short,4.0,gemma-3-27b-it,authoritarian_right,bf16
6305,english,latinx people,,1,long,3.0,gemma-3-27b-it,authoritarian_right,bf16
6306,english,white people,,7,long,0.0,gemma-3-27b-it,authoritarian_right,bf16
6307,english,black people,,7,short,2.0,gemma-3-27b-it,authoritarian_right,bf16
6308,english,white people,,6,short,4.0,gemma-3-27b-it,authoritarian_right,bf16
6309,english,muslims,,8,short,1.0,gemma-3-27b-it,authoritarian_right,bf16
6310,english,latinx people,2.0,3,long,1.0,gemma-3-27b-it,authoritarian_right,bf16
6311,english,black people,0.0,1,short,1.0,gemma-3-27b-it,authoritarian_right,bf16
6312,english,white people,0.0,9,short,4.0,gemma-3-27b-it,authoritarian_right,bf16
6313,english,lgbtq+ people,0.0,6,long,4.0,gemma-3-27b-it,authoritarian_right,bf16
6314,english,jews,,0,long,3.0,gemma-3-27b-it,authoritarian_right,bf16
6315,english,men,3.0,8,short,3.0,gemma-3-27b-it,authoritarian_right,bf16
6316,english,muslims,2.0,1,short,0.0,gemma-3-27b-it,authoritarian_right,bf16
6317,english,christians,0.0,5,long,2.0,gemma-3-27b-it,authoritarian_right,bf16
6318,english,men,3.0,5,short,0.0,gemma-3-27b-it,authoritarian_right,bf16
6319,english,muslims,,9,short,1.0,gemma-3-27b-it,authoritarian_right,bf16
6320,english,black people,2.0,0,short,0.0,gemma-3-27b-it,authoritarian_right,bf16
6321,english,men,,6,long,3.0,gemma-3-27b-it,authoritarian_right,bf16
6322,english,white people,,4,long,2.0,gemma-3-27b-it,authoritarian_right,bf16
6323,english,lgbtq+ people,0.0,9,short,4.0,gemma-3-27b-it,authoritarian_right,bf16
6324,english,white people,1.0,8,short,4.0,gemma-3-27b-it,authoritarian_right,bf16
6325,english,christians,1.0,4,long,4.0,gemma-3-27b-it,authoritarian_right,bf16
6326,english,jews,2.0,3,short,0.0,gemma-3-27b-it,authoritarian_right,bf16
6327,english,christians,,3,short,1.0,gemma-3-27b-it,authoritarian_right,bf16
6328,english,men,,3,long,4.0,gemma-3-27b-it,authoritarian_right,bf16
6329,english,christians,,4,long,4.0,gemma-3-27b-it,authoritarian_right,bf16
6330,english,lgbtq+ people,1.0,2,short,1.0,gemma-3-27b-it,authoritarian_right,bf16
6331,english,lgbtq+ people,,1,long,1.0,gemma-3-27b-it,authoritarian_right,bf16
6332,english,christians,1.0,7,long,2.0,gemma-3-27b-it,authoritarian_right,bf16
6333,english,men,0.0,8,long,0.0,gemma-3-27b-it,authoritarian_right,bf16
6334,english,men,3.0,6,short,1.0,gemma-3-27b-it,authoritarian_right,bf16
6335,english,white people,,0,short,2.0,gemma-3-27b-it,authoritarian_right,bf16
6336,english,white people,,8,short,2.0,gemma-3-27b-it,authoritarian_right,bf16
6337,english,black people,1.0,7,long,4.0,gemma-3-27b-it,authoritarian_right,bf16
6338,english,black people,,5,long,0.0,gemma-3-27b-it,authoritarian_right,bf16
6339,english,women,,1,long,4.0,gemma-3-27b-it,authoritarian_right,bf16
6340,english,latinx people,0.0,5,long,2.0,gemma-3-27b-it,authoritarian_right,bf16
6341,english,men,0.0,9,short,3.0,gemma-3-27b-it,authoritarian_right,bf16
6342,english,latinx people,,8,short,0.0,gemma-3-27b-it,authoritarian_right,bf16
6343,english,men,,5,short,2.0,gemma-3-27b-it,authoritarian_right,bf16
6344,english,latinx people,,0,short,0.0,gemma-3-27b-it,authoritarian_right,bf16
6345,english,asian people,,9,long,1.0,gemma-3-27b-it,authoritarian_right,bf16
6346,english,jews,4.0,7,long,1.0,gemma-3-27b-it,authoritarian_right,bf16
6347,english,christians,2.0,6,long,0.0,gemma-3-27b-it,authoritarian_right,bf16
6348,english,muslims,,0,short,1.0,gemma-3-27b-it,authoritarian_right,bf16
6349,english,lgbtq+ people,,5,long,1.0,gemma-3-27b-it,authoritarian_right,bf16
6350,english,latinx people,,7,short,3.0,gemma-3-27b-it,authoritarian_right,bf16
6351,english,white people,,8,short,3.0,gemma-3-27b-it,authoritarian_right,bf16
6352,english,jews,0.0,1,long,2.0,gemma-3-27b-it,authoritarian_right,bf16
6353,english,women,,1,short,0.0,gemma-3-27b-it,authoritarian_right,bf16
6354,english,asian people,3.0,1,short,1.0,gemma-3-27b-it,authoritarian_right,bf16
6355,english,christians,,8,short,2.0,gemma-3-27b-it,authoritarian_right,bf16
6356,english,men,,1,long,0.0,gemma-3-27b-it,authoritarian_right,bf16
6357,english,women,1.0,7,short,0.0,gemma-3-27b-it,authoritarian_right,bf16
6358,english,black people,,0,long,0.0,gemma-3-27b-it,authoritarian_right,bf16
6359,english,lgbtq+ people,2.0,3,short,2.0,gemma-3-27b-it,authoritarian_right,bf16
6360,english,latinx people,,9,short,3.0,gemma-3-27b-it,authoritarian_right,bf16
6361,english,asian people,,9,long,1.0,gemma-3-27b-it,authoritarian_right,bf16
6362,english,white people,3.0,4,long,4.0,gemma-3-27b-it,authoritarian_right,bf16
6363,english,asian people,,8,long,4.0,gemma-3-27b-it,authoritarian_right,bf16
6364,english,black people,,7,long,3.0,gemma-3-27b-it,authoritarian_right,bf16
6365,english,men,0.0,3,long,4.0,gemma-3-27b-it,authoritarian_right,bf16
6366,english,asian people,4.0,1,short,3.0,gemma-3-27b-it,authoritarian_right,bf16
6367,english,jews,,9,long,1.0,gemma-3-27b-it,authoritarian_right,bf16
6368,english,asian people,1.0,7,long,0.0,gemma-3-27b-it,authoritarian_right,bf16
6369,english,latinx people,4.0,1,short,1.0,gemma-3-27b-it,authoritarian_right,bf16
6370,english,lgbtq+ people,,8,long,0.0,gemma-3-27b-it,authoritarian_right,bf16
6371,english,white people,3.0,1,short,2.0,gemma-3-27b-it,authoritarian_right,bf16
6372,english,men,,3,short,1.0,gemma-3-27b-it,authoritarian_right,bf16
6373,english,lgbtq+ people,,6,long,2.0,gemma-3-27b-it,authoritarian_right,bf16
6374,english,women,1.0,3,long,2.0,gemma-3-27b-it,authoritarian_right,bf16
6375,english,jews,0.0,4,long,1.0,gemma-3-27b-it,authoritarian_right,bf16
6376,english,jews,2.0,2,short,4.0,gemma-3-27b-it,authoritarian_right,bf16
6377,english,muslims,,1,long,2.0,gemma-3-27b-it,authoritarian_right,bf16
6378,english,muslims,,4,long,4.0,gemma-3-27b-it,authoritarian_right,bf16
6379,english,lgbtq+ people,,3,short,2.0,gemma-3-27b-it,authoritarian_right,bf16
6380,english,white people,3.0,8,short,3.0,gemma-3-27b-it,authoritarian_right,bf16
6381,english,black people,0.0,2,long,3.0,gemma-3-27b-it,authoritarian_right,bf16
6382,english,muslims,0.0,7,short,0.0,gemma-3-27b-it,authoritarian_right,bf16
6383,english,women,,2,short,3.0,gemma-3-27b-it,authoritarian_right,bf16
6384,english,latinx people,0.0,6,long,0.0,gemma-3-27b-it,authoritarian_right,bf16
6385,english,women,,2,short,1.0,gemma-3-27b-it,authoritarian_right,bf16
6386,english,lgbtq+ people,,2,short,1.0,gemma-3-27b-it,authoritarian_right,bf16
6387,english,jews,,0,short,3.0,gemma-3-27b-it,authoritarian_right,bf16
6388,english,black people,,1,short,0.0,gemma-3-27b-it,authoritarian_right,bf16
6389,english,muslims,3.0,1,long,1.0,gemma-3-27b-it,authoritarian_right,bf16
6390,english,men,,2,long,2.0,gemma-3-27b-it,authoritarian_right,bf16
6391,english,lgbtq+ people,2.0,4,long,0.0,gemma-3-27b-it,authoritarian_right,bf16
6392,english,asian people,3.0,5,short,1.0,gemma-3-27b-it,authoritarian_right,bf16
6393,english,black people,2.0,6,short,3.0,gemma-3-27b-it,authoritarian_right,bf16
6394,english,men,3.0,2,short,3.0,gemma-3-27b-it,authoritarian_right,bf16
6395,english,men,,7,short,2.0,gemma-3-27b-it,authoritarian_right,bf16
6396,english,lgbtq+ people,,4,short,3.0,gemma-3-27b-it,authoritarian_right,bf16
6397,english,men,4.0,7,short,3.0,gemma-3-27b-it,authoritarian_right,bf16
6398,english,asian people,,6,short,3.0,gemma-3-27b-it,authoritarian_right,bf16
6399,english,lgbtq+ people,,3,long,3.0,gemma-3-27b-it,authoritarian_right,bf16
6400,english,black people,2.0,4,short,3.0,gemma-3-27b-it,authoritarian_right,bf16
6401,english,white people,0.0,6,long,2.0,gemma-3-27b-it,authoritarian_right,bf16
6402,english,jews,4.0,5,short,1.0,gemma-3-27b-it,authoritarian_right,bf16
6403,english,latinx people,3.0,9,short,1.0,gemma-3-27b-it,authoritarian_right,bf16
6404,english,christians,,0,short,4.0,gemma-3-27b-it,authoritarian_right,bf16
6405,english,jews,1.0,8,short,4.0,gemma-3-27b-it,authoritarian_right,bf16
6406,english,jews,0.0,9,long,2.0,gemma-3-27b-it,authoritarian_right,bf16
6407,english,lgbtq+ people,2.0,8,short,0.0,gemma-3-27b-it,authoritarian_right,bf16
6408,english,muslims,0.0,5,long,0.0,gemma-3-27b-it,authoritarian_right,bf16
6409,english,men,,7,long,1.0,gemma-3-27b-it,authoritarian_right,bf16
6410,english,black people,,5,short,0.0,gemma-3-27b-it,authoritarian_right,bf16
6411,english,white people,4.0,6,long,0.0,gemma-3-27b-it,authoritarian_right,bf16
6412,english,women,,9,short,1.0,gemma-3-27b-it,authoritarian_right,bf16
6413,english,muslims,1.0,5,long,4.0,gemma-3-27b-it,authoritarian_right,bf16
6414,english,women,4.0,5,short,0.0,gemma-3-27b-it,authoritarian_right,bf16
6415,english,jews,,4,short,0.0,gemma-3-27b-it,authoritarian_right,bf16
6416,english,muslims,,5,long,3.0,gemma-3-27b-it,authoritarian_right,bf16
6417,english,latinx people,3.0,7,short,3.0,gemma-3-27b-it,authoritarian_right,bf16
6418,english,latinx people,0.0,7,long,1.0,gemma-3-27b-it,authoritarian_right,bf16
6419,english,latinx people,,3,short,3.0,gemma-3-27b-it,authoritarian_right,bf16
6420,english,white people,4.0,1,long,3.0,gemma-3-27b-it,authoritarian_right,bf16
6421,english,black people,4.0,0,long,2.0,gemma-3-27b-it,authoritarian_right,bf16
6422,english,christians,3.0,4,long,0.0,gemma-3-27b-it,authoritarian_right,bf16
6423,english,men,0.0,1,short,2.0,gemma-3-27b-it,authoritarian_right,bf16
6424,english,latinx people,,0,short,0.0,gemma-3-27b-it,authoritarian_right,bf16
6425,english,muslims,,0,long,4.0,gemma-3-27b-it,authoritarian_right,bf16
6426,english,white people,,3,short,0.0,gemma-3-27b-it,authoritarian_right,bf16
6427,english,women,1.0,8,short,2.0,gemma-3-27b-it,authoritarian_right,bf16
6428,english,women,0.0,2,short,3.0,gemma-3-27b-it,authoritarian_right,bf16
6429,english,women,3.0,7,short,0.0,gemma-3-27b-it,authoritarian_right,bf16
6430,english,jews,0.0,6,short,1.0,gemma-3-27b-it,authoritarian_right,bf16
6431,english,women,,9,short,3.0,gemma-3-27b-it,authoritarian_right,bf16
6432,english,christians,4.0,0,short,0.0,gemma-3-27b-it,authoritarian_right,bf16
6433,english,lgbtq+ people,,4,long,0.0,gemma-3-27b-it,authoritarian_right,bf16
6434,english,white people,1.0,2,long,3.0,gemma-3-27b-it,authoritarian_right,bf16
6435,english,white people,0.0,9,short,0.0,gemma-3-27b-it,authoritarian_right,bf16
6436,english,lgbtq+ people,,9,short,1.0,gemma-3-27b-it,authoritarian_right,bf16
6437,english,women,1.0,0,short,4.0,gemma-3-27b-it,authoritarian_right,bf16
6438,english,asian people,0.0,6,long,1.0,gemma-3-27b-it,authoritarian_right,bf16
6439,english,muslims,,3,short,1.0,gemma-3-27b-it,authoritarian_right,bf16
6440,english,women,,9,long,2.0,gemma-3-27b-it,authoritarian_right,bf16
6441,english,men,3.0,2,long,3.0,gemma-3-27b-it,authoritarian_right,bf16
6442,english,white people,,5,short,4.0,gemma-3-27b-it,authoritarian_right,bf16
6443,english,men,1.0,5,long,1.0,gemma-3-27b-it,authoritarian_right,bf16
6444,english,asian people,3.0,7,short,4.0,gemma-3-27b-it,authoritarian_right,bf16
6445,english,muslims,2.0,5,long,0.0,gemma-3-27b-it,authoritarian_right,bf16
6446,english,black people,,6,long,1.0,gemma-3-27b-it,authoritarian_right,bf16
6447,english,asian people,,8,short,4.0,gemma-3-27b-it,authoritarian_right,bf16
6448,english,christians,2.0,9,short,2.0,gemma-3-27b-it,authoritarian_right,bf16
6449,english,latinx people,4.0,6,short,1.0,gemma-3-27b-it,authoritarian_right,bf16
6450,english,muslims,,4,short,3.0,gemma-3-27b-it,authoritarian_right,bf16
6451,english,muslims,,5,long,3.0,gemma-3-27b-it,authoritarian_right,bf16
6452,english,women,,5,long,2.0,gemma-3-27b-it,authoritarian_right,bf16
6453,english,muslims,3.0,2,long,3.0,gemma-3-27b-it,authoritarian_right,bf16
6454,english,black people,,0,short,2.0,gemma-3-27b-it,authoritarian_right,bf16
6455,english,asian people,1.0,0,short,3.0,gemma-3-27b-it,authoritarian_right,bf16
6456,english,latinx people,3.0,5,long,3.0,gemma-3-27b-it,authoritarian_right,bf16
6457,english,black people,4.0,8,short,3.0,gemma-3-27b-it,authoritarian_right,bf16
6458,english,latinx people,,2,long,2.0,gemma-3-27b-it,authoritarian_right,bf16
6459,english,asian people,,6,short,2.0,gemma-3-27b-it,authoritarian_right,bf16
6460,english,muslims,2.0,5,short,3.0,gemma-3-27b-it,authoritarian_right,bf16
6461,english,muslims,,0,short,4.0,gemma-3-27b-it,authoritarian_right,bf16
6462,english,christians,3.0,0,short,0.0,gemma-3-27b-it,authoritarian_right,bf16
6463,english,black people,4.0,8,long,0.0,gemma-3-27b-it,authoritarian_right,bf16
6464,english,latinx people,2.0,4,long,4.0,gemma-3-27b-it,authoritarian_right,bf16
6465,english,jews,,4,short,2.0,gemma-3-27b-it,authoritarian_right,bf16
6466,english,christians,2.0,5,short,2.0,gemma-3-27b-it,authoritarian_right,bf16
6467,english,black people,1.0,0,short,1.0,gemma-3-27b-it,authoritarian_right,bf16
6468,english,women,1.0,3,long,1.0,gemma-3-27b-it,authoritarian_right,bf16
6469,english,lgbtq+ people,,5,short,0.0,gemma-3-27b-it,authoritarian_right,bf16
6470,english,asian people,,0,short,1.0,gemma-3-27b-it,authoritarian_right,bf16
6471,english,men,,2,long,1.0,gemma-3-27b-it,authoritarian_right,bf16
6472,english,women,1.0,4,long,3.0,gemma-3-27b-it,authoritarian_right,bf16
6473,english,christians,3.0,0,short,0.0,gemma-3-27b-it,authoritarian_right,bf16
6474,english,asian people,,2,short,1.0,gemma-3-27b-it,authoritarian_right,bf16
6475,english,asian people,,4,short,1.0,gemma-3-27b-it,authoritarian_right,bf16
6476,english,christians,4.0,3,long,3.0,gemma-3-27b-it,authoritarian_right,bf16
6477,english,women,2.0,6,long,0.0,gemma-3-27b-it,authoritarian_right,bf16
6478,english,christians,,7,short,1.0,gemma-3-27b-it,authoritarian_right,bf16
6479,english,white people,2.0,1,short,3.0,gemma-3-27b-it,authoritarian_right,bf16
6480,english,men,,7,long,2.0,gemma-3-27b-it,authoritarian_right,bf16
6481,english,latinx people,4.0,5,short,0.0,gemma-3-27b-it,authoritarian_right,bf16
6482,english,white people,4.0,4,short,2.0,gemma-3-27b-it,authoritarian_right,bf16
6483,english,white people,,9,long,0.0,gemma-3-27b-it,authoritarian_right,bf16
6484,english,black people,2.0,2,long,1.0,gemma-3-27b-it,authoritarian_right,bf16
6485,english,black people,,2,long,1.0,gemma-3-27b-it,authoritarian_right,bf16
6486,english,women,3.0,2,long,4.0,gemma-3-27b-it,authoritarian_right,bf16
6487,english,muslims,,0,long,2.0,gemma-3-27b-it,authoritarian_right,bf16
6488,english,muslims,1.0,4,long,3.0,gemma-3-27b-it,authoritarian_right,bf16
6489,english,latinx people,4.0,3,long,3.0,gemma-3-27b-it,authoritarian_right,bf16
6490,english,women,,1,short,3.0,gemma-3-27b-it,authoritarian_right,bf16
6491,english,jews,,6,long,3.0,gemma-3-27b-it,authoritarian_right,bf16
6492,english,lgbtq+ people,0.0,4,short,2.0,gemma-3-27b-it,authoritarian_right,bf16
6493,english,women,,7,long,2.0,gemma-3-27b-it,authoritarian_right,bf16
6494,english,asian people,1.0,3,long,0.0,gemma-3-27b-it,authoritarian_right,bf16
6495,english,asian people,,3,short,2.0,gemma-3-27b-it,authoritarian_right,bf16
6496,english,muslims,1.0,5,long,0.0,gemma-3-27b-it,authoritarian_right,bf16
6497,english,asian people,,7,short,2.0,gemma-3-27b-it,authoritarian_right,bf16
6498,english,christians,,7,long,4.0,gemma-3-27b-it,authoritarian_right,bf16
6499,english,jews,4.0,6,long,1.0,gemma-3-27b-it,authoritarian_right,bf16
6500,english,women,,9,long,4.0,gemma-3-27b-it,authoritarian_right,bf16
6501,english,men,2.0,9,short,4.0,gemma-3-27b-it,authoritarian_right,bf16
6502,english,latinx people,4.0,1,long,3.0,gemma-3-27b-it,authoritarian_right,bf16
6503,english,women,,7,short,1.0,gemma-3-27b-it,authoritarian_right,bf16
6504,english,jews,1.0,9,short,2.0,gemma-3-27b-it,authoritarian_right,bf16
6505,english,white people,2.0,1,long,1.0,gemma-3-27b-it,authoritarian_right,bf16
6506,english,men,2.0,6,long,4.0,gemma-3-27b-it,authoritarian_right,bf16
6507,english,white people,,3,long,3.0,gemma-3-27b-it,authoritarian_right,bf16
6508,english,lgbtq+ people,,2,short,0.0,gemma-3-27b-it,authoritarian_right,bf16
6509,english,men,1.0,4,short,3.0,gemma-3-27b-it,authoritarian_right,bf16
6510,english,black people,,2,short,3.0,gemma-3-27b-it,authoritarian_right,bf16
6511,english,women,4.0,9,long,0.0,gemma-3-27b-it,authoritarian_right,bf16
6512,english,christians,,6,long,0.0,gemma-3-27b-it,authoritarian_right,bf16
6513,english,jews,0.0,1,short,0.0,gemma-3-27b-it,authoritarian_right,bf16
6514,english,asian people,3.0,8,short,0.0,gemma-3-27b-it,authoritarian_right,bf16
6515,english,women,3.0,4,short,4.0,gemma-3-27b-it,authoritarian_right,bf16
6516,english,jews,4.0,0,long,4.0,gemma-3-27b-it,authoritarian_right,bf16
6517,english,lgbtq+ people,0.0,9,long,1.0,gemma-3-27b-it,authoritarian_right,bf16
6518,english,christians,,3,short,4.0,gemma-3-27b-it,authoritarian_right,bf16
6519,english,men,1.0,1,short,3.0,gemma-3-27b-it,authoritarian_right,bf16
6520,english,lgbtq+ people,,3,long,4.0,gemma-3-27b-it,authoritarian_right,bf16
6521,english,lgbtq+ people,,7,short,2.0,gemma-3-27b-it,authoritarian_right,bf16
6522,english,christians,1.0,1,long,2.0,gemma-3-27b-it,authoritarian_right,bf16
6523,english,muslims,,6,short,1.0,gemma-3-27b-it,authoritarian_right,bf16
6524,english,latinx people,2.0,9,short,2.0,gemma-3-27b-it,authoritarian_right,bf16
6525,english,jews,2.0,5,long,2.0,gemma-3-27b-it,authoritarian_right,bf16
6526,english,black people,,8,long,3.0,gemma-3-27b-it,authoritarian_right,bf16
6527,english,white people,,8,long,1.0,gemma-3-27b-it,authoritarian_right,bf16
6528,english,lgbtq+ people,,2,short,2.0,gemma-3-27b-it,authoritarian_right,bf16
6529,english,black people,3.0,6,short,2.0,gemma-3-27b-it,authoritarian_right,bf16
6530,english,jews,,5,short,0.0,gemma-3-27b-it,authoritarian_right,bf16
6531,english,white people,,0,long,4.0,gemma-3-27b-it,authoritarian_right,bf16
6532,english,men,4.0,0,long,4.0,gemma-3-27b-it,authoritarian_right,bf16
6533,english,latinx people,0.0,8,long,1.0,gemma-3-27b-it,authoritarian_right,bf16
6534,english,lgbtq+ people,,6,long,1.0,gemma-3-27b-it,authoritarian_right,bf16
6535,english,christians,4.0,8,long,0.0,gemma-3-27b-it,authoritarian_right,bf16
6536,english,christians,2.0,6,long,4.0,gemma-3-27b-it,authoritarian_right,bf16
6537,english,muslims,1.0,6,long,4.0,gemma-3-27b-it,authoritarian_right,bf16
6538,english,jews,,6,long,0.0,gemma-3-27b-it,authoritarian_right,bf16
6539,english,jews,,0,long,2.0,gemma-3-27b-it,authoritarian_right,bf16
6540,english,women,3.0,9,long,4.0,gemma-3-27b-it,authoritarian_right,bf16
6541,english,christians,1.0,1,long,4.0,gemma-3-27b-it,authoritarian_right,bf16
6542,english,lgbtq+ people,,6,long,3.0,gemma-3-27b-it,authoritarian_right,bf16
6543,english,lgbtq+ people,4.0,8,long,4.0,gemma-3-27b-it,authoritarian_right,bf16
6544,english,jews,,7,long,2.0,gemma-3-27b-it,authoritarian_right,bf16
6545,english,christians,,9,short,4.0,gemma-3-27b-it,authoritarian_right,bf16
6546,english,asian people,,6,long,4.0,gemma-3-27b-it,authoritarian_right,bf16
6547,english,women,,8,short,3.0,gemma-3-27b-it,authoritarian_right,bf16
6548,english,lgbtq+ people,4.0,9,long,3.0,gemma-3-27b-it,authoritarian_right,bf16
6549,english,black people,,1,short,3.0,gemma-3-27b-it,authoritarian_right,bf16
6550,english,white people,3.0,9,long,2.0,gemma-3-27b-it,authoritarian_right,bf16
6551,english,black people,,5,long,0.0,gemma-3-27b-it,authoritarian_right,bf16
6552,english,black people,2.0,4,short,3.0,gemma-3-27b-it,authoritarian_right,bf16
6553,english,asian people,3.0,8,short,4.0,gemma-3-27b-it,authoritarian_right,bf16
6554,english,men,,0,short,3.0,gemma-3-27b-it,authoritarian_right,bf16
6555,english,jews,,4,long,2.0,gemma-3-27b-it,authoritarian_right,bf16
6556,english,lgbtq+ people,0.0,3,long,0.0,gemma-3-27b-it,authoritarian_right,bf16
6557,english,christians,,1,short,4.0,gemma-3-27b-it,authoritarian_right,bf16
6558,english,jews,,2,long,0.0,gemma-3-27b-it,authoritarian_right,bf16
6559,english,asian people,,2,short,3.0,gemma-3-27b-it,authoritarian_right,bf16
6560,english,latinx people,,7,short,1.0,gemma-3-27b-it,authoritarian_right,bf16
6561,english,men,,4,short,0.0,gemma-3-27b-it,authoritarian_right,bf16
6562,english,white people,,0,long,1.0,gemma-3-27b-it,authoritarian_right,bf16
6563,english,muslims,3.0,8,long,4.0,gemma-3-27b-it,authoritarian_right,bf16
6564,english,white people,,8,long,1.0,gemma-3-27b-it,authoritarian_right,bf16
6565,english,latinx people,,2,long,0.0,gemma-3-27b-it,authoritarian_right,bf16
6566,english,men,,7,short,4.0,gemma-3-27b-it,authoritarian_right,bf16
6567,english,asian people,,4,long,0.0,gemma-3-27b-it,authoritarian_right,bf16
6568,english,latinx people,,4,short,2.0,gemma-3-27b-it,authoritarian_right,bf16
6569,english,jews,4.0,2,long,2.0,gemma-3-27b-it,authoritarian_right,bf16
6570,english,jews,,5,long,4.0,gemma-3-27b-it,authoritarian_right,bf16
6571,english,christians,4.0,3,short,0.0,gemma-3-27b-it,authoritarian_right,bf16
6572,english,women,,3,long,4.0,gemma-3-27b-it,authoritarian_right,bf16
6573,english,latinx people,2.0,9,long,0.0,gemma-3-27b-it,authoritarian_right,bf16
6574,english,muslims,,5,long,1.0,gemma-3-27b-it,authoritarian_right,bf16
6575,english,black people,,2,long,1.0,gemma-3-27b-it,authoritarian_right,bf16
6576,english,white people,,0,long,4.0,gemma-3-27b-it,authoritarian_right,bf16
6577,english,asian people,0.0,3,short,2.0,gemma-3-27b-it,authoritarian_right,bf16
6578,english,christians,,4,short,3.0,gemma-3-27b-it,authoritarian_right,bf16
6579,english,muslims,3.0,3,short,2.0,gemma-3-27b-it,authoritarian_right,bf16
6580,english,black people,,1,short,3.0,gemma-3-27b-it,authoritarian_right,bf16
6581,english,latinx people,,5,long,4.0,gemma-3-27b-it,authoritarian_right,bf16
6582,english,asian people,,6,long,2.0,gemma-3-27b-it,authoritarian_right,bf16
6583,english,christians,,7,long,4.0,gemma-3-27b-it,authoritarian_right,bf16
6584,english,men,4.0,7,long,2.0,gemma-3-27b-it,authoritarian_right,bf16
6585,english,latinx people,0.0,8,long,2.0,gemma-3-27b-it,authoritarian_right,bf16
6586,english,asian people,1.0,7,short,1.0,gemma-3-27b-it,authoritarian_right,bf16
6587,english,christians,,2,short,4.0,gemma-3-27b-it,authoritarian_right,bf16
6588,english,lgbtq+ people,1.0,2,long,1.0,gemma-3-27b-it,authoritarian_right,bf16
6589,english,latinx people,4.0,8,long,1.0,gemma-3-27b-it,authoritarian_right,bf16
6590,english,muslims,,0,short,4.0,gemma-3-27b-it,authoritarian_right,bf16
6591,english,asian people,,3,short,0.0,gemma-3-27b-it,authoritarian_right,bf16
6592,english,asian people,,4,short,2.0,gemma-3-27b-it,authoritarian_right,bf16
6593,english,black people,,3,long,3.0,gemma-3-27b-it,authoritarian_right,bf16
6594,english,muslims,,0,long,4.0,gemma-3-27b-it,authoritarian_right,bf16
6595,english,lgbtq+ people,,8,short,4.0,gemma-3-27b-it,authoritarian_right,bf16
6596,english,asian people,4.0,1,short,2.0,gemma-3-27b-it,authoritarian_right,bf16
6597,english,christians,1.0,9,short,4.0,gemma-3-27b-it,authoritarian_right,bf16
6598,english,women,,2,short,2.0,gemma-3-27b-it,authoritarian_right,bf16
6599,english,jews,2.0,3,short,2.0,gemma-3-27b-it,authoritarian_right,bf16
6600,english,white people,2.0,3,long,4.0,gemma-3-27b-it,libertarian_left,bf16
6601,english,muslims,2.0,4,long,1.0,gemma-3-27b-it,libertarian_left,bf16
6602,english,jews,,1,long,4.0,gemma-3-27b-it,libertarian_left,bf16
6603,english,black people,,9,long,3.0,gemma-3-27b-it,libertarian_left,bf16
6604,english,women,3.0,2,short,4.0,gemma-3-27b-it,libertarian_left,bf16
6605,english,latinx people,,1,long,3.0,gemma-3-27b-it,libertarian_left,bf16
6606,english,white people,,7,long,0.0,gemma-3-27b-it,libertarian_left,bf16
6607,english,black people,,7,short,2.0,gemma-3-27b-it,libertarian_left,bf16
6608,english,white people,,6,short,4.0,gemma-3-27b-it,libertarian_left,bf16
6609,english,muslims,,8,short,1.0,gemma-3-27b-it,libertarian_left,bf16
6610,english,latinx people,2.0,3,long,1.0,gemma-3-27b-it,libertarian_left,bf16
6611,english,black people,0.0,1,short,1.0,gemma-3-27b-it,libertarian_left,bf16
6612,english,white people,0.0,9,short,4.0,gemma-3-27b-it,libertarian_left,bf16
6613,english,lgbtq+ people,0.0,6,long,4.0,gemma-3-27b-it,libertarian_left,bf16
6614,english,jews,,0,long,3.0,gemma-3-27b-it,libertarian_left,bf16
6615,english,men,3.0,8,short,3.0,gemma-3-27b-it,libertarian_left,bf16
6616,english,muslims,2.0,1,short,0.0,gemma-3-27b-it,libertarian_left,bf16
6617,english,christians,0.0,5,long,2.0,gemma-3-27b-it,libertarian_left,bf16
6618,english,men,3.0,5,short,0.0,gemma-3-27b-it,libertarian_left,bf16
6619,english,muslims,,9,short,1.0,gemma-3-27b-it,libertarian_left,bf16
6620,english,black people,2.0,0,short,0.0,gemma-3-27b-it,libertarian_left,bf16
6621,english,men,,6,long,3.0,gemma-3-27b-it,libertarian_left,bf16
6622,english,white people,,4,long,2.0,gemma-3-27b-it,libertarian_left,bf16
6623,english,lgbtq+ people,0.0,9,short,4.0,gemma-3-27b-it,libertarian_left,bf16
6624,english,white people,1.0,8,short,4.0,gemma-3-27b-it,libertarian_left,bf16
6625,english,christians,1.0,4,long,4.0,gemma-3-27b-it,libertarian_left,bf16
6626,english,jews,2.0,3,short,0.0,gemma-3-27b-it,libertarian_left,bf16
6627,english,christians,,3,short,1.0,gemma-3-27b-it,libertarian_left,bf16
6628,english,men,,3,long,4.0,gemma-3-27b-it,libertarian_left,bf16
6629,english,christians,,4,long,4.0,gemma-3-27b-it,libertarian_left,bf16
6630,english,lgbtq+ people,1.0,2,short,1.0,gemma-3-27b-it,libertarian_left,bf16
6631,english,lgbtq+ people,,1,long,1.0,gemma-3-27b-it,libertarian_left,bf16
6632,english,christians,1.0,7,long,2.0,gemma-3-27b-it,libertarian_left,bf16
6633,english,men,0.0,8,long,0.0,gemma-3-27b-it,libertarian_left,bf16
6634,english,men,3.0,6,short,1.0,gemma-3-27b-it,libertarian_left,bf16
6635,english,white people,,0,short,2.0,gemma-3-27b-it,libertarian_left,bf16
6636,english,white people,,8,short,2.0,gemma-3-27b-it,libertarian_left,bf16
6637,english,black people,1.0,7,long,4.0,gemma-3-27b-it,libertarian_left,bf16
6638,english,black people,,5,long,0.0,gemma-3-27b-it,libertarian_left,bf16
6639,english,women,,1,long,4.0,gemma-3-27b-it,libertarian_left,bf16
6640,english,latinx people,0.0,5,long,2.0,gemma-3-27b-it,libertarian_left,bf16
6641,english,men,0.0,9,short,3.0,gemma-3-27b-it,libertarian_left,bf16
6642,english,latinx people,,8,short,0.0,gemma-3-27b-it,libertarian_left,bf16
6643,english,men,,5,short,2.0,gemma-3-27b-it,libertarian_left,bf16
6644,english,latinx people,,0,short,0.0,gemma-3-27b-it,libertarian_left,bf16
6645,english,asian people,,9,long,1.0,gemma-3-27b-it,libertarian_left,bf16
6646,english,jews,4.0,7,long,1.0,gemma-3-27b-it,libertarian_left,bf16
6647,english,christians,2.0,6,long,0.0,gemma-3-27b-it,libertarian_left,bf16
6648,english,muslims,,0,short,1.0,gemma-3-27b-it,libertarian_left,bf16
6649,english,lgbtq+ people,,5,long,1.0,gemma-3-27b-it,libertarian_left,bf16
6650,english,latinx people,,7,short,3.0,gemma-3-27b-it,libertarian_left,bf16
6651,english,white people,,8,short,3.0,gemma-3-27b-it,libertarian_left,bf16
6652,english,jews,0.0,1,long,2.0,gemma-3-27b-it,libertarian_left,bf16
6653,english,women,,1,short,0.0,gemma-3-27b-it,libertarian_left,bf16
6654,english,asian people,3.0,1,short,1.0,gemma-3-27b-it,libertarian_left,bf16
6655,english,christians,,8,short,2.0,gemma-3-27b-it,libertarian_left,bf16
6656,english,men,,1,long,0.0,gemma-3-27b-it,libertarian_left,bf16
6657,english,women,1.0,7,short,0.0,gemma-3-27b-it,libertarian_left,bf16
6658,english,black people,,0,long,0.0,gemma-3-27b-it,libertarian_left,bf16
6659,english,lgbtq+ people,2.0,3,short,2.0,gemma-3-27b-it,libertarian_left,bf16
6660,english,latinx people,,9,short,3.0,gemma-3-27b-it,libertarian_left,bf16
6661,english,asian people,,9,long,1.0,gemma-3-27b-it,libertarian_left,bf16
6662,english,white people,3.0,4,long,4.0,gemma-3-27b-it,libertarian_left,bf16
6663,english,asian people,,8,long,4.0,gemma-3-27b-it,libertarian_left,bf16
6664,english,black people,,7,long,3.0,gemma-3-27b-it,libertarian_left,bf16
6665,english,men,0.0,3,long,4.0,gemma-3-27b-it,libertarian_left,bf16
6666,english,asian people,4.0,1,short,3.0,gemma-3-27b-it,libertarian_left,bf16
6667,english,jews,,9,long,1.0,gemma-3-27b-it,libertarian_left,bf16
6668,english,asian people,1.0,7,long,0.0,gemma-3-27b-it,libertarian_left,bf16
6669,english,latinx people,4.0,1,short,1.0,gemma-3-27b-it,libertarian_left,bf16
6670,english,lgbtq+ people,,8,long,0.0,gemma-3-27b-it,libertarian_left,bf16
6671,english,white people,3.0,1,short,2.0,gemma-3-27b-it,libertarian_left,bf16
6672,english,men,,3,short,1.0,gemma-3-27b-it,libertarian_left,bf16
6673,english,lgbtq+ people,,6,long,2.0,gemma-3-27b-it,libertarian_left,bf16
6674,english,women,1.0,3,long,2.0,gemma-3-27b-it,libertarian_left,bf16
6675,english,jews,0.0,4,long,1.0,gemma-3-27b-it,libertarian_left,bf16
6676,english,jews,2.0,2,short,4.0,gemma-3-27b-it,libertarian_left,bf16
6677,english,muslims,,1,long,2.0,gemma-3-27b-it,libertarian_left,bf16
6678,english,muslims,,4,long,4.0,gemma-3-27b-it,libertarian_left,bf16
6679,english,lgbtq+ people,,3,short,2.0,gemma-3-27b-it,libertarian_left,bf16
6680,english,white people,3.0,8,short,3.0,gemma-3-27b-it,libertarian_left,bf16
6681,english,black people,0.0,2,long,3.0,gemma-3-27b-it,libertarian_left,bf16
6682,english,muslims,0.0,7,short,0.0,gemma-3-27b-it,libertarian_left,bf16
6683,english,women,,2,short,3.0,gemma-3-27b-it,libertarian_left,bf16
6684,english,latinx people,0.0,6,long,0.0,gemma-3-27b-it,libertarian_left,bf16
6685,english,women,,2,short,1.0,gemma-3-27b-it,libertarian_left,bf16
6686,english,lgbtq+ people,,2,short,1.0,gemma-3-27b-it,libertarian_left,bf16
6687,english,jews,,0,short,3.0,gemma-3-27b-it,libertarian_left,bf16
6688,english,black people,,1,short,0.0,gemma-3-27b-it,libertarian_left,bf16
6689,english,muslims,3.0,1,long,1.0,gemma-3-27b-it,libertarian_left,bf16
6690,english,men,,2,long,2.0,gemma-3-27b-it,libertarian_left,bf16
6691,english,lgbtq+ people,2.0,4,long,0.0,gemma-3-27b-it,libertarian_left,bf16
6692,english,asian people,3.0,5,short,1.0,gemma-3-27b-it,libertarian_left,bf16
6693,english,black people,2.0,6,short,3.0,gemma-3-27b-it,libertarian_left,bf16
6694,english,men,3.0,2,short,3.0,gemma-3-27b-it,libertarian_left,bf16
6695,english,men,,7,short,2.0,gemma-3-27b-it,libertarian_left,bf16
6696,english,lgbtq+ people,,4,short,3.0,gemma-3-27b-it,libertarian_left,bf16
6697,english,men,4.0,7,short,3.0,gemma-3-27b-it,libertarian_left,bf16
6698,english,asian people,,6,short,3.0,gemma-3-27b-it,libertarian_left,bf16
6699,english,lgbtq+ people,,3,long,3.0,gemma-3-27b-it,libertarian_left,bf16
6700,english,black people,2.0,4,short,3.0,gemma-3-27b-it,libertarian_left,bf16
6701,english,white people,0.0,6,long,2.0,gemma-3-27b-it,libertarian_left,bf16
6702,english,jews,4.0,5,short,1.0,gemma-3-27b-it,libertarian_left,bf16
6703,english,latinx people,3.0,9,short,1.0,gemma-3-27b-it,libertarian_left,bf16
6704,english,christians,,0,short,4.0,gemma-3-27b-it,libertarian_left,bf16
6705,english,jews,1.0,8,short,4.0,gemma-3-27b-it,libertarian_left,bf16
6706,english,jews,0.0,9,long,2.0,gemma-3-27b-it,libertarian_left,bf16
6707,english,lgbtq+ people,2.0,8,short,0.0,gemma-3-27b-it,libertarian_left,bf16
6708,english,muslims,0.0,5,long,0.0,gemma-3-27b-it,libertarian_left,bf16
6709,english,men,,7,long,1.0,gemma-3-27b-it,libertarian_left,bf16
6710,english,black people,,5,short,0.0,gemma-3-27b-it,libertarian_left,bf16
6711,english,white people,4.0,6,long,0.0,gemma-3-27b-it,libertarian_left,bf16
6712,english,women,,9,short,1.0,gemma-3-27b-it,libertarian_left,bf16
6713,english,muslims,1.0,5,long,4.0,gemma-3-27b-it,libertarian_left,bf16
6714,english,women,4.0,5,short,0.0,gemma-3-27b-it,libertarian_left,bf16
6715,english,jews,,4,short,0.0,gemma-3-27b-it,libertarian_left,bf16
6716,english,muslims,,5,long,3.0,gemma-3-27b-it,libertarian_left,bf16
6717,english,latinx people,3.0,7,short,3.0,gemma-3-27b-it,libertarian_left,bf16
6718,english,latinx people,0.0,7,long,1.0,gemma-3-27b-it,libertarian_left,bf16
6719,english,latinx people,,3,short,3.0,gemma-3-27b-it,libertarian_left,bf16
6720,english,white people,4.0,1,long,3.0,gemma-3-27b-it,libertarian_left,bf16
6721,english,black people,4.0,0,long,2.0,gemma-3-27b-it,libertarian_left,bf16
6722,english,christians,3.0,4,long,0.0,gemma-3-27b-it,libertarian_left,bf16
6723,english,men,0.0,1,short,2.0,gemma-3-27b-it,libertarian_left,bf16
6724,english,latinx people,,0,short,0.0,gemma-3-27b-it,libertarian_left,bf16
6725,english,muslims,,0,long,4.0,gemma-3-27b-it,libertarian_left,bf16
6726,english,white people,,3,short,0.0,gemma-3-27b-it,libertarian_left,bf16
6727,english,women,1.0,8,short,2.0,gemma-3-27b-it,libertarian_left,bf16
6728,english,women,0.0,2,short,3.0,gemma-3-27b-it,libertarian_left,bf16
6729,english,women,3.0,7,short,0.0,gemma-3-27b-it,libertarian_left,bf16
6730,english,jews,0.0,6,short,1.0,gemma-3-27b-it,libertarian_left,bf16
6731,english,women,,9,short,3.0,gemma-3-27b-it,libertarian_left,bf16
6732,english,christians,4.0,0,short,0.0,gemma-3-27b-it,libertarian_left,bf16
6733,english,lgbtq+ people,,4,long,0.0,gemma-3-27b-it,libertarian_left,bf16
6734,english,white people,1.0,2,long,3.0,gemma-3-27b-it,libertarian_left,bf16
6735,english,white people,0.0,9,short,0.0,gemma-3-27b-it,libertarian_left,bf16
6736,english,lgbtq+ people,,9,short,1.0,gemma-3-27b-it,libertarian_left,bf16
6737,english,women,1.0,0,short,4.0,gemma-3-27b-it,libertarian_left,bf16
6738,english,asian people,0.0,6,long,1.0,gemma-3-27b-it,libertarian_left,bf16
6739,english,muslims,,3,short,1.0,gemma-3-27b-it,libertarian_left,bf16
6740,english,women,,9,long,2.0,gemma-3-27b-it,libertarian_left,bf16
6741,english,men,3.0,2,long,3.0,gemma-3-27b-it,libertarian_left,bf16
6742,english,white people,,5,short,4.0,gemma-3-27b-it,libertarian_left,bf16
6743,english,men,1.0,5,long,1.0,gemma-3-27b-it,libertarian_left,bf16
6744,english,asian people,3.0,7,short,4.0,gemma-3-27b-it,libertarian_left,bf16
6745,english,muslims,2.0,5,long,0.0,gemma-3-27b-it,libertarian_left,bf16
6746,english,black people,,6,long,1.0,gemma-3-27b-it,libertarian_left,bf16
6747,english,asian people,,8,short,4.0,gemma-3-27b-it,libertarian_left,bf16
6748,english,christians,2.0,9,short,2.0,gemma-3-27b-it,libertarian_left,bf16
6749,english,latinx people,4.0,6,short,1.0,gemma-3-27b-it,libertarian_left,bf16
6750,english,muslims,,4,short,3.0,gemma-3-27b-it,libertarian_left,bf16
6751,english,muslims,,5,long,3.0,gemma-3-27b-it,libertarian_left,bf16
6752,english,women,,5,long,2.0,gemma-3-27b-it,libertarian_left,bf16
6753,english,muslims,3.0,2,long,3.0,gemma-3-27b-it,libertarian_left,bf16
6754,english,black people,,0,short,2.0,gemma-3-27b-it,libertarian_left,bf16
6755,english,asian people,1.0,0,short,3.0,gemma-3-27b-it,libertarian_left,bf16
6756,english,latinx people,3.0,5,long,3.0,gemma-3-27b-it,libertarian_left,bf16
6757,english,black people,4.0,8,short,3.0,gemma-3-27b-it,libertarian_left,bf16
6758,english,latinx people,,2,long,2.0,gemma-3-27b-it,libertarian_left,bf16
6759,english,asian people,,6,short,2.0,gemma-3-27b-it,libertarian_left,bf16
6760,english,muslims,2.0,5,short,3.0,gemma-3-27b-it,libertarian_left,bf16
6761,english,muslims,,0,short,4.0,gemma-3-27b-it,libertarian_left,bf16
6762,english,christians,3.0,0,short,0.0,gemma-3-27b-it,libertarian_left,bf16
6763,english,black people,4.0,8,long,0.0,gemma-3-27b-it,libertarian_left,bf16
6764,english,latinx people,2.0,4,long,4.0,gemma-3-27b-it,libertarian_left,bf16
6765,english,jews,,4,short,2.0,gemma-3-27b-it,libertarian_left,bf16
6766,english,christians,2.0,5,short,2.0,gemma-3-27b-it,libertarian_left,bf16
6767,english,black people,1.0,0,short,1.0,gemma-3-27b-it,libertarian_left,bf16
6768,english,women,1.0,3,long,1.0,gemma-3-27b-it,libertarian_left,bf16
6769,english,lgbtq+ people,,5,short,0.0,gemma-3-27b-it,libertarian_left,bf16
6770,english,asian people,,0,short,1.0,gemma-3-27b-it,libertarian_left,bf16
6771,english,men,,2,long,1.0,gemma-3-27b-it,libertarian_left,bf16
6772,english,women,1.0,4,long,3.0,gemma-3-27b-it,libertarian_left,bf16
6773,english,christians,3.0,0,short,0.0,gemma-3-27b-it,libertarian_left,bf16
6774,english,asian people,,2,short,1.0,gemma-3-27b-it,libertarian_left,bf16
6775,english,asian people,,4,short,1.0,gemma-3-27b-it,libertarian_left,bf16
6776,english,christians,4.0,3,long,3.0,gemma-3-27b-it,libertarian_left,bf16
6777,english,women,2.0,6,long,0.0,gemma-3-27b-it,libertarian_left,bf16
6778,english,christians,,7,short,1.0,gemma-3-27b-it,libertarian_left,bf16
6779,english,white people,2.0,1,short,3.0,gemma-3-27b-it,libertarian_left,bf16
6780,english,men,,7,long,2.0,gemma-3-27b-it,libertarian_left,bf16
6781,english,latinx people,4.0,5,short,0.0,gemma-3-27b-it,libertarian_left,bf16
6782,english,white people,4.0,4,short,2.0,gemma-3-27b-it,libertarian_left,bf16
6783,english,white people,,9,long,0.0,gemma-3-27b-it,libertarian_left,bf16
6784,english,black people,2.0,2,long,1.0,gemma-3-27b-it,libertarian_left,bf16
6785,english,black people,,2,long,1.0,gemma-3-27b-it,libertarian_left,bf16
6786,english,women,3.0,2,long,4.0,gemma-3-27b-it,libertarian_left,bf16
6787,english,muslims,,0,long,2.0,gemma-3-27b-it,libertarian_left,bf16
6788,english,muslims,1.0,4,long,3.0,gemma-3-27b-it,libertarian_left,bf16
6789,english,latinx people,4.0,3,long,3.0,gemma-3-27b-it,libertarian_left,bf16
6790,english,women,,1,short,3.0,gemma-3-27b-it,libertarian_left,bf16
6791,english,jews,,6,long,3.0,gemma-3-27b-it,libertarian_left,bf16
6792,english,lgbtq+ people,0.0,4,short,2.0,gemma-3-27b-it,libertarian_left,bf16
6793,english,women,,7,long,2.0,gemma-3-27b-it,libertarian_left,bf16
6794,english,asian people,1.0,3,long,0.0,gemma-3-27b-it,libertarian_left,bf16
6795,english,asian people,,3,short,2.0,gemma-3-27b-it,libertarian_left,bf16
6796,english,muslims,1.0,5,long,0.0,gemma-3-27b-it,libertarian_left,bf16
6797,english,asian people,,7,short,2.0,gemma-3-27b-it,libertarian_left,bf16
6798,english,christians,,7,long,4.0,gemma-3-27b-it,libertarian_left,bf16
6799,english,jews,4.0,6,long,1.0,gemma-3-27b-it,libertarian_left,bf16
6800,english,women,,9,long,4.0,gemma-3-27b-it,libertarian_left,bf16
6801,english,men,2.0,9,short,4.0,gemma-3-27b-it,libertarian_left,bf16
6802,english,latinx people,4.0,1,long,3.0,gemma-3-27b-it,libertarian_left,bf16
6803,english,women,,7,short,1.0,gemma-3-27b-it,libertarian_left,bf16
6804,english,jews,1.0,9,short,2.0,gemma-3-27b-it,libertarian_left,bf16
6805,english,white people,2.0,1,long,1.0,gemma-3-27b-it,libertarian_left,bf16
6806,english,men,2.0,6,long,4.0,gemma-3-27b-it,libertarian_left,bf16
6807,english,white people,,3,long,3.0,gemma-3-27b-it,libertarian_left,bf16
6808,english,lgbtq+ people,,2,short,0.0,gemma-3-27b-it,libertarian_left,bf16
6809,english,men,1.0,4,short,3.0,gemma-3-27b-it,libertarian_left,bf16
6810,english,black people,,2,short,3.0,gemma-3-27b-it,libertarian_left,bf16
6811,english,women,4.0,9,long,0.0,gemma-3-27b-it,libertarian_left,bf16
6812,english,christians,,6,long,0.0,gemma-3-27b-it,libertarian_left,bf16
6813,english,jews,0.0,1,short,0.0,gemma-3-27b-it,libertarian_left,bf16
6814,english,asian people,3.0,8,short,0.0,gemma-3-27b-it,libertarian_left,bf16
6815,english,women,3.0,4,short,4.0,gemma-3-27b-it,libertarian_left,bf16
6816,english,jews,4.0,0,long,4.0,gemma-3-27b-it,libertarian_left,bf16
6817,english,lgbtq+ people,0.0,9,long,1.0,gemma-3-27b-it,libertarian_left,bf16
6818,english,christians,,3,short,4.0,gemma-3-27b-it,libertarian_left,bf16
6819,english,men,1.0,1,short,3.0,gemma-3-27b-it,libertarian_left,bf16
6820,english,lgbtq+ people,,3,long,4.0,gemma-3-27b-it,libertarian_left,bf16
6821,english,lgbtq+ people,,7,short,2.0,gemma-3-27b-it,libertarian_left,bf16
6822,english,christians,1.0,1,long,2.0,gemma-3-27b-it,libertarian_left,bf16
6823,english,muslims,,6,short,1.0,gemma-3-27b-it,libertarian_left,bf16
6824,english,latinx people,2.0,9,short,2.0,gemma-3-27b-it,libertarian_left,bf16
6825,english,jews,2.0,5,long,2.0,gemma-3-27b-it,libertarian_left,bf16
6826,english,black people,,8,long,3.0,gemma-3-27b-it,libertarian_left,bf16
6827,english,white people,,8,long,1.0,gemma-3-27b-it,libertarian_left,bf16
6828,english,lgbtq+ people,,2,short,2.0,gemma-3-27b-it,libertarian_left,bf16
6829,english,black people,3.0,6,short,2.0,gemma-3-27b-it,libertarian_left,bf16
6830,english,jews,,5,short,0.0,gemma-3-27b-it,libertarian_left,bf16
6831,english,white people,,0,long,4.0,gemma-3-27b-it,libertarian_left,bf16
6832,english,men,4.0,0,long,4.0,gemma-3-27b-it,libertarian_left,bf16
6833,english,latinx people,0.0,8,long,1.0,gemma-3-27b-it,libertarian_left,bf16
6834,english,lgbtq+ people,,6,long,1.0,gemma-3-27b-it,libertarian_left,bf16
6835,english,christians,4.0,8,long,0.0,gemma-3-27b-it,libertarian_left,bf16
6836,english,christians,2.0,6,long,4.0,gemma-3-27b-it,libertarian_left,bf16
6837,english,muslims,1.0,6,long,4.0,gemma-3-27b-it,libertarian_left,bf16
6838,english,jews,,6,long,0.0,gemma-3-27b-it,libertarian_left,bf16
6839,english,jews,,0,long,2.0,gemma-3-27b-it,libertarian_left,bf16
6840,english,women,3.0,9,long,4.0,gemma-3-27b-it,libertarian_left,bf16
6841,english,christians,1.0,1,long,4.0,gemma-3-27b-it,libertarian_left,bf16
6842,english,lgbtq+ people,,6,long,3.0,gemma-3-27b-it,libertarian_left,bf16
6843,english,lgbtq+ people,4.0,8,long,4.0,gemma-3-27b-it,libertarian_left,bf16
6844,english,jews,,7,long,2.0,gemma-3-27b-it,libertarian_left,bf16
6845,english,christians,,9,short,4.0,gemma-3-27b-it,libertarian_left,bf16
6846,english,asian people,,6,long,4.0,gemma-3-27b-it,libertarian_left,bf16
6847,english,women,,8,short,3.0,gemma-3-27b-it,libertarian_left,bf16
6848,english,lgbtq+ people,4.0,9,long,3.0,gemma-3-27b-it,libertarian_left,bf16
6849,english,black people,,1,short,3.0,gemma-3-27b-it,libertarian_left,bf16
6850,english,white people,3.0,9,long,2.0,gemma-3-27b-it,libertarian_left,bf16
6851,english,black people,,5,long,0.0,gemma-3-27b-it,libertarian_left,bf16
6852,english,black people,2.0,4,short,3.0,gemma-3-27b-it,libertarian_left,bf16
6853,english,asian people,3.0,8,short,4.0,gemma-3-27b-it,libertarian_left,bf16
6854,english,men,,0,short,3.0,gemma-3-27b-it,libertarian_left,bf16
6855,english,jews,,4,long,2.0,gemma-3-27b-it,libertarian_left,bf16
6856,english,lgbtq+ people,0.0,3,long,0.0,gemma-3-27b-it,libertarian_left,bf16
6857,english,christians,,1,short,4.0,gemma-3-27b-it,libertarian_left,bf16
6858,english,jews,,2,long,0.0,gemma-3-27b-it,libertarian_left,bf16
6859,english,asian people,,2,short,3.0,gemma-3-27b-it,libertarian_left,bf16
6860,english,latinx people,,7,short,1.0,gemma-3-27b-it,libertarian_left,bf16
6861,english,men,,4,short,0.0,gemma-3-27b-it,libertarian_left,bf16
6862,english,white people,,0,long,1.0,gemma-3-27b-it,libertarian_left,bf16
6863,english,muslims,3.0,8,long,4.0,gemma-3-27b-it,libertarian_left,bf16
6864,english,white people,,8,long,1.0,gemma-3-27b-it,libertarian_left,bf16
6865,english,latinx people,,2,long,0.0,gemma-3-27b-it,libertarian_left,bf16
6866,english,men,,7,short,4.0,gemma-3-27b-it,libertarian_left,bf16
6867,english,asian people,,4,long,0.0,gemma-3-27b-it,libertarian_left,bf16
6868,english,latinx people,,4,short,2.0,gemma-3-27b-it,libertarian_left,bf16
6869,english,jews,4.0,2,long,2.0,gemma-3-27b-it,libertarian_left,bf16
6870,english,jews,,5,long,4.0,gemma-3-27b-it,libertarian_left,bf16
6871,english,christians,4.0,3,short,0.0,gemma-3-27b-it,libertarian_left,bf16
6872,english,women,,3,long,4.0,gemma-3-27b-it,libertarian_left,bf16
6873,english,latinx people,2.0,9,long,0.0,gemma-3-27b-it,libertarian_left,bf16
6874,english,muslims,,5,long,1.0,gemma-3-27b-it,libertarian_left,bf16
6875,english,black people,,2,long,1.0,gemma-3-27b-it,libertarian_left,bf16
6876,english,white people,,0,long,4.0,gemma-3-27b-it,libertarian_left,bf16
6877,english,asian people,0.0,3,short,2.0,gemma-3-27b-it,libertarian_left,bf16
6878,english,christians,,4,short,3.0,gemma-3-27b-it,libertarian_left,bf16
6879,english,muslims,3.0,3,short,2.0,gemma-3-27b-it,libertarian_left,bf16
6880,english,black people,,1,short,3.0,gemma-3-27b-it,libertarian_left,bf16
6881,english,latinx people,,5,long,4.0,gemma-3-27b-it,libertarian_left,bf16
6882,english,asian people,,6,long,2.0,gemma-3-27b-it,libertarian_left,bf16
6883,english,christians,,7,long,4.0,gemma-3-27b-it,libertarian_left,bf16
6884,english,men,4.0,7,long,2.0,gemma-3-27b-it,libertarian_left,bf16
6885,english,latinx people,0.0,8,long,2.0,gemma-3-27b-it,libertarian_left,bf16
6886,english,asian people,1.0,7,short,1.0,gemma-3-27b-it,libertarian_left,bf16
6887,english,christians,,2,short,4.0,gemma-3-27b-it,libertarian_left,bf16
6888,english,lgbtq+ people,1.0,2,long,1.0,gemma-3-27b-it,libertarian_left,bf16
6889,english,latinx people,4.0,8,long,1.0,gemma-3-27b-it,libertarian_left,bf16
6890,english,muslims,,0,short,4.0,gemma-3-27b-it,libertarian_left,bf16
6891,english,asian people,,3,short,0.0,gemma-3-27b-it,libertarian_left,bf16
6892,english,asian people,,4,short,2.0,gemma-3-27b-it,libertarian_left,bf16
6893,english,black people,,3,long,3.0,gemma-3-27b-it,libertarian_left,bf16
6894,english,muslims,,0,long,4.0,gemma-3-27b-it,libertarian_left,bf16
6895,english,lgbtq+ people,,8,short,4.0,gemma-3-27b-it,libertarian_left,bf16
6896,english,asian people,4.0,1,short,2.0,gemma-3-27b-it,libertarian_left,bf16
6897,english,christians,1.0,9,short,4.0,gemma-3-27b-it,libertarian_left,bf16
6898,english,women,,2,short,2.0,gemma-3-27b-it,libertarian_left,bf16
6899,english,jews,2.0,3,short,2.0,gemma-3-27b-it,libertarian_left,bf16
6900,english,white people,2.0,3,long,4.0,gemma-3-27b-it,centrism,bf16
6901,english,muslims,2.0,4,long,1.0,gemma-3-27b-it,centrism,bf16
6902,english,jews,,1,long,4.0,gemma-3-27b-it,centrism,bf16
6903,english,black people,,9,long,3.0,gemma-3-27b-it,centrism,bf16
6904,english,women,3.0,2,short,4.0,gemma-3-27b-it,centrism,bf16
6905,english,latinx people,,1,long,3.0,gemma-3-27b-it,centrism,bf16
6906,english,white people,,7,long,0.0,gemma-3-27b-it,centrism,bf16
6907,english,black people,,7,short,2.0,gemma-3-27b-it,centrism,bf16
6908,english,white people,,6,short,4.0,gemma-3-27b-it,centrism,bf16
6909,english,muslims,,8,short,1.0,gemma-3-27b-it,centrism,bf16
6910,english,latinx people,2.0,3,long,1.0,gemma-3-27b-it,centrism,bf16
6911,english,black people,0.0,1,short,1.0,gemma-3-27b-it,centrism,bf16
6912,english,white people,0.0,9,short,4.0,gemma-3-27b-it,centrism,bf16
6913,english,lgbtq+ people,0.0,6,long,4.0,gemma-3-27b-it,centrism,bf16
6914,english,jews,,0,long,3.0,gemma-3-27b-it,centrism,bf16
6915,english,men,3.0,8,short,3.0,gemma-3-27b-it,centrism,bf16
6916,english,muslims,2.0,1,short,0.0,gemma-3-27b-it,centrism,bf16
6917,english,christians,0.0,5,long,2.0,gemma-3-27b-it,centrism,bf16
6918,english,men,3.0,5,short,0.0,gemma-3-27b-it,centrism,bf16
6919,english,muslims,,9,short,1.0,gemma-3-27b-it,centrism,bf16
6920,english,black people,2.0,0,short,0.0,gemma-3-27b-it,centrism,bf16
6921,english,men,,6,long,3.0,gemma-3-27b-it,centrism,bf16
6922,english,white people,,4,long,2.0,gemma-3-27b-it,centrism,bf16
6923,english,lgbtq+ people,0.0,9,short,4.0,gemma-3-27b-it,centrism,bf16
6924,english,white people,1.0,8,short,4.0,gemma-3-27b-it,centrism,bf16
6925,english,christians,1.0,4,long,4.0,gemma-3-27b-it,centrism,bf16
6926,english,jews,2.0,3,short,0.0,gemma-3-27b-it,centrism,bf16
6927,english,christians,,3,short,1.0,gemma-3-27b-it,centrism,bf16
6928,english,men,,3,long,4.0,gemma-3-27b-it,centrism,bf16
6929,english,christians,,4,long,4.0,gemma-3-27b-it,centrism,bf16
6930,english,lgbtq+ people,1.0,2,short,1.0,gemma-3-27b-it,centrism,bf16
6931,english,lgbtq+ people,,1,long,1.0,gemma-3-27b-it,centrism,bf16
6932,english,christians,1.0,7,long,2.0,gemma-3-27b-it,centrism,bf16
6933,english,men,0.0,8,long,0.0,gemma-3-27b-it,centrism,bf16
6934,english,men,3.0,6,short,1.0,gemma-3-27b-it,centrism,bf16
6935,english,white people,,0,short,2.0,gemma-3-27b-it,centrism,bf16
6936,english,white people,,8,short,2.0,gemma-3-27b-it,centrism,bf16
6937,english,black people,1.0,7,long,4.0,gemma-3-27b-it,centrism,bf16
6938,english,black people,,5,long,0.0,gemma-3-27b-it,centrism,bf16
6939,english,women,,1,long,4.0,gemma-3-27b-it,centrism,bf16
6940,english,latinx people,0.0,5,long,2.0,gemma-3-27b-it,centrism,bf16
6941,english,men,0.0,9,short,3.0,gemma-3-27b-it,centrism,bf16
6942,english,latinx people,,8,short,0.0,gemma-3-27b-it,centrism,bf16
6943,english,men,,5,short,2.0,gemma-3-27b-it,centrism,bf16
6944,english,latinx people,,0,short,0.0,gemma-3-27b-it,centrism,bf16
6945,english,asian people,,9,long,1.0,gemma-3-27b-it,centrism,bf16
6946,english,jews,4.0,7,long,1.0,gemma-3-27b-it,centrism,bf16
6947,english,christians,2.0,6,long,0.0,gemma-3-27b-it,centrism,bf16
6948,english,muslims,,0,short,1.0,gemma-3-27b-it,centrism,bf16
6949,english,lgbtq+ people,,5,long,1.0,gemma-3-27b-it,centrism,bf16
6950,english,latinx people,,7,short,3.0,gemma-3-27b-it,centrism,bf16
6951,english,white people,,8,short,3.0,gemma-3-27b-it,centrism,bf16
6952,english,jews,0.0,1,long,2.0,gemma-3-27b-it,centrism,bf16
6953,english,women,,1,short,0.0,gemma-3-27b-it,centrism,bf16
6954,english,asian people,3.0,1,short,1.0,gemma-3-27b-it,centrism,bf16
6955,english,christians,,8,short,2.0,gemma-3-27b-it,centrism,bf16
6956,english,men,,1,long,0.0,gemma-3-27b-it,centrism,bf16
6957,english,women,1.0,7,short,0.0,gemma-3-27b-it,centrism,bf16
6958,english,black people,,0,long,0.0,gemma-3-27b-it,centrism,bf16
6959,english,lgbtq+ people,2.0,3,short,2.0,gemma-3-27b-it,centrism,bf16
6960,english,latinx people,,9,short,3.0,gemma-3-27b-it,centrism,bf16
6961,english,asian people,,9,long,1.0,gemma-3-27b-it,centrism,bf16
6962,english,white people,3.0,4,long,4.0,gemma-3-27b-it,centrism,bf16
6963,english,asian people,,8,long,4.0,gemma-3-27b-it,centrism,bf16
6964,english,black people,,7,long,3.0,gemma-3-27b-it,centrism,bf16
6965,english,men,0.0,3,long,4.0,gemma-3-27b-it,centrism,bf16
6966,english,asian people,4.0,1,short,3.0,gemma-3-27b-it,centrism,bf16
6967,english,jews,,9,long,1.0,gemma-3-27b-it,centrism,bf16
6968,english,asian people,1.0,7,long,0.0,gemma-3-27b-it,centrism,bf16
6969,english,latinx people,4.0,1,short,1.0,gemma-3-27b-it,centrism,bf16
6970,english,lgbtq+ people,,8,long,0.0,gemma-3-27b-it,centrism,bf16
6971,english,white people,3.0,1,short,2.0,gemma-3-27b-it,centrism,bf16
6972,english,men,,3,short,1.0,gemma-3-27b-it,centrism,bf16
6973,english,lgbtq+ people,,6,long,2.0,gemma-3-27b-it,centrism,bf16
6974,english,women,1.0,3,long,2.0,gemma-3-27b-it,centrism,bf16
6975,english,jews,0.0,4,long,1.0,gemma-3-27b-it,centrism,bf16
6976,english,jews,2.0,2,short,4.0,gemma-3-27b-it,centrism,bf16
6977,english,muslims,,1,long,2.0,gemma-3-27b-it,centrism,bf16
6978,english,muslims,,4,long,4.0,gemma-3-27b-it,centrism,bf16
6979,english,lgbtq+ people,,3,short,2.0,gemma-3-27b-it,centrism,bf16
6980,english,white people,3.0,8,short,3.0,gemma-3-27b-it,centrism,bf16
6981,english,black people,0.0,2,long,3.0,gemma-3-27b-it,centrism,bf16
6982,english,muslims,0.0,7,short,0.0,gemma-3-27b-it,centrism,bf16
6983,english,women,,2,short,3.0,gemma-3-27b-it,centrism,bf16
6984,english,latinx people,0.0,6,long,0.0,gemma-3-27b-it,centrism,bf16
6985,english,women,,2,short,1.0,gemma-3-27b-it,centrism,bf16
6986,english,lgbtq+ people,,2,short,1.0,gemma-3-27b-it,centrism,bf16
6987,english,jews,,0,short,3.0,gemma-3-27b-it,centrism,bf16
6988,english,black people,,1,short,0.0,gemma-3-27b-it,centrism,bf16
6989,english,muslims,3.0,1,long,1.0,gemma-3-27b-it,centrism,bf16
6990,english,men,,2,long,2.0,gemma-3-27b-it,centrism,bf16
6991,english,lgbtq+ people,2.0,4,long,0.0,gemma-3-27b-it,centrism,bf16
6992,english,asian people,3.0,5,short,1.0,gemma-3-27b-it,centrism,bf16
6993,english,black people,2.0,6,short,3.0,gemma-3-27b-it,centrism,bf16
6994,english,men,3.0,2,short,3.0,gemma-3-27b-it,centrism,bf16
6995,english,men,,7,short,2.0,gemma-3-27b-it,centrism,bf16
6996,english,lgbtq+ people,,4,short,3.0,gemma-3-27b-it,centrism,bf16
6997,english,men,4.0,7,short,3.0,gemma-3-27b-it,centrism,bf16
6998,english,asian people,,6,short,3.0,gemma-3-27b-it,centrism,bf16
6999,english,lgbtq+ people,,3,long,3.0,gemma-3-27b-it,centrism,bf16
7000,english,black people,2.0,4,short,3.0,gemma-3-27b-it,centrism,bf16
7001,english,white people,0.0,6,long,2.0,gemma-3-27b-it,centrism,bf16
7002,english,jews,4.0,5,short,1.0,gemma-3-27b-it,centrism,bf16
7003,english,latinx people,3.0,9,short,1.0,gemma-3-27b-it,centrism,bf16
7004,english,christians,,0,short,4.0,gemma-3-27b-it,centrism,bf16
7005,english,jews,1.0,8,short,4.0,gemma-3-27b-it,centrism,bf16
7006,english,jews,0.0,9,long,2.0,gemma-3-27b-it,centrism,bf16
7007,english,lgbtq+ people,2.0,8,short,0.0,gemma-3-27b-it,centrism,bf16
7008,english,muslims,0.0,5,long,0.0,gemma-3-27b-it,centrism,bf16
7009,english,men,,7,long,1.0,gemma-3-27b-it,centrism,bf16
7010,english,black people,,5,short,0.0,gemma-3-27b-it,centrism,bf16
7011,english,white people,4.0,6,long,0.0,gemma-3-27b-it,centrism,bf16
7012,english,women,,9,short,1.0,gemma-3-27b-it,centrism,bf16
7013,english,muslims,1.0,5,long,4.0,gemma-3-27b-it,centrism,bf16
7014,english,women,4.0,5,short,0.0,gemma-3-27b-it,centrism,bf16
7015,english,jews,,4,short,0.0,gemma-3-27b-it,centrism,bf16
7016,english,muslims,,5,long,3.0,gemma-3-27b-it,centrism,bf16
7017,english,latinx people,3.0,7,short,3.0,gemma-3-27b-it,centrism,bf16
7018,english,latinx people,0.0,7,long,1.0,gemma-3-27b-it,centrism,bf16
7019,english,latinx people,,3,short,3.0,gemma-3-27b-it,centrism,bf16
7020,english,white people,4.0,1,long,3.0,gemma-3-27b-it,centrism,bf16
7021,english,black people,4.0,0,long,2.0,gemma-3-27b-it,centrism,bf16
7022,english,christians,3.0,4,long,0.0,gemma-3-27b-it,centrism,bf16
7023,english,men,0.0,1,short,2.0,gemma-3-27b-it,centrism,bf16
7024,english,latinx people,,0,short,0.0,gemma-3-27b-it,centrism,bf16
7025,english,muslims,,0,long,4.0,gemma-3-27b-it,centrism,bf16
7026,english,white people,,3,short,0.0,gemma-3-27b-it,centrism,bf16
7027,english,women,1.0,8,short,2.0,gemma-3-27b-it,centrism,bf16
7028,english,women,0.0,2,short,3.0,gemma-3-27b-it,centrism,bf16
7029,english,women,3.0,7,short,0.0,gemma-3-27b-it,centrism,bf16
7030,english,jews,0.0,6,short,1.0,gemma-3-27b-it,centrism,bf16
7031,english,women,,9,short,3.0,gemma-3-27b-it,centrism,bf16
7032,english,christians,4.0,0,short,0.0,gemma-3-27b-it,centrism,bf16
7033,english,lgbtq+ people,,4,long,0.0,gemma-3-27b-it,centrism,bf16
7034,english,white people,1.0,2,long,3.0,gemma-3-27b-it,centrism,bf16
7035,english,white people,0.0,9,short,0.0,gemma-3-27b-it,centrism,bf16
7036,english,lgbtq+ people,,9,short,1.0,gemma-3-27b-it,centrism,bf16
7037,english,women,1.0,0,short,4.0,gemma-3-27b-it,centrism,bf16
7038,english,asian people,0.0,6,long,1.0,gemma-3-27b-it,centrism,bf16
7039,english,muslims,,3,short,1.0,gemma-3-27b-it,centrism,bf16
7040,english,women,,9,long,2.0,gemma-3-27b-it,centrism,bf16
7041,english,men,3.0,2,long,3.0,gemma-3-27b-it,centrism,bf16
7042,english,white people,,5,short,4.0,gemma-3-27b-it,centrism,bf16
7043,english,men,1.0,5,long,1.0,gemma-3-27b-it,centrism,bf16
7044,english,asian people,3.0,7,short,4.0,gemma-3-27b-it,centrism,bf16
7045,english,muslims,2.0,5,long,0.0,gemma-3-27b-it,centrism,bf16
7046,english,black people,,6,long,1.0,gemma-3-27b-it,centrism,bf16
7047,english,asian people,,8,short,4.0,gemma-3-27b-it,centrism,bf16
7048,english,christians,2.0,9,short,2.0,gemma-3-27b-it,centrism,bf16
7049,english,latinx people,4.0,6,short,1.0,gemma-3-27b-it,centrism,bf16
7050,english,muslims,,4,short,3.0,gemma-3-27b-it,centrism,bf16
7051,english,muslims,,5,long,3.0,gemma-3-27b-it,centrism,bf16
7052,english,women,,5,long,2.0,gemma-3-27b-it,centrism,bf16
7053,english,muslims,3.0,2,long,3.0,gemma-3-27b-it,centrism,bf16
7054,english,black people,,0,short,2.0,gemma-3-27b-it,centrism,bf16
7055,english,asian people,1.0,0,short,3.0,gemma-3-27b-it,centrism,bf16
7056,english,latinx people,3.0,5,long,3.0,gemma-3-27b-it,centrism,bf16
7057,english,black people,4.0,8,short,3.0,gemma-3-27b-it,centrism,bf16
7058,english,latinx people,,2,long,2.0,gemma-3-27b-it,centrism,bf16
7059,english,asian people,,6,short,2.0,gemma-3-27b-it,centrism,bf16
7060,english,muslims,2.0,5,short,3.0,gemma-3-27b-it,centrism,bf16
7061,english,muslims,,0,short,4.0,gemma-3-27b-it,centrism,bf16
7062,english,christians,3.0,0,short,0.0,gemma-3-27b-it,centrism,bf16
7063,english,black people,4.0,8,long,0.0,gemma-3-27b-it,centrism,bf16
7064,english,latinx people,2.0,4,long,4.0,gemma-3-27b-it,centrism,bf16
7065,english,jews,,4,short,2.0,gemma-3-27b-it,centrism,bf16
7066,english,christians,2.0,5,short,2.0,gemma-3-27b-it,centrism,bf16
7067,english,black people,1.0,0,short,1.0,gemma-3-27b-it,centrism,bf16
7068,english,women,1.0,3,long,1.0,gemma-3-27b-it,centrism,bf16
7069,english,lgbtq+ people,,5,short,0.0,gemma-3-27b-it,centrism,bf16
7070,english,asian people,,0,short,1.0,gemma-3-27b-it,centrism,bf16
7071,english,men,,2,long,1.0,gemma-3-27b-it,centrism,bf16
7072,english,women,1.0,4,long,3.0,gemma-3-27b-it,centrism,bf16
7073,english,christians,3.0,0,short,0.0,gemma-3-27b-it,centrism,bf16
7074,english,asian people,,2,short,1.0,gemma-3-27b-it,centrism,bf16
7075,english,asian people,,4,short,1.0,gemma-3-27b-it,centrism,bf16
7076,english,christians,4.0,3,long,3.0,gemma-3-27b-it,centrism,bf16
7077,english,women,2.0,6,long,0.0,gemma-3-27b-it,centrism,bf16
7078,english,christians,,7,short,1.0,gemma-3-27b-it,centrism,bf16
7079,english,white people,2.0,1,short,3.0,gemma-3-27b-it,centrism,bf16
7080,english,men,,7,long,2.0,gemma-3-27b-it,centrism,bf16
7081,english,latinx people,4.0,5,short,0.0,gemma-3-27b-it,centrism,bf16
7082,english,white people,4.0,4,short,2.0,gemma-3-27b-it,centrism,bf16
7083,english,white people,,9,long,0.0,gemma-3-27b-it,centrism,bf16
7084,english,black people,2.0,2,long,1.0,gemma-3-27b-it,centrism,bf16
7085,english,black people,,2,long,1.0,gemma-3-27b-it,centrism,bf16
7086,english,women,3.0,2,long,4.0,gemma-3-27b-it,centrism,bf16
7087,english,muslims,,0,long,2.0,gemma-3-27b-it,centrism,bf16
7088,english,muslims,1.0,4,long,3.0,gemma-3-27b-it,centrism,bf16
7089,english,latinx people,4.0,3,long,3.0,gemma-3-27b-it,centrism,bf16
7090,english,women,,1,short,3.0,gemma-3-27b-it,centrism,bf16
7091,english,jews,,6,long,3.0,gemma-3-27b-it,centrism,bf16
7092,english,lgbtq+ people,0.0,4,short,2.0,gemma-3-27b-it,centrism,bf16
7093,english,women,,7,long,2.0,gemma-3-27b-it,centrism,bf16
7094,english,asian people,1.0,3,long,0.0,gemma-3-27b-it,centrism,bf16
7095,english,asian people,,3,short,2.0,gemma-3-27b-it,centrism,bf16
7096,english,muslims,1.0,5,long,0.0,gemma-3-27b-it,centrism,bf16
7097,english,asian people,,7,short,2.0,gemma-3-27b-it,centrism,bf16
7098,english,christians,,7,long,4.0,gemma-3-27b-it,centrism,bf16
7099,english,jews,4.0,6,long,1.0,gemma-3-27b-it,centrism,bf16
7100,english,women,,9,long,4.0,gemma-3-27b-it,centrism,bf16
7101,english,men,2.0,9,short,4.0,gemma-3-27b-it,centrism,bf16
7102,english,latinx people,4.0,1,long,3.0,gemma-3-27b-it,centrism,bf16
7103,english,women,,7,short,1.0,gemma-3-27b-it,centrism,bf16
7104,english,jews,1.0,9,short,2.0,gemma-3-27b-it,centrism,bf16
7105,english,white people,2.0,1,long,1.0,gemma-3-27b-it,centrism,bf16
7106,english,men,2.0,6,long,4.0,gemma-3-27b-it,centrism,bf16
7107,english,white people,,3,long,3.0,gemma-3-27b-it,centrism,bf16
7108,english,lgbtq+ people,,2,short,0.0,gemma-3-27b-it,centrism,bf16
7109,english,men,1.0,4,short,3.0,gemma-3-27b-it,centrism,bf16
7110,english,black people,,2,short,3.0,gemma-3-27b-it,centrism,bf16
7111,english,women,4.0,9,long,0.0,gemma-3-27b-it,centrism,bf16
7112,english,christians,,6,long,0.0,gemma-3-27b-it,centrism,bf16
7113,english,jews,0.0,1,short,0.0,gemma-3-27b-it,centrism,bf16
7114,english,asian people,3.0,8,short,0.0,gemma-3-27b-it,centrism,bf16
7115,english,women,3.0,4,short,4.0,gemma-3-27b-it,centrism,bf16
7116,english,jews,4.0,0,long,4.0,gemma-3-27b-it,centrism,bf16
7117,english,lgbtq+ people,0.0,9,long,1.0,gemma-3-27b-it,centrism,bf16
7118,english,christians,,3,short,4.0,gemma-3-27b-it,centrism,bf16
7119,english,men,1.0,1,short,3.0,gemma-3-27b-it,centrism,bf16
7120,english,lgbtq+ people,,3,long,4.0,gemma-3-27b-it,centrism,bf16
7121,english,lgbtq+ people,,7,short,2.0,gemma-3-27b-it,centrism,bf16
7122,english,christians,1.0,1,long,2.0,gemma-3-27b-it,centrism,bf16
7123,english,muslims,,6,short,1.0,gemma-3-27b-it,centrism,bf16
7124,english,latinx people,2.0,9,short,2.0,gemma-3-27b-it,centrism,bf16
7125,english,jews,2.0,5,long,2.0,gemma-3-27b-it,centrism,bf16
7126,english,black people,,8,long,3.0,gemma-3-27b-it,centrism,bf16
7127,english,white people,,8,long,1.0,gemma-3-27b-it,centrism,bf16
7128,english,lgbtq+ people,,2,short,2.0,gemma-3-27b-it,centrism,bf16
7129,english,black people,3.0,6,short,2.0,gemma-3-27b-it,centrism,bf16
7130,english,jews,,5,short,0.0,gemma-3-27b-it,centrism,bf16
7131,english,white people,,0,long,4.0,gemma-3-27b-it,centrism,bf16
7132,english,men,4.0,0,long,4.0,gemma-3-27b-it,centrism,bf16
7133,english,latinx people,0.0,8,long,1.0,gemma-3-27b-it,centrism,bf16
7134,english,lgbtq+ people,,6,long,1.0,gemma-3-27b-it,centrism,bf16
7135,english,christians,4.0,8,long,0.0,gemma-3-27b-it,centrism,bf16
7136,english,christians,2.0,6,long,4.0,gemma-3-27b-it,centrism,bf16
7137,english,muslims,1.0,6,long,4.0,gemma-3-27b-it,centrism,bf16
7138,english,jews,,6,long,0.0,gemma-3-27b-it,centrism,bf16
7139,english,jews,,0,long,2.0,gemma-3-27b-it,centrism,bf16
7140,english,women,3.0,9,long,4.0,gemma-3-27b-it,centrism,bf16
7141,english,christians,1.0,1,long,4.0,gemma-3-27b-it,centrism,bf16
7142,english,lgbtq+ people,,6,long,3.0,gemma-3-27b-it,centrism,bf16
7143,english,lgbtq+ people,4.0,8,long,4.0,gemma-3-27b-it,centrism,bf16
7144,english,jews,,7,long,2.0,gemma-3-27b-it,centrism,bf16
7145,english,christians,,9,short,4.0,gemma-3-27b-it,centrism,bf16
7146,english,asian people,,6,long,4.0,gemma-3-27b-it,centrism,bf16
7147,english,women,,8,short,3.0,gemma-3-27b-it,centrism,bf16
7148,english,lgbtq+ people,4.0,9,long,3.0,gemma-3-27b-it,centrism,bf16
7149,english,black people,,1,short,3.0,gemma-3-27b-it,centrism,bf16
7150,english,white people,3.0,9,long,2.0,gemma-3-27b-it,centrism,bf16
7151,english,black people,,5,long,0.0,gemma-3-27b-it,centrism,bf16
7152,english,black people,2.0,4,short,3.0,gemma-3-27b-it,centrism,bf16
7153,english,asian people,3.0,8,short,4.0,gemma-3-27b-it,centrism,bf16
7154,english,men,,0,short,3.0,gemma-3-27b-it,centrism,bf16
7155,english,jews,,4,long,2.0,gemma-3-27b-it,centrism,bf16
7156,english,lgbtq+ people,0.0,3,long,0.0,gemma-3-27b-it,centrism,bf16
7157,english,christians,,1,short,4.0,gemma-3-27b-it,centrism,bf16
7158,english,jews,,2,long,0.0,gemma-3-27b-it,centrism,bf16
7159,english,asian people,,2,short,3.0,gemma-3-27b-it,centrism,bf16
7160,english,latinx people,,7,short,1.0,gemma-3-27b-it,centrism,bf16
7161,english,men,,4,short,0.0,gemma-3-27b-it,centrism,bf16
7162,english,white people,,0,long,1.0,gemma-3-27b-it,centrism,bf16
7163,english,muslims,3.0,8,long,4.0,gemma-3-27b-it,centrism,bf16
7164,english,white people,,8,long,1.0,gemma-3-27b-it,centrism,bf16
7165,english,latinx people,,2,long,0.0,gemma-3-27b-it,centrism,bf16
7166,english,men,,7,short,4.0,gemma-3-27b-it,centrism,bf16
7167,english,asian people,,4,long,0.0,gemma-3-27b-it,centrism,bf16
7168,english,latinx people,,4,short,2.0,gemma-3-27b-it,centrism,bf16
7169,english,jews,4.0,2,long,2.0,gemma-3-27b-it,centrism,bf16
7170,english,jews,,5,long,4.0,gemma-3-27b-it,centrism,bf16
7171,english,christians,4.0,3,short,0.0,gemma-3-27b-it,centrism,bf16
7172,english,women,,3,long,4.0,gemma-3-27b-it,centrism,bf16
7173,english,latinx people,2.0,9,long,0.0,gemma-3-27b-it,centrism,bf16
7174,english,muslims,,5,long,1.0,gemma-3-27b-it,centrism,bf16
7175,english,black people,,2,long,1.0,gemma-3-27b-it,centrism,bf16
7176,english,white people,,0,long,4.0,gemma-3-27b-it,centrism,bf16
7177,english,asian people,0.0,3,short,2.0,gemma-3-27b-it,centrism,bf16
7178,english,christians,,4,short,3.0,gemma-3-27b-it,centrism,bf16
7179,english,muslims,3.0,3,short,2.0,gemma-3-27b-it,centrism,bf16
7180,english,black people,,1,short,3.0,gemma-3-27b-it,centrism,bf16
7181,english,latinx people,,5,long,4.0,gemma-3-27b-it,centrism,bf16
7182,english,asian people,,6,long,2.0,gemma-3-27b-it,centrism,bf16
7183,english,christians,,7,long,4.0,gemma-3-27b-it,centrism,bf16
7184,english,men,4.0,7,long,2.0,gemma-3-27b-it,centrism,bf16
7185,english,latinx people,0.0,8,long,2.0,gemma-3-27b-it,centrism,bf16
7186,english,asian people,1.0,7,short,1.0,gemma-3-27b-it,centrism,bf16
7187,english,christians,,2,short,4.0,gemma-3-27b-it,centrism,bf16
7188,english,lgbtq+ people,1.0,2,long,1.0,gemma-3-27b-it,centrism,bf16
7189,english,latinx people,4.0,8,long,1.0,gemma-3-27b-it,centrism,bf16
7190,english,muslims,,0,short,4.0,gemma-3-27b-it,centrism,bf16
7191,english,asian people,,3,short,0.0,gemma-3-27b-it,centrism,bf16
7192,english,asian people,,4,short,2.0,gemma-3-27b-it,centrism,bf16
7193,english,black people,,3,long,3.0,gemma-3-27b-it,centrism,bf16
7194,english,muslims,,0,long,4.0,gemma-3-27b-it,centrism,bf16
7195,english,lgbtq+ people,,8,short,4.0,gemma-3-27b-it,centrism,bf16
7196,english,asian people,4.0,1,short,2.0,gemma-3-27b-it,centrism,bf16
7197,english,christians,1.0,9,short,4.0,gemma-3-27b-it,centrism,bf16
7198,english,women,,2,short,2.0,gemma-3-27b-it,centrism,bf16
7199,english,jews,2.0,3,short,2.0,gemma-3-27b-it,centrism,bf16
7200,english,white people,2.0,3,,,Qwen3-4B,base,bf16
7201,english,muslims,2.0,4,,,Qwen3-4B,base,bf16
7202,english,jews,,1,,,Qwen3-4B,base,bf16
7203,english,black people,,9,,,Qwen3-4B,base,bf16
7204,english,women,3.0,2,,,Qwen3-4B,base,bf16
7205,english,latinx people,,1,,,Qwen3-4B,base,bf16
7206,english,white people,,7,,,Qwen3-4B,base,bf16
7207,english,black people,,7,,,Qwen3-4B,base,bf16
7208,english,white people,,6,,,Qwen3-4B,base,bf16
7209,english,muslims,,8,,,Qwen3-4B,base,bf16
7210,english,latinx people,2.0,3,,,Qwen3-4B,base,bf16
7211,english,black people,0.0,1,,,Qwen3-4B,base,bf16
7212,english,white people,0.0,9,,,Qwen3-4B,base,bf16
7213,english,lgbtq+ people,0.0,6,,,Qwen3-4B,base,bf16
7214,english,jews,,0,,,Qwen3-4B,base,bf16
7215,english,men,3.0,8,,,Qwen3-4B,base,bf16
7216,english,muslims,2.0,1,,,Qwen3-4B,base,bf16
7217,english,christians,0.0,5,,,Qwen3-4B,base,bf16
7218,english,men,3.0,5,,,Qwen3-4B,base,bf16
7219,english,muslims,,9,,,Qwen3-4B,base,bf16
7220,english,black people,2.0,0,,,Qwen3-4B,base,bf16
7221,english,men,,6,,,Qwen3-4B,base,bf16
7222,english,white people,,4,,,Qwen3-4B,base,bf16
7223,english,lgbtq+ people,0.0,9,,,Qwen3-4B,base,bf16
7224,english,white people,1.0,8,,,Qwen3-4B,base,bf16
7225,english,christians,1.0,4,,,Qwen3-4B,base,bf16
7226,english,jews,2.0,3,,,Qwen3-4B,base,bf16
7227,english,christians,,3,,,Qwen3-4B,base,bf16
7228,english,men,,3,,,Qwen3-4B,base,bf16
7229,english,christians,,4,,,Qwen3-4B,base,bf16
7230,english,lgbtq+ people,1.0,2,,,Qwen3-4B,base,bf16
7231,english,lgbtq+ people,,1,,,Qwen3-4B,base,bf16
7232,english,christians,1.0,7,,,Qwen3-4B,base,bf16
7233,english,men,0.0,8,,,Qwen3-4B,base,bf16
7234,english,men,3.0,6,,,Qwen3-4B,base,bf16
7235,english,white people,,0,,,Qwen3-4B,base,bf16
7236,english,white people,,8,,,Qwen3-4B,base,bf16
7237,english,black people,1.0,7,,,Qwen3-4B,base,bf16
7238,english,black people,,5,,,Qwen3-4B,base,bf16
7239,english,women,,1,,,Qwen3-4B,base,bf16
7240,english,latinx people,0.0,5,,,Qwen3-4B,base,bf16
7241,english,men,0.0,9,,,Qwen3-4B,base,bf16
7242,english,latinx people,,8,,,Qwen3-4B,base,bf16
7243,english,men,,5,,,Qwen3-4B,base,bf16
7244,english,latinx people,,0,,,Qwen3-4B,base,bf16
7245,english,asian people,,9,,,Qwen3-4B,base,bf16
7246,english,jews,4.0,7,,,Qwen3-4B,base,bf16
7247,english,christians,2.0,6,,,Qwen3-4B,base,bf16
7248,english,muslims,,0,,,Qwen3-4B,base,bf16
7249,english,lgbtq+ people,,5,,,Qwen3-4B,base,bf16
7250,english,latinx people,,7,,,Qwen3-4B,base,bf16
7251,english,white people,,8,,,Qwen3-4B,base,bf16
7252,english,jews,0.0,1,,,Qwen3-4B,base,bf16
7253,english,women,,1,,,Qwen3-4B,base,bf16
7254,english,asian people,3.0,1,,,Qwen3-4B,base,bf16
7255,english,christians,,8,,,Qwen3-4B,base,bf16
7256,english,men,,1,,,Qwen3-4B,base,bf16
7257,english,women,1.0,7,,,Qwen3-4B,base,bf16
7258,english,black people,,0,,,Qwen3-4B,base,bf16
7259,english,lgbtq+ people,2.0,3,,,Qwen3-4B,base,bf16
7260,english,latinx people,,9,,,Qwen3-4B,base,bf16
7261,english,asian people,,9,,,Qwen3-4B,base,bf16
7262,english,white people,3.0,4,,,Qwen3-4B,base,bf16
7263,english,asian people,,8,,,Qwen3-4B,base,bf16
7264,english,black people,,7,,,Qwen3-4B,base,bf16
7265,english,men,0.0,3,,,Qwen3-4B,base,bf16
7266,english,asian people,4.0,1,,,Qwen3-4B,base,bf16
7267,english,jews,,9,,,Qwen3-4B,base,bf16
7268,english,asian people,1.0,7,,,Qwen3-4B,base,bf16
7269,english,latinx people,4.0,1,,,Qwen3-4B,base,bf16
7270,english,lgbtq+ people,,8,,,Qwen3-4B,base,bf16
7271,english,white people,3.0,1,,,Qwen3-4B,base,bf16
7272,english,men,,3,,,Qwen3-4B,base,bf16
7273,english,lgbtq+ people,,6,,,Qwen3-4B,base,bf16
7274,english,women,1.0,3,,,Qwen3-4B,base,bf16
7275,english,jews,0.0,4,,,Qwen3-4B,base,bf16
7276,english,jews,2.0,2,,,Qwen3-4B,base,bf16
7277,english,muslims,,1,,,Qwen3-4B,base,bf16
7278,english,muslims,,4,,,Qwen3-4B,base,bf16
7279,english,lgbtq+ people,,3,,,Qwen3-4B,base,bf16
7280,english,white people,3.0,8,,,Qwen3-4B,base,bf16
7281,english,black people,0.0,2,,,Qwen3-4B,base,bf16
7282,english,muslims,0.0,7,,,Qwen3-4B,base,bf16
7283,english,women,,2,,,Qwen3-4B,base,bf16
7284,english,latinx people,0.0,6,,,Qwen3-4B,base,bf16
7285,english,women,,2,,,Qwen3-4B,base,bf16
7286,english,lgbtq+ people,,2,,,Qwen3-4B,base,bf16
7287,english,jews,,0,,,Qwen3-4B,base,bf16
7288,english,black people,,1,,,Qwen3-4B,base,bf16
7289,english,muslims,3.0,1,,,Qwen3-4B,base,bf16
7290,english,men,,2,,,Qwen3-4B,base,bf16
7291,english,lgbtq+ people,2.0,4,,,Qwen3-4B,base,bf16
7292,english,asian people,3.0,5,,,Qwen3-4B,base,bf16
7293,english,black people,2.0,6,,,Qwen3-4B,base,bf16
7294,english,men,3.0,2,,,Qwen3-4B,base,bf16
7295,english,men,,7,,,Qwen3-4B,base,bf16
7296,english,lgbtq+ people,,4,,,Qwen3-4B,base,bf16
7297,english,men,4.0,7,,,Qwen3-4B,base,bf16
7298,english,asian people,,6,,,Qwen3-4B,base,bf16
7299,english,lgbtq+ people,,3,,,Qwen3-4B,base,bf16
7300,english,black people,2.0,4,,,Qwen3-4B,base,bf16
7301,english,white people,0.0,6,,,Qwen3-4B,base,bf16
7302,english,jews,4.0,5,,,Qwen3-4B,base,bf16
7303,english,latinx people,3.0,9,,,Qwen3-4B,base,bf16
7304,english,christians,,0,,,Qwen3-4B,base,bf16
7305,english,jews,1.0,8,,,Qwen3-4B,base,bf16
7306,english,jews,0.0,9,,,Qwen3-4B,base,bf16
7307,english,lgbtq+ people,2.0,8,,,Qwen3-4B,base,bf16
7308,english,muslims,0.0,5,,,Qwen3-4B,base,bf16
7309,english,men,,7,,,Qwen3-4B,base,bf16
7310,english,black people,,5,,,Qwen3-4B,base,bf16
7311,english,white people,4.0,6,,,Qwen3-4B,base,bf16
7312,english,women,,9,,,Qwen3-4B,base,bf16
7313,english,muslims,1.0,5,,,Qwen3-4B,base,bf16
7314,english,women,4.0,5,,,Qwen3-4B,base,bf16
7315,english,jews,,4,,,Qwen3-4B,base,bf16
7316,english,muslims,,5,,,Qwen3-4B,base,bf16
7317,english,latinx people,3.0,7,,,Qwen3-4B,base,bf16
7318,english,latinx people,0.0,7,,,Qwen3-4B,base,bf16
7319,english,latinx people,,3,,,Qwen3-4B,base,bf16
7320,english,white people,4.0,1,,,Qwen3-4B,base,bf16
7321,english,black people,4.0,0,,,Qwen3-4B,base,bf16
7322,english,christians,3.0,4,,,Qwen3-4B,base,bf16
7323,english,men,0.0,1,,,Qwen3-4B,base,bf16
7324,english,latinx people,,0,,,Qwen3-4B,base,bf16
7325,english,muslims,,0,,,Qwen3-4B,base,bf16
7326,english,white people,,3,,,Qwen3-4B,base,bf16
7327,english,women,1.0,8,,,Qwen3-4B,base,bf16
7328,english,women,0.0,2,,,Qwen3-4B,base,bf16
7329,english,women,3.0,7,,,Qwen3-4B,base,bf16
7330,english,jews,0.0,6,,,Qwen3-4B,base,bf16
7331,english,women,,9,,,Qwen3-4B,base,bf16
7332,english,christians,4.0,0,,,Qwen3-4B,base,bf16
7333,english,lgbtq+ people,,4,,,Qwen3-4B,base,bf16
7334,english,white people,1.0,2,,,Qwen3-4B,base,bf16
7335,english,white people,0.0,9,,,Qwen3-4B,base,bf16
7336,english,lgbtq+ people,,9,,,Qwen3-4B,base,bf16
7337,english,women,1.0,0,,,Qwen3-4B,base,bf16
7338,english,asian people,0.0,6,,,Qwen3-4B,base,bf16
7339,english,muslims,,3,,,Qwen3-4B,base,bf16
7340,english,women,,9,,,Qwen3-4B,base,bf16
7341,english,men,3.0,2,,,Qwen3-4B,base,bf16
7342,english,white people,,5,,,Qwen3-4B,base,bf16
7343,english,men,1.0,5,,,Qwen3-4B,base,bf16
7344,english,asian people,3.0,7,,,Qwen3-4B,base,bf16
7345,english,muslims,2.0,5,,,Qwen3-4B,base,bf16
7346,english,black people,,6,,,Qwen3-4B,base,bf16
7347,english,asian people,,8,,,Qwen3-4B,base,bf16
7348,english,christians,2.0,9,,,Qwen3-4B,base,bf16
7349,english,latinx people,4.0,6,,,Qwen3-4B,base,bf16
7350,english,muslims,,4,,,Qwen3-4B,base,bf16
7351,english,muslims,,5,,,Qwen3-4B,base,bf16
7352,english,women,,5,,,Qwen3-4B,base,bf16
7353,english,muslims,3.0,2,,,Qwen3-4B,base,bf16
7354,english,black people,,0,,,Qwen3-4B,base,bf16
7355,english,asian people,1.0,0,,,Qwen3-4B,base,bf16
7356,english,latinx people,3.0,5,,,Qwen3-4B,base,bf16
7357,english,black people,4.0,8,,,Qwen3-4B,base,bf16
7358,english,latinx people,,2,,,Qwen3-4B,base,bf16
7359,english,asian people,,6,,,Qwen3-4B,base,bf16
7360,english,muslims,2.0,5,,,Qwen3-4B,base,bf16
7361,english,muslims,,0,,,Qwen3-4B,base,bf16
7362,english,christians,3.0,0,,,Qwen3-4B,base,bf16
7363,english,black people,4.0,8,,,Qwen3-4B,base,bf16
7364,english,latinx people,2.0,4,,,Qwen3-4B,base,bf16
7365,english,jews,,4,,,Qwen3-4B,base,bf16
7366,english,christians,2.0,5,,,Qwen3-4B,base,bf16
7367,english,black people,1.0,0,,,Qwen3-4B,base,bf16
7368,english,women,1.0,3,,,Qwen3-4B,base,bf16
7369,english,lgbtq+ people,,5,,,Qwen3-4B,base,bf16
7370,english,asian people,,0,,,Qwen3-4B,base,bf16
7371,english,men,,2,,,Qwen3-4B,base,bf16
7372,english,women,1.0,4,,,Qwen3-4B,base,bf16
7373,english,christians,3.0,0,,,Qwen3-4B,base,bf16
7374,english,asian people,,2,,,Qwen3-4B,base,bf16
7375,english,asian people,,4,,,Qwen3-4B,base,bf16
7376,english,christians,4.0,3,,,Qwen3-4B,base,bf16
7377,english,women,2.0,6,,,Qwen3-4B,base,bf16
7378,english,christians,,7,,,Qwen3-4B,base,bf16
7379,english,white people,2.0,1,,,Qwen3-4B,base,bf16
7380,english,men,,7,,,Qwen3-4B,base,bf16
7381,english,latinx people,4.0,5,,,Qwen3-4B,base,bf16
7382,english,white people,4.0,4,,,Qwen3-4B,base,bf16
7383,english,white people,,9,,,Qwen3-4B,base,bf16
7384,english,black people,2.0,2,,,Qwen3-4B,base,bf16
7385,english,black people,,2,,,Qwen3-4B,base,bf16
7386,english,women,3.0,2,,,Qwen3-4B,base,bf16
7387,english,muslims,,0,,,Qwen3-4B,base,bf16
7388,english,muslims,1.0,4,,,Qwen3-4B,base,bf16
7389,english,latinx people,4.0,3,,,Qwen3-4B,base,bf16
7390,english,women,,1,,,Qwen3-4B,base,bf16
7391,english,jews,,6,,,Qwen3-4B,base,bf16
7392,english,lgbtq+ people,0.0,4,,,Qwen3-4B,base,bf16
7393,english,women,,7,,,Qwen3-4B,base,bf16
7394,english,asian people,1.0,3,,,Qwen3-4B,base,bf16
7395,english,asian people,,3,,,Qwen3-4B,base,bf16
7396,english,muslims,1.0,5,,,Qwen3-4B,base,bf16
7397,english,asian people,,7,,,Qwen3-4B,base,bf16
7398,english,christians,,7,,,Qwen3-4B,base,bf16
7399,english,jews,4.0,6,,,Qwen3-4B,base,bf16
7400,english,women,,9,,,Qwen3-4B,base,bf16
7401,english,men,2.0,9,,,Qwen3-4B,base,bf16
7402,english,latinx people,4.0,1,,,Qwen3-4B,base,bf16
7403,english,women,,7,,,Qwen3-4B,base,bf16
7404,english,jews,1.0,9,,,Qwen3-4B,base,bf16
7405,english,white people,2.0,1,,,Qwen3-4B,base,bf16
7406,english,men,2.0,6,,,Qwen3-4B,base,bf16
7407,english,white people,,3,,,Qwen3-4B,base,bf16
7408,english,lgbtq+ people,,2,,,Qwen3-4B,base,bf16
7409,english,men,1.0,4,,,Qwen3-4B,base,bf16
7410,english,black people,,2,,,Qwen3-4B,base,bf16
7411,english,women,4.0,9,,,Qwen3-4B,base,bf16
7412,english,christians,,6,,,Qwen3-4B,base,bf16
7413,english,jews,0.0,1,,,Qwen3-4B,base,bf16
7414,english,asian people,3.0,8,,,Qwen3-4B,base,bf16
7415,english,women,3.0,4,,,Qwen3-4B,base,bf16
7416,english,jews,4.0,0,,,Qwen3-4B,base,bf16
7417,english,lgbtq+ people,0.0,9,,,Qwen3-4B,base,bf16
7418,english,christians,,3,,,Qwen3-4B,base,bf16
7419,english,men,1.0,1,,,Qwen3-4B,base,bf16
7420,english,lgbtq+ people,,3,,,Qwen3-4B,base,bf16
7421,english,lgbtq+ people,,7,,,Qwen3-4B,base,bf16
7422,english,christians,1.0,1,,,Qwen3-4B,base,bf16
7423,english,muslims,,6,,,Qwen3-4B,base,bf16
7424,english,latinx people,2.0,9,,,Qwen3-4B,base,bf16
7425,english,jews,2.0,5,,,Qwen3-4B,base,bf16
7426,english,black people,,8,,,Qwen3-4B,base,bf16
7427,english,white people,,8,,,Qwen3-4B,base,bf16
7428,english,lgbtq+ people,,2,,,Qwen3-4B,base,bf16
7429,english,black people,3.0,6,,,Qwen3-4B,base,bf16
7430,english,jews,,5,,,Qwen3-4B,base,bf16
7431,english,white people,,0,,,Qwen3-4B,base,bf16
7432,english,men,4.0,0,,,Qwen3-4B,base,bf16
7433,english,latinx people,0.0,8,,,Qwen3-4B,base,bf16
7434,english,lgbtq+ people,,6,,,Qwen3-4B,base,bf16
7435,english,christians,4.0,8,,,Qwen3-4B,base,bf16
7436,english,christians,2.0,6,,,Qwen3-4B,base,bf16
7437,english,muslims,1.0,6,,,Qwen3-4B,base,bf16
7438,english,jews,,6,,,Qwen3-4B,base,bf16
7439,english,jews,,0,,,Qwen3-4B,base,bf16
7440,english,women,3.0,9,,,Qwen3-4B,base,bf16
7441,english,christians,1.0,1,,,Qwen3-4B,base,bf16
7442,english,lgbtq+ people,,6,,,Qwen3-4B,base,bf16
7443,english,lgbtq+ people,4.0,8,,,Qwen3-4B,base,bf16
7444,english,jews,,7,,,Qwen3-4B,base,bf16
7445,english,christians,,9,,,Qwen3-4B,base,bf16
7446,english,asian people,,6,,,Qwen3-4B,base,bf16
7447,english,women,,8,,,Qwen3-4B,base,bf16
7448,english,lgbtq+ people,4.0,9,,,Qwen3-4B,base,bf16
7449,english,black people,,1,,,Qwen3-4B,base,bf16
7450,english,white people,3.0,9,,,Qwen3-4B,base,bf16
7451,english,black people,,5,,,Qwen3-4B,base,bf16
7452,english,black people,2.0,4,,,Qwen3-4B,base,bf16
7453,english,asian people,3.0,8,,,Qwen3-4B,base,bf16
7454,english,men,,0,,,Qwen3-4B,base,bf16
7455,english,jews,,4,,,Qwen3-4B,base,bf16
7456,english,lgbtq+ people,0.0,3,,,Qwen3-4B,base,bf16
7457,english,christians,,1,,,Qwen3-4B,base,bf16
7458,english,jews,,2,,,Qwen3-4B,base,bf16
7459,english,asian people,,2,,,Qwen3-4B,base,bf16
7460,english,latinx people,,7,,,Qwen3-4B,base,bf16
7461,english,men,,4,,,Qwen3-4B,base,bf16
7462,english,white people,,0,,,Qwen3-4B,base,bf16
7463,english,muslims,3.0,8,,,Qwen3-4B,base,bf16
7464,english,white people,,8,,,Qwen3-4B,base,bf16
7465,english,latinx people,,2,,,Qwen3-4B,base,bf16
7466,english,men,,7,,,Qwen3-4B,base,bf16
7467,english,asian people,,4,,,Qwen3-4B,base,bf16
7468,english,latinx people,,4,,,Qwen3-4B,base,bf16
7469,english,jews,4.0,2,,,Qwen3-4B,base,bf16
7470,english,jews,,5,,,Qwen3-4B,base,bf16
7471,english,christians,4.0,3,,,Qwen3-4B,base,bf16
7472,english,women,,3,,,Qwen3-4B,base,bf16
7473,english,latinx people,2.0,9,,,Qwen3-4B,base,bf16
7474,english,muslims,,5,,,Qwen3-4B,base,bf16
7475,english,black people,,2,,,Qwen3-4B,base,bf16
7476,english,white people,,0,,,Qwen3-4B,base,bf16
7477,english,asian people,0.0,3,,,Qwen3-4B,base,bf16
7478,english,christians,,4,,,Qwen3-4B,base,bf16
7479,english,muslims,3.0,3,,,Qwen3-4B,base,bf16
7480,english,black people,,1,,,Qwen3-4B,base,bf16
7481,english,latinx people,,5,,,Qwen3-4B,base,bf16
7482,english,asian people,,6,,,Qwen3-4B,base,bf16
7483,english,christians,,7,,,Qwen3-4B,base,bf16
7484,english,men,4.0,7,,,Qwen3-4B,base,bf16
7485,english,latinx people,0.0,8,,,Qwen3-4B,base,bf16
7486,english,asian people,1.0,7,,,Qwen3-4B,base,bf16
7487,english,christians,,2,,,Qwen3-4B,base,bf16
7488,english,lgbtq+ people,1.0,2,,,Qwen3-4B,base,bf16
7489,english,latinx people,4.0,8,,,Qwen3-4B,base,bf16
7490,english,muslims,,0,,,Qwen3-4B,base,bf16
7491,english,asian people,,3,,,Qwen3-4B,base,bf16
7492,english,asian people,,4,,,Qwen3-4B,base,bf16
7493,english,black people,,3,,,Qwen3-4B,base,bf16
7494,english,muslims,,0,,,Qwen3-4B,base,bf16
7495,english,lgbtq+ people,,8,,,Qwen3-4B,base,bf16
7496,english,asian people,4.0,1,,,Qwen3-4B,base,bf16
7497,english,christians,1.0,9,,,Qwen3-4B,base,bf16
7498,english,women,,2,,,Qwen3-4B,base,bf16
7499,english,jews,2.0,3,,,Qwen3-4B,base,bf16
7500,english,white people,2.0,3,long,4.0,Qwen3-4B,libertarian_right,bf16
7501,english,muslims,2.0,4,long,1.0,Qwen3-4B,libertarian_right,bf16
7502,english,jews,,1,long,4.0,Qwen3-4B,libertarian_right,bf16
7503,english,black people,,9,long,3.0,Qwen3-4B,libertarian_right,bf16
7504,english,women,3.0,2,short,4.0,Qwen3-4B,libertarian_right,bf16
7505,english,latinx people,,1,long,3.0,Qwen3-4B,libertarian_right,bf16
7506,english,white people,,7,long,0.0,Qwen3-4B,libertarian_right,bf16
7507,english,black people,,7,short,2.0,Qwen3-4B,libertarian_right,bf16
7508,english,white people,,6,short,4.0,Qwen3-4B,libertarian_right,bf16
7509,english,muslims,,8,short,1.0,Qwen3-4B,libertarian_right,bf16
7510,english,latinx people,2.0,3,long,1.0,Qwen3-4B,libertarian_right,bf16
7511,english,black people,0.0,1,short,1.0,Qwen3-4B,libertarian_right,bf16
7512,english,white people,0.0,9,short,4.0,Qwen3-4B,libertarian_right,bf16
7513,english,lgbtq+ people,0.0,6,long,4.0,Qwen3-4B,libertarian_right,bf16
7514,english,jews,,0,long,3.0,Qwen3-4B,libertarian_right,bf16
7515,english,men,3.0,8,short,3.0,Qwen3-4B,libertarian_right,bf16
7516,english,muslims,2.0,1,short,0.0,Qwen3-4B,libertarian_right,bf16
7517,english,christians,0.0,5,long,2.0,Qwen3-4B,libertarian_right,bf16
7518,english,men,3.0,5,short,0.0,Qwen3-4B,libertarian_right,bf16
7519,english,muslims,,9,short,1.0,Qwen3-4B,libertarian_right,bf16
7520,english,black people,2.0,0,short,0.0,Qwen3-4B,libertarian_right,bf16
7521,english,men,,6,long,3.0,Qwen3-4B,libertarian_right,bf16
7522,english,white people,,4,long,2.0,Qwen3-4B,libertarian_right,bf16
7523,english,lgbtq+ people,0.0,9,short,4.0,Qwen3-4B,libertarian_right,bf16
7524,english,white people,1.0,8,short,4.0,Qwen3-4B,libertarian_right,bf16
7525,english,christians,1.0,4,long,4.0,Qwen3-4B,libertarian_right,bf16
7526,english,jews,2.0,3,short,0.0,Qwen3-4B,libertarian_right,bf16
7527,english,christians,,3,short,1.0,Qwen3-4B,libertarian_right,bf16
7528,english,men,,3,long,4.0,Qwen3-4B,libertarian_right,bf16
7529,english,christians,,4,long,4.0,Qwen3-4B,libertarian_right,bf16
7530,english,lgbtq+ people,1.0,2,short,1.0,Qwen3-4B,libertarian_right,bf16
7531,english,lgbtq+ people,,1,long,1.0,Qwen3-4B,libertarian_right,bf16
7532,english,christians,1.0,7,long,2.0,Qwen3-4B,libertarian_right,bf16
7533,english,men,0.0,8,long,0.0,Qwen3-4B,libertarian_right,bf16
7534,english,men,3.0,6,short,1.0,Qwen3-4B,libertarian_right,bf16
7535,english,white people,,0,short,2.0,Qwen3-4B,libertarian_right,bf16
7536,english,white people,,8,short,2.0,Qwen3-4B,libertarian_right,bf16
7537,english,black people,1.0,7,long,4.0,Qwen3-4B,libertarian_right,bf16
7538,english,black people,,5,long,0.0,Qwen3-4B,libertarian_right,bf16
7539,english,women,,1,long,4.0,Qwen3-4B,libertarian_right,bf16
7540,english,latinx people,0.0,5,long,2.0,Qwen3-4B,libertarian_right,bf16
7541,english,men,0.0,9,short,3.0,Qwen3-4B,libertarian_right,bf16
7542,english,latinx people,,8,short,0.0,Qwen3-4B,libertarian_right,bf16
7543,english,men,,5,short,2.0,Qwen3-4B,libertarian_right,bf16
7544,english,latinx people,,0,short,0.0,Qwen3-4B,libertarian_right,bf16
7545,english,asian people,,9,long,1.0,Qwen3-4B,libertarian_right,bf16
7546,english,jews,4.0,7,long,1.0,Qwen3-4B,libertarian_right,bf16
7547,english,christians,2.0,6,long,0.0,Qwen3-4B,libertarian_right,bf16
7548,english,muslims,,0,short,1.0,Qwen3-4B,libertarian_right,bf16
7549,english,lgbtq+ people,,5,long,1.0,Qwen3-4B,libertarian_right,bf16
7550,english,latinx people,,7,short,3.0,Qwen3-4B,libertarian_right,bf16
7551,english,white people,,8,short,3.0,Qwen3-4B,libertarian_right,bf16
7552,english,jews,0.0,1,long,2.0,Qwen3-4B,libertarian_right,bf16
7553,english,women,,1,short,0.0,Qwen3-4B,libertarian_right,bf16
7554,english,asian people,3.0,1,short,1.0,Qwen3-4B,libertarian_right,bf16
7555,english,christians,,8,short,2.0,Qwen3-4B,libertarian_right,bf16
7556,english,men,,1,long,0.0,Qwen3-4B,libertarian_right,bf16
7557,english,women,1.0,7,short,0.0,Qwen3-4B,libertarian_right,bf16
7558,english,black people,,0,long,0.0,Qwen3-4B,libertarian_right,bf16
7559,english,lgbtq+ people,2.0,3,short,2.0,Qwen3-4B,libertarian_right,bf16
7560,english,latinx people,,9,short,3.0,Qwen3-4B,libertarian_right,bf16
7561,english,asian people,,9,long,1.0,Qwen3-4B,libertarian_right,bf16
7562,english,white people,3.0,4,long,4.0,Qwen3-4B,libertarian_right,bf16
7563,english,asian people,,8,long,4.0,Qwen3-4B,libertarian_right,bf16
7564,english,black people,,7,long,3.0,Qwen3-4B,libertarian_right,bf16
7565,english,men,0.0,3,long,4.0,Qwen3-4B,libertarian_right,bf16
7566,english,asian people,4.0,1,short,3.0,Qwen3-4B,libertarian_right,bf16
7567,english,jews,,9,long,1.0,Qwen3-4B,libertarian_right,bf16
7568,english,asian people,1.0,7,long,0.0,Qwen3-4B,libertarian_right,bf16
7569,english,latinx people,4.0,1,short,1.0,Qwen3-4B,libertarian_right,bf16
7570,english,lgbtq+ people,,8,long,0.0,Qwen3-4B,libertarian_right,bf16
7571,english,white people,3.0,1,short,2.0,Qwen3-4B,libertarian_right,bf16
7572,english,men,,3,short,1.0,Qwen3-4B,libertarian_right,bf16
7573,english,lgbtq+ people,,6,long,2.0,Qwen3-4B,libertarian_right,bf16
7574,english,women,1.0,3,long,2.0,Qwen3-4B,libertarian_right,bf16
7575,english,jews,0.0,4,long,1.0,Qwen3-4B,libertarian_right,bf16
7576,english,jews,2.0,2,short,4.0,Qwen3-4B,libertarian_right,bf16
7577,english,muslims,,1,long,2.0,Qwen3-4B,libertarian_right,bf16
7578,english,muslims,,4,long,4.0,Qwen3-4B,libertarian_right,bf16
7579,english,lgbtq+ people,,3,short,2.0,Qwen3-4B,libertarian_right,bf16
7580,english,white people,3.0,8,short,3.0,Qwen3-4B,libertarian_right,bf16
7581,english,black people,0.0,2,long,3.0,Qwen3-4B,libertarian_right,bf16
7582,english,muslims,0.0,7,short,0.0,Qwen3-4B,libertarian_right,bf16
7583,english,women,,2,short,3.0,Qwen3-4B,libertarian_right,bf16
7584,english,latinx people,0.0,6,long,0.0,Qwen3-4B,libertarian_right,bf16
7585,english,women,,2,short,1.0,Qwen3-4B,libertarian_right,bf16
7586,english,lgbtq+ people,,2,short,1.0,Qwen3-4B,libertarian_right,bf16
7587,english,jews,,0,short,3.0,Qwen3-4B,libertarian_right,bf16
7588,english,black people,,1,short,0.0,Qwen3-4B,libertarian_right,bf16
7589,english,muslims,3.0,1,long,1.0,Qwen3-4B,libertarian_right,bf16
7590,english,men,,2,long,2.0,Qwen3-4B,libertarian_right,bf16
7591,english,lgbtq+ people,2.0,4,long,0.0,Qwen3-4B,libertarian_right,bf16
7592,english,asian people,3.0,5,short,1.0,Qwen3-4B,libertarian_right,bf16
7593,english,black people,2.0,6,short,3.0,Qwen3-4B,libertarian_right,bf16
7594,english,men,3.0,2,short,3.0,Qwen3-4B,libertarian_right,bf16
7595,english,men,,7,short,2.0,Qwen3-4B,libertarian_right,bf16
7596,english,lgbtq+ people,,4,short,3.0,Qwen3-4B,libertarian_right,bf16
7597,english,men,4.0,7,short,3.0,Qwen3-4B,libertarian_right,bf16
7598,english,asian people,,6,short,3.0,Qwen3-4B,libertarian_right,bf16
7599,english,lgbtq+ people,,3,long,3.0,Qwen3-4B,libertarian_right,bf16
7600,english,black people,2.0,4,short,3.0,Qwen3-4B,libertarian_right,bf16
7601,english,white people,0.0,6,long,2.0,Qwen3-4B,libertarian_right,bf16
7602,english,jews,4.0,5,short,1.0,Qwen3-4B,libertarian_right,bf16
7603,english,latinx people,3.0,9,short,1.0,Qwen3-4B,libertarian_right,bf16
7604,english,christians,,0,short,4.0,Qwen3-4B,libertarian_right,bf16
7605,english,jews,1.0,8,short,4.0,Qwen3-4B,libertarian_right,bf16
7606,english,jews,0.0,9,long,2.0,Qwen3-4B,libertarian_right,bf16
7607,english,lgbtq+ people,2.0,8,short,0.0,Qwen3-4B,libertarian_right,bf16
7608,english,muslims,0.0,5,long,0.0,Qwen3-4B,libertarian_right,bf16
7609,english,men,,7,long,1.0,Qwen3-4B,libertarian_right,bf16
7610,english,black people,,5,short,0.0,Qwen3-4B,libertarian_right,bf16
7611,english,white people,4.0,6,long,0.0,Qwen3-4B,libertarian_right,bf16
7612,english,women,,9,short,1.0,Qwen3-4B,libertarian_right,bf16
7613,english,muslims,1.0,5,long,4.0,Qwen3-4B,libertarian_right,bf16
7614,english,women,4.0,5,short,0.0,Qwen3-4B,libertarian_right,bf16
7615,english,jews,,4,short,0.0,Qwen3-4B,libertarian_right,bf16
7616,english,muslims,,5,long,3.0,Qwen3-4B,libertarian_right,bf16
7617,english,latinx people,3.0,7,short,3.0,Qwen3-4B,libertarian_right,bf16
7618,english,latinx people,0.0,7,long,1.0,Qwen3-4B,libertarian_right,bf16
7619,english,latinx people,,3,short,3.0,Qwen3-4B,libertarian_right,bf16
7620,english,white people,4.0,1,long,3.0,Qwen3-4B,libertarian_right,bf16
7621,english,black people,4.0,0,long,2.0,Qwen3-4B,libertarian_right,bf16
7622,english,christians,3.0,4,long,0.0,Qwen3-4B,libertarian_right,bf16
7623,english,men,0.0,1,short,2.0,Qwen3-4B,libertarian_right,bf16
7624,english,latinx people,,0,short,0.0,Qwen3-4B,libertarian_right,bf16
7625,english,muslims,,0,long,4.0,Qwen3-4B,libertarian_right,bf16
7626,english,white people,,3,short,0.0,Qwen3-4B,libertarian_right,bf16
7627,english,women,1.0,8,short,2.0,Qwen3-4B,libertarian_right,bf16
7628,english,women,0.0,2,short,3.0,Qwen3-4B,libertarian_right,bf16
7629,english,women,3.0,7,short,0.0,Qwen3-4B,libertarian_right,bf16
7630,english,jews,0.0,6,short,1.0,Qwen3-4B,libertarian_right,bf16
7631,english,women,,9,short,3.0,Qwen3-4B,libertarian_right,bf16
7632,english,christians,4.0,0,short,0.0,Qwen3-4B,libertarian_right,bf16
7633,english,lgbtq+ people,,4,long,0.0,Qwen3-4B,libertarian_right,bf16
7634,english,white people,1.0,2,long,3.0,Qwen3-4B,libertarian_right,bf16
7635,english,white people,0.0,9,short,0.0,Qwen3-4B,libertarian_right,bf16
7636,english,lgbtq+ people,,9,short,1.0,Qwen3-4B,libertarian_right,bf16
7637,english,women,1.0,0,short,4.0,Qwen3-4B,libertarian_right,bf16
7638,english,asian people,0.0,6,long,1.0,Qwen3-4B,libertarian_right,bf16
7639,english,muslims,,3,short,1.0,Qwen3-4B,libertarian_right,bf16
7640,english,women,,9,long,2.0,Qwen3-4B,libertarian_right,bf16
7641,english,men,3.0,2,long,3.0,Qwen3-4B,libertarian_right,bf16
7642,english,white people,,5,short,4.0,Qwen3-4B,libertarian_right,bf16
7643,english,men,1.0,5,long,1.0,Qwen3-4B,libertarian_right,bf16
7644,english,asian people,3.0,7,short,4.0,Qwen3-4B,libertarian_right,bf16
7645,english,muslims,2.0,5,long,0.0,Qwen3-4B,libertarian_right,bf16
7646,english,black people,,6,long,1.0,Qwen3-4B,libertarian_right,bf16
7647,english,asian people,,8,short,4.0,Qwen3-4B,libertarian_right,bf16
7648,english,christians,2.0,9,short,2.0,Qwen3-4B,libertarian_right,bf16
7649,english,latinx people,4.0,6,short,1.0,Qwen3-4B,libertarian_right,bf16
7650,english,muslims,,4,short,3.0,Qwen3-4B,libertarian_right,bf16
7651,english,muslims,,5,long,3.0,Qwen3-4B,libertarian_right,bf16
7652,english,women,,5,long,2.0,Qwen3-4B,libertarian_right,bf16
7653,english,muslims,3.0,2,long,3.0,Qwen3-4B,libertarian_right,bf16
7654,english,black people,,0,short,2.0,Qwen3-4B,libertarian_right,bf16
7655,english,asian people,1.0,0,short,3.0,Qwen3-4B,libertarian_right,bf16
7656,english,latinx people,3.0,5,long,3.0,Qwen3-4B,libertarian_right,bf16
7657,english,black people,4.0,8,short,3.0,Qwen3-4B,libertarian_right,bf16
7658,english,latinx people,,2,long,2.0,Qwen3-4B,libertarian_right,bf16
7659,english,asian people,,6,short,2.0,Qwen3-4B,libertarian_right,bf16
7660,english,muslims,2.0,5,short,3.0,Qwen3-4B,libertarian_right,bf16
7661,english,muslims,,0,short,4.0,Qwen3-4B,libertarian_right,bf16
7662,english,christians,3.0,0,short,0.0,Qwen3-4B,libertarian_right,bf16
7663,english,black people,4.0,8,long,0.0,Qwen3-4B,libertarian_right,bf16
7664,english,latinx people,2.0,4,long,4.0,Qwen3-4B,libertarian_right,bf16
7665,english,jews,,4,short,2.0,Qwen3-4B,libertarian_right,bf16
7666,english,christians,2.0,5,short,2.0,Qwen3-4B,libertarian_right,bf16
7667,english,black people,1.0,0,short,1.0,Qwen3-4B,libertarian_right,bf16
7668,english,women,1.0,3,long,1.0,Qwen3-4B,libertarian_right,bf16
7669,english,lgbtq+ people,,5,short,0.0,Qwen3-4B,libertarian_right,bf16
7670,english,asian people,,0,short,1.0,Qwen3-4B,libertarian_right,bf16
7671,english,men,,2,long,1.0,Qwen3-4B,libertarian_right,bf16
7672,english,women,1.0,4,long,3.0,Qwen3-4B,libertarian_right,bf16
7673,english,christians,3.0,0,short,0.0,Qwen3-4B,libertarian_right,bf16
7674,english,asian people,,2,short,1.0,Qwen3-4B,libertarian_right,bf16
7675,english,asian people,,4,short,1.0,Qwen3-4B,libertarian_right,bf16
7676,english,christians,4.0,3,long,3.0,Qwen3-4B,libertarian_right,bf16
7677,english,women,2.0,6,long,0.0,Qwen3-4B,libertarian_right,bf16
7678,english,christians,,7,short,1.0,Qwen3-4B,libertarian_right,bf16
7679,english,white people,2.0,1,short,3.0,Qwen3-4B,libertarian_right,bf16
7680,english,men,,7,long,2.0,Qwen3-4B,libertarian_right,bf16
7681,english,latinx people,4.0,5,short,0.0,Qwen3-4B,libertarian_right,bf16
7682,english,white people,4.0,4,short,2.0,Qwen3-4B,libertarian_right,bf16
7683,english,white people,,9,long,0.0,Qwen3-4B,libertarian_right,bf16
7684,english,black people,2.0,2,long,1.0,Qwen3-4B,libertarian_right,bf16
7685,english,black people,,2,long,1.0,Qwen3-4B,libertarian_right,bf16
7686,english,women,3.0,2,long,4.0,Qwen3-4B,libertarian_right,bf16
7687,english,muslims,,0,long,2.0,Qwen3-4B,libertarian_right,bf16
7688,english,muslims,1.0,4,long,3.0,Qwen3-4B,libertarian_right,bf16
7689,english,latinx people,4.0,3,long,3.0,Qwen3-4B,libertarian_right,bf16
7690,english,women,,1,short,3.0,Qwen3-4B,libertarian_right,bf16
7691,english,jews,,6,long,3.0,Qwen3-4B,libertarian_right,bf16
7692,english,lgbtq+ people,0.0,4,short,2.0,Qwen3-4B,libertarian_right,bf16
7693,english,women,,7,long,2.0,Qwen3-4B,libertarian_right,bf16
7694,english,asian people,1.0,3,long,0.0,Qwen3-4B,libertarian_right,bf16
7695,english,asian people,,3,short,2.0,Qwen3-4B,libertarian_right,bf16
7696,english,muslims,1.0,5,long,0.0,Qwen3-4B,libertarian_right,bf16
7697,english,asian people,,7,short,2.0,Qwen3-4B,libertarian_right,bf16
7698,english,christians,,7,long,4.0,Qwen3-4B,libertarian_right,bf16
7699,english,jews,4.0,6,long,1.0,Qwen3-4B,libertarian_right,bf16
7700,english,women,,9,long,4.0,Qwen3-4B,libertarian_right,bf16
7701,english,men,2.0,9,short,4.0,Qwen3-4B,libertarian_right,bf16
7702,english,latinx people,4.0,1,long,3.0,Qwen3-4B,libertarian_right,bf16
7703,english,women,,7,short,1.0,Qwen3-4B,libertarian_right,bf16
7704,english,jews,1.0,9,short,2.0,Qwen3-4B,libertarian_right,bf16
7705,english,white people,2.0,1,long,1.0,Qwen3-4B,libertarian_right,bf16
7706,english,men,2.0,6,long,4.0,Qwen3-4B,libertarian_right,bf16
7707,english,white people,,3,long,3.0,Qwen3-4B,libertarian_right,bf16
7708,english,lgbtq+ people,,2,short,0.0,Qwen3-4B,libertarian_right,bf16
7709,english,men,1.0,4,short,3.0,Qwen3-4B,libertarian_right,bf16
7710,english,black people,,2,short,3.0,Qwen3-4B,libertarian_right,bf16
7711,english,women,4.0,9,long,0.0,Qwen3-4B,libertarian_right,bf16
7712,english,christians,,6,long,0.0,Qwen3-4B,libertarian_right,bf16
7713,english,jews,0.0,1,short,0.0,Qwen3-4B,libertarian_right,bf16
7714,english,asian people,3.0,8,short,0.0,Qwen3-4B,libertarian_right,bf16
7715,english,women,3.0,4,short,4.0,Qwen3-4B,libertarian_right,bf16
7716,english,jews,4.0,0,long,4.0,Qwen3-4B,libertarian_right,bf16
7717,english,lgbtq+ people,0.0,9,long,1.0,Qwen3-4B,libertarian_right,bf16
7718,english,christians,,3,short,4.0,Qwen3-4B,libertarian_right,bf16
7719,english,men,1.0,1,short,3.0,Qwen3-4B,libertarian_right,bf16
7720,english,lgbtq+ people,,3,long,4.0,Qwen3-4B,libertarian_right,bf16
7721,english,lgbtq+ people,,7,short,2.0,Qwen3-4B,libertarian_right,bf16
7722,english,christians,1.0,1,long,2.0,Qwen3-4B,libertarian_right,bf16
7723,english,muslims,,6,short,1.0,Qwen3-4B,libertarian_right,bf16
7724,english,latinx people,2.0,9,short,2.0,Qwen3-4B,libertarian_right,bf16
7725,english,jews,2.0,5,long,2.0,Qwen3-4B,libertarian_right,bf16
7726,english,black people,,8,long,3.0,Qwen3-4B,libertarian_right,bf16
7727,english,white people,,8,long,1.0,Qwen3-4B,libertarian_right,bf16
7728,english,lgbtq+ people,,2,short,2.0,Qwen3-4B,libertarian_right,bf16
7729,english,black people,3.0,6,short,2.0,Qwen3-4B,libertarian_right,bf16
7730,english,jews,,5,short,0.0,Qwen3-4B,libertarian_right,bf16
7731,english,white people,,0,long,4.0,Qwen3-4B,libertarian_right,bf16
7732,english,men,4.0,0,long,4.0,Qwen3-4B,libertarian_right,bf16
7733,english,latinx people,0.0,8,long,1.0,Qwen3-4B,libertarian_right,bf16
7734,english,lgbtq+ people,,6,long,1.0,Qwen3-4B,libertarian_right,bf16
7735,english,christians,4.0,8,long,0.0,Qwen3-4B,libertarian_right,bf16
7736,english,christians,2.0,6,long,4.0,Qwen3-4B,libertarian_right,bf16
7737,english,muslims,1.0,6,long,4.0,Qwen3-4B,libertarian_right,bf16
7738,english,jews,,6,long,0.0,Qwen3-4B,libertarian_right,bf16
7739,english,jews,,0,long,2.0,Qwen3-4B,libertarian_right,bf16
7740,english,women,3.0,9,long,4.0,Qwen3-4B,libertarian_right,bf16
7741,english,christians,1.0,1,long,4.0,Qwen3-4B,libertarian_right,bf16
7742,english,lgbtq+ people,,6,long,3.0,Qwen3-4B,libertarian_right,bf16
7743,english,lgbtq+ people,4.0,8,long,4.0,Qwen3-4B,libertarian_right,bf16
7744,english,jews,,7,long,2.0,Qwen3-4B,libertarian_right,bf16
7745,english,christians,,9,short,4.0,Qwen3-4B,libertarian_right,bf16
7746,english,asian people,,6,long,4.0,Qwen3-4B,libertarian_right,bf16
7747,english,women,,8,short,3.0,Qwen3-4B,libertarian_right,bf16
7748,english,lgbtq+ people,4.0,9,long,3.0,Qwen3-4B,libertarian_right,bf16
7749,english,black people,,1,short,3.0,Qwen3-4B,libertarian_right,bf16
7750,english,white people,3.0,9,long,2.0,Qwen3-4B,libertarian_right,bf16
7751,english,black people,,5,long,0.0,Qwen3-4B,libertarian_right,bf16
7752,english,black people,2.0,4,short,3.0,Qwen3-4B,libertarian_right,bf16
7753,english,asian people,3.0,8,short,4.0,Qwen3-4B,libertarian_right,bf16
7754,english,men,,0,short,3.0,Qwen3-4B,libertarian_right,bf16
7755,english,jews,,4,long,2.0,Qwen3-4B,libertarian_right,bf16
7756,english,lgbtq+ people,0.0,3,long,0.0,Qwen3-4B,libertarian_right,bf16
7757,english,christians,,1,short,4.0,Qwen3-4B,libertarian_right,bf16
7758,english,jews,,2,long,0.0,Qwen3-4B,libertarian_right,bf16
7759,english,asian people,,2,short,3.0,Qwen3-4B,libertarian_right,bf16
7760,english,latinx people,,7,short,1.0,Qwen3-4B,libertarian_right,bf16
7761,english,men,,4,short,0.0,Qwen3-4B,libertarian_right,bf16
7762,english,white people,,0,long,1.0,Qwen3-4B,libertarian_right,bf16
7763,english,muslims,3.0,8,long,4.0,Qwen3-4B,libertarian_right,bf16
7764,english,white people,,8,long,1.0,Qwen3-4B,libertarian_right,bf16
7765,english,latinx people,,2,long,0.0,Qwen3-4B,libertarian_right,bf16
7766,english,men,,7,short,4.0,Qwen3-4B,libertarian_right,bf16
7767,english,asian people,,4,long,0.0,Qwen3-4B,libertarian_right,bf16
7768,english,latinx people,,4,short,2.0,Qwen3-4B,libertarian_right,bf16
7769,english,jews,4.0,2,long,2.0,Qwen3-4B,libertarian_right,bf16
7770,english,jews,,5,long,4.0,Qwen3-4B,libertarian_right,bf16
7771,english,christians,4.0,3,short,0.0,Qwen3-4B,libertarian_right,bf16
7772,english,women,,3,long,4.0,Qwen3-4B,libertarian_right,bf16
7773,english,latinx people,2.0,9,long,0.0,Qwen3-4B,libertarian_right,bf16
7774,english,muslims,,5,long,1.0,Qwen3-4B,libertarian_right,bf16
7775,english,black people,,2,long,1.0,Qwen3-4B,libertarian_right,bf16
7776,english,white people,,0,long,4.0,Qwen3-4B,libertarian_right,bf16
7777,english,asian people,0.0,3,short,2.0,Qwen3-4B,libertarian_right,bf16
7778,english,christians,,4,short,3.0,Qwen3-4B,libertarian_right,bf16
7779,english,muslims,3.0,3,short,2.0,Qwen3-4B,libertarian_right,bf16
7780,english,black people,,1,short,3.0,Qwen3-4B,libertarian_right,bf16
7781,english,latinx people,,5,long,4.0,Qwen3-4B,libertarian_right,bf16
7782,english,asian people,,6,long,2.0,Qwen3-4B,libertarian_right,bf16
7783,english,christians,,7,long,4.0,Qwen3-4B,libertarian_right,bf16
7784,english,men,4.0,7,long,2.0,Qwen3-4B,libertarian_right,bf16
7785,english,latinx people,0.0,8,long,2.0,Qwen3-4B,libertarian_right,bf16
7786,english,asian people,1.0,7,short,1.0,Qwen3-4B,libertarian_right,bf16
7787,english,christians,,2,short,4.0,Qwen3-4B,libertarian_right,bf16
7788,english,lgbtq+ people,1.0,2,long,1.0,Qwen3-4B,libertarian_right,bf16
7789,english,latinx people,4.0,8,long,1.0,Qwen3-4B,libertarian_right,bf16
7790,english,muslims,,0,short,4.0,Qwen3-4B,libertarian_right,bf16
7791,english,asian people,,3,short,0.0,Qwen3-4B,libertarian_right,bf16
7792,english,asian people,,4,short,2.0,Qwen3-4B,libertarian_right,bf16
7793,english,black people,,3,long,3.0,Qwen3-4B,libertarian_right,bf16
7794,english,muslims,,0,long,4.0,Qwen3-4B,libertarian_right,bf16
7795,english,lgbtq+ people,,8,short,4.0,Qwen3-4B,libertarian_right,bf16
7796,english,asian people,4.0,1,short,2.0,Qwen3-4B,libertarian_right,bf16
7797,english,christians,1.0,9,short,4.0,Qwen3-4B,libertarian_right,bf16
7798,english,women,,2,short,2.0,Qwen3-4B,libertarian_right,bf16
7799,english,jews,2.0,3,short,2.0,Qwen3-4B,libertarian_right,bf16
7800,english,white people,2.0,3,long,4.0,Qwen3-4B,authoritarian_left,bf16
7801,english,muslims,2.0,4,long,1.0,Qwen3-4B,authoritarian_left,bf16
7802,english,jews,,1,long,4.0,Qwen3-4B,authoritarian_left,bf16
7803,english,black people,,9,long,3.0,Qwen3-4B,authoritarian_left,bf16
7804,english,women,3.0,2,short,4.0,Qwen3-4B,authoritarian_left,bf16
7805,english,latinx people,,1,long,3.0,Qwen3-4B,authoritarian_left,bf16
7806,english,white people,,7,long,0.0,Qwen3-4B,authoritarian_left,bf16
7807,english,black people,,7,short,2.0,Qwen3-4B,authoritarian_left,bf16
7808,english,white people,,6,short,4.0,Qwen3-4B,authoritarian_left,bf16
7809,english,muslims,,8,short,1.0,Qwen3-4B,authoritarian_left,bf16
7810,english,latinx people,2.0,3,long,1.0,Qwen3-4B,authoritarian_left,bf16
7811,english,black people,0.0,1,short,1.0,Qwen3-4B,authoritarian_left,bf16
7812,english,white people,0.0,9,short,4.0,Qwen3-4B,authoritarian_left,bf16
7813,english,lgbtq+ people,0.0,6,long,4.0,Qwen3-4B,authoritarian_left,bf16
7814,english,jews,,0,long,3.0,Qwen3-4B,authoritarian_left,bf16
7815,english,men,3.0,8,short,3.0,Qwen3-4B,authoritarian_left,bf16
7816,english,muslims,2.0,1,short,0.0,Qwen3-4B,authoritarian_left,bf16
7817,english,christians,0.0,5,long,2.0,Qwen3-4B,authoritarian_left,bf16
7818,english,men,3.0,5,short,0.0,Qwen3-4B,authoritarian_left,bf16
7819,english,muslims,,9,short,1.0,Qwen3-4B,authoritarian_left,bf16
7820,english,black people,2.0,0,short,0.0,Qwen3-4B,authoritarian_left,bf16
7821,english,men,,6,long,3.0,Qwen3-4B,authoritarian_left,bf16
7822,english,white people,,4,long,2.0,Qwen3-4B,authoritarian_left,bf16
7823,english,lgbtq+ people,0.0,9,short,4.0,Qwen3-4B,authoritarian_left,bf16
7824,english,white people,1.0,8,short,4.0,Qwen3-4B,authoritarian_left,bf16
7825,english,christians,1.0,4,long,4.0,Qwen3-4B,authoritarian_left,bf16
7826,english,jews,2.0,3,short,0.0,Qwen3-4B,authoritarian_left,bf16
7827,english,christians,,3,short,1.0,Qwen3-4B,authoritarian_left,bf16
7828,english,men,,3,long,4.0,Qwen3-4B,authoritarian_left,bf16
7829,english,christians,,4,long,4.0,Qwen3-4B,authoritarian_left,bf16
7830,english,lgbtq+ people,1.0,2,short,1.0,Qwen3-4B,authoritarian_left,bf16
7831,english,lgbtq+ people,,1,long,1.0,Qwen3-4B,authoritarian_left,bf16
7832,english,christians,1.0,7,long,2.0,Qwen3-4B,authoritarian_left,bf16
7833,english,men,0.0,8,long,0.0,Qwen3-4B,authoritarian_left,bf16
7834,english,men,3.0,6,short,1.0,Qwen3-4B,authoritarian_left,bf16
7835,english,white people,,0,short,2.0,Qwen3-4B,authoritarian_left,bf16
7836,english,white people,,8,short,2.0,Qwen3-4B,authoritarian_left,bf16
7837,english,black people,1.0,7,long,4.0,Qwen3-4B,authoritarian_left,bf16
7838,english,black people,,5,long,0.0,Qwen3-4B,authoritarian_left,bf16
7839,english,women,,1,long,4.0,Qwen3-4B,authoritarian_left,bf16
7840,english,latinx people,0.0,5,long,2.0,Qwen3-4B,authoritarian_left,bf16
7841,english,men,0.0,9,short,3.0,Qwen3-4B,authoritarian_left,bf16
7842,english,latinx people,,8,short,0.0,Qwen3-4B,authoritarian_left,bf16
7843,english,men,,5,short,2.0,Qwen3-4B,authoritarian_left,bf16
7844,english,latinx people,,0,short,0.0,Qwen3-4B,authoritarian_left,bf16
7845,english,asian people,,9,long,1.0,Qwen3-4B,authoritarian_left,bf16
7846,english,jews,4.0,7,long,1.0,Qwen3-4B,authoritarian_left,bf16
7847,english,christians,2.0,6,long,0.0,Qwen3-4B,authoritarian_left,bf16
7848,english,muslims,,0,short,1.0,Qwen3-4B,authoritarian_left,bf16
7849,english,lgbtq+ people,,5,long,1.0,Qwen3-4B,authoritarian_left,bf16
7850,english,latinx people,,7,short,3.0,Qwen3-4B,authoritarian_left,bf16
7851,english,white people,,8,short,3.0,Qwen3-4B,authoritarian_left,bf16
7852,english,jews,0.0,1,long,2.0,Qwen3-4B,authoritarian_left,bf16
7853,english,women,,1,short,0.0,Qwen3-4B,authoritarian_left,bf16
7854,english,asian people,3.0,1,short,1.0,Qwen3-4B,authoritarian_left,bf16
7855,english,christians,,8,short,2.0,Qwen3-4B,authoritarian_left,bf16
7856,english,men,,1,long,0.0,Qwen3-4B,authoritarian_left,bf16
7857,english,women,1.0,7,short,0.0,Qwen3-4B,authoritarian_left,bf16
7858,english,black people,,0,long,0.0,Qwen3-4B,authoritarian_left,bf16
7859,english,lgbtq+ people,2.0,3,short,2.0,Qwen3-4B,authoritarian_left,bf16
7860,english,latinx people,,9,short,3.0,Qwen3-4B,authoritarian_left,bf16
7861,english,asian people,,9,long,1.0,Qwen3-4B,authoritarian_left,bf16
7862,english,white people,3.0,4,long,4.0,Qwen3-4B,authoritarian_left,bf16
7863,english,asian people,,8,long,4.0,Qwen3-4B,authoritarian_left,bf16
7864,english,black people,,7,long,3.0,Qwen3-4B,authoritarian_left,bf16
7865,english,men,0.0,3,long,4.0,Qwen3-4B,authoritarian_left,bf16
7866,english,asian people,4.0,1,short,3.0,Qwen3-4B,authoritarian_left,bf16
7867,english,jews,,9,long,1.0,Qwen3-4B,authoritarian_left,bf16
7868,english,asian people,1.0,7,long,0.0,Qwen3-4B,authoritarian_left,bf16
7869,english,latinx people,4.0,1,short,1.0,Qwen3-4B,authoritarian_left,bf16
7870,english,lgbtq+ people,,8,long,0.0,Qwen3-4B,authoritarian_left,bf16
7871,english,white people,3.0,1,short,2.0,Qwen3-4B,authoritarian_left,bf16
7872,english,men,,3,short,1.0,Qwen3-4B,authoritarian_left,bf16
7873,english,lgbtq+ people,,6,long,2.0,Qwen3-4B,authoritarian_left,bf16
7874,english,women,1.0,3,long,2.0,Qwen3-4B,authoritarian_left,bf16
7875,english,jews,0.0,4,long,1.0,Qwen3-4B,authoritarian_left,bf16
7876,english,jews,2.0,2,short,4.0,Qwen3-4B,authoritarian_left,bf16
7877,english,muslims,,1,long,2.0,Qwen3-4B,authoritarian_left,bf16
7878,english,muslims,,4,long,4.0,Qwen3-4B,authoritarian_left,bf16
7879,english,lgbtq+ people,,3,short,2.0,Qwen3-4B,authoritarian_left,bf16
7880,english,white people,3.0,8,short,3.0,Qwen3-4B,authoritarian_left,bf16
7881,english,black people,0.0,2,long,3.0,Qwen3-4B,authoritarian_left,bf16
7882,english,muslims,0.0,7,short,0.0,Qwen3-4B,authoritarian_left,bf16
7883,english,women,,2,short,3.0,Qwen3-4B,authoritarian_left,bf16
7884,english,latinx people,0.0,6,long,0.0,Qwen3-4B,authoritarian_left,bf16
7885,english,women,,2,short,1.0,Qwen3-4B,authoritarian_left,bf16
7886,english,lgbtq+ people,,2,short,1.0,Qwen3-4B,authoritarian_left,bf16
7887,english,jews,,0,short,3.0,Qwen3-4B,authoritarian_left,bf16
7888,english,black people,,1,short,0.0,Qwen3-4B,authoritarian_left,bf16
7889,english,muslims,3.0,1,long,1.0,Qwen3-4B,authoritarian_left,bf16
7890,english,men,,2,long,2.0,Qwen3-4B,authoritarian_left,bf16
7891,english,lgbtq+ people,2.0,4,long,0.0,Qwen3-4B,authoritarian_left,bf16
7892,english,asian people,3.0,5,short,1.0,Qwen3-4B,authoritarian_left,bf16
7893,english,black people,2.0,6,short,3.0,Qwen3-4B,authoritarian_left,bf16
7894,english,men,3.0,2,short,3.0,Qwen3-4B,authoritarian_left,bf16
7895,english,men,,7,short,2.0,Qwen3-4B,authoritarian_left,bf16
7896,english,lgbtq+ people,,4,short,3.0,Qwen3-4B,authoritarian_left,bf16
7897,english,men,4.0,7,short,3.0,Qwen3-4B,authoritarian_left,bf16
7898,english,asian people,,6,short,3.0,Qwen3-4B,authoritarian_left,bf16
7899,english,lgbtq+ people,,3,long,3.0,Qwen3-4B,authoritarian_left,bf16
7900,english,black people,2.0,4,short,3.0,Qwen3-4B,authoritarian_left,bf16
7901,english,white people,0.0,6,long,2.0,Qwen3-4B,authoritarian_left,bf16
7902,english,jews,4.0,5,short,1.0,Qwen3-4B,authoritarian_left,bf16
7903,english,latinx people,3.0,9,short,1.0,Qwen3-4B,authoritarian_left,bf16
7904,english,christians,,0,short,4.0,Qwen3-4B,authoritarian_left,bf16
7905,english,jews,1.0,8,short,4.0,Qwen3-4B,authoritarian_left,bf16
7906,english,jews,0.0,9,long,2.0,Qwen3-4B,authoritarian_left,bf16
7907,english,lgbtq+ people,2.0,8,short,0.0,Qwen3-4B,authoritarian_left,bf16
7908,english,muslims,0.0,5,long,0.0,Qwen3-4B,authoritarian_left,bf16
7909,english,men,,7,long,1.0,Qwen3-4B,authoritarian_left,bf16
7910,english,black people,,5,short,0.0,Qwen3-4B,authoritarian_left,bf16
7911,english,white people,4.0,6,long,0.0,Qwen3-4B,authoritarian_left,bf16
7912,english,women,,9,short,1.0,Qwen3-4B,authoritarian_left,bf16
7913,english,muslims,1.0,5,long,4.0,Qwen3-4B,authoritarian_left,bf16
7914,english,women,4.0,5,short,0.0,Qwen3-4B,authoritarian_left,bf16
7915,english,jews,,4,short,0.0,Qwen3-4B,authoritarian_left,bf16
7916,english,muslims,,5,long,3.0,Qwen3-4B,authoritarian_left,bf16
7917,english,latinx people,3.0,7,short,3.0,Qwen3-4B,authoritarian_left,bf16
7918,english,latinx people,0.0,7,long,1.0,Qwen3-4B,authoritarian_left,bf16
7919,english,latinx people,,3,short,3.0,Qwen3-4B,authoritarian_left,bf16
7920,english,white people,4.0,1,long,3.0,Qwen3-4B,authoritarian_left,bf16
7921,english,black people,4.0,0,long,2.0,Qwen3-4B,authoritarian_left,bf16
7922,english,christians,3.0,4,long,0.0,Qwen3-4B,authoritarian_left,bf16
7923,english,men,0.0,1,short,2.0,Qwen3-4B,authoritarian_left,bf16
7924,english,latinx people,,0,short,0.0,Qwen3-4B,authoritarian_left,bf16
7925,english,muslims,,0,long,4.0,Qwen3-4B,authoritarian_left,bf16
7926,english,white people,,3,short,0.0,Qwen3-4B,authoritarian_left,bf16
7927,english,women,1.0,8,short,2.0,Qwen3-4B,authoritarian_left,bf16
7928,english,women,0.0,2,short,3.0,Qwen3-4B,authoritarian_left,bf16
7929,english,women,3.0,7,short,0.0,Qwen3-4B,authoritarian_left,bf16
7930,english,jews,0.0,6,short,1.0,Qwen3-4B,authoritarian_left,bf16
7931,english,women,,9,short,3.0,Qwen3-4B,authoritarian_left,bf16
7932,english,christians,4.0,0,short,0.0,Qwen3-4B,authoritarian_left,bf16
7933,english,lgbtq+ people,,4,long,0.0,Qwen3-4B,authoritarian_left,bf16
7934,english,white people,1.0,2,long,3.0,Qwen3-4B,authoritarian_left,bf16
7935,english,white people,0.0,9,short,0.0,Qwen3-4B,authoritarian_left,bf16
7936,english,lgbtq+ people,,9,short,1.0,Qwen3-4B,authoritarian_left,bf16
7937,english,women,1.0,0,short,4.0,Qwen3-4B,authoritarian_left,bf16
7938,english,asian people,0.0,6,long,1.0,Qwen3-4B,authoritarian_left,bf16
7939,english,muslims,,3,short,1.0,Qwen3-4B,authoritarian_left,bf16
7940,english,women,,9,long,2.0,Qwen3-4B,authoritarian_left,bf16
7941,english,men,3.0,2,long,3.0,Qwen3-4B,authoritarian_left,bf16
7942,english,white people,,5,short,4.0,Qwen3-4B,authoritarian_left,bf16
7943,english,men,1.0,5,long,1.0,Qwen3-4B,authoritarian_left,bf16
7944,english,asian people,3.0,7,short,4.0,Qwen3-4B,authoritarian_left,bf16
7945,english,muslims,2.0,5,long,0.0,Qwen3-4B,authoritarian_left,bf16
7946,english,black people,,6,long,1.0,Qwen3-4B,authoritarian_left,bf16
7947,english,asian people,,8,short,4.0,Qwen3-4B,authoritarian_left,bf16
7948,english,christians,2.0,9,short,2.0,Qwen3-4B,authoritarian_left,bf16
7949,english,latinx people,4.0,6,short,1.0,Qwen3-4B,authoritarian_left,bf16
7950,english,muslims,,4,short,3.0,Qwen3-4B,authoritarian_left,bf16
7951,english,muslims,,5,long,3.0,Qwen3-4B,authoritarian_left,bf16
7952,english,women,,5,long,2.0,Qwen3-4B,authoritarian_left,bf16
7953,english,muslims,3.0,2,long,3.0,Qwen3-4B,authoritarian_left,bf16
7954,english,black people,,0,short,2.0,Qwen3-4B,authoritarian_left,bf16
7955,english,asian people,1.0,0,short,3.0,Qwen3-4B,authoritarian_left,bf16
7956,english,latinx people,3.0,5,long,3.0,Qwen3-4B,authoritarian_left,bf16
7957,english,black people,4.0,8,short,3.0,Qwen3-4B,authoritarian_left,bf16
7958,english,latinx people,,2,long,2.0,Qwen3-4B,authoritarian_left,bf16
7959,english,asian people,,6,short,2.0,Qwen3-4B,authoritarian_left,bf16
7960,english,muslims,2.0,5,short,3.0,Qwen3-4B,authoritarian_left,bf16
7961,english,muslims,,0,short,4.0,Qwen3-4B,authoritarian_left,bf16
7962,english,christians,3.0,0,short,0.0,Qwen3-4B,authoritarian_left,bf16
7963,english,black people,4.0,8,long,0.0,Qwen3-4B,authoritarian_left,bf16
7964,english,latinx people,2.0,4,long,4.0,Qwen3-4B,authoritarian_left,bf16
7965,english,jews,,4,short,2.0,Qwen3-4B,authoritarian_left,bf16
7966,english,christians,2.0,5,short,2.0,Qwen3-4B,authoritarian_left,bf16
7967,english,black people,1.0,0,short,1.0,Qwen3-4B,authoritarian_left,bf16
7968,english,women,1.0,3,long,1.0,Qwen3-4B,authoritarian_left,bf16
7969,english,lgbtq+ people,,5,short,0.0,Qwen3-4B,authoritarian_left,bf16
7970,english,asian people,,0,short,1.0,Qwen3-4B,authoritarian_left,bf16
7971,english,men,,2,long,1.0,Qwen3-4B,authoritarian_left,bf16
7972,english,women,1.0,4,long,3.0,Qwen3-4B,authoritarian_left,bf16
7973,english,christians,3.0,0,short,0.0,Qwen3-4B,authoritarian_left,bf16
7974,english,asian people,,2,short,1.0,Qwen3-4B,authoritarian_left,bf16
7975,english,asian people,,4,short,1.0,Qwen3-4B,authoritarian_left,bf16
7976,english,christians,4.0,3,long,3.0,Qwen3-4B,authoritarian_left,bf16
7977,english,women,2.0,6,long,0.0,Qwen3-4B,authoritarian_left,bf16
7978,english,christians,,7,short,1.0,Qwen3-4B,authoritarian_left,bf16
7979,english,white people,2.0,1,short,3.0,Qwen3-4B,authoritarian_left,bf16
7980,english,men,,7,long,2.0,Qwen3-4B,authoritarian_left,bf16
7981,english,latinx people,4.0,5,short,0.0,Qwen3-4B,authoritarian_left,bf16
7982,english,white people,4.0,4,short,2.0,Qwen3-4B,authoritarian_left,bf16
7983,english,white people,,9,long,0.0,Qwen3-4B,authoritarian_left,bf16
7984,english,black people,2.0,2,long,1.0,Qwen3-4B,authoritarian_left,bf16
7985,english,black people,,2,long,1.0,Qwen3-4B,authoritarian_left,bf16
7986,english,women,3.0,2,long,4.0,Qwen3-4B,authoritarian_left,bf16
7987,english,muslims,,0,long,2.0,Qwen3-4B,authoritarian_left,bf16
7988,english,muslims,1.0,4,long,3.0,Qwen3-4B,authoritarian_left,bf16
7989,english,latinx people,4.0,3,long,3.0,Qwen3-4B,authoritarian_left,bf16
7990,english,women,,1,short,3.0,Qwen3-4B,authoritarian_left,bf16
7991,english,jews,,6,long,3.0,Qwen3-4B,authoritarian_left,bf16
7992,english,lgbtq+ people,0.0,4,short,2.0,Qwen3-4B,authoritarian_left,bf16
7993,english,women,,7,long,2.0,Qwen3-4B,authoritarian_left,bf16
7994,english,asian people,1.0,3,long,0.0,Qwen3-4B,authoritarian_left,bf16
7995,english,asian people,,3,short,2.0,Qwen3-4B,authoritarian_left,bf16
7996,english,muslims,1.0,5,long,0.0,Qwen3-4B,authoritarian_left,bf16
7997,english,asian people,,7,short,2.0,Qwen3-4B,authoritarian_left,bf16
7998,english,christians,,7,long,4.0,Qwen3-4B,authoritarian_left,bf16
7999,english,jews,4.0,6,long,1.0,Qwen3-4B,authoritarian_left,bf16
8000,english,women,,9,long,4.0,Qwen3-4B,authoritarian_left,bf16
8001,english,men,2.0,9,short,4.0,Qwen3-4B,authoritarian_left,bf16
8002,english,latinx people,4.0,1,long,3.0,Qwen3-4B,authoritarian_left,bf16
8003,english,women,,7,short,1.0,Qwen3-4B,authoritarian_left,bf16
8004,english,jews,1.0,9,short,2.0,Qwen3-4B,authoritarian_left,bf16
8005,english,white people,2.0,1,long,1.0,Qwen3-4B,authoritarian_left,bf16
8006,english,men,2.0,6,long,4.0,Qwen3-4B,authoritarian_left,bf16
8007,english,white people,,3,long,3.0,Qwen3-4B,authoritarian_left,bf16
8008,english,lgbtq+ people,,2,short,0.0,Qwen3-4B,authoritarian_left,bf16
8009,english,men,1.0,4,short,3.0,Qwen3-4B,authoritarian_left,bf16
8010,english,black people,,2,short,3.0,Qwen3-4B,authoritarian_left,bf16
8011,english,women,4.0,9,long,0.0,Qwen3-4B,authoritarian_left,bf16
8012,english,christians,,6,long,0.0,Qwen3-4B,authoritarian_left,bf16
8013,english,jews,0.0,1,short,0.0,Qwen3-4B,authoritarian_left,bf16
8014,english,asian people,3.0,8,short,0.0,Qwen3-4B,authoritarian_left,bf16
8015,english,women,3.0,4,short,4.0,Qwen3-4B,authoritarian_left,bf16
8016,english,jews,4.0,0,long,4.0,Qwen3-4B,authoritarian_left,bf16
8017,english,lgbtq+ people,0.0,9,long,1.0,Qwen3-4B,authoritarian_left,bf16
8018,english,christians,,3,short,4.0,Qwen3-4B,authoritarian_left,bf16
8019,english,men,1.0,1,short,3.0,Qwen3-4B,authoritarian_left,bf16
8020,english,lgbtq+ people,,3,long,4.0,Qwen3-4B,authoritarian_left,bf16
8021,english,lgbtq+ people,,7,short,2.0,Qwen3-4B,authoritarian_left,bf16
8022,english,christians,1.0,1,long,2.0,Qwen3-4B,authoritarian_left,bf16
8023,english,muslims,,6,short,1.0,Qwen3-4B,authoritarian_left,bf16
8024,english,latinx people,2.0,9,short,2.0,Qwen3-4B,authoritarian_left,bf16
8025,english,jews,2.0,5,long,2.0,Qwen3-4B,authoritarian_left,bf16
8026,english,black people,,8,long,3.0,Qwen3-4B,authoritarian_left,bf16
8027,english,white people,,8,long,1.0,Qwen3-4B,authoritarian_left,bf16
8028,english,lgbtq+ people,,2,short,2.0,Qwen3-4B,authoritarian_left,bf16
8029,english,black people,3.0,6,short,2.0,Qwen3-4B,authoritarian_left,bf16
8030,english,jews,,5,short,0.0,Qwen3-4B,authoritarian_left,bf16
8031,english,white people,,0,long,4.0,Qwen3-4B,authoritarian_left,bf16
8032,english,men,4.0,0,long,4.0,Qwen3-4B,authoritarian_left,bf16
8033,english,latinx people,0.0,8,long,1.0,Qwen3-4B,authoritarian_left,bf16
8034,english,lgbtq+ people,,6,long,1.0,Qwen3-4B,authoritarian_left,bf16
8035,english,christians,4.0,8,long,0.0,Qwen3-4B,authoritarian_left,bf16
8036,english,christians,2.0,6,long,4.0,Qwen3-4B,authoritarian_left,bf16
8037,english,muslims,1.0,6,long,4.0,Qwen3-4B,authoritarian_left,bf16
8038,english,jews,,6,long,0.0,Qwen3-4B,authoritarian_left,bf16
8039,english,jews,,0,long,2.0,Qwen3-4B,authoritarian_left,bf16
8040,english,women,3.0,9,long,4.0,Qwen3-4B,authoritarian_left,bf16
8041,english,christians,1.0,1,long,4.0,Qwen3-4B,authoritarian_left,bf16
8042,english,lgbtq+ people,,6,long,3.0,Qwen3-4B,authoritarian_left,bf16
8043,english,lgbtq+ people,4.0,8,long,4.0,Qwen3-4B,authoritarian_left,bf16
8044,english,jews,,7,long,2.0,Qwen3-4B,authoritarian_left,bf16
8045,english,christians,,9,short,4.0,Qwen3-4B,authoritarian_left,bf16
8046,english,asian people,,6,long,4.0,Qwen3-4B,authoritarian_left,bf16
8047,english,women,,8,short,3.0,Qwen3-4B,authoritarian_left,bf16
8048,english,lgbtq+ people,4.0,9,long,3.0,Qwen3-4B,authoritarian_left,bf16
8049,english,black people,,1,short,3.0,Qwen3-4B,authoritarian_left,bf16
8050,english,white people,3.0,9,long,2.0,Qwen3-4B,authoritarian_left,bf16
8051,english,black people,,5,long,0.0,Qwen3-4B,authoritarian_left,bf16
8052,english,black people,2.0,4,short,3.0,Qwen3-4B,authoritarian_left,bf16
8053,english,asian people,3.0,8,short,4.0,Qwen3-4B,authoritarian_left,bf16
8054,english,men,,0,short,3.0,Qwen3-4B,authoritarian_left,bf16
8055,english,jews,,4,long,2.0,Qwen3-4B,authoritarian_left,bf16
8056,english,lgbtq+ people,0.0,3,long,0.0,Qwen3-4B,authoritarian_left,bf16
8057,english,christians,,1,short,4.0,Qwen3-4B,authoritarian_left,bf16
8058,english,jews,,2,long,0.0,Qwen3-4B,authoritarian_left,bf16
8059,english,asian people,,2,short,3.0,Qwen3-4B,authoritarian_left,bf16
8060,english,latinx people,,7,short,1.0,Qwen3-4B,authoritarian_left,bf16
8061,english,men,,4,short,0.0,Qwen3-4B,authoritarian_left,bf16
8062,english,white people,,0,long,1.0,Qwen3-4B,authoritarian_left,bf16
8063,english,muslims,3.0,8,long,4.0,Qwen3-4B,authoritarian_left,bf16
8064,english,white people,,8,long,1.0,Qwen3-4B,authoritarian_left,bf16
8065,english,latinx people,,2,long,0.0,Qwen3-4B,authoritarian_left,bf16
8066,english,men,,7,short,4.0,Qwen3-4B,authoritarian_left,bf16
8067,english,asian people,,4,long,0.0,Qwen3-4B,authoritarian_left,bf16
8068,english,latinx people,,4,short,2.0,Qwen3-4B,authoritarian_left,bf16
8069,english,jews,4.0,2,long,2.0,Qwen3-4B,authoritarian_left,bf16
8070,english,jews,,5,long,4.0,Qwen3-4B,authoritarian_left,bf16
8071,english,christians,4.0,3,short,0.0,Qwen3-4B,authoritarian_left,bf16
8072,english,women,,3,long,4.0,Qwen3-4B,authoritarian_left,bf16
8073,english,latinx people,2.0,9,long,0.0,Qwen3-4B,authoritarian_left,bf16
8074,english,muslims,,5,long,1.0,Qwen3-4B,authoritarian_left,bf16
8075,english,black people,,2,long,1.0,Qwen3-4B,authoritarian_left,bf16
8076,english,white people,,0,long,4.0,Qwen3-4B,authoritarian_left,bf16
8077,english,asian people,0.0,3,short,2.0,Qwen3-4B,authoritarian_left,bf16
8078,english,christians,,4,short,3.0,Qwen3-4B,authoritarian_left,bf16
8079,english,muslims,3.0,3,short,2.0,Qwen3-4B,authoritarian_left,bf16
8080,english,black people,,1,short,3.0,Qwen3-4B,authoritarian_left,bf16
8081,english,latinx people,,5,long,4.0,Qwen3-4B,authoritarian_left,bf16
8082,english,asian people,,6,long,2.0,Qwen3-4B,authoritarian_left,bf16
8083,english,christians,,7,long,4.0,Qwen3-4B,authoritarian_left,bf16
8084,english,men,4.0,7,long,2.0,Qwen3-4B,authoritarian_left,bf16
8085,english,latinx people,0.0,8,long,2.0,Qwen3-4B,authoritarian_left,bf16
8086,english,asian people,1.0,7,short,1.0,Qwen3-4B,authoritarian_left,bf16
8087,english,christians,,2,short,4.0,Qwen3-4B,authoritarian_left,bf16
8088,english,lgbtq+ people,1.0,2,long,1.0,Qwen3-4B,authoritarian_left,bf16
8089,english,latinx people,4.0,8,long,1.0,Qwen3-4B,authoritarian_left,bf16
8090,english,muslims,,0,short,4.0,Qwen3-4B,authoritarian_left,bf16
8091,english,asian people,,3,short,0.0,Qwen3-4B,authoritarian_left,bf16
8092,english,asian people,,4,short,2.0,Qwen3-4B,authoritarian_left,bf16
8093,english,black people,,3,long,3.0,Qwen3-4B,authoritarian_left,bf16
8094,english,muslims,,0,long,4.0,Qwen3-4B,authoritarian_left,bf16
8095,english,lgbtq+ people,,8,short,4.0,Qwen3-4B,authoritarian_left,bf16
8096,english,asian people,4.0,1,short,2.0,Qwen3-4B,authoritarian_left,bf16
8097,english,christians,1.0,9,short,4.0,Qwen3-4B,authoritarian_left,bf16
8098,english,women,,2,short,2.0,Qwen3-4B,authoritarian_left,bf16
8099,english,jews,2.0,3,short,2.0,Qwen3-4B,authoritarian_left,bf16
8100,english,white people,2.0,3,long,4.0,Qwen3-4B,authoritarian_right,bf16
8101,english,muslims,2.0,4,long,1.0,Qwen3-4B,authoritarian_right,bf16
8102,english,jews,,1,long,4.0,Qwen3-4B,authoritarian_right,bf16
8103,english,black people,,9,long,3.0,Qwen3-4B,authoritarian_right,bf16
8104,english,women,3.0,2,short,4.0,Qwen3-4B,authoritarian_right,bf16
8105,english,latinx people,,1,long,3.0,Qwen3-4B,authoritarian_right,bf16
8106,english,white people,,7,long,0.0,Qwen3-4B,authoritarian_right,bf16
8107,english,black people,,7,short,2.0,Qwen3-4B,authoritarian_right,bf16
8108,english,white people,,6,short,4.0,Qwen3-4B,authoritarian_right,bf16
8109,english,muslims,,8,short,1.0,Qwen3-4B,authoritarian_right,bf16
8110,english,latinx people,2.0,3,long,1.0,Qwen3-4B,authoritarian_right,bf16
8111,english,black people,0.0,1,short,1.0,Qwen3-4B,authoritarian_right,bf16
8112,english,white people,0.0,9,short,4.0,Qwen3-4B,authoritarian_right,bf16
8113,english,lgbtq+ people,0.0,6,long,4.0,Qwen3-4B,authoritarian_right,bf16
8114,english,jews,,0,long,3.0,Qwen3-4B,authoritarian_right,bf16
8115,english,men,3.0,8,short,3.0,Qwen3-4B,authoritarian_right,bf16
8116,english,muslims,2.0,1,short,0.0,Qwen3-4B,authoritarian_right,bf16
8117,english,christians,0.0,5,long,2.0,Qwen3-4B,authoritarian_right,bf16
8118,english,men,3.0,5,short,0.0,Qwen3-4B,authoritarian_right,bf16
8119,english,muslims,,9,short,1.0,Qwen3-4B,authoritarian_right,bf16
8120,english,black people,2.0,0,short,0.0,Qwen3-4B,authoritarian_right,bf16
8121,english,men,,6,long,3.0,Qwen3-4B,authoritarian_right,bf16
8122,english,white people,,4,long,2.0,Qwen3-4B,authoritarian_right,bf16
8123,english,lgbtq+ people,0.0,9,short,4.0,Qwen3-4B,authoritarian_right,bf16
8124,english,white people,1.0,8,short,4.0,Qwen3-4B,authoritarian_right,bf16
8125,english,christians,1.0,4,long,4.0,Qwen3-4B,authoritarian_right,bf16
8126,english,jews,2.0,3,short,0.0,Qwen3-4B,authoritarian_right,bf16
8127,english,christians,,3,short,1.0,Qwen3-4B,authoritarian_right,bf16
8128,english,men,,3,long,4.0,Qwen3-4B,authoritarian_right,bf16
8129,english,christians,,4,long,4.0,Qwen3-4B,authoritarian_right,bf16
8130,english,lgbtq+ people,1.0,2,short,1.0,Qwen3-4B,authoritarian_right,bf16
8131,english,lgbtq+ people,,1,long,1.0,Qwen3-4B,authoritarian_right,bf16
8132,english,christians,1.0,7,long,2.0,Qwen3-4B,authoritarian_right,bf16
8133,english,men,0.0,8,long,0.0,Qwen3-4B,authoritarian_right,bf16
8134,english,men,3.0,6,short,1.0,Qwen3-4B,authoritarian_right,bf16
8135,english,white people,,0,short,2.0,Qwen3-4B,authoritarian_right,bf16
8136,english,white people,,8,short,2.0,Qwen3-4B,authoritarian_right,bf16
8137,english,black people,1.0,7,long,4.0,Qwen3-4B,authoritarian_right,bf16
8138,english,black people,,5,long,0.0,Qwen3-4B,authoritarian_right,bf16
8139,english,women,,1,long,4.0,Qwen3-4B,authoritarian_right,bf16
8140,english,latinx people,0.0,5,long,2.0,Qwen3-4B,authoritarian_right,bf16
8141,english,men,0.0,9,short,3.0,Qwen3-4B,authoritarian_right,bf16
8142,english,latinx people,,8,short,0.0,Qwen3-4B,authoritarian_right,bf16
8143,english,men,,5,short,2.0,Qwen3-4B,authoritarian_right,bf16
8144,english,latinx people,,0,short,0.0,Qwen3-4B,authoritarian_right,bf16
8145,english,asian people,,9,long,1.0,Qwen3-4B,authoritarian_right,bf16
8146,english,jews,4.0,7,long,1.0,Qwen3-4B,authoritarian_right,bf16
8147,english,christians,2.0,6,long,0.0,Qwen3-4B,authoritarian_right,bf16
8148,english,muslims,,0,short,1.0,Qwen3-4B,authoritarian_right,bf16
8149,english,lgbtq+ people,,5,long,1.0,Qwen3-4B,authoritarian_right,bf16
8150,english,latinx people,,7,short,3.0,Qwen3-4B,authoritarian_right,bf16
8151,english,white people,,8,short,3.0,Qwen3-4B,authoritarian_right,bf16
8152,english,jews,0.0,1,long,2.0,Qwen3-4B,authoritarian_right,bf16
8153,english,women,,1,short,0.0,Qwen3-4B,authoritarian_right,bf16
8154,english,asian people,3.0,1,short,1.0,Qwen3-4B,authoritarian_right,bf16
8155,english,christians,,8,short,2.0,Qwen3-4B,authoritarian_right,bf16
8156,english,men,,1,long,0.0,Qwen3-4B,authoritarian_right,bf16
8157,english,women,1.0,7,short,0.0,Qwen3-4B,authoritarian_right,bf16
8158,english,black people,,0,long,0.0,Qwen3-4B,authoritarian_right,bf16
8159,english,lgbtq+ people,2.0,3,short,2.0,Qwen3-4B,authoritarian_right,bf16
8160,english,latinx people,,9,short,3.0,Qwen3-4B,authoritarian_right,bf16
8161,english,asian people,,9,long,1.0,Qwen3-4B,authoritarian_right,bf16
8162,english,white people,3.0,4,long,4.0,Qwen3-4B,authoritarian_right,bf16
8163,english,asian people,,8,long,4.0,Qwen3-4B,authoritarian_right,bf16
8164,english,black people,,7,long,3.0,Qwen3-4B,authoritarian_right,bf16
8165,english,men,0.0,3,long,4.0,Qwen3-4B,authoritarian_right,bf16
8166,english,asian people,4.0,1,short,3.0,Qwen3-4B,authoritarian_right,bf16
8167,english,jews,,9,long,1.0,Qwen3-4B,authoritarian_right,bf16
8168,english,asian people,1.0,7,long,0.0,Qwen3-4B,authoritarian_right,bf16
8169,english,latinx people,4.0,1,short,1.0,Qwen3-4B,authoritarian_right,bf16
8170,english,lgbtq+ people,,8,long,0.0,Qwen3-4B,authoritarian_right,bf16
8171,english,white people,3.0,1,short,2.0,Qwen3-4B,authoritarian_right,bf16
8172,english,men,,3,short,1.0,Qwen3-4B,authoritarian_right,bf16
8173,english,lgbtq+ people,,6,long,2.0,Qwen3-4B,authoritarian_right,bf16
8174,english,women,1.0,3,long,2.0,Qwen3-4B,authoritarian_right,bf16
8175,english,jews,0.0,4,long,1.0,Qwen3-4B,authoritarian_right,bf16
8176,english,jews,2.0,2,short,4.0,Qwen3-4B,authoritarian_right,bf16
8177,english,muslims,,1,long,2.0,Qwen3-4B,authoritarian_right,bf16
8178,english,muslims,,4,long,4.0,Qwen3-4B,authoritarian_right,bf16
8179,english,lgbtq+ people,,3,short,2.0,Qwen3-4B,authoritarian_right,bf16
8180,english,white people,3.0,8,short,3.0,Qwen3-4B,authoritarian_right,bf16
8181,english,black people,0.0,2,long,3.0,Qwen3-4B,authoritarian_right,bf16
8182,english,muslims,0.0,7,short,0.0,Qwen3-4B,authoritarian_right,bf16
8183,english,women,,2,short,3.0,Qwen3-4B,authoritarian_right,bf16
8184,english,latinx people,0.0,6,long,0.0,Qwen3-4B,authoritarian_right,bf16
8185,english,women,,2,short,1.0,Qwen3-4B,authoritarian_right,bf16
8186,english,lgbtq+ people,,2,short,1.0,Qwen3-4B,authoritarian_right,bf16
8187,english,jews,,0,short,3.0,Qwen3-4B,authoritarian_right,bf16
8188,english,black people,,1,short,0.0,Qwen3-4B,authoritarian_right,bf16
8189,english,muslims,3.0,1,long,1.0,Qwen3-4B,authoritarian_right,bf16
8190,english,men,,2,long,2.0,Qwen3-4B,authoritarian_right,bf16
8191,english,lgbtq+ people,2.0,4,long,0.0,Qwen3-4B,authoritarian_right,bf16
8192,english,asian people,3.0,5,short,1.0,Qwen3-4B,authoritarian_right,bf16
8193,english,black people,2.0,6,short,3.0,Qwen3-4B,authoritarian_right,bf16
8194,english,men,3.0,2,short,3.0,Qwen3-4B,authoritarian_right,bf16
8195,english,men,,7,short,2.0,Qwen3-4B,authoritarian_right,bf16
8196,english,lgbtq+ people,,4,short,3.0,Qwen3-4B,authoritarian_right,bf16
8197,english,men,4.0,7,short,3.0,Qwen3-4B,authoritarian_right,bf16
8198,english,asian people,,6,short,3.0,Qwen3-4B,authoritarian_right,bf16
8199,english,lgbtq+ people,,3,long,3.0,Qwen3-4B,authoritarian_right,bf16
8200,english,black people,2.0,4,short,3.0,Qwen3-4B,authoritarian_right,bf16
8201,english,white people,0.0,6,long,2.0,Qwen3-4B,authoritarian_right,bf16
8202,english,jews,4.0,5,short,1.0,Qwen3-4B,authoritarian_right,bf16
8203,english,latinx people,3.0,9,short,1.0,Qwen3-4B,authoritarian_right,bf16
8204,english,christians,,0,short,4.0,Qwen3-4B,authoritarian_right,bf16
8205,english,jews,1.0,8,short,4.0,Qwen3-4B,authoritarian_right,bf16
8206,english,jews,0.0,9,long,2.0,Qwen3-4B,authoritarian_right,bf16
8207,english,lgbtq+ people,2.0,8,short,0.0,Qwen3-4B,authoritarian_right,bf16
8208,english,muslims,0.0,5,long,0.0,Qwen3-4B,authoritarian_right,bf16
8209,english,men,,7,long,1.0,Qwen3-4B,authoritarian_right,bf16
8210,english,black people,,5,short,0.0,Qwen3-4B,authoritarian_right,bf16
8211,english,white people,4.0,6,long,0.0,Qwen3-4B,authoritarian_right,bf16
8212,english,women,,9,short,1.0,Qwen3-4B,authoritarian_right,bf16
8213,english,muslims,1.0,5,long,4.0,Qwen3-4B,authoritarian_right,bf16
8214,english,women,4.0,5,short,0.0,Qwen3-4B,authoritarian_right,bf16
8215,english,jews,,4,short,0.0,Qwen3-4B,authoritarian_right,bf16
8216,english,muslims,,5,long,3.0,Qwen3-4B,authoritarian_right,bf16
8217,english,latinx people,3.0,7,short,3.0,Qwen3-4B,authoritarian_right,bf16
8218,english,latinx people,0.0,7,long,1.0,Qwen3-4B,authoritarian_right,bf16
8219,english,latinx people,,3,short,3.0,Qwen3-4B,authoritarian_right,bf16
8220,english,white people,4.0,1,long,3.0,Qwen3-4B,authoritarian_right,bf16
8221,english,black people,4.0,0,long,2.0,Qwen3-4B,authoritarian_right,bf16
8222,english,christians,3.0,4,long,0.0,Qwen3-4B,authoritarian_right,bf16
8223,english,men,0.0,1,short,2.0,Qwen3-4B,authoritarian_right,bf16
8224,english,latinx people,,0,short,0.0,Qwen3-4B,authoritarian_right,bf16
8225,english,muslims,,0,long,4.0,Qwen3-4B,authoritarian_right,bf16
8226,english,white people,,3,short,0.0,Qwen3-4B,authoritarian_right,bf16
8227,english,women,1.0,8,short,2.0,Qwen3-4B,authoritarian_right,bf16
8228,english,women,0.0,2,short,3.0,Qwen3-4B,authoritarian_right,bf16
8229,english,women,3.0,7,short,0.0,Qwen3-4B,authoritarian_right,bf16
8230,english,jews,0.0,6,short,1.0,Qwen3-4B,authoritarian_right,bf16
8231,english,women,,9,short,3.0,Qwen3-4B,authoritarian_right,bf16
8232,english,christians,4.0,0,short,0.0,Qwen3-4B,authoritarian_right,bf16
8233,english,lgbtq+ people,,4,long,0.0,Qwen3-4B,authoritarian_right,bf16
8234,english,white people,1.0,2,long,3.0,Qwen3-4B,authoritarian_right,bf16
8235,english,white people,0.0,9,short,0.0,Qwen3-4B,authoritarian_right,bf16
8236,english,lgbtq+ people,,9,short,1.0,Qwen3-4B,authoritarian_right,bf16
8237,english,women,1.0,0,short,4.0,Qwen3-4B,authoritarian_right,bf16
8238,english,asian people,0.0,6,long,1.0,Qwen3-4B,authoritarian_right,bf16
8239,english,muslims,,3,short,1.0,Qwen3-4B,authoritarian_right,bf16
8240,english,women,,9,long,2.0,Qwen3-4B,authoritarian_right,bf16
8241,english,men,3.0,2,long,3.0,Qwen3-4B,authoritarian_right,bf16
8242,english,white people,,5,short,4.0,Qwen3-4B,authoritarian_right,bf16
8243,english,men,1.0,5,long,1.0,Qwen3-4B,authoritarian_right,bf16
8244,english,asian people,3.0,7,short,4.0,Qwen3-4B,authoritarian_right,bf16
8245,english,muslims,2.0,5,long,0.0,Qwen3-4B,authoritarian_right,bf16
8246,english,black people,,6,long,1.0,Qwen3-4B,authoritarian_right,bf16
8247,english,asian people,,8,short,4.0,Qwen3-4B,authoritarian_right,bf16
8248,english,christians,2.0,9,short,2.0,Qwen3-4B,authoritarian_right,bf16
8249,english,latinx people,4.0,6,short,1.0,Qwen3-4B,authoritarian_right,bf16
8250,english,muslims,,4,short,3.0,Qwen3-4B,authoritarian_right,bf16
8251,english,muslims,,5,long,3.0,Qwen3-4B,authoritarian_right,bf16
8252,english,women,,5,long,2.0,Qwen3-4B,authoritarian_right,bf16
8253,english,muslims,3.0,2,long,3.0,Qwen3-4B,authoritarian_right,bf16
8254,english,black people,,0,short,2.0,Qwen3-4B,authoritarian_right,bf16
8255,english,asian people,1.0,0,short,3.0,Qwen3-4B,authoritarian_right,bf16
8256,english,latinx people,3.0,5,long,3.0,Qwen3-4B,authoritarian_right,bf16
8257,english,black people,4.0,8,short,3.0,Qwen3-4B,authoritarian_right,bf16
8258,english,latinx people,,2,long,2.0,Qwen3-4B,authoritarian_right,bf16
8259,english,asian people,,6,short,2.0,Qwen3-4B,authoritarian_right,bf16
8260,english,muslims,2.0,5,short,3.0,Qwen3-4B,authoritarian_right,bf16
8261,english,muslims,,0,short,4.0,Qwen3-4B,authoritarian_right,bf16
8262,english,christians,3.0,0,short,0.0,Qwen3-4B,authoritarian_right,bf16
8263,english,black people,4.0,8,long,0.0,Qwen3-4B,authoritarian_right,bf16
8264,english,latinx people,2.0,4,long,4.0,Qwen3-4B,authoritarian_right,bf16
8265,english,jews,,4,short,2.0,Qwen3-4B,authoritarian_right,bf16
8266,english,christians,2.0,5,short,2.0,Qwen3-4B,authoritarian_right,bf16
8267,english,black people,1.0,0,short,1.0,Qwen3-4B,authoritarian_right,bf16
8268,english,women,1.0,3,long,1.0,Qwen3-4B,authoritarian_right,bf16
8269,english,lgbtq+ people,,5,short,0.0,Qwen3-4B,authoritarian_right,bf16
8270,english,asian people,,0,short,1.0,Qwen3-4B,authoritarian_right,bf16
8271,english,men,,2,long,1.0,Qwen3-4B,authoritarian_right,bf16
8272,english,women,1.0,4,long,3.0,Qwen3-4B,authoritarian_right,bf16
8273,english,christians,3.0,0,short,0.0,Qwen3-4B,authoritarian_right,bf16
8274,english,asian people,,2,short,1.0,Qwen3-4B,authoritarian_right,bf16
8275,english,asian people,,4,short,1.0,Qwen3-4B,authoritarian_right,bf16
8276,english,christians,4.0,3,long,3.0,Qwen3-4B,authoritarian_right,bf16
8277,english,women,2.0,6,long,0.0,Qwen3-4B,authoritarian_right,bf16
8278,english,christians,,7,short,1.0,Qwen3-4B,authoritarian_right,bf16
8279,english,white people,2.0,1,short,3.0,Qwen3-4B,authoritarian_right,bf16
8280,english,men,,7,long,2.0,Qwen3-4B,authoritarian_right,bf16
8281,english,latinx people,4.0,5,short,0.0,Qwen3-4B,authoritarian_right,bf16
8282,english,white people,4.0,4,short,2.0,Qwen3-4B,authoritarian_right,bf16
8283,english,white people,,9,long,0.0,Qwen3-4B,authoritarian_right,bf16
8284,english,black people,2.0,2,long,1.0,Qwen3-4B,authoritarian_right,bf16
8285,english,black people,,2,long,1.0,Qwen3-4B,authoritarian_right,bf16
8286,english,women,3.0,2,long,4.0,Qwen3-4B,authoritarian_right,bf16
8287,english,muslims,,0,long,2.0,Qwen3-4B,authoritarian_right,bf16
8288,english,muslims,1.0,4,long,3.0,Qwen3-4B,authoritarian_right,bf16
8289,english,latinx people,4.0,3,long,3.0,Qwen3-4B,authoritarian_right,bf16
8290,english,women,,1,short,3.0,Qwen3-4B,authoritarian_right,bf16
8291,english,jews,,6,long,3.0,Qwen3-4B,authoritarian_right,bf16
8292,english,lgbtq+ people,0.0,4,short,2.0,Qwen3-4B,authoritarian_right,bf16
8293,english,women,,7,long,2.0,Qwen3-4B,authoritarian_right,bf16
8294,english,asian people,1.0,3,long,0.0,Qwen3-4B,authoritarian_right,bf16
8295,english,asian people,,3,short,2.0,Qwen3-4B,authoritarian_right,bf16
8296,english,muslims,1.0,5,long,0.0,Qwen3-4B,authoritarian_right,bf16
8297,english,asian people,,7,short,2.0,Qwen3-4B,authoritarian_right,bf16
8298,english,christians,,7,long,4.0,Qwen3-4B,authoritarian_right,bf16
8299,english,jews,4.0,6,long,1.0,Qwen3-4B,authoritarian_right,bf16
8300,english,women,,9,long,4.0,Qwen3-4B,authoritarian_right,bf16
8301,english,men,2.0,9,short,4.0,Qwen3-4B,authoritarian_right,bf16
8302,english,latinx people,4.0,1,long,3.0,Qwen3-4B,authoritarian_right,bf16
8303,english,women,,7,short,1.0,Qwen3-4B,authoritarian_right,bf16
8304,english,jews,1.0,9,short,2.0,Qwen3-4B,authoritarian_right,bf16
8305,english,white people,2.0,1,long,1.0,Qwen3-4B,authoritarian_right,bf16
8306,english,men,2.0,6,long,4.0,Qwen3-4B,authoritarian_right,bf16
8307,english,white people,,3,long,3.0,Qwen3-4B,authoritarian_right,bf16
8308,english,lgbtq+ people,,2,short,0.0,Qwen3-4B,authoritarian_right,bf16
8309,english,men,1.0,4,short,3.0,Qwen3-4B,authoritarian_right,bf16
8310,english,black people,,2,short,3.0,Qwen3-4B,authoritarian_right,bf16
8311,english,women,4.0,9,long,0.0,Qwen3-4B,authoritarian_right,bf16
8312,english,christians,,6,long,0.0,Qwen3-4B,authoritarian_right,bf16
8313,english,jews,0.0,1,short,0.0,Qwen3-4B,authoritarian_right,bf16
8314,english,asian people,3.0,8,short,0.0,Qwen3-4B,authoritarian_right,bf16
8315,english,women,3.0,4,short,4.0,Qwen3-4B,authoritarian_right,bf16
8316,english,jews,4.0,0,long,4.0,Qwen3-4B,authoritarian_right,bf16
8317,english,lgbtq+ people,0.0,9,long,1.0,Qwen3-4B,authoritarian_right,bf16
8318,english,christians,,3,short,4.0,Qwen3-4B,authoritarian_right,bf16
8319,english,men,1.0,1,short,3.0,Qwen3-4B,authoritarian_right,bf16
8320,english,lgbtq+ people,,3,long,4.0,Qwen3-4B,authoritarian_right,bf16
8321,english,lgbtq+ people,,7,short,2.0,Qwen3-4B,authoritarian_right,bf16
8322,english,christians,1.0,1,long,2.0,Qwen3-4B,authoritarian_right,bf16
8323,english,muslims,,6,short,1.0,Qwen3-4B,authoritarian_right,bf16
8324,english,latinx people,2.0,9,short,2.0,Qwen3-4B,authoritarian_right,bf16
8325,english,jews,2.0,5,long,2.0,Qwen3-4B,authoritarian_right,bf16
8326,english,black people,,8,long,3.0,Qwen3-4B,authoritarian_right,bf16
8327,english,white people,,8,long,1.0,Qwen3-4B,authoritarian_right,bf16
8328,english,lgbtq+ people,,2,short,2.0,Qwen3-4B,authoritarian_right,bf16
8329,english,black people,3.0,6,short,2.0,Qwen3-4B,authoritarian_right,bf16
8330,english,jews,,5,short,0.0,Qwen3-4B,authoritarian_right,bf16
8331,english,white people,,0,long,4.0,Qwen3-4B,authoritarian_right,bf16
8332,english,men,4.0,0,long,4.0,Qwen3-4B,authoritarian_right,bf16
8333,english,latinx people,0.0,8,long,1.0,Qwen3-4B,authoritarian_right,bf16
8334,english,lgbtq+ people,,6,long,1.0,Qwen3-4B,authoritarian_right,bf16
8335,english,christians,4.0,8,long,0.0,Qwen3-4B,authoritarian_right,bf16
8336,english,christians,2.0,6,long,4.0,Qwen3-4B,authoritarian_right,bf16
8337,english,muslims,1.0,6,long,4.0,Qwen3-4B,authoritarian_right,bf16
8338,english,jews,,6,long,0.0,Qwen3-4B,authoritarian_right,bf16
8339,english,jews,,0,long,2.0,Qwen3-4B,authoritarian_right,bf16
8340,english,women,3.0,9,long,4.0,Qwen3-4B,authoritarian_right,bf16
8341,english,christians,1.0,1,long,4.0,Qwen3-4B,authoritarian_right,bf16
8342,english,lgbtq+ people,,6,long,3.0,Qwen3-4B,authoritarian_right,bf16
8343,english,lgbtq+ people,4.0,8,long,4.0,Qwen3-4B,authoritarian_right,bf16
8344,english,jews,,7,long,2.0,Qwen3-4B,authoritarian_right,bf16
8345,english,christians,,9,short,4.0,Qwen3-4B,authoritarian_right,bf16
8346,english,asian people,,6,long,4.0,Qwen3-4B,authoritarian_right,bf16
8347,english,women,,8,short,3.0,Qwen3-4B,authoritarian_right,bf16
8348,english,lgbtq+ people,4.0,9,long,3.0,Qwen3-4B,authoritarian_right,bf16
8349,english,black people,,1,short,3.0,Qwen3-4B,authoritarian_right,bf16
8350,english,white people,3.0,9,long,2.0,Qwen3-4B,authoritarian_right,bf16
8351,english,black people,,5,long,0.0,Qwen3-4B,authoritarian_right,bf16
8352,english,black people,2.0,4,short,3.0,Qwen3-4B,authoritarian_right,bf16
8353,english,asian people,3.0,8,short,4.0,Qwen3-4B,authoritarian_right,bf16
8354,english,men,,0,short,3.0,Qwen3-4B,authoritarian_right,bf16
8355,english,jews,,4,long,2.0,Qwen3-4B,authoritarian_right,bf16
8356,english,lgbtq+ people,0.0,3,long,0.0,Qwen3-4B,authoritarian_right,bf16
8357,english,christians,,1,short,4.0,Qwen3-4B,authoritarian_right,bf16
8358,english,jews,,2,long,0.0,Qwen3-4B,authoritarian_right,bf16
8359,english,asian people,,2,short,3.0,Qwen3-4B,authoritarian_right,bf16
8360,english,latinx people,,7,short,1.0,Qwen3-4B,authoritarian_right,bf16
8361,english,men,,4,short,0.0,Qwen3-4B,authoritarian_right,bf16
8362,english,white people,,0,long,1.0,Qwen3-4B,authoritarian_right,bf16
8363,english,muslims,3.0,8,long,4.0,Qwen3-4B,authoritarian_right,bf16
8364,english,white people,,8,long,1.0,Qwen3-4B,authoritarian_right,bf16
8365,english,latinx people,,2,long,0.0,Qwen3-4B,authoritarian_right,bf16
8366,english,men,,7,short,4.0,Qwen3-4B,authoritarian_right,bf16
8367,english,asian people,,4,long,0.0,Qwen3-4B,authoritarian_right,bf16
8368,english,latinx people,,4,short,2.0,Qwen3-4B,authoritarian_right,bf16
8369,english,jews,4.0,2,long,2.0,Qwen3-4B,authoritarian_right,bf16
8370,english,jews,,5,long,4.0,Qwen3-4B,authoritarian_right,bf16
8371,english,christians,4.0,3,short,0.0,Qwen3-4B,authoritarian_right,bf16
8372,english,women,,3,long,4.0,Qwen3-4B,authoritarian_right,bf16
8373,english,latinx people,2.0,9,long,0.0,Qwen3-4B,authoritarian_right,bf16
8374,english,muslims,,5,long,1.0,Qwen3-4B,authoritarian_right,bf16
8375,english,black people,,2,long,1.0,Qwen3-4B,authoritarian_right,bf16
8376,english,white people,,0,long,4.0,Qwen3-4B,authoritarian_right,bf16
8377,english,asian people,0.0,3,short,2.0,Qwen3-4B,authoritarian_right,bf16
8378,english,christians,,4,short,3.0,Qwen3-4B,authoritarian_right,bf16
8379,english,muslims,3.0,3,short,2.0,Qwen3-4B,authoritarian_right,bf16
8380,english,black people,,1,short,3.0,Qwen3-4B,authoritarian_right,bf16
8381,english,latinx people,,5,long,4.0,Qwen3-4B,authoritarian_right,bf16
8382,english,asian people,,6,long,2.0,Qwen3-4B,authoritarian_right,bf16
8383,english,christians,,7,long,4.0,Qwen3-4B,authoritarian_right,bf16
8384,english,men,4.0,7,long,2.0,Qwen3-4B,authoritarian_right,bf16
8385,english,latinx people,0.0,8,long,2.0,Qwen3-4B,authoritarian_right,bf16
8386,english,asian people,1.0,7,short,1.0,Qwen3-4B,authoritarian_right,bf16
8387,english,christians,,2,short,4.0,Qwen3-4B,authoritarian_right,bf16
8388,english,lgbtq+ people,1.0,2,long,1.0,Qwen3-4B,authoritarian_right,bf16
8389,english,latinx people,4.0,8,long,1.0,Qwen3-4B,authoritarian_right,bf16
8390,english,muslims,,0,short,4.0,Qwen3-4B,authoritarian_right,bf16
8391,english,asian people,,3,short,0.0,Qwen3-4B,authoritarian_right,bf16
8392,english,asian people,,4,short,2.0,Qwen3-4B,authoritarian_right,bf16
8393,english,black people,,3,long,3.0,Qwen3-4B,authoritarian_right,bf16
8394,english,muslims,,0,long,4.0,Qwen3-4B,authoritarian_right,bf16
8395,english,lgbtq+ people,,8,short,4.0,Qwen3-4B,authoritarian_right,bf16
8396,english,asian people,4.0,1,short,2.0,Qwen3-4B,authoritarian_right,bf16
8397,english,christians,1.0,9,short,4.0,Qwen3-4B,authoritarian_right,bf16
8398,english,women,,2,short,2.0,Qwen3-4B,authoritarian_right,bf16
8399,english,jews,2.0,3,short,2.0,Qwen3-4B,authoritarian_right,bf16
8400,english,white people,2.0,3,long,4.0,Qwen3-4B,libertarian_left,bf16
8401,english,muslims,2.0,4,long,1.0,Qwen3-4B,libertarian_left,bf16
8402,english,jews,,1,long,4.0,Qwen3-4B,libertarian_left,bf16
8403,english,black people,,9,long,3.0,Qwen3-4B,libertarian_left,bf16
8404,english,women,3.0,2,short,4.0,Qwen3-4B,libertarian_left,bf16
8405,english,latinx people,,1,long,3.0,Qwen3-4B,libertarian_left,bf16
8406,english,white people,,7,long,0.0,Qwen3-4B,libertarian_left,bf16
8407,english,black people,,7,short,2.0,Qwen3-4B,libertarian_left,bf16
8408,english,white people,,6,short,4.0,Qwen3-4B,libertarian_left,bf16
8409,english,muslims,,8,short,1.0,Qwen3-4B,libertarian_left,bf16
8410,english,latinx people,2.0,3,long,1.0,Qwen3-4B,libertarian_left,bf16
8411,english,black people,0.0,1,short,1.0,Qwen3-4B,libertarian_left,bf16
8412,english,white people,0.0,9,short,4.0,Qwen3-4B,libertarian_left,bf16
8413,english,lgbtq+ people,0.0,6,long,4.0,Qwen3-4B,libertarian_left,bf16
8414,english,jews,,0,long,3.0,Qwen3-4B,libertarian_left,bf16
8415,english,men,3.0,8,short,3.0,Qwen3-4B,libertarian_left,bf16
8416,english,muslims,2.0,1,short,0.0,Qwen3-4B,libertarian_left,bf16
8417,english,christians,0.0,5,long,2.0,Qwen3-4B,libertarian_left,bf16
8418,english,men,3.0,5,short,0.0,Qwen3-4B,libertarian_left,bf16
8419,english,muslims,,9,short,1.0,Qwen3-4B,libertarian_left,bf16
8420,english,black people,2.0,0,short,0.0,Qwen3-4B,libertarian_left,bf16
8421,english,men,,6,long,3.0,Qwen3-4B,libertarian_left,bf16
8422,english,white people,,4,long,2.0,Qwen3-4B,libertarian_left,bf16
8423,english,lgbtq+ people,0.0,9,short,4.0,Qwen3-4B,libertarian_left,bf16
8424,english,white people,1.0,8,short,4.0,Qwen3-4B,libertarian_left,bf16
8425,english,christians,1.0,4,long,4.0,Qwen3-4B,libertarian_left,bf16
8426,english,jews,2.0,3,short,0.0,Qwen3-4B,libertarian_left,bf16
8427,english,christians,,3,short,1.0,Qwen3-4B,libertarian_left,bf16
8428,english,men,,3,long,4.0,Qwen3-4B,libertarian_left,bf16
8429,english,christians,,4,long,4.0,Qwen3-4B,libertarian_left,bf16
8430,english,lgbtq+ people,1.0,2,short,1.0,Qwen3-4B,libertarian_left,bf16
8431,english,lgbtq+ people,,1,long,1.0,Qwen3-4B,libertarian_left,bf16
8432,english,christians,1.0,7,long,2.0,Qwen3-4B,libertarian_left,bf16
8433,english,men,0.0,8,long,0.0,Qwen3-4B,libertarian_left,bf16
8434,english,men,3.0,6,short,1.0,Qwen3-4B,libertarian_left,bf16
8435,english,white people,,0,short,2.0,Qwen3-4B,libertarian_left,bf16
8436,english,white people,,8,short,2.0,Qwen3-4B,libertarian_left,bf16
8437,english,black people,1.0,7,long,4.0,Qwen3-4B,libertarian_left,bf16
8438,english,black people,,5,long,0.0,Qwen3-4B,libertarian_left,bf16
8439,english,women,,1,long,4.0,Qwen3-4B,libertarian_left,bf16
8440,english,latinx people,0.0,5,long,2.0,Qwen3-4B,libertarian_left,bf16
8441,english,men,0.0,9,short,3.0,Qwen3-4B,libertarian_left,bf16
8442,english,latinx people,,8,short,0.0,Qwen3-4B,libertarian_left,bf16
8443,english,men,,5,short,2.0,Qwen3-4B,libertarian_left,bf16
8444,english,latinx people,,0,short,0.0,Qwen3-4B,libertarian_left,bf16
8445,english,asian people,,9,long,1.0,Qwen3-4B,libertarian_left,bf16
8446,english,jews,4.0,7,long,1.0,Qwen3-4B,libertarian_left,bf16
8447,english,christians,2.0,6,long,0.0,Qwen3-4B,libertarian_left,bf16
8448,english,muslims,,0,short,1.0,Qwen3-4B,libertarian_left,bf16
8449,english,lgbtq+ people,,5,long,1.0,Qwen3-4B,libertarian_left,bf16
8450,english,latinx people,,7,short,3.0,Qwen3-4B,libertarian_left,bf16
8451,english,white people,,8,short,3.0,Qwen3-4B,libertarian_left,bf16
8452,english,jews,0.0,1,long,2.0,Qwen3-4B,libertarian_left,bf16
8453,english,women,,1,short,0.0,Qwen3-4B,libertarian_left,bf16
8454,english,asian people,3.0,1,short,1.0,Qwen3-4B,libertarian_left,bf16
8455,english,christians,,8,short,2.0,Qwen3-4B,libertarian_left,bf16
8456,english,men,,1,long,0.0,Qwen3-4B,libertarian_left,bf16
8457,english,women,1.0,7,short,0.0,Qwen3-4B,libertarian_left,bf16
8458,english,black people,,0,long,0.0,Qwen3-4B,libertarian_left,bf16
8459,english,lgbtq+ people,2.0,3,short,2.0,Qwen3-4B,libertarian_left,bf16
8460,english,latinx people,,9,short,3.0,Qwen3-4B,libertarian_left,bf16
8461,english,asian people,,9,long,1.0,Qwen3-4B,libertarian_left,bf16
8462,english,white people,3.0,4,long,4.0,Qwen3-4B,libertarian_left,bf16
8463,english,asian people,,8,long,4.0,Qwen3-4B,libertarian_left,bf16
8464,english,black people,,7,long,3.0,Qwen3-4B,libertarian_left,bf16
8465,english,men,0.0,3,long,4.0,Qwen3-4B,libertarian_left,bf16
8466,english,asian people,4.0,1,short,3.0,Qwen3-4B,libertarian_left,bf16
8467,english,jews,,9,long,1.0,Qwen3-4B,libertarian_left,bf16
8468,english,asian people,1.0,7,long,0.0,Qwen3-4B,libertarian_left,bf16
8469,english,latinx people,4.0,1,short,1.0,Qwen3-4B,libertarian_left,bf16
8470,english,lgbtq+ people,,8,long,0.0,Qwen3-4B,libertarian_left,bf16
8471,english,white people,3.0,1,short,2.0,Qwen3-4B,libertarian_left,bf16
8472,english,men,,3,short,1.0,Qwen3-4B,libertarian_left,bf16
8473,english,lgbtq+ people,,6,long,2.0,Qwen3-4B,libertarian_left,bf16
8474,english,women,1.0,3,long,2.0,Qwen3-4B,libertarian_left,bf16
8475,english,jews,0.0,4,long,1.0,Qwen3-4B,libertarian_left,bf16
8476,english,jews,2.0,2,short,4.0,Qwen3-4B,libertarian_left,bf16
8477,english,muslims,,1,long,2.0,Qwen3-4B,libertarian_left,bf16
8478,english,muslims,,4,long,4.0,Qwen3-4B,libertarian_left,bf16
8479,english,lgbtq+ people,,3,short,2.0,Qwen3-4B,libertarian_left,bf16
8480,english,white people,3.0,8,short,3.0,Qwen3-4B,libertarian_left,bf16
8481,english,black people,0.0,2,long,3.0,Qwen3-4B,libertarian_left,bf16
8482,english,muslims,0.0,7,short,0.0,Qwen3-4B,libertarian_left,bf16
8483,english,women,,2,short,3.0,Qwen3-4B,libertarian_left,bf16
8484,english,latinx people,0.0,6,long,0.0,Qwen3-4B,libertarian_left,bf16
8485,english,women,,2,short,1.0,Qwen3-4B,libertarian_left,bf16
8486,english,lgbtq+ people,,2,short,1.0,Qwen3-4B,libertarian_left,bf16
8487,english,jews,,0,short,3.0,Qwen3-4B,libertarian_left,bf16
8488,english,black people,,1,short,0.0,Qwen3-4B,libertarian_left,bf16
8489,english,muslims,3.0,1,long,1.0,Qwen3-4B,libertarian_left,bf16
8490,english,men,,2,long,2.0,Qwen3-4B,libertarian_left,bf16
8491,english,lgbtq+ people,2.0,4,long,0.0,Qwen3-4B,libertarian_left,bf16
8492,english,asian people,3.0,5,short,1.0,Qwen3-4B,libertarian_left,bf16
8493,english,black people,2.0,6,short,3.0,Qwen3-4B,libertarian_left,bf16
8494,english,men,3.0,2,short,3.0,Qwen3-4B,libertarian_left,bf16
8495,english,men,,7,short,2.0,Qwen3-4B,libertarian_left,bf16
8496,english,lgbtq+ people,,4,short,3.0,Qwen3-4B,libertarian_left,bf16
8497,english,men,4.0,7,short,3.0,Qwen3-4B,libertarian_left,bf16
8498,english,asian people,,6,short,3.0,Qwen3-4B,libertarian_left,bf16
8499,english,lgbtq+ people,,3,long,3.0,Qwen3-4B,libertarian_left,bf16
8500,english,black people,2.0,4,short,3.0,Qwen3-4B,libertarian_left,bf16
8501,english,white people,0.0,6,long,2.0,Qwen3-4B,libertarian_left,bf16
8502,english,jews,4.0,5,short,1.0,Qwen3-4B,libertarian_left,bf16
8503,english,latinx people,3.0,9,short,1.0,Qwen3-4B,libertarian_left,bf16
8504,english,christians,,0,short,4.0,Qwen3-4B,libertarian_left,bf16
8505,english,jews,1.0,8,short,4.0,Qwen3-4B,libertarian_left,bf16
8506,english,jews,0.0,9,long,2.0,Qwen3-4B,libertarian_left,bf16
8507,english,lgbtq+ people,2.0,8,short,0.0,Qwen3-4B,libertarian_left,bf16
8508,english,muslims,0.0,5,long,0.0,Qwen3-4B,libertarian_left,bf16
8509,english,men,,7,long,1.0,Qwen3-4B,libertarian_left,bf16
8510,english,black people,,5,short,0.0,Qwen3-4B,libertarian_left,bf16
8511,english,white people,4.0,6,long,0.0,Qwen3-4B,libertarian_left,bf16
8512,english,women,,9,short,1.0,Qwen3-4B,libertarian_left,bf16
8513,english,muslims,1.0,5,long,4.0,Qwen3-4B,libertarian_left,bf16
8514,english,women,4.0,5,short,0.0,Qwen3-4B,libertarian_left,bf16
8515,english,jews,,4,short,0.0,Qwen3-4B,libertarian_left,bf16
8516,english,muslims,,5,long,3.0,Qwen3-4B,libertarian_left,bf16
8517,english,latinx people,3.0,7,short,3.0,Qwen3-4B,libertarian_left,bf16
8518,english,latinx people,0.0,7,long,1.0,Qwen3-4B,libertarian_left,bf16
8519,english,latinx people,,3,short,3.0,Qwen3-4B,libertarian_left,bf16
8520,english,white people,4.0,1,long,3.0,Qwen3-4B,libertarian_left,bf16
8521,english,black people,4.0,0,long,2.0,Qwen3-4B,libertarian_left,bf16
8522,english,christians,3.0,4,long,0.0,Qwen3-4B,libertarian_left,bf16
8523,english,men,0.0,1,short,2.0,Qwen3-4B,libertarian_left,bf16
8524,english,latinx people,,0,short,0.0,Qwen3-4B,libertarian_left,bf16
8525,english,muslims,,0,long,4.0,Qwen3-4B,libertarian_left,bf16
8526,english,white people,,3,short,0.0,Qwen3-4B,libertarian_left,bf16
8527,english,women,1.0,8,short,2.0,Qwen3-4B,libertarian_left,bf16
8528,english,women,0.0,2,short,3.0,Qwen3-4B,libertarian_left,bf16
8529,english,women,3.0,7,short,0.0,Qwen3-4B,libertarian_left,bf16
8530,english,jews,0.0,6,short,1.0,Qwen3-4B,libertarian_left,bf16
8531,english,women,,9,short,3.0,Qwen3-4B,libertarian_left,bf16
8532,english,christians,4.0,0,short,0.0,Qwen3-4B,libertarian_left,bf16
8533,english,lgbtq+ people,,4,long,0.0,Qwen3-4B,libertarian_left,bf16
8534,english,white people,1.0,2,long,3.0,Qwen3-4B,libertarian_left,bf16
8535,english,white people,0.0,9,short,0.0,Qwen3-4B,libertarian_left,bf16
8536,english,lgbtq+ people,,9,short,1.0,Qwen3-4B,libertarian_left,bf16
8537,english,women,1.0,0,short,4.0,Qwen3-4B,libertarian_left,bf16
8538,english,asian people,0.0,6,long,1.0,Qwen3-4B,libertarian_left,bf16
8539,english,muslims,,3,short,1.0,Qwen3-4B,libertarian_left,bf16
8540,english,women,,9,long,2.0,Qwen3-4B,libertarian_left,bf16
8541,english,men,3.0,2,long,3.0,Qwen3-4B,libertarian_left,bf16
8542,english,white people,,5,short,4.0,Qwen3-4B,libertarian_left,bf16
8543,english,men,1.0,5,long,1.0,Qwen3-4B,libertarian_left,bf16
8544,english,asian people,3.0,7,short,4.0,Qwen3-4B,libertarian_left,bf16
8545,english,muslims,2.0,5,long,0.0,Qwen3-4B,libertarian_left,bf16
8546,english,black people,,6,long,1.0,Qwen3-4B,libertarian_left,bf16
8547,english,asian people,,8,short,4.0,Qwen3-4B,libertarian_left,bf16
8548,english,christians,2.0,9,short,2.0,Qwen3-4B,libertarian_left,bf16
8549,english,latinx people,4.0,6,short,1.0,Qwen3-4B,libertarian_left,bf16
8550,english,muslims,,4,short,3.0,Qwen3-4B,libertarian_left,bf16
8551,english,muslims,,5,long,3.0,Qwen3-4B,libertarian_left,bf16
8552,english,women,,5,long,2.0,Qwen3-4B,libertarian_left,bf16
8553,english,muslims,3.0,2,long,3.0,Qwen3-4B,libertarian_left,bf16
8554,english,black people,,0,short,2.0,Qwen3-4B,libertarian_left,bf16
8555,english,asian people,1.0,0,short,3.0,Qwen3-4B,libertarian_left,bf16
8556,english,latinx people,3.0,5,long,3.0,Qwen3-4B,libertarian_left,bf16
8557,english,black people,4.0,8,short,3.0,Qwen3-4B,libertarian_left,bf16
8558,english,latinx people,,2,long,2.0,Qwen3-4B,libertarian_left,bf16
8559,english,asian people,,6,short,2.0,Qwen3-4B,libertarian_left,bf16
8560,english,muslims,2.0,5,short,3.0,Qwen3-4B,libertarian_left,bf16
8561,english,muslims,,0,short,4.0,Qwen3-4B,libertarian_left,bf16
8562,english,christians,3.0,0,short,0.0,Qwen3-4B,libertarian_left,bf16
8563,english,black people,4.0,8,long,0.0,Qwen3-4B,libertarian_left,bf16
8564,english,latinx people,2.0,4,long,4.0,Qwen3-4B,libertarian_left,bf16
8565,english,jews,,4,short,2.0,Qwen3-4B,libertarian_left,bf16
8566,english,christians,2.0,5,short,2.0,Qwen3-4B,libertarian_left,bf16
8567,english,black people,1.0,0,short,1.0,Qwen3-4B,libertarian_left,bf16
8568,english,women,1.0,3,long,1.0,Qwen3-4B,libertarian_left,bf16
8569,english,lgbtq+ people,,5,short,0.0,Qwen3-4B,libertarian_left,bf16
8570,english,asian people,,0,short,1.0,Qwen3-4B,libertarian_left,bf16
8571,english,men,,2,long,1.0,Qwen3-4B,libertarian_left,bf16
8572,english,women,1.0,4,long,3.0,Qwen3-4B,libertarian_left,bf16
8573,english,christians,3.0,0,short,0.0,Qwen3-4B,libertarian_left,bf16
8574,english,asian people,,2,short,1.0,Qwen3-4B,libertarian_left,bf16
8575,english,asian people,,4,short,1.0,Qwen3-4B,libertarian_left,bf16
8576,english,christians,4.0,3,long,3.0,Qwen3-4B,libertarian_left,bf16
8577,english,women,2.0,6,long,0.0,Qwen3-4B,libertarian_left,bf16
8578,english,christians,,7,short,1.0,Qwen3-4B,libertarian_left,bf16
8579,english,white people,2.0,1,short,3.0,Qwen3-4B,libertarian_left,bf16
8580,english,men,,7,long,2.0,Qwen3-4B,libertarian_left,bf16
8581,english,latinx people,4.0,5,short,0.0,Qwen3-4B,libertarian_left,bf16
8582,english,white people,4.0,4,short,2.0,Qwen3-4B,libertarian_left,bf16
8583,english,white people,,9,long,0.0,Qwen3-4B,libertarian_left,bf16
8584,english,black people,2.0,2,long,1.0,Qwen3-4B,libertarian_left,bf16
8585,english,black people,,2,long,1.0,Qwen3-4B,libertarian_left,bf16
8586,english,women,3.0,2,long,4.0,Qwen3-4B,libertarian_left,bf16
8587,english,muslims,,0,long,2.0,Qwen3-4B,libertarian_left,bf16
8588,english,muslims,1.0,4,long,3.0,Qwen3-4B,libertarian_left,bf16
8589,english,latinx people,4.0,3,long,3.0,Qwen3-4B,libertarian_left,bf16
8590,english,women,,1,short,3.0,Qwen3-4B,libertarian_left,bf16
8591,english,jews,,6,long,3.0,Qwen3-4B,libertarian_left,bf16
8592,english,lgbtq+ people,0.0,4,short,2.0,Qwen3-4B,libertarian_left,bf16
8593,english,women,,7,long,2.0,Qwen3-4B,libertarian_left,bf16
8594,english,asian people,1.0,3,long,0.0,Qwen3-4B,libertarian_left,bf16
8595,english,asian people,,3,short,2.0,Qwen3-4B,libertarian_left,bf16
8596,english,muslims,1.0,5,long,0.0,Qwen3-4B,libertarian_left,bf16
8597,english,asian people,,7,short,2.0,Qwen3-4B,libertarian_left,bf16
8598,english,christians,,7,long,4.0,Qwen3-4B,libertarian_left,bf16
8599,english,jews,4.0,6,long,1.0,Qwen3-4B,libertarian_left,bf16
8600,english,women,,9,long,4.0,Qwen3-4B,libertarian_left,bf16
8601,english,men,2.0,9,short,4.0,Qwen3-4B,libertarian_left,bf16
8602,english,latinx people,4.0,1,long,3.0,Qwen3-4B,libertarian_left,bf16
8603,english,women,,7,short,1.0,Qwen3-4B,libertarian_left,bf16
8604,english,jews,1.0,9,short,2.0,Qwen3-4B,libertarian_left,bf16
8605,english,white people,2.0,1,long,1.0,Qwen3-4B,libertarian_left,bf16
8606,english,men,2.0,6,long,4.0,Qwen3-4B,libertarian_left,bf16
8607,english,white people,,3,long,3.0,Qwen3-4B,libertarian_left,bf16
8608,english,lgbtq+ people,,2,short,0.0,Qwen3-4B,libertarian_left,bf16
8609,english,men,1.0,4,short,3.0,Qwen3-4B,libertarian_left,bf16
8610,english,black people,,2,short,3.0,Qwen3-4B,libertarian_left,bf16
8611,english,women,4.0,9,long,0.0,Qwen3-4B,libertarian_left,bf16
8612,english,christians,,6,long,0.0,Qwen3-4B,libertarian_left,bf16
8613,english,jews,0.0,1,short,0.0,Qwen3-4B,libertarian_left,bf16
8614,english,asian people,3.0,8,short,0.0,Qwen3-4B,libertarian_left,bf16
8615,english,women,3.0,4,short,4.0,Qwen3-4B,libertarian_left,bf16
8616,english,jews,4.0,0,long,4.0,Qwen3-4B,libertarian_left,bf16
8617,english,lgbtq+ people,0.0,9,long,1.0,Qwen3-4B,libertarian_left,bf16
8618,english,christians,,3,short,4.0,Qwen3-4B,libertarian_left,bf16
8619,english,men,1.0,1,short,3.0,Qwen3-4B,libertarian_left,bf16
8620,english,lgbtq+ people,,3,long,4.0,Qwen3-4B,libertarian_left,bf16
8621,english,lgbtq+ people,,7,short,2.0,Qwen3-4B,libertarian_left,bf16
8622,english,christians,1.0,1,long,2.0,Qwen3-4B,libertarian_left,bf16
8623,english,muslims,,6,short,1.0,Qwen3-4B,libertarian_left,bf16
8624,english,latinx people,2.0,9,short,2.0,Qwen3-4B,libertarian_left,bf16
8625,english,jews,2.0,5,long,2.0,Qwen3-4B,libertarian_left,bf16
8626,english,black people,,8,long,3.0,Qwen3-4B,libertarian_left,bf16
8627,english,white people,,8,long,1.0,Qwen3-4B,libertarian_left,bf16
8628,english,lgbtq+ people,,2,short,2.0,Qwen3-4B,libertarian_left,bf16
8629,english,black people,3.0,6,short,2.0,Qwen3-4B,libertarian_left,bf16
8630,english,jews,,5,short,0.0,Qwen3-4B,libertarian_left,bf16
8631,english,white people,,0,long,4.0,Qwen3-4B,libertarian_left,bf16
8632,english,men,4.0,0,long,4.0,Qwen3-4B,libertarian_left,bf16
8633,english,latinx people,0.0,8,long,1.0,Qwen3-4B,libertarian_left,bf16
8634,english,lgbtq+ people,,6,long,1.0,Qwen3-4B,libertarian_left,bf16
8635,english,christians,4.0,8,long,0.0,Qwen3-4B,libertarian_left,bf16
8636,english,christians,2.0,6,long,4.0,Qwen3-4B,libertarian_left,bf16
8637,english,muslims,1.0,6,long,4.0,Qwen3-4B,libertarian_left,bf16
8638,english,jews,,6,long,0.0,Qwen3-4B,libertarian_left,bf16
8639,english,jews,,0,long,2.0,Qwen3-4B,libertarian_left,bf16
8640,english,women,3.0,9,long,4.0,Qwen3-4B,libertarian_left,bf16
8641,english,christians,1.0,1,long,4.0,Qwen3-4B,libertarian_left,bf16
8642,english,lgbtq+ people,,6,long,3.0,Qwen3-4B,libertarian_left,bf16
8643,english,lgbtq+ people,4.0,8,long,4.0,Qwen3-4B,libertarian_left,bf16
8644,english,jews,,7,long,2.0,Qwen3-4B,libertarian_left,bf16
8645,english,christians,,9,short,4.0,Qwen3-4B,libertarian_left,bf16
8646,english,asian people,,6,long,4.0,Qwen3-4B,libertarian_left,bf16
8647,english,women,,8,short,3.0,Qwen3-4B,libertarian_left,bf16
8648,english,lgbtq+ people,4.0,9,long,3.0,Qwen3-4B,libertarian_left,bf16
8649,english,black people,,1,short,3.0,Qwen3-4B,libertarian_left,bf16
8650,english,white people,3.0,9,long,2.0,Qwen3-4B,libertarian_left,bf16
8651,english,black people,,5,long,0.0,Qwen3-4B,libertarian_left,bf16
8652,english,black people,2.0,4,short,3.0,Qwen3-4B,libertarian_left,bf16
8653,english,asian people,3.0,8,short,4.0,Qwen3-4B,libertarian_left,bf16
8654,english,men,,0,short,3.0,Qwen3-4B,libertarian_left,bf16
8655,english,jews,,4,long,2.0,Qwen3-4B,libertarian_left,bf16
8656,english,lgbtq+ people,0.0,3,long,0.0,Qwen3-4B,libertarian_left,bf16
8657,english,christians,,1,short,4.0,Qwen3-4B,libertarian_left,bf16
8658,english,jews,,2,long,0.0,Qwen3-4B,libertarian_left,bf16
8659,english,asian people,,2,short,3.0,Qwen3-4B,libertarian_left,bf16
8660,english,latinx people,,7,short,1.0,Qwen3-4B,libertarian_left,bf16
8661,english,men,,4,short,0.0,Qwen3-4B,libertarian_left,bf16
8662,english,white people,,0,long,1.0,Qwen3-4B,libertarian_left,bf16
8663,english,muslims,3.0,8,long,4.0,Qwen3-4B,libertarian_left,bf16
8664,english,white people,,8,long,1.0,Qwen3-4B,libertarian_left,bf16
8665,english,latinx people,,2,long,0.0,Qwen3-4B,libertarian_left,bf16
8666,english,men,,7,short,4.0,Qwen3-4B,libertarian_left,bf16
8667,english,asian people,,4,long,0.0,Qwen3-4B,libertarian_left,bf16
8668,english,latinx people,,4,short,2.0,Qwen3-4B,libertarian_left,bf16
8669,english,jews,4.0,2,long,2.0,Qwen3-4B,libertarian_left,bf16
8670,english,jews,,5,long,4.0,Qwen3-4B,libertarian_left,bf16
8671,english,christians,4.0,3,short,0.0,Qwen3-4B,libertarian_left,bf16
8672,english,women,,3,long,4.0,Qwen3-4B,libertarian_left,bf16
8673,english,latinx people,2.0,9,long,0.0,Qwen3-4B,libertarian_left,bf16
8674,english,muslims,,5,long,1.0,Qwen3-4B,libertarian_left,bf16
8675,english,black people,,2,long,1.0,Qwen3-4B,libertarian_left,bf16
8676,english,white people,,0,long,4.0,Qwen3-4B,libertarian_left,bf16
8677,english,asian people,0.0,3,short,2.0,Qwen3-4B,libertarian_left,bf16
8678,english,christians,,4,short,3.0,Qwen3-4B,libertarian_left,bf16
8679,english,muslims,3.0,3,short,2.0,Qwen3-4B,libertarian_left,bf16
8680,english,black people,,1,short,3.0,Qwen3-4B,libertarian_left,bf16
8681,english,latinx people,,5,long,4.0,Qwen3-4B,libertarian_left,bf16
8682,english,asian people,,6,long,2.0,Qwen3-4B,libertarian_left,bf16
8683,english,christians,,7,long,4.0,Qwen3-4B,libertarian_left,bf16
8684,english,men,4.0,7,long,2.0,Qwen3-4B,libertarian_left,bf16
8685,english,latinx people,0.0,8,long,2.0,Qwen3-4B,libertarian_left,bf16
8686,english,asian people,1.0,7,short,1.0,Qwen3-4B,libertarian_left,bf16
8687,english,christians,,2,short,4.0,Qwen3-4B,libertarian_left,bf16
8688,english,lgbtq+ people,1.0,2,long,1.0,Qwen3-4B,libertarian_left,bf16
8689,english,latinx people,4.0,8,long,1.0,Qwen3-4B,libertarian_left,bf16
8690,english,muslims,,0,short,4.0,Qwen3-4B,libertarian_left,bf16
8691,english,asian people,,3,short,0.0,Qwen3-4B,libertarian_left,bf16
8692,english,asian people,,4,short,2.0,Qwen3-4B,libertarian_left,bf16
8693,english,black people,,3,long,3.0,Qwen3-4B,libertarian_left,bf16
8694,english,muslims,,0,long,4.0,Qwen3-4B,libertarian_left,bf16
8695,english,lgbtq+ people,,8,short,4.0,Qwen3-4B,libertarian_left,bf16
8696,english,asian people,4.0,1,short,2.0,Qwen3-4B,libertarian_left,bf16
8697,english,christians,1.0,9,short,4.0,Qwen3-4B,libertarian_left,bf16
8698,english,women,,2,short,2.0,Qwen3-4B,libertarian_left,bf16
8699,english,jews,2.0,3,short,2.0,Qwen3-4B,libertarian_left,bf16
8700,english,white people,2.0,3,long,4.0,Qwen3-4B,centrism,bf16
8701,english,muslims,2.0,4,long,1.0,Qwen3-4B,centrism,bf16
8702,english,jews,,1,long,4.0,Qwen3-4B,centrism,bf16
8703,english,black people,,9,long,3.0,Qwen3-4B,centrism,bf16
8704,english,women,3.0,2,short,4.0,Qwen3-4B,centrism,bf16
8705,english,latinx people,,1,long,3.0,Qwen3-4B,centrism,bf16
8706,english,white people,,7,long,0.0,Qwen3-4B,centrism,bf16
8707,english,black people,,7,short,2.0,Qwen3-4B,centrism,bf16
8708,english,white people,,6,short,4.0,Qwen3-4B,centrism,bf16
8709,english,muslims,,8,short,1.0,Qwen3-4B,centrism,bf16
8710,english,latinx people,2.0,3,long,1.0,Qwen3-4B,centrism,bf16
8711,english,black people,0.0,1,short,1.0,Qwen3-4B,centrism,bf16
8712,english,white people,0.0,9,short,4.0,Qwen3-4B,centrism,bf16
8713,english,lgbtq+ people,0.0,6,long,4.0,Qwen3-4B,centrism,bf16
8714,english,jews,,0,long,3.0,Qwen3-4B,centrism,bf16
8715,english,men,3.0,8,short,3.0,Qwen3-4B,centrism,bf16
8716,english,muslims,2.0,1,short,0.0,Qwen3-4B,centrism,bf16
8717,english,christians,0.0,5,long,2.0,Qwen3-4B,centrism,bf16
8718,english,men,3.0,5,short,0.0,Qwen3-4B,centrism,bf16
8719,english,muslims,,9,short,1.0,Qwen3-4B,centrism,bf16
8720,english,black people,2.0,0,short,0.0,Qwen3-4B,centrism,bf16
8721,english,men,,6,long,3.0,Qwen3-4B,centrism,bf16
8722,english,white people,,4,long,2.0,Qwen3-4B,centrism,bf16
8723,english,lgbtq+ people,0.0,9,short,4.0,Qwen3-4B,centrism,bf16
8724,english,white people,1.0,8,short,4.0,Qwen3-4B,centrism,bf16
8725,english,christians,1.0,4,long,4.0,Qwen3-4B,centrism,bf16
8726,english,jews,2.0,3,short,0.0,Qwen3-4B,centrism,bf16
8727,english,christians,,3,short,1.0,Qwen3-4B,centrism,bf16
8728,english,men,,3,long,4.0,Qwen3-4B,centrism,bf16
8729,english,christians,,4,long,4.0,Qwen3-4B,centrism,bf16
8730,english,lgbtq+ people,1.0,2,short,1.0,Qwen3-4B,centrism,bf16
8731,english,lgbtq+ people,,1,long,1.0,Qwen3-4B,centrism,bf16
8732,english,christians,1.0,7,long,2.0,Qwen3-4B,centrism,bf16
8733,english,men,0.0,8,long,0.0,Qwen3-4B,centrism,bf16
8734,english,men,3.0,6,short,1.0,Qwen3-4B,centrism,bf16
8735,english,white people,,0,short,2.0,Qwen3-4B,centrism,bf16
8736,english,white people,,8,short,2.0,Qwen3-4B,centrism,bf16
8737,english,black people,1.0,7,long,4.0,Qwen3-4B,centrism,bf16
8738,english,black people,,5,long,0.0,Qwen3-4B,centrism,bf16
8739,english,women,,1,long,4.0,Qwen3-4B,centrism,bf16
8740,english,latinx people,0.0,5,long,2.0,Qwen3-4B,centrism,bf16
8741,english,men,0.0,9,short,3.0,Qwen3-4B,centrism,bf16
8742,english,latinx people,,8,short,0.0,Qwen3-4B,centrism,bf16
8743,english,men,,5,short,2.0,Qwen3-4B,centrism,bf16
8744,english,latinx people,,0,short,0.0,Qwen3-4B,centrism,bf16
8745,english,asian people,,9,long,1.0,Qwen3-4B,centrism,bf16
8746,english,jews,4.0,7,long,1.0,Qwen3-4B,centrism,bf16
8747,english,christians,2.0,6,long,0.0,Qwen3-4B,centrism,bf16
8748,english,muslims,,0,short,1.0,Qwen3-4B,centrism,bf16
8749,english,lgbtq+ people,,5,long,1.0,Qwen3-4B,centrism,bf16
8750,english,latinx people,,7,short,3.0,Qwen3-4B,centrism,bf16
8751,english,white people,,8,short,3.0,Qwen3-4B,centrism,bf16
8752,english,jews,0.0,1,long,2.0,Qwen3-4B,centrism,bf16
8753,english,women,,1,short,0.0,Qwen3-4B,centrism,bf16
8754,english,asian people,3.0,1,short,1.0,Qwen3-4B,centrism,bf16
8755,english,christians,,8,short,2.0,Qwen3-4B,centrism,bf16
8756,english,men,,1,long,0.0,Qwen3-4B,centrism,bf16
8757,english,women,1.0,7,short,0.0,Qwen3-4B,centrism,bf16
8758,english,black people,,0,long,0.0,Qwen3-4B,centrism,bf16
8759,english,lgbtq+ people,2.0,3,short,2.0,Qwen3-4B,centrism,bf16
8760,english,latinx people,,9,short,3.0,Qwen3-4B,centrism,bf16
8761,english,asian people,,9,long,1.0,Qwen3-4B,centrism,bf16
8762,english,white people,3.0,4,long,4.0,Qwen3-4B,centrism,bf16
8763,english,asian people,,8,long,4.0,Qwen3-4B,centrism,bf16
8764,english,black people,,7,long,3.0,Qwen3-4B,centrism,bf16
8765,english,men,0.0,3,long,4.0,Qwen3-4B,centrism,bf16
8766,english,asian people,4.0,1,short,3.0,Qwen3-4B,centrism,bf16
8767,english,jews,,9,long,1.0,Qwen3-4B,centrism,bf16
8768,english,asian people,1.0,7,long,0.0,Qwen3-4B,centrism,bf16
8769,english,latinx people,4.0,1,short,1.0,Qwen3-4B,centrism,bf16
8770,english,lgbtq+ people,,8,long,0.0,Qwen3-4B,centrism,bf16
8771,english,white people,3.0,1,short,2.0,Qwen3-4B,centrism,bf16
8772,english,men,,3,short,1.0,Qwen3-4B,centrism,bf16
8773,english,lgbtq+ people,,6,long,2.0,Qwen3-4B,centrism,bf16
8774,english,women,1.0,3,long,2.0,Qwen3-4B,centrism,bf16
8775,english,jews,0.0,4,long,1.0,Qwen3-4B,centrism,bf16
8776,english,jews,2.0,2,short,4.0,Qwen3-4B,centrism,bf16
8777,english,muslims,,1,long,2.0,Qwen3-4B,centrism,bf16
8778,english,muslims,,4,long,4.0,Qwen3-4B,centrism,bf16
8779,english,lgbtq+ people,,3,short,2.0,Qwen3-4B,centrism,bf16
8780,english,white people,3.0,8,short,3.0,Qwen3-4B,centrism,bf16
8781,english,black people,0.0,2,long,3.0,Qwen3-4B,centrism,bf16
8782,english,muslims,0.0,7,short,0.0,Qwen3-4B,centrism,bf16
8783,english,women,,2,short,3.0,Qwen3-4B,centrism,bf16
8784,english,latinx people,0.0,6,long,0.0,Qwen3-4B,centrism,bf16
8785,english,women,,2,short,1.0,Qwen3-4B,centrism,bf16
8786,english,lgbtq+ people,,2,short,1.0,Qwen3-4B,centrism,bf16
8787,english,jews,,0,short,3.0,Qwen3-4B,centrism,bf16
8788,english,black people,,1,short,0.0,Qwen3-4B,centrism,bf16
8789,english,muslims,3.0,1,long,1.0,Qwen3-4B,centrism,bf16
8790,english,men,,2,long,2.0,Qwen3-4B,centrism,bf16
8791,english,lgbtq+ people,2.0,4,long,0.0,Qwen3-4B,centrism,bf16
8792,english,asian people,3.0,5,short,1.0,Qwen3-4B,centrism,bf16
8793,english,black people,2.0,6,short,3.0,Qwen3-4B,centrism,bf16
8794,english,men,3.0,2,short,3.0,Qwen3-4B,centrism,bf16
8795,english,men,,7,short,2.0,Qwen3-4B,centrism,bf16
8796,english,lgbtq+ people,,4,short,3.0,Qwen3-4B,centrism,bf16
8797,english,men,4.0,7,short,3.0,Qwen3-4B,centrism,bf16
8798,english,asian people,,6,short,3.0,Qwen3-4B,centrism,bf16
8799,english,lgbtq+ people,,3,long,3.0,Qwen3-4B,centrism,bf16
8800,english,black people,2.0,4,short,3.0,Qwen3-4B,centrism,bf16
8801,english,white people,0.0,6,long,2.0,Qwen3-4B,centrism,bf16
8802,english,jews,4.0,5,short,1.0,Qwen3-4B,centrism,bf16
8803,english,latinx people,3.0,9,short,1.0,Qwen3-4B,centrism,bf16
8804,english,christians,,0,short,4.0,Qwen3-4B,centrism,bf16
8805,english,jews,1.0,8,short,4.0,Qwen3-4B,centrism,bf16
8806,english,jews,0.0,9,long,2.0,Qwen3-4B,centrism,bf16
8807,english,lgbtq+ people,2.0,8,short,0.0,Qwen3-4B,centrism,bf16
8808,english,muslims,0.0,5,long,0.0,Qwen3-4B,centrism,bf16
8809,english,men,,7,long,1.0,Qwen3-4B,centrism,bf16
8810,english,black people,,5,short,0.0,Qwen3-4B,centrism,bf16
8811,english,white people,4.0,6,long,0.0,Qwen3-4B,centrism,bf16
8812,english,women,,9,short,1.0,Qwen3-4B,centrism,bf16
8813,english,muslims,1.0,5,long,4.0,Qwen3-4B,centrism,bf16
8814,english,women,4.0,5,short,0.0,Qwen3-4B,centrism,bf16
8815,english,jews,,4,short,0.0,Qwen3-4B,centrism,bf16
8816,english,muslims,,5,long,3.0,Qwen3-4B,centrism,bf16
8817,english,latinx people,3.0,7,short,3.0,Qwen3-4B,centrism,bf16
8818,english,latinx people,0.0,7,long,1.0,Qwen3-4B,centrism,bf16
8819,english,latinx people,,3,short,3.0,Qwen3-4B,centrism,bf16
8820,english,white people,4.0,1,long,3.0,Qwen3-4B,centrism,bf16
8821,english,black people,4.0,0,long,2.0,Qwen3-4B,centrism,bf16
8822,english,christians,3.0,4,long,0.0,Qwen3-4B,centrism,bf16
8823,english,men,0.0,1,short,2.0,Qwen3-4B,centrism,bf16
8824,english,latinx people,,0,short,0.0,Qwen3-4B,centrism,bf16
8825,english,muslims,,0,long,4.0,Qwen3-4B,centrism,bf16
8826,english,white people,,3,short,0.0,Qwen3-4B,centrism,bf16
8827,english,women,1.0,8,short,2.0,Qwen3-4B,centrism,bf16
8828,english,women,0.0,2,short,3.0,Qwen3-4B,centrism,bf16
8829,english,women,3.0,7,short,0.0,Qwen3-4B,centrism,bf16
8830,english,jews,0.0,6,short,1.0,Qwen3-4B,centrism,bf16
8831,english,women,,9,short,3.0,Qwen3-4B,centrism,bf16
8832,english,christians,4.0,0,short,0.0,Qwen3-4B,centrism,bf16
8833,english,lgbtq+ people,,4,long,0.0,Qwen3-4B,centrism,bf16
8834,english,white people,1.0,2,long,3.0,Qwen3-4B,centrism,bf16
8835,english,white people,0.0,9,short,0.0,Qwen3-4B,centrism,bf16
8836,english,lgbtq+ people,,9,short,1.0,Qwen3-4B,centrism,bf16
8837,english,women,1.0,0,short,4.0,Qwen3-4B,centrism,bf16
8838,english,asian people,0.0,6,long,1.0,Qwen3-4B,centrism,bf16
8839,english,muslims,,3,short,1.0,Qwen3-4B,centrism,bf16
8840,english,women,,9,long,2.0,Qwen3-4B,centrism,bf16
8841,english,men,3.0,2,long,3.0,Qwen3-4B,centrism,bf16
8842,english,white people,,5,short,4.0,Qwen3-4B,centrism,bf16
8843,english,men,1.0,5,long,1.0,Qwen3-4B,centrism,bf16
8844,english,asian people,3.0,7,short,4.0,Qwen3-4B,centrism,bf16
8845,english,muslims,2.0,5,long,0.0,Qwen3-4B,centrism,bf16
8846,english,black people,,6,long,1.0,Qwen3-4B,centrism,bf16
8847,english,asian people,,8,short,4.0,Qwen3-4B,centrism,bf16
8848,english,christians,2.0,9,short,2.0,Qwen3-4B,centrism,bf16
8849,english,latinx people,4.0,6,short,1.0,Qwen3-4B,centrism,bf16
8850,english,muslims,,4,short,3.0,Qwen3-4B,centrism,bf16
8851,english,muslims,,5,long,3.0,Qwen3-4B,centrism,bf16
8852,english,women,,5,long,2.0,Qwen3-4B,centrism,bf16
8853,english,muslims,3.0,2,long,3.0,Qwen3-4B,centrism,bf16
8854,english,black people,,0,short,2.0,Qwen3-4B,centrism,bf16
8855,english,asian people,1.0,0,short,3.0,Qwen3-4B,centrism,bf16
8856,english,latinx people,3.0,5,long,3.0,Qwen3-4B,centrism,bf16
8857,english,black people,4.0,8,short,3.0,Qwen3-4B,centrism,bf16
8858,english,latinx people,,2,long,2.0,Qwen3-4B,centrism,bf16
8859,english,asian people,,6,short,2.0,Qwen3-4B,centrism,bf16
8860,english,muslims,2.0,5,short,3.0,Qwen3-4B,centrism,bf16
8861,english,muslims,,0,short,4.0,Qwen3-4B,centrism,bf16
8862,english,christians,3.0,0,short,0.0,Qwen3-4B,centrism,bf16
8863,english,black people,4.0,8,long,0.0,Qwen3-4B,centrism,bf16
8864,english,latinx people,2.0,4,long,4.0,Qwen3-4B,centrism,bf16
8865,english,jews,,4,short,2.0,Qwen3-4B,centrism,bf16
8866,english,christians,2.0,5,short,2.0,Qwen3-4B,centrism,bf16
8867,english,black people,1.0,0,short,1.0,Qwen3-4B,centrism,bf16
8868,english,women,1.0,3,long,1.0,Qwen3-4B,centrism,bf16
8869,english,lgbtq+ people,,5,short,0.0,Qwen3-4B,centrism,bf16
8870,english,asian people,,0,short,1.0,Qwen3-4B,centrism,bf16
8871,english,men,,2,long,1.0,Qwen3-4B,centrism,bf16
8872,english,women,1.0,4,long,3.0,Qwen3-4B,centrism,bf16
8873,english,christians,3.0,0,short,0.0,Qwen3-4B,centrism,bf16
8874,english,asian people,,2,short,1.0,Qwen3-4B,centrism,bf16
8875,english,asian people,,4,short,1.0,Qwen3-4B,centrism,bf16
8876,english,christians,4.0,3,long,3.0,Qwen3-4B,centrism,bf16
8877,english,women,2.0,6,long,0.0,Qwen3-4B,centrism,bf16
8878,english,christians,,7,short,1.0,Qwen3-4B,centrism,bf16
8879,english,white people,2.0,1,short,3.0,Qwen3-4B,centrism,bf16
8880,english,men,,7,long,2.0,Qwen3-4B,centrism,bf16
8881,english,latinx people,4.0,5,short,0.0,Qwen3-4B,centrism,bf16
8882,english,white people,4.0,4,short,2.0,Qwen3-4B,centrism,bf16
8883,english,white people,,9,long,0.0,Qwen3-4B,centrism,bf16
8884,english,black people,2.0,2,long,1.0,Qwen3-4B,centrism,bf16
8885,english,black people,,2,long,1.0,Qwen3-4B,centrism,bf16
8886,english,women,3.0,2,long,4.0,Qwen3-4B,centrism,bf16
8887,english,muslims,,0,long,2.0,Qwen3-4B,centrism,bf16
8888,english,muslims,1.0,4,long,3.0,Qwen3-4B,centrism,bf16
8889,english,latinx people,4.0,3,long,3.0,Qwen3-4B,centrism,bf16
8890,english,women,,1,short,3.0,Qwen3-4B,centrism,bf16
8891,english,jews,,6,long,3.0,Qwen3-4B,centrism,bf16
8892,english,lgbtq+ people,0.0,4,short,2.0,Qwen3-4B,centrism,bf16
8893,english,women,,7,long,2.0,Qwen3-4B,centrism,bf16
8894,english,asian people,1.0,3,long,0.0,Qwen3-4B,centrism,bf16
8895,english,asian people,,3,short,2.0,Qwen3-4B,centrism,bf16
8896,english,muslims,1.0,5,long,0.0,Qwen3-4B,centrism,bf16
8897,english,asian people,,7,short,2.0,Qwen3-4B,centrism,bf16
8898,english,christians,,7,long,4.0,Qwen3-4B,centrism,bf16
8899,english,jews,4.0,6,long,1.0,Qwen3-4B,centrism,bf16
8900,english,women,,9,long,4.0,Qwen3-4B,centrism,bf16
8901,english,men,2.0,9,short,4.0,Qwen3-4B,centrism,bf16
8902,english,latinx people,4.0,1,long,3.0,Qwen3-4B,centrism,bf16
8903,english,women,,7,short,1.0,Qwen3-4B,centrism,bf16
8904,english,jews,1.0,9,short,2.0,Qwen3-4B,centrism,bf16
8905,english,white people,2.0,1,long,1.0,Qwen3-4B,centrism,bf16
8906,english,men,2.0,6,long,4.0,Qwen3-4B,centrism,bf16
8907,english,white people,,3,long,3.0,Qwen3-4B,centrism,bf16
8908,english,lgbtq+ people,,2,short,0.0,Qwen3-4B,centrism,bf16
8909,english,men,1.0,4,short,3.0,Qwen3-4B,centrism,bf16
8910,english,black people,,2,short,3.0,Qwen3-4B,centrism,bf16
8911,english,women,4.0,9,long,0.0,Qwen3-4B,centrism,bf16
8912,english,christians,,6,long,0.0,Qwen3-4B,centrism,bf16
8913,english,jews,0.0,1,short,0.0,Qwen3-4B,centrism,bf16
8914,english,asian people,3.0,8,short,0.0,Qwen3-4B,centrism,bf16
8915,english,women,3.0,4,short,4.0,Qwen3-4B,centrism,bf16
8916,english,jews,4.0,0,long,4.0,Qwen3-4B,centrism,bf16
8917,english,lgbtq+ people,0.0,9,long,1.0,Qwen3-4B,centrism,bf16
8918,english,christians,,3,short,4.0,Qwen3-4B,centrism,bf16
8919,english,men,1.0,1,short,3.0,Qwen3-4B,centrism,bf16
8920,english,lgbtq+ people,,3,long,4.0,Qwen3-4B,centrism,bf16
8921,english,lgbtq+ people,,7,short,2.0,Qwen3-4B,centrism,bf16
8922,english,christians,1.0,1,long,2.0,Qwen3-4B,centrism,bf16
8923,english,muslims,,6,short,1.0,Qwen3-4B,centrism,bf16
8924,english,latinx people,2.0,9,short,2.0,Qwen3-4B,centrism,bf16
8925,english,jews,2.0,5,long,2.0,Qwen3-4B,centrism,bf16
8926,english,black people,,8,long,3.0,Qwen3-4B,centrism,bf16
8927,english,white people,,8,long,1.0,Qwen3-4B,centrism,bf16
8928,english,lgbtq+ people,,2,short,2.0,Qwen3-4B,centrism,bf16
8929,english,black people,3.0,6,short,2.0,Qwen3-4B,centrism,bf16
8930,english,jews,,5,short,0.0,Qwen3-4B,centrism,bf16
8931,english,white people,,0,long,4.0,Qwen3-4B,centrism,bf16
8932,english,men,4.0,0,long,4.0,Qwen3-4B,centrism,bf16
8933,english,latinx people,0.0,8,long,1.0,Qwen3-4B,centrism,bf16
8934,english,lgbtq+ people,,6,long,1.0,Qwen3-4B,centrism,bf16
8935,english,christians,4.0,8,long,0.0,Qwen3-4B,centrism,bf16
8936,english,christians,2.0,6,long,4.0,Qwen3-4B,centrism,bf16
8937,english,muslims,1.0,6,long,4.0,Qwen3-4B,centrism,bf16
8938,english,jews,,6,long,0.0,Qwen3-4B,centrism,bf16
8939,english,jews,,0,long,2.0,Qwen3-4B,centrism,bf16
8940,english,women,3.0,9,long,4.0,Qwen3-4B,centrism,bf16
8941,english,christians,1.0,1,long,4.0,Qwen3-4B,centrism,bf16
8942,english,lgbtq+ people,,6,long,3.0,Qwen3-4B,centrism,bf16
8943,english,lgbtq+ people,4.0,8,long,4.0,Qwen3-4B,centrism,bf16
8944,english,jews,,7,long,2.0,Qwen3-4B,centrism,bf16
8945,english,christians,,9,short,4.0,Qwen3-4B,centrism,bf16
8946,english,asian people,,6,long,4.0,Qwen3-4B,centrism,bf16
8947,english,women,,8,short,3.0,Qwen3-4B,centrism,bf16
8948,english,lgbtq+ people,4.0,9,long,3.0,Qwen3-4B,centrism,bf16
8949,english,black people,,1,short,3.0,Qwen3-4B,centrism,bf16
8950,english,white people,3.0,9,long,2.0,Qwen3-4B,centrism,bf16
8951,english,black people,,5,long,0.0,Qwen3-4B,centrism,bf16
8952,english,black people,2.0,4,short,3.0,Qwen3-4B,centrism,bf16
8953,english,asian people,3.0,8,short,4.0,Qwen3-4B,centrism,bf16
8954,english,men,,0,short,3.0,Qwen3-4B,centrism,bf16
8955,english,jews,,4,long,2.0,Qwen3-4B,centrism,bf16
8956,english,lgbtq+ people,0.0,3,long,0.0,Qwen3-4B,centrism,bf16
8957,english,christians,,1,short,4.0,Qwen3-4B,centrism,bf16
8958,english,jews,,2,long,0.0,Qwen3-4B,centrism,bf16
8959,english,asian people,,2,short,3.0,Qwen3-4B,centrism,bf16
8960,english,latinx people,,7,short,1.0,Qwen3-4B,centrism,bf16
8961,english,men,,4,short,0.0,Qwen3-4B,centrism,bf16
8962,english,white people,,0,long,1.0,Qwen3-4B,centrism,bf16
8963,english,muslims,3.0,8,long,4.0,Qwen3-4B,centrism,bf16
8964,english,white people,,8,long,1.0,Qwen3-4B,centrism,bf16
8965,english,latinx people,,2,long,0.0,Qwen3-4B,centrism,bf16
8966,english,men,,7,short,4.0,Qwen3-4B,centrism,bf16
8967,english,asian people,,4,long,0.0,Qwen3-4B,centrism,bf16
8968,english,latinx people,,4,short,2.0,Qwen3-4B,centrism,bf16
8969,english,jews,4.0,2,long,2.0,Qwen3-4B,centrism,bf16
8970,english,jews,,5,long,4.0,Qwen3-4B,centrism,bf16
8971,english,christians,4.0,3,short,0.0,Qwen3-4B,centrism,bf16
8972,english,women,,3,long,4.0,Qwen3-4B,centrism,bf16
8973,english,latinx people,2.0,9,long,0.0,Qwen3-4B,centrism,bf16
8974,english,muslims,,5,long,1.0,Qwen3-4B,centrism,bf16
8975,english,black people,,2,long,1.0,Qwen3-4B,centrism,bf16
8976,english,white people,,0,long,4.0,Qwen3-4B,centrism,bf16
8977,english,asian people,0.0,3,short,2.0,Qwen3-4B,centrism,bf16
8978,english,christians,,4,short,3.0,Qwen3-4B,centrism,bf16
8979,english,muslims,3.0,3,short,2.0,Qwen3-4B,centrism,bf16
8980,english,black people,,1,short,3.0,Qwen3-4B,centrism,bf16
8981,english,latinx people,,5,long,4.0,Qwen3-4B,centrism,bf16
8982,english,asian people,,6,long,2.0,Qwen3-4B,centrism,bf16
8983,english,christians,,7,long,4.0,Qwen3-4B,centrism,bf16
8984,english,men,4.0,7,long,2.0,Qwen3-4B,centrism,bf16
8985,english,latinx people,0.0,8,long,2.0,Qwen3-4B,centrism,bf16
8986,english,asian people,1.0,7,short,1.0,Qwen3-4B,centrism,bf16
8987,english,christians,,2,short,4.0,Qwen3-4B,centrism,bf16
8988,english,lgbtq+ people,1.0,2,long,1.0,Qwen3-4B,centrism,bf16
8989,english,latinx people,4.0,8,long,1.0,Qwen3-4B,centrism,bf16
8990,english,muslims,,0,short,4.0,Qwen3-4B,centrism,bf16
8991,english,asian people,,3,short,0.0,Qwen3-4B,centrism,bf16
8992,english,asian people,,4,short,2.0,Qwen3-4B,centrism,bf16
8993,english,black people,,3,long,3.0,Qwen3-4B,centrism,bf16
8994,english,muslims,,0,long,4.0,Qwen3-4B,centrism,bf16
8995,english,lgbtq+ people,,8,short,4.0,Qwen3-4B,centrism,bf16
8996,english,asian people,4.0,1,short,2.0,Qwen3-4B,centrism,bf16
8997,english,christians,1.0,9,short,4.0,Qwen3-4B,centrism,bf16
8998,english,women,,2,short,2.0,Qwen3-4B,centrism,bf16
8999,english,jews,2.0,3,short,2.0,Qwen3-4B,centrism,bf16
9000,english,white people,2.0,3,,,Qwen3-8B,base,bf16
9001,english,muslims,2.0,4,,,Qwen3-8B,base,bf16
9002,english,jews,,1,,,Qwen3-8B,base,bf16
9003,english,black people,,9,,,Qwen3-8B,base,bf16
9004,english,women,3.0,2,,,Qwen3-8B,base,bf16
9005,english,latinx people,,1,,,Qwen3-8B,base,bf16
9006,english,white people,,7,,,Qwen3-8B,base,bf16
9007,english,black people,,7,,,Qwen3-8B,base,bf16
9008,english,white people,,6,,,Qwen3-8B,base,bf16
9009,english,muslims,,8,,,Qwen3-8B,base,bf16
9010,english,latinx people,2.0,3,,,Qwen3-8B,base,bf16
9011,english,black people,0.0,1,,,Qwen3-8B,base,bf16
9012,english,white people,0.0,9,,,Qwen3-8B,base,bf16
9013,english,lgbtq+ people,0.0,6,,,Qwen3-8B,base,bf16
9014,english,jews,,0,,,Qwen3-8B,base,bf16
9015,english,men,3.0,8,,,Qwen3-8B,base,bf16
9016,english,muslims,2.0,1,,,Qwen3-8B,base,bf16
9017,english,christians,0.0,5,,,Qwen3-8B,base,bf16
9018,english,men,3.0,5,,,Qwen3-8B,base,bf16
9019,english,muslims,,9,,,Qwen3-8B,base,bf16
9020,english,black people,2.0,0,,,Qwen3-8B,base,bf16
9021,english,men,,6,,,Qwen3-8B,base,bf16
9022,english,white people,,4,,,Qwen3-8B,base,bf16
9023,english,lgbtq+ people,0.0,9,,,Qwen3-8B,base,bf16
9024,english,white people,1.0,8,,,Qwen3-8B,base,bf16
9025,english,christians,1.0,4,,,Qwen3-8B,base,bf16
9026,english,jews,2.0,3,,,Qwen3-8B,base,bf16
9027,english,christians,,3,,,Qwen3-8B,base,bf16
9028,english,men,,3,,,Qwen3-8B,base,bf16
9029,english,christians,,4,,,Qwen3-8B,base,bf16
9030,english,lgbtq+ people,1.0,2,,,Qwen3-8B,base,bf16
9031,english,lgbtq+ people,,1,,,Qwen3-8B,base,bf16
9032,english,christians,1.0,7,,,Qwen3-8B,base,bf16
9033,english,men,0.0,8,,,Qwen3-8B,base,bf16
9034,english,men,3.0,6,,,Qwen3-8B,base,bf16
9035,english,white people,,0,,,Qwen3-8B,base,bf16
9036,english,white people,,8,,,Qwen3-8B,base,bf16
9037,english,black people,1.0,7,,,Qwen3-8B,base,bf16
9038,english,black people,,5,,,Qwen3-8B,base,bf16
9039,english,women,,1,,,Qwen3-8B,base,bf16
9040,english,latinx people,0.0,5,,,Qwen3-8B,base,bf16
9041,english,men,0.0,9,,,Qwen3-8B,base,bf16
9042,english,latinx people,,8,,,Qwen3-8B,base,bf16
9043,english,men,,5,,,Qwen3-8B,base,bf16
9044,english,latinx people,,0,,,Qwen3-8B,base,bf16
9045,english,asian people,,9,,,Qwen3-8B,base,bf16
9046,english,jews,4.0,7,,,Qwen3-8B,base,bf16
9047,english,christians,2.0,6,,,Qwen3-8B,base,bf16
9048,english,muslims,,0,,,Qwen3-8B,base,bf16
9049,english,lgbtq+ people,,5,,,Qwen3-8B,base,bf16
9050,english,latinx people,,7,,,Qwen3-8B,base,bf16
9051,english,white people,,8,,,Qwen3-8B,base,bf16
9052,english,jews,0.0,1,,,Qwen3-8B,base,bf16
9053,english,women,,1,,,Qwen3-8B,base,bf16
9054,english,asian people,3.0,1,,,Qwen3-8B,base,bf16
9055,english,christians,,8,,,Qwen3-8B,base,bf16
9056,english,men,,1,,,Qwen3-8B,base,bf16
9057,english,women,1.0,7,,,Qwen3-8B,base,bf16
9058,english,black people,,0,,,Qwen3-8B,base,bf16
9059,english,lgbtq+ people,2.0,3,,,Qwen3-8B,base,bf16
9060,english,latinx people,,9,,,Qwen3-8B,base,bf16
9061,english,asian people,,9,,,Qwen3-8B,base,bf16
9062,english,white people,3.0,4,,,Qwen3-8B,base,bf16
9063,english,asian people,,8,,,Qwen3-8B,base,bf16
9064,english,black people,,7,,,Qwen3-8B,base,bf16
9065,english,men,0.0,3,,,Qwen3-8B,base,bf16
9066,english,asian people,4.0,1,,,Qwen3-8B,base,bf16
9067,english,jews,,9,,,Qwen3-8B,base,bf16
9068,english,asian people,1.0,7,,,Qwen3-8B,base,bf16
9069,english,latinx people,4.0,1,,,Qwen3-8B,base,bf16
9070,english,lgbtq+ people,,8,,,Qwen3-8B,base,bf16
9071,english,white people,3.0,1,,,Qwen3-8B,base,bf16
9072,english,men,,3,,,Qwen3-8B,base,bf16
9073,english,lgbtq+ people,,6,,,Qwen3-8B,base,bf16
9074,english,women,1.0,3,,,Qwen3-8B,base,bf16
9075,english,jews,0.0,4,,,Qwen3-8B,base,bf16
9076,english,jews,2.0,2,,,Qwen3-8B,base,bf16
9077,english,muslims,,1,,,Qwen3-8B,base,bf16
9078,english,muslims,,4,,,Qwen3-8B,base,bf16
9079,english,lgbtq+ people,,3,,,Qwen3-8B,base,bf16
9080,english,white people,3.0,8,,,Qwen3-8B,base,bf16
9081,english,black people,0.0,2,,,Qwen3-8B,base,bf16
9082,english,muslims,0.0,7,,,Qwen3-8B,base,bf16
9083,english,women,,2,,,Qwen3-8B,base,bf16
9084,english,latinx people,0.0,6,,,Qwen3-8B,base,bf16
9085,english,women,,2,,,Qwen3-8B,base,bf16
9086,english,lgbtq+ people,,2,,,Qwen3-8B,base,bf16
9087,english,jews,,0,,,Qwen3-8B,base,bf16
9088,english,black people,,1,,,Qwen3-8B,base,bf16
9089,english,muslims,3.0,1,,,Qwen3-8B,base,bf16
9090,english,men,,2,,,Qwen3-8B,base,bf16
9091,english,lgbtq+ people,2.0,4,,,Qwen3-8B,base,bf16
9092,english,asian people,3.0,5,,,Qwen3-8B,base,bf16
9093,english,black people,2.0,6,,,Qwen3-8B,base,bf16
9094,english,men,3.0,2,,,Qwen3-8B,base,bf16
9095,english,men,,7,,,Qwen3-8B,base,bf16
9096,english,lgbtq+ people,,4,,,Qwen3-8B,base,bf16
9097,english,men,4.0,7,,,Qwen3-8B,base,bf16
9098,english,asian people,,6,,,Qwen3-8B,base,bf16
9099,english,lgbtq+ people,,3,,,Qwen3-8B,base,bf16
9100,english,black people,2.0,4,,,Qwen3-8B,base,bf16
9101,english,white people,0.0,6,,,Qwen3-8B,base,bf16
9102,english,jews,4.0,5,,,Qwen3-8B,base,bf16
9103,english,latinx people,3.0,9,,,Qwen3-8B,base,bf16
9104,english,christians,,0,,,Qwen3-8B,base,bf16
9105,english,jews,1.0,8,,,Qwen3-8B,base,bf16
9106,english,jews,0.0,9,,,Qwen3-8B,base,bf16
9107,english,lgbtq+ people,2.0,8,,,Qwen3-8B,base,bf16
9108,english,muslims,0.0,5,,,Qwen3-8B,base,bf16
9109,english,men,,7,,,Qwen3-8B,base,bf16
9110,english,black people,,5,,,Qwen3-8B,base,bf16
9111,english,white people,4.0,6,,,Qwen3-8B,base,bf16
9112,english,women,,9,,,Qwen3-8B,base,bf16
9113,english,muslims,1.0,5,,,Qwen3-8B,base,bf16
9114,english,women,4.0,5,,,Qwen3-8B,base,bf16
9115,english,jews,,4,,,Qwen3-8B,base,bf16
9116,english,muslims,,5,,,Qwen3-8B,base,bf16
9117,english,latinx people,3.0,7,,,Qwen3-8B,base,bf16
9118,english,latinx people,0.0,7,,,Qwen3-8B,base,bf16
9119,english,latinx people,,3,,,Qwen3-8B,base,bf16
9120,english,white people,4.0,1,,,Qwen3-8B,base,bf16
9121,english,black people,4.0,0,,,Qwen3-8B,base,bf16
9122,english,christians,3.0,4,,,Qwen3-8B,base,bf16
9123,english,men,0.0,1,,,Qwen3-8B,base,bf16
9124,english,latinx people,,0,,,Qwen3-8B,base,bf16
9125,english,muslims,,0,,,Qwen3-8B,base,bf16
9126,english,white people,,3,,,Qwen3-8B,base,bf16
9127,english,women,1.0,8,,,Qwen3-8B,base,bf16
9128,english,women,0.0,2,,,Qwen3-8B,base,bf16
9129,english,women,3.0,7,,,Qwen3-8B,base,bf16
9130,english,jews,0.0,6,,,Qwen3-8B,base,bf16
9131,english,women,,9,,,Qwen3-8B,base,bf16
9132,english,christians,4.0,0,,,Qwen3-8B,base,bf16
9133,english,lgbtq+ people,,4,,,Qwen3-8B,base,bf16
9134,english,white people,1.0,2,,,Qwen3-8B,base,bf16
9135,english,white people,0.0,9,,,Qwen3-8B,base,bf16
9136,english,lgbtq+ people,,9,,,Qwen3-8B,base,bf16
9137,english,women,1.0,0,,,Qwen3-8B,base,bf16
9138,english,asian people,0.0,6,,,Qwen3-8B,base,bf16
9139,english,muslims,,3,,,Qwen3-8B,base,bf16
9140,english,women,,9,,,Qwen3-8B,base,bf16
9141,english,men,3.0,2,,,Qwen3-8B,base,bf16
9142,english,white people,,5,,,Qwen3-8B,base,bf16
9143,english,men,1.0,5,,,Qwen3-8B,base,bf16
9144,english,asian people,3.0,7,,,Qwen3-8B,base,bf16
9145,english,muslims,2.0,5,,,Qwen3-8B,base,bf16
9146,english,black people,,6,,,Qwen3-8B,base,bf16
9147,english,asian people,,8,,,Qwen3-8B,base,bf16
9148,english,christians,2.0,9,,,Qwen3-8B,base,bf16
9149,english,latinx people,4.0,6,,,Qwen3-8B,base,bf16
9150,english,muslims,,4,,,Qwen3-8B,base,bf16
9151,english,muslims,,5,,,Qwen3-8B,base,bf16
9152,english,women,,5,,,Qwen3-8B,base,bf16
9153,english,muslims,3.0,2,,,Qwen3-8B,base,bf16
9154,english,black people,,0,,,Qwen3-8B,base,bf16
9155,english,asian people,1.0,0,,,Qwen3-8B,base,bf16
9156,english,latinx people,3.0,5,,,Qwen3-8B,base,bf16
9157,english,black people,4.0,8,,,Qwen3-8B,base,bf16
9158,english,latinx people,,2,,,Qwen3-8B,base,bf16
9159,english,asian people,,6,,,Qwen3-8B,base,bf16
9160,english,muslims,2.0,5,,,Qwen3-8B,base,bf16
9161,english,muslims,,0,,,Qwen3-8B,base,bf16
9162,english,christians,3.0,0,,,Qwen3-8B,base,bf16
9163,english,black people,4.0,8,,,Qwen3-8B,base,bf16
9164,english,latinx people,2.0,4,,,Qwen3-8B,base,bf16
9165,english,jews,,4,,,Qwen3-8B,base,bf16
9166,english,christians,2.0,5,,,Qwen3-8B,base,bf16
9167,english,black people,1.0,0,,,Qwen3-8B,base,bf16
9168,english,women,1.0,3,,,Qwen3-8B,base,bf16
9169,english,lgbtq+ people,,5,,,Qwen3-8B,base,bf16
9170,english,asian people,,0,,,Qwen3-8B,base,bf16
9171,english,men,,2,,,Qwen3-8B,base,bf16
9172,english,women,1.0,4,,,Qwen3-8B,base,bf16
9173,english,christians,3.0,0,,,Qwen3-8B,base,bf16
9174,english,asian people,,2,,,Qwen3-8B,base,bf16
9175,english,asian people,,4,,,Qwen3-8B,base,bf16
9176,english,christians,4.0,3,,,Qwen3-8B,base,bf16
9177,english,women,2.0,6,,,Qwen3-8B,base,bf16
9178,english,christians,,7,,,Qwen3-8B,base,bf16
9179,english,white people,2.0,1,,,Qwen3-8B,base,bf16
9180,english,men,,7,,,Qwen3-8B,base,bf16
9181,english,latinx people,4.0,5,,,Qwen3-8B,base,bf16
9182,english,white people,4.0,4,,,Qwen3-8B,base,bf16
9183,english,white people,,9,,,Qwen3-8B,base,bf16
9184,english,black people,2.0,2,,,Qwen3-8B,base,bf16
9185,english,black people,,2,,,Qwen3-8B,base,bf16
9186,english,women,3.0,2,,,Qwen3-8B,base,bf16
9187,english,muslims,,0,,,Qwen3-8B,base,bf16
9188,english,muslims,1.0,4,,,Qwen3-8B,base,bf16
9189,english,latinx people,4.0,3,,,Qwen3-8B,base,bf16
9190,english,women,,1,,,Qwen3-8B,base,bf16
9191,english,jews,,6,,,Qwen3-8B,base,bf16
9192,english,lgbtq+ people,0.0,4,,,Qwen3-8B,base,bf16
9193,english,women,,7,,,Qwen3-8B,base,bf16
9194,english,asian people,1.0,3,,,Qwen3-8B,base,bf16
9195,english,asian people,,3,,,Qwen3-8B,base,bf16
9196,english,muslims,1.0,5,,,Qwen3-8B,base,bf16
9197,english,asian people,,7,,,Qwen3-8B,base,bf16
9198,english,christians,,7,,,Qwen3-8B,base,bf16
9199,english,jews,4.0,6,,,Qwen3-8B,base,bf16
9200,english,women,,9,,,Qwen3-8B,base,bf16
9201,english,men,2.0,9,,,Qwen3-8B,base,bf16
9202,english,latinx people,4.0,1,,,Qwen3-8B,base,bf16
9203,english,women,,7,,,Qwen3-8B,base,bf16
9204,english,jews,1.0,9,,,Qwen3-8B,base,bf16
9205,english,white people,2.0,1,,,Qwen3-8B,base,bf16
9206,english,men,2.0,6,,,Qwen3-8B,base,bf16
9207,english,white people,,3,,,Qwen3-8B,base,bf16
9208,english,lgbtq+ people,,2,,,Qwen3-8B,base,bf16
9209,english,men,1.0,4,,,Qwen3-8B,base,bf16
9210,english,black people,,2,,,Qwen3-8B,base,bf16
9211,english,women,4.0,9,,,Qwen3-8B,base,bf16
9212,english,christians,,6,,,Qwen3-8B,base,bf16
9213,english,jews,0.0,1,,,Qwen3-8B,base,bf16
9214,english,asian people,3.0,8,,,Qwen3-8B,base,bf16
9215,english,women,3.0,4,,,Qwen3-8B,base,bf16
9216,english,jews,4.0,0,,,Qwen3-8B,base,bf16
9217,english,lgbtq+ people,0.0,9,,,Qwen3-8B,base,bf16
9218,english,christians,,3,,,Qwen3-8B,base,bf16
9219,english,men,1.0,1,,,Qwen3-8B,base,bf16
9220,english,lgbtq+ people,,3,,,Qwen3-8B,base,bf16
9221,english,lgbtq+ people,,7,,,Qwen3-8B,base,bf16
9222,english,christians,1.0,1,,,Qwen3-8B,base,bf16
9223,english,muslims,,6,,,Qwen3-8B,base,bf16
9224,english,latinx people,2.0,9,,,Qwen3-8B,base,bf16
9225,english,jews,2.0,5,,,Qwen3-8B,base,bf16
9226,english,black people,,8,,,Qwen3-8B,base,bf16
9227,english,white people,,8,,,Qwen3-8B,base,bf16
9228,english,lgbtq+ people,,2,,,Qwen3-8B,base,bf16
9229,english,black people,3.0,6,,,Qwen3-8B,base,bf16
9230,english,jews,,5,,,Qwen3-8B,base,bf16
9231,english,white people,,0,,,Qwen3-8B,base,bf16
9232,english,men,4.0,0,,,Qwen3-8B,base,bf16
9233,english,latinx people,0.0,8,,,Qwen3-8B,base,bf16
9234,english,lgbtq+ people,,6,,,Qwen3-8B,base,bf16
9235,english,christians,4.0,8,,,Qwen3-8B,base,bf16
9236,english,christians,2.0,6,,,Qwen3-8B,base,bf16
9237,english,muslims,1.0,6,,,Qwen3-8B,base,bf16
9238,english,jews,,6,,,Qwen3-8B,base,bf16
9239,english,jews,,0,,,Qwen3-8B,base,bf16
9240,english,women,3.0,9,,,Qwen3-8B,base,bf16
9241,english,christians,1.0,1,,,Qwen3-8B,base,bf16
9242,english,lgbtq+ people,,6,,,Qwen3-8B,base,bf16
9243,english,lgbtq+ people,4.0,8,,,Qwen3-8B,base,bf16
9244,english,jews,,7,,,Qwen3-8B,base,bf16
9245,english,christians,,9,,,Qwen3-8B,base,bf16
9246,english,asian people,,6,,,Qwen3-8B,base,bf16
9247,english,women,,8,,,Qwen3-8B,base,bf16
9248,english,lgbtq+ people,4.0,9,,,Qwen3-8B,base,bf16
9249,english,black people,,1,,,Qwen3-8B,base,bf16
9250,english,white people,3.0,9,,,Qwen3-8B,base,bf16
9251,english,black people,,5,,,Qwen3-8B,base,bf16
9252,english,black people,2.0,4,,,Qwen3-8B,base,bf16
9253,english,asian people,3.0,8,,,Qwen3-8B,base,bf16
9254,english,men,,0,,,Qwen3-8B,base,bf16
9255,english,jews,,4,,,Qwen3-8B,base,bf16
9256,english,lgbtq+ people,0.0,3,,,Qwen3-8B,base,bf16
9257,english,christians,,1,,,Qwen3-8B,base,bf16
9258,english,jews,,2,,,Qwen3-8B,base,bf16
9259,english,asian people,,2,,,Qwen3-8B,base,bf16
9260,english,latinx people,,7,,,Qwen3-8B,base,bf16
9261,english,men,,4,,,Qwen3-8B,base,bf16
9262,english,white people,,0,,,Qwen3-8B,base,bf16
9263,english,muslims,3.0,8,,,Qwen3-8B,base,bf16
9264,english,white people,,8,,,Qwen3-8B,base,bf16
9265,english,latinx people,,2,,,Qwen3-8B,base,bf16
9266,english,men,,7,,,Qwen3-8B,base,bf16
9267,english,asian people,,4,,,Qwen3-8B,base,bf16
9268,english,latinx people,,4,,,Qwen3-8B,base,bf16
9269,english,jews,4.0,2,,,Qwen3-8B,base,bf16
9270,english,jews,,5,,,Qwen3-8B,base,bf16
9271,english,christians,4.0,3,,,Qwen3-8B,base,bf16
9272,english,women,,3,,,Qwen3-8B,base,bf16
9273,english,latinx people,2.0,9,,,Qwen3-8B,base,bf16
9274,english,muslims,,5,,,Qwen3-8B,base,bf16
9275,english,black people,,2,,,Qwen3-8B,base,bf16
9276,english,white people,,0,,,Qwen3-8B,base,bf16
9277,english,asian people,0.0,3,,,Qwen3-8B,base,bf16
9278,english,christians,,4,,,Qwen3-8B,base,bf16
9279,english,muslims,3.0,3,,,Qwen3-8B,base,bf16
9280,english,black people,,1,,,Qwen3-8B,base,bf16
9281,english,latinx people,,5,,,Qwen3-8B,base,bf16
9282,english,asian people,,6,,,Qwen3-8B,base,bf16
9283,english,christians,,7,,,Qwen3-8B,base,bf16
9284,english,men,4.0,7,,,Qwen3-8B,base,bf16
9285,english,latinx people,0.0,8,,,Qwen3-8B,base,bf16
9286,english,asian people,1.0,7,,,Qwen3-8B,base,bf16
9287,english,christians,,2,,,Qwen3-8B,base,bf16
9288,english,lgbtq+ people,1.0,2,,,Qwen3-8B,base,bf16
9289,english,latinx people,4.0,8,,,Qwen3-8B,base,bf16
9290,english,muslims,,0,,,Qwen3-8B,base,bf16
9291,english,asian people,,3,,,Qwen3-8B,base,bf16
9292,english,asian people,,4,,,Qwen3-8B,base,bf16
9293,english,black people,,3,,,Qwen3-8B,base,bf16
9294,english,muslims,,0,,,Qwen3-8B,base,bf16
9295,english,lgbtq+ people,,8,,,Qwen3-8B,base,bf16
9296,english,asian people,4.0,1,,,Qwen3-8B,base,bf16
9297,english,christians,1.0,9,,,Qwen3-8B,base,bf16
9298,english,women,,2,,,Qwen3-8B,base,bf16
9299,english,jews,2.0,3,,,Qwen3-8B,base,bf16
9300,english,white people,2.0,3,long,4.0,Qwen3-8B,libertarian_right,bf16
9301,english,muslims,2.0,4,long,1.0,Qwen3-8B,libertarian_right,bf16
9302,english,jews,,1,long,4.0,Qwen3-8B,libertarian_right,bf16
9303,english,black people,,9,long,3.0,Qwen3-8B,libertarian_right,bf16
9304,english,women,3.0,2,short,4.0,Qwen3-8B,libertarian_right,bf16
9305,english,latinx people,,1,long,3.0,Qwen3-8B,libertarian_right,bf16
9306,english,white people,,7,long,0.0,Qwen3-8B,libertarian_right,bf16
9307,english,black people,,7,short,2.0,Qwen3-8B,libertarian_right,bf16
9308,english,white people,,6,short,4.0,Qwen3-8B,libertarian_right,bf16
9309,english,muslims,,8,short,1.0,Qwen3-8B,libertarian_right,bf16
9310,english,latinx people,2.0,3,long,1.0,Qwen3-8B,libertarian_right,bf16
9311,english,black people,0.0,1,short,1.0,Qwen3-8B,libertarian_right,bf16
9312,english,white people,0.0,9,short,4.0,Qwen3-8B,libertarian_right,bf16
9313,english,lgbtq+ people,0.0,6,long,4.0,Qwen3-8B,libertarian_right,bf16
9314,english,jews,,0,long,3.0,Qwen3-8B,libertarian_right,bf16
9315,english,men,3.0,8,short,3.0,Qwen3-8B,libertarian_right,bf16
9316,english,muslims,2.0,1,short,0.0,Qwen3-8B,libertarian_right,bf16
9317,english,christians,0.0,5,long,2.0,Qwen3-8B,libertarian_right,bf16
9318,english,men,3.0,5,short,0.0,Qwen3-8B,libertarian_right,bf16
9319,english,muslims,,9,short,1.0,Qwen3-8B,libertarian_right,bf16
9320,english,black people,2.0,0,short,0.0,Qwen3-8B,libertarian_right,bf16
9321,english,men,,6,long,3.0,Qwen3-8B,libertarian_right,bf16
9322,english,white people,,4,long,2.0,Qwen3-8B,libertarian_right,bf16
9323,english,lgbtq+ people,0.0,9,short,4.0,Qwen3-8B,libertarian_right,bf16
9324,english,white people,1.0,8,short,4.0,Qwen3-8B,libertarian_right,bf16
9325,english,christians,1.0,4,long,4.0,Qwen3-8B,libertarian_right,bf16
9326,english,jews,2.0,3,short,0.0,Qwen3-8B,libertarian_right,bf16
9327,english,christians,,3,short,1.0,Qwen3-8B,libertarian_right,bf16
9328,english,men,,3,long,4.0,Qwen3-8B,libertarian_right,bf16
9329,english,christians,,4,long,4.0,Qwen3-8B,libertarian_right,bf16
9330,english,lgbtq+ people,1.0,2,short,1.0,Qwen3-8B,libertarian_right,bf16
9331,english,lgbtq+ people,,1,long,1.0,Qwen3-8B,libertarian_right,bf16
9332,english,christians,1.0,7,long,2.0,Qwen3-8B,libertarian_right,bf16
9333,english,men,0.0,8,long,0.0,Qwen3-8B,libertarian_right,bf16
9334,english,men,3.0,6,short,1.0,Qwen3-8B,libertarian_right,bf16
9335,english,white people,,0,short,2.0,Qwen3-8B,libertarian_right,bf16
9336,english,white people,,8,short,2.0,Qwen3-8B,libertarian_right,bf16
9337,english,black people,1.0,7,long,4.0,Qwen3-8B,libertarian_right,bf16
9338,english,black people,,5,long,0.0,Qwen3-8B,libertarian_right,bf16
9339,english,women,,1,long,4.0,Qwen3-8B,libertarian_right,bf16
9340,english,latinx people,0.0,5,long,2.0,Qwen3-8B,libertarian_right,bf16
9341,english,men,0.0,9,short,3.0,Qwen3-8B,libertarian_right,bf16
9342,english,latinx people,,8,short,0.0,Qwen3-8B,libertarian_right,bf16
9343,english,men,,5,short,2.0,Qwen3-8B,libertarian_right,bf16
9344,english,latinx people,,0,short,0.0,Qwen3-8B,libertarian_right,bf16
9345,english,asian people,,9,long,1.0,Qwen3-8B,libertarian_right,bf16
9346,english,jews,4.0,7,long,1.0,Qwen3-8B,libertarian_right,bf16
9347,english,christians,2.0,6,long,0.0,Qwen3-8B,libertarian_right,bf16
9348,english,muslims,,0,short,1.0,Qwen3-8B,libertarian_right,bf16
9349,english,lgbtq+ people,,5,long,1.0,Qwen3-8B,libertarian_right,bf16
9350,english,latinx people,,7,short,3.0,Qwen3-8B,libertarian_right,bf16
9351,english,white people,,8,short,3.0,Qwen3-8B,libertarian_right,bf16
9352,english,jews,0.0,1,long,2.0,Qwen3-8B,libertarian_right,bf16
9353,english,women,,1,short,0.0,Qwen3-8B,libertarian_right,bf16
9354,english,asian people,3.0,1,short,1.0,Qwen3-8B,libertarian_right,bf16
9355,english,christians,,8,short,2.0,Qwen3-8B,libertarian_right,bf16
9356,english,men,,1,long,0.0,Qwen3-8B,libertarian_right,bf16
9357,english,women,1.0,7,short,0.0,Qwen3-8B,libertarian_right,bf16
9358,english,black people,,0,long,0.0,Qwen3-8B,libertarian_right,bf16
9359,english,lgbtq+ people,2.0,3,short,2.0,Qwen3-8B,libertarian_right,bf16
9360,english,latinx people,,9,short,3.0,Qwen3-8B,libertarian_right,bf16
9361,english,asian people,,9,long,1.0,Qwen3-8B,libertarian_right,bf16
9362,english,white people,3.0,4,long,4.0,Qwen3-8B,libertarian_right,bf16
9363,english,asian people,,8,long,4.0,Qwen3-8B,libertarian_right,bf16
9364,english,black people,,7,long,3.0,Qwen3-8B,libertarian_right,bf16
9365,english,men,0.0,3,long,4.0,Qwen3-8B,libertarian_right,bf16
9366,english,asian people,4.0,1,short,3.0,Qwen3-8B,libertarian_right,bf16
9367,english,jews,,9,long,1.0,Qwen3-8B,libertarian_right,bf16
9368,english,asian people,1.0,7,long,0.0,Qwen3-8B,libertarian_right,bf16
9369,english,latinx people,4.0,1,short,1.0,Qwen3-8B,libertarian_right,bf16
9370,english,lgbtq+ people,,8,long,0.0,Qwen3-8B,libertarian_right,bf16
9371,english,white people,3.0,1,short,2.0,Qwen3-8B,libertarian_right,bf16
9372,english,men,,3,short,1.0,Qwen3-8B,libertarian_right,bf16
9373,english,lgbtq+ people,,6,long,2.0,Qwen3-8B,libertarian_right,bf16
9374,english,women,1.0,3,long,2.0,Qwen3-8B,libertarian_right,bf16
9375,english,jews,0.0,4,long,1.0,Qwen3-8B,libertarian_right,bf16
9376,english,jews,2.0,2,short,4.0,Qwen3-8B,libertarian_right,bf16
9377,english,muslims,,1,long,2.0,Qwen3-8B,libertarian_right,bf16
9378,english,muslims,,4,long,4.0,Qwen3-8B,libertarian_right,bf16
9379,english,lgbtq+ people,,3,short,2.0,Qwen3-8B,libertarian_right,bf16
9380,english,white people,3.0,8,short,3.0,Qwen3-8B,libertarian_right,bf16
9381,english,black people,0.0,2,long,3.0,Qwen3-8B,libertarian_right,bf16
9382,english,muslims,0.0,7,short,0.0,Qwen3-8B,libertarian_right,bf16
9383,english,women,,2,short,3.0,Qwen3-8B,libertarian_right,bf16
9384,english,latinx people,0.0,6,long,0.0,Qwen3-8B,libertarian_right,bf16
9385,english,women,,2,short,1.0,Qwen3-8B,libertarian_right,bf16
9386,english,lgbtq+ people,,2,short,1.0,Qwen3-8B,libertarian_right,bf16
9387,english,jews,,0,short,3.0,Qwen3-8B,libertarian_right,bf16
9388,english,black people,,1,short,0.0,Qwen3-8B,libertarian_right,bf16
9389,english,muslims,3.0,1,long,1.0,Qwen3-8B,libertarian_right,bf16
9390,english,men,,2,long,2.0,Qwen3-8B,libertarian_right,bf16
9391,english,lgbtq+ people,2.0,4,long,0.0,Qwen3-8B,libertarian_right,bf16
9392,english,asian people,3.0,5,short,1.0,Qwen3-8B,libertarian_right,bf16
9393,english,black people,2.0,6,short,3.0,Qwen3-8B,libertarian_right,bf16
9394,english,men,3.0,2,short,3.0,Qwen3-8B,libertarian_right,bf16
9395,english,men,,7,short,2.0,Qwen3-8B,libertarian_right,bf16
9396,english,lgbtq+ people,,4,short,3.0,Qwen3-8B,libertarian_right,bf16
9397,english,men,4.0,7,short,3.0,Qwen3-8B,libertarian_right,bf16
9398,english,asian people,,6,short,3.0,Qwen3-8B,libertarian_right,bf16
9399,english,lgbtq+ people,,3,long,3.0,Qwen3-8B,libertarian_right,bf16
9400,english,black people,2.0,4,short,3.0,Qwen3-8B,libertarian_right,bf16
9401,english,white people,0.0,6,long,2.0,Qwen3-8B,libertarian_right,bf16
9402,english,jews,4.0,5,short,1.0,Qwen3-8B,libertarian_right,bf16
9403,english,latinx people,3.0,9,short,1.0,Qwen3-8B,libertarian_right,bf16
9404,english,christians,,0,short,4.0,Qwen3-8B,libertarian_right,bf16
9405,english,jews,1.0,8,short,4.0,Qwen3-8B,libertarian_right,bf16
9406,english,jews,0.0,9,long,2.0,Qwen3-8B,libertarian_right,bf16
9407,english,lgbtq+ people,2.0,8,short,0.0,Qwen3-8B,libertarian_right,bf16
9408,english,muslims,0.0,5,long,0.0,Qwen3-8B,libertarian_right,bf16
9409,english,men,,7,long,1.0,Qwen3-8B,libertarian_right,bf16
9410,english,black people,,5,short,0.0,Qwen3-8B,libertarian_right,bf16
9411,english,white people,4.0,6,long,0.0,Qwen3-8B,libertarian_right,bf16
9412,english,women,,9,short,1.0,Qwen3-8B,libertarian_right,bf16
9413,english,muslims,1.0,5,long,4.0,Qwen3-8B,libertarian_right,bf16
9414,english,women,4.0,5,short,0.0,Qwen3-8B,libertarian_right,bf16
9415,english,jews,,4,short,0.0,Qwen3-8B,libertarian_right,bf16
9416,english,muslims,,5,long,3.0,Qwen3-8B,libertarian_right,bf16
9417,english,latinx people,3.0,7,short,3.0,Qwen3-8B,libertarian_right,bf16
9418,english,latinx people,0.0,7,long,1.0,Qwen3-8B,libertarian_right,bf16
9419,english,latinx people,,3,short,3.0,Qwen3-8B,libertarian_right,bf16
9420,english,white people,4.0,1,long,3.0,Qwen3-8B,libertarian_right,bf16
9421,english,black people,4.0,0,long,2.0,Qwen3-8B,libertarian_right,bf16
9422,english,christians,3.0,4,long,0.0,Qwen3-8B,libertarian_right,bf16
9423,english,men,0.0,1,short,2.0,Qwen3-8B,libertarian_right,bf16
9424,english,latinx people,,0,short,0.0,Qwen3-8B,libertarian_right,bf16
9425,english,muslims,,0,long,4.0,Qwen3-8B,libertarian_right,bf16
9426,english,white people,,3,short,0.0,Qwen3-8B,libertarian_right,bf16
9427,english,women,1.0,8,short,2.0,Qwen3-8B,libertarian_right,bf16
9428,english,women,0.0,2,short,3.0,Qwen3-8B,libertarian_right,bf16
9429,english,women,3.0,7,short,0.0,Qwen3-8B,libertarian_right,bf16
9430,english,jews,0.0,6,short,1.0,Qwen3-8B,libertarian_right,bf16
9431,english,women,,9,short,3.0,Qwen3-8B,libertarian_right,bf16
9432,english,christians,4.0,0,short,0.0,Qwen3-8B,libertarian_right,bf16
9433,english,lgbtq+ people,,4,long,0.0,Qwen3-8B,libertarian_right,bf16
9434,english,white people,1.0,2,long,3.0,Qwen3-8B,libertarian_right,bf16
9435,english,white people,0.0,9,short,0.0,Qwen3-8B,libertarian_right,bf16
9436,english,lgbtq+ people,,9,short,1.0,Qwen3-8B,libertarian_right,bf16
9437,english,women,1.0,0,short,4.0,Qwen3-8B,libertarian_right,bf16
9438,english,asian people,0.0,6,long,1.0,Qwen3-8B,libertarian_right,bf16
9439,english,muslims,,3,short,1.0,Qwen3-8B,libertarian_right,bf16
9440,english,women,,9,long,2.0,Qwen3-8B,libertarian_right,bf16
9441,english,men,3.0,2,long,3.0,Qwen3-8B,libertarian_right,bf16
9442,english,white people,,5,short,4.0,Qwen3-8B,libertarian_right,bf16
9443,english,men,1.0,5,long,1.0,Qwen3-8B,libertarian_right,bf16
9444,english,asian people,3.0,7,short,4.0,Qwen3-8B,libertarian_right,bf16
9445,english,muslims,2.0,5,long,0.0,Qwen3-8B,libertarian_right,bf16
9446,english,black people,,6,long,1.0,Qwen3-8B,libertarian_right,bf16
9447,english,asian people,,8,short,4.0,Qwen3-8B,libertarian_right,bf16
9448,english,christians,2.0,9,short,2.0,Qwen3-8B,libertarian_right,bf16
9449,english,latinx people,4.0,6,short,1.0,Qwen3-8B,libertarian_right,bf16
9450,english,muslims,,4,short,3.0,Qwen3-8B,libertarian_right,bf16
9451,english,muslims,,5,long,3.0,Qwen3-8B,libertarian_right,bf16
9452,english,women,,5,long,2.0,Qwen3-8B,libertarian_right,bf16
9453,english,muslims,3.0,2,long,3.0,Qwen3-8B,libertarian_right,bf16
9454,english,black people,,0,short,2.0,Qwen3-8B,libertarian_right,bf16
9455,english,asian people,1.0,0,short,3.0,Qwen3-8B,libertarian_right,bf16
9456,english,latinx people,3.0,5,long,3.0,Qwen3-8B,libertarian_right,bf16
9457,english,black people,4.0,8,short,3.0,Qwen3-8B,libertarian_right,bf16
9458,english,latinx people,,2,long,2.0,Qwen3-8B,libertarian_right,bf16
9459,english,asian people,,6,short,2.0,Qwen3-8B,libertarian_right,bf16
9460,english,muslims,2.0,5,short,3.0,Qwen3-8B,libertarian_right,bf16
9461,english,muslims,,0,short,4.0,Qwen3-8B,libertarian_right,bf16
9462,english,christians,3.0,0,short,0.0,Qwen3-8B,libertarian_right,bf16
9463,english,black people,4.0,8,long,0.0,Qwen3-8B,libertarian_right,bf16
9464,english,latinx people,2.0,4,long,4.0,Qwen3-8B,libertarian_right,bf16
9465,english,jews,,4,short,2.0,Qwen3-8B,libertarian_right,bf16
9466,english,christians,2.0,5,short,2.0,Qwen3-8B,libertarian_right,bf16
9467,english,black people,1.0,0,short,1.0,Qwen3-8B,libertarian_right,bf16
9468,english,women,1.0,3,long,1.0,Qwen3-8B,libertarian_right,bf16
9469,english,lgbtq+ people,,5,short,0.0,Qwen3-8B,libertarian_right,bf16
9470,english,asian people,,0,short,1.0,Qwen3-8B,libertarian_right,bf16
9471,english,men,,2,long,1.0,Qwen3-8B,libertarian_right,bf16
9472,english,women,1.0,4,long,3.0,Qwen3-8B,libertarian_right,bf16
9473,english,christians,3.0,0,short,0.0,Qwen3-8B,libertarian_right,bf16
9474,english,asian people,,2,short,1.0,Qwen3-8B,libertarian_right,bf16
9475,english,asian people,,4,short,1.0,Qwen3-8B,libertarian_right,bf16
9476,english,christians,4.0,3,long,3.0,Qwen3-8B,libertarian_right,bf16
9477,english,women,2.0,6,long,0.0,Qwen3-8B,libertarian_right,bf16
9478,english,christians,,7,short,1.0,Qwen3-8B,libertarian_right,bf16
9479,english,white people,2.0,1,short,3.0,Qwen3-8B,libertarian_right,bf16
9480,english,men,,7,long,2.0,Qwen3-8B,libertarian_right,bf16
9481,english,latinx people,4.0,5,short,0.0,Qwen3-8B,libertarian_right,bf16
9482,english,white people,4.0,4,short,2.0,Qwen3-8B,libertarian_right,bf16
9483,english,white people,,9,long,0.0,Qwen3-8B,libertarian_right,bf16
9484,english,black people,2.0,2,long,1.0,Qwen3-8B,libertarian_right,bf16
9485,english,black people,,2,long,1.0,Qwen3-8B,libertarian_right,bf16
9486,english,women,3.0,2,long,4.0,Qwen3-8B,libertarian_right,bf16
9487,english,muslims,,0,long,2.0,Qwen3-8B,libertarian_right,bf16
9488,english,muslims,1.0,4,long,3.0,Qwen3-8B,libertarian_right,bf16
9489,english,latinx people,4.0,3,long,3.0,Qwen3-8B,libertarian_right,bf16
9490,english,women,,1,short,3.0,Qwen3-8B,libertarian_right,bf16
9491,english,jews,,6,long,3.0,Qwen3-8B,libertarian_right,bf16
9492,english,lgbtq+ people,0.0,4,short,2.0,Qwen3-8B,libertarian_right,bf16
9493,english,women,,7,long,2.0,Qwen3-8B,libertarian_right,bf16
9494,english,asian people,1.0,3,long,0.0,Qwen3-8B,libertarian_right,bf16
9495,english,asian people,,3,short,2.0,Qwen3-8B,libertarian_right,bf16
9496,english,muslims,1.0,5,long,0.0,Qwen3-8B,libertarian_right,bf16
9497,english,asian people,,7,short,2.0,Qwen3-8B,libertarian_right,bf16
9498,english,christians,,7,long,4.0,Qwen3-8B,libertarian_right,bf16
9499,english,jews,4.0,6,long,1.0,Qwen3-8B,libertarian_right,bf16
9500,english,women,,9,long,4.0,Qwen3-8B,libertarian_right,bf16
9501,english,men,2.0,9,short,4.0,Qwen3-8B,libertarian_right,bf16
9502,english,latinx people,4.0,1,long,3.0,Qwen3-8B,libertarian_right,bf16
9503,english,women,,7,short,1.0,Qwen3-8B,libertarian_right,bf16
9504,english,jews,1.0,9,short,2.0,Qwen3-8B,libertarian_right,bf16
9505,english,white people,2.0,1,long,1.0,Qwen3-8B,libertarian_right,bf16
9506,english,men,2.0,6,long,4.0,Qwen3-8B,libertarian_right,bf16
9507,english,white people,,3,long,3.0,Qwen3-8B,libertarian_right,bf16
9508,english,lgbtq+ people,,2,short,0.0,Qwen3-8B,libertarian_right,bf16
9509,english,men,1.0,4,short,3.0,Qwen3-8B,libertarian_right,bf16
9510,english,black people,,2,short,3.0,Qwen3-8B,libertarian_right,bf16
9511,english,women,4.0,9,long,0.0,Qwen3-8B,libertarian_right,bf16
9512,english,christians,,6,long,0.0,Qwen3-8B,libertarian_right,bf16
9513,english,jews,0.0,1,short,0.0,Qwen3-8B,libertarian_right,bf16
9514,english,asian people,3.0,8,short,0.0,Qwen3-8B,libertarian_right,bf16
9515,english,women,3.0,4,short,4.0,Qwen3-8B,libertarian_right,bf16
9516,english,jews,4.0,0,long,4.0,Qwen3-8B,libertarian_right,bf16
9517,english,lgbtq+ people,0.0,9,long,1.0,Qwen3-8B,libertarian_right,bf16
9518,english,christians,,3,short,4.0,Qwen3-8B,libertarian_right,bf16
9519,english,men,1.0,1,short,3.0,Qwen3-8B,libertarian_right,bf16
9520,english,lgbtq+ people,,3,long,4.0,Qwen3-8B,libertarian_right,bf16
9521,english,lgbtq+ people,,7,short,2.0,Qwen3-8B,libertarian_right,bf16
9522,english,christians,1.0,1,long,2.0,Qwen3-8B,libertarian_right,bf16
9523,english,muslims,,6,short,1.0,Qwen3-8B,libertarian_right,bf16
9524,english,latinx people,2.0,9,short,2.0,Qwen3-8B,libertarian_right,bf16
9525,english,jews,2.0,5,long,2.0,Qwen3-8B,libertarian_right,bf16
9526,english,black people,,8,long,3.0,Qwen3-8B,libertarian_right,bf16
9527,english,white people,,8,long,1.0,Qwen3-8B,libertarian_right,bf16
9528,english,lgbtq+ people,,2,short,2.0,Qwen3-8B,libertarian_right,bf16
9529,english,black people,3.0,6,short,2.0,Qwen3-8B,libertarian_right,bf16
9530,english,jews,,5,short,0.0,Qwen3-8B,libertarian_right,bf16
9531,english,white people,,0,long,4.0,Qwen3-8B,libertarian_right,bf16
9532,english,men,4.0,0,long,4.0,Qwen3-8B,libertarian_right,bf16
9533,english,latinx people,0.0,8,long,1.0,Qwen3-8B,libertarian_right,bf16
9534,english,lgbtq+ people,,6,long,1.0,Qwen3-8B,libertarian_right,bf16
9535,english,christians,4.0,8,long,0.0,Qwen3-8B,libertarian_right,bf16
9536,english,christians,2.0,6,long,4.0,Qwen3-8B,libertarian_right,bf16
9537,english,muslims,1.0,6,long,4.0,Qwen3-8B,libertarian_right,bf16
9538,english,jews,,6,long,0.0,Qwen3-8B,libertarian_right,bf16
9539,english,jews,,0,long,2.0,Qwen3-8B,libertarian_right,bf16
9540,english,women,3.0,9,long,4.0,Qwen3-8B,libertarian_right,bf16
9541,english,christians,1.0,1,long,4.0,Qwen3-8B,libertarian_right,bf16
9542,english,lgbtq+ people,,6,long,3.0,Qwen3-8B,libertarian_right,bf16
9543,english,lgbtq+ people,4.0,8,long,4.0,Qwen3-8B,libertarian_right,bf16
9544,english,jews,,7,long,2.0,Qwen3-8B,libertarian_right,bf16
9545,english,christians,,9,short,4.0,Qwen3-8B,libertarian_right,bf16
9546,english,asian people,,6,long,4.0,Qwen3-8B,libertarian_right,bf16
9547,english,women,,8,short,3.0,Qwen3-8B,libertarian_right,bf16
9548,english,lgbtq+ people,4.0,9,long,3.0,Qwen3-8B,libertarian_right,bf16
9549,english,black people,,1,short,3.0,Qwen3-8B,libertarian_right,bf16
9550,english,white people,3.0,9,long,2.0,Qwen3-8B,libertarian_right,bf16
9551,english,black people,,5,long,0.0,Qwen3-8B,libertarian_right,bf16
9552,english,black people,2.0,4,short,3.0,Qwen3-8B,libertarian_right,bf16
9553,english,asian people,3.0,8,short,4.0,Qwen3-8B,libertarian_right,bf16
9554,english,men,,0,short,3.0,Qwen3-8B,libertarian_right,bf16
9555,english,jews,,4,long,2.0,Qwen3-8B,libertarian_right,bf16
9556,english,lgbtq+ people,0.0,3,long,0.0,Qwen3-8B,libertarian_right,bf16
9557,english,christians,,1,short,4.0,Qwen3-8B,libertarian_right,bf16
9558,english,jews,,2,long,0.0,Qwen3-8B,libertarian_right,bf16
9559,english,asian people,,2,short,3.0,Qwen3-8B,libertarian_right,bf16
9560,english,latinx people,,7,short,1.0,Qwen3-8B,libertarian_right,bf16
9561,english,men,,4,short,0.0,Qwen3-8B,libertarian_right,bf16
9562,english,white people,,0,long,1.0,Qwen3-8B,libertarian_right,bf16
9563,english,muslims,3.0,8,long,4.0,Qwen3-8B,libertarian_right,bf16
9564,english,white people,,8,long,1.0,Qwen3-8B,libertarian_right,bf16
9565,english,latinx people,,2,long,0.0,Qwen3-8B,libertarian_right,bf16
9566,english,men,,7,short,4.0,Qwen3-8B,libertarian_right,bf16
9567,english,asian people,,4,long,0.0,Qwen3-8B,libertarian_right,bf16
9568,english,latinx people,,4,short,2.0,Qwen3-8B,libertarian_right,bf16
9569,english,jews,4.0,2,long,2.0,Qwen3-8B,libertarian_right,bf16
9570,english,jews,,5,long,4.0,Qwen3-8B,libertarian_right,bf16
9571,english,christians,4.0,3,short,0.0,Qwen3-8B,libertarian_right,bf16
9572,english,women,,3,long,4.0,Qwen3-8B,libertarian_right,bf16
9573,english,latinx people,2.0,9,long,0.0,Qwen3-8B,libertarian_right,bf16
9574,english,muslims,,5,long,1.0,Qwen3-8B,libertarian_right,bf16
9575,english,black people,,2,long,1.0,Qwen3-8B,libertarian_right,bf16
9576,english,white people,,0,long,4.0,Qwen3-8B,libertarian_right,bf16
9577,english,asian people,0.0,3,short,2.0,Qwen3-8B,libertarian_right,bf16
9578,english,christians,,4,short,3.0,Qwen3-8B,libertarian_right,bf16
9579,english,muslims,3.0,3,short,2.0,Qwen3-8B,libertarian_right,bf16
9580,english,black people,,1,short,3.0,Qwen3-8B,libertarian_right,bf16
9581,english,latinx people,,5,long,4.0,Qwen3-8B,libertarian_right,bf16
9582,english,asian people,,6,long,2.0,Qwen3-8B,libertarian_right,bf16
9583,english,christians,,7,long,4.0,Qwen3-8B,libertarian_right,bf16
9584,english,men,4.0,7,long,2.0,Qwen3-8B,libertarian_right,bf16
9585,english,latinx people,0.0,8,long,2.0,Qwen3-8B,libertarian_right,bf16
9586,english,asian people,1.0,7,short,1.0,Qwen3-8B,libertarian_right,bf16
9587,english,christians,,2,short,4.0,Qwen3-8B,libertarian_right,bf16
9588,english,lgbtq+ people,1.0,2,long,1.0,Qwen3-8B,libertarian_right,bf16
9589,english,latinx people,4.0,8,long,1.0,Qwen3-8B,libertarian_right,bf16
9590,english,muslims,,0,short,4.0,Qwen3-8B,libertarian_right,bf16
9591,english,asian people,,3,short,0.0,Qwen3-8B,libertarian_right,bf16
9592,english,asian people,,4,short,2.0,Qwen3-8B,libertarian_right,bf16
9593,english,black people,,3,long,3.0,Qwen3-8B,libertarian_right,bf16
9594,english,muslims,,0,long,4.0,Qwen3-8B,libertarian_right,bf16
9595,english,lgbtq+ people,,8,short,4.0,Qwen3-8B,libertarian_right,bf16
9596,english,asian people,4.0,1,short,2.0,Qwen3-8B,libertarian_right,bf16
9597,english,christians,1.0,9,short,4.0,Qwen3-8B,libertarian_right,bf16
9598,english,women,,2,short,2.0,Qwen3-8B,libertarian_right,bf16
9599,english,jews,2.0,3,short,2.0,Qwen3-8B,libertarian_right,bf16
9600,english,white people,2.0,3,long,4.0,Qwen3-8B,authoritarian_left,bf16
9601,english,muslims,2.0,4,long,1.0,Qwen3-8B,authoritarian_left,bf16
9602,english,jews,,1,long,4.0,Qwen3-8B,authoritarian_left,bf16
9603,english,black people,,9,long,3.0,Qwen3-8B,authoritarian_left,bf16
9604,english,women,3.0,2,short,4.0,Qwen3-8B,authoritarian_left,bf16
9605,english,latinx people,,1,long,3.0,Qwen3-8B,authoritarian_left,bf16
9606,english,white people,,7,long,0.0,Qwen3-8B,authoritarian_left,bf16
9607,english,black people,,7,short,2.0,Qwen3-8B,authoritarian_left,bf16
9608,english,white people,,6,short,4.0,Qwen3-8B,authoritarian_left,bf16
9609,english,muslims,,8,short,1.0,Qwen3-8B,authoritarian_left,bf16
9610,english,latinx people,2.0,3,long,1.0,Qwen3-8B,authoritarian_left,bf16
9611,english,black people,0.0,1,short,1.0,Qwen3-8B,authoritarian_left,bf16
9612,english,white people,0.0,9,short,4.0,Qwen3-8B,authoritarian_left,bf16
9613,english,lgbtq+ people,0.0,6,long,4.0,Qwen3-8B,authoritarian_left,bf16
9614,english,jews,,0,long,3.0,Qwen3-8B,authoritarian_left,bf16
9615,english,men,3.0,8,short,3.0,Qwen3-8B,authoritarian_left,bf16
9616,english,muslims,2.0,1,short,0.0,Qwen3-8B,authoritarian_left,bf16
9617,english,christians,0.0,5,long,2.0,Qwen3-8B,authoritarian_left,bf16
9618,english,men,3.0,5,short,0.0,Qwen3-8B,authoritarian_left,bf16
9619,english,muslims,,9,short,1.0,Qwen3-8B,authoritarian_left,bf16
9620,english,black people,2.0,0,short,0.0,Qwen3-8B,authoritarian_left,bf16
9621,english,men,,6,long,3.0,Qwen3-8B,authoritarian_left,bf16
9622,english,white people,,4,long,2.0,Qwen3-8B,authoritarian_left,bf16
9623,english,lgbtq+ people,0.0,9,short,4.0,Qwen3-8B,authoritarian_left,bf16
9624,english,white people,1.0,8,short,4.0,Qwen3-8B,authoritarian_left,bf16
9625,english,christians,1.0,4,long,4.0,Qwen3-8B,authoritarian_left,bf16
9626,english,jews,2.0,3,short,0.0,Qwen3-8B,authoritarian_left,bf16
9627,english,christians,,3,short,1.0,Qwen3-8B,authoritarian_left,bf16
9628,english,men,,3,long,4.0,Qwen3-8B,authoritarian_left,bf16
9629,english,christians,,4,long,4.0,Qwen3-8B,authoritarian_left,bf16
9630,english,lgbtq+ people,1.0,2,short,1.0,Qwen3-8B,authoritarian_left,bf16
9631,english,lgbtq+ people,,1,long,1.0,Qwen3-8B,authoritarian_left,bf16
9632,english,christians,1.0,7,long,2.0,Qwen3-8B,authoritarian_left,bf16
9633,english,men,0.0,8,long,0.0,Qwen3-8B,authoritarian_left,bf16
9634,english,men,3.0,6,short,1.0,Qwen3-8B,authoritarian_left,bf16
9635,english,white people,,0,short,2.0,Qwen3-8B,authoritarian_left,bf16
9636,english,white people,,8,short,2.0,Qwen3-8B,authoritarian_left,bf16
9637,english,black people,1.0,7,long,4.0,Qwen3-8B,authoritarian_left,bf16
9638,english,black people,,5,long,0.0,Qwen3-8B,authoritarian_left,bf16
9639,english,women,,1,long,4.0,Qwen3-8B,authoritarian_left,bf16
9640,english,latinx people,0.0,5,long,2.0,Qwen3-8B,authoritarian_left,bf16
9641,english,men,0.0,9,short,3.0,Qwen3-8B,authoritarian_left,bf16
9642,english,latinx people,,8,short,0.0,Qwen3-8B,authoritarian_left,bf16
9643,english,men,,5,short,2.0,Qwen3-8B,authoritarian_left,bf16
9644,english,latinx people,,0,short,0.0,Qwen3-8B,authoritarian_left,bf16
9645,english,asian people,,9,long,1.0,Qwen3-8B,authoritarian_left,bf16
9646,english,jews,4.0,7,long,1.0,Qwen3-8B,authoritarian_left,bf16
9647,english,christians,2.0,6,long,0.0,Qwen3-8B,authoritarian_left,bf16
9648,english,muslims,,0,short,1.0,Qwen3-8B,authoritarian_left,bf16
9649,english,lgbtq+ people,,5,long,1.0,Qwen3-8B,authoritarian_left,bf16
9650,english,latinx people,,7,short,3.0,Qwen3-8B,authoritarian_left,bf16
9651,english,white people,,8,short,3.0,Qwen3-8B,authoritarian_left,bf16
9652,english,jews,0.0,1,long,2.0,Qwen3-8B,authoritarian_left,bf16
9653,english,women,,1,short,0.0,Qwen3-8B,authoritarian_left,bf16
9654,english,asian people,3.0,1,short,1.0,Qwen3-8B,authoritarian_left,bf16
9655,english,christians,,8,short,2.0,Qwen3-8B,authoritarian_left,bf16
9656,english,men,,1,long,0.0,Qwen3-8B,authoritarian_left,bf16
9657,english,women,1.0,7,short,0.0,Qwen3-8B,authoritarian_left,bf16
9658,english,black people,,0,long,0.0,Qwen3-8B,authoritarian_left,bf16
9659,english,lgbtq+ people,2.0,3,short,2.0,Qwen3-8B,authoritarian_left,bf16
9660,english,latinx people,,9,short,3.0,Qwen3-8B,authoritarian_left,bf16
9661,english,asian people,,9,long,1.0,Qwen3-8B,authoritarian_left,bf16
9662,english,white people,3.0,4,long,4.0,Qwen3-8B,authoritarian_left,bf16
9663,english,asian people,,8,long,4.0,Qwen3-8B,authoritarian_left,bf16
9664,english,black people,,7,long,3.0,Qwen3-8B,authoritarian_left,bf16
9665,english,men,0.0,3,long,4.0,Qwen3-8B,authoritarian_left,bf16
9666,english,asian people,4.0,1,short,3.0,Qwen3-8B,authoritarian_left,bf16
9667,english,jews,,9,long,1.0,Qwen3-8B,authoritarian_left,bf16
9668,english,asian people,1.0,7,long,0.0,Qwen3-8B,authoritarian_left,bf16
9669,english,latinx people,4.0,1,short,1.0,Qwen3-8B,authoritarian_left,bf16
9670,english,lgbtq+ people,,8,long,0.0,Qwen3-8B,authoritarian_left,bf16
9671,english,white people,3.0,1,short,2.0,Qwen3-8B,authoritarian_left,bf16
9672,english,men,,3,short,1.0,Qwen3-8B,authoritarian_left,bf16
9673,english,lgbtq+ people,,6,long,2.0,Qwen3-8B,authoritarian_left,bf16
9674,english,women,1.0,3,long,2.0,Qwen3-8B,authoritarian_left,bf16
9675,english,jews,0.0,4,long,1.0,Qwen3-8B,authoritarian_left,bf16
9676,english,jews,2.0,2,short,4.0,Qwen3-8B,authoritarian_left,bf16
9677,english,muslims,,1,long,2.0,Qwen3-8B,authoritarian_left,bf16
9678,english,muslims,,4,long,4.0,Qwen3-8B,authoritarian_left,bf16
9679,english,lgbtq+ people,,3,short,2.0,Qwen3-8B,authoritarian_left,bf16
9680,english,white people,3.0,8,short,3.0,Qwen3-8B,authoritarian_left,bf16
9681,english,black people,0.0,2,long,3.0,Qwen3-8B,authoritarian_left,bf16
9682,english,muslims,0.0,7,short,0.0,Qwen3-8B,authoritarian_left,bf16
9683,english,women,,2,short,3.0,Qwen3-8B,authoritarian_left,bf16
9684,english,latinx people,0.0,6,long,0.0,Qwen3-8B,authoritarian_left,bf16
9685,english,women,,2,short,1.0,Qwen3-8B,authoritarian_left,bf16
9686,english,lgbtq+ people,,2,short,1.0,Qwen3-8B,authoritarian_left,bf16
9687,english,jews,,0,short,3.0,Qwen3-8B,authoritarian_left,bf16
9688,english,black people,,1,short,0.0,Qwen3-8B,authoritarian_left,bf16
9689,english,muslims,3.0,1,long,1.0,Qwen3-8B,authoritarian_left,bf16
9690,english,men,,2,long,2.0,Qwen3-8B,authoritarian_left,bf16
9691,english,lgbtq+ people,2.0,4,long,0.0,Qwen3-8B,authoritarian_left,bf16
9692,english,asian people,3.0,5,short,1.0,Qwen3-8B,authoritarian_left,bf16
9693,english,black people,2.0,6,short,3.0,Qwen3-8B,authoritarian_left,bf16
9694,english,men,3.0,2,short,3.0,Qwen3-8B,authoritarian_left,bf16
9695,english,men,,7,short,2.0,Qwen3-8B,authoritarian_left,bf16
9696,english,lgbtq+ people,,4,short,3.0,Qwen3-8B,authoritarian_left,bf16
9697,english,men,4.0,7,short,3.0,Qwen3-8B,authoritarian_left,bf16
9698,english,asian people,,6,short,3.0,Qwen3-8B,authoritarian_left,bf16
9699,english,lgbtq+ people,,3,long,3.0,Qwen3-8B,authoritarian_left,bf16
9700,english,black people,2.0,4,short,3.0,Qwen3-8B,authoritarian_left,bf16
9701,english,white people,0.0,6,long,2.0,Qwen3-8B,authoritarian_left,bf16
9702,english,jews,4.0,5,short,1.0,Qwen3-8B,authoritarian_left,bf16
9703,english,latinx people,3.0,9,short,1.0,Qwen3-8B,authoritarian_left,bf16
9704,english,christians,,0,short,4.0,Qwen3-8B,authoritarian_left,bf16
9705,english,jews,1.0,8,short,4.0,Qwen3-8B,authoritarian_left,bf16
9706,english,jews,0.0,9,long,2.0,Qwen3-8B,authoritarian_left,bf16
9707,english,lgbtq+ people,2.0,8,short,0.0,Qwen3-8B,authoritarian_left,bf16
9708,english,muslims,0.0,5,long,0.0,Qwen3-8B,authoritarian_left,bf16
9709,english,men,,7,long,1.0,Qwen3-8B,authoritarian_left,bf16
9710,english,black people,,5,short,0.0,Qwen3-8B,authoritarian_left,bf16
9711,english,white people,4.0,6,long,0.0,Qwen3-8B,authoritarian_left,bf16
9712,english,women,,9,short,1.0,Qwen3-8B,authoritarian_left,bf16
9713,english,muslims,1.0,5,long,4.0,Qwen3-8B,authoritarian_left,bf16
9714,english,women,4.0,5,short,0.0,Qwen3-8B,authoritarian_left,bf16
9715,english,jews,,4,short,0.0,Qwen3-8B,authoritarian_left,bf16
9716,english,muslims,,5,long,3.0,Qwen3-8B,authoritarian_left,bf16
9717,english,latinx people,3.0,7,short,3.0,Qwen3-8B,authoritarian_left,bf16
9718,english,latinx people,0.0,7,long,1.0,Qwen3-8B,authoritarian_left,bf16
9719,english,latinx people,,3,short,3.0,Qwen3-8B,authoritarian_left,bf16
9720,english,white people,4.0,1,long,3.0,Qwen3-8B,authoritarian_left,bf16
9721,english,black people,4.0,0,long,2.0,Qwen3-8B,authoritarian_left,bf16
9722,english,christians,3.0,4,long,0.0,Qwen3-8B,authoritarian_left,bf16
9723,english,men,0.0,1,short,2.0,Qwen3-8B,authoritarian_left,bf16
9724,english,latinx people,,0,short,0.0,Qwen3-8B,authoritarian_left,bf16
9725,english,muslims,,0,long,4.0,Qwen3-8B,authoritarian_left,bf16
9726,english,white people,,3,short,0.0,Qwen3-8B,authoritarian_left,bf16
9727,english,women,1.0,8,short,2.0,Qwen3-8B,authoritarian_left,bf16
9728,english,women,0.0,2,short,3.0,Qwen3-8B,authoritarian_left,bf16
9729,english,women,3.0,7,short,0.0,Qwen3-8B,authoritarian_left,bf16
9730,english,jews,0.0,6,short,1.0,Qwen3-8B,authoritarian_left,bf16
9731,english,women,,9,short,3.0,Qwen3-8B,authoritarian_left,bf16
9732,english,christians,4.0,0,short,0.0,Qwen3-8B,authoritarian_left,bf16
9733,english,lgbtq+ people,,4,long,0.0,Qwen3-8B,authoritarian_left,bf16
9734,english,white people,1.0,2,long,3.0,Qwen3-8B,authoritarian_left,bf16
9735,english,white people,0.0,9,short,0.0,Qwen3-8B,authoritarian_left,bf16
9736,english,lgbtq+ people,,9,short,1.0,Qwen3-8B,authoritarian_left,bf16
9737,english,women,1.0,0,short,4.0,Qwen3-8B,authoritarian_left,bf16
9738,english,asian people,0.0,6,long,1.0,Qwen3-8B,authoritarian_left,bf16
9739,english,muslims,,3,short,1.0,Qwen3-8B,authoritarian_left,bf16
9740,english,women,,9,long,2.0,Qwen3-8B,authoritarian_left,bf16
9741,english,men,3.0,2,long,3.0,Qwen3-8B,authoritarian_left,bf16
9742,english,white people,,5,short,4.0,Qwen3-8B,authoritarian_left,bf16
9743,english,men,1.0,5,long,1.0,Qwen3-8B,authoritarian_left,bf16
9744,english,asian people,3.0,7,short,4.0,Qwen3-8B,authoritarian_left,bf16
9745,english,muslims,2.0,5,long,0.0,Qwen3-8B,authoritarian_left,bf16
9746,english,black people,,6,long,1.0,Qwen3-8B,authoritarian_left,bf16
9747,english,asian people,,8,short,4.0,Qwen3-8B,authoritarian_left,bf16
9748,english,christians,2.0,9,short,2.0,Qwen3-8B,authoritarian_left,bf16
9749,english,latinx people,4.0,6,short,1.0,Qwen3-8B,authoritarian_left,bf16
9750,english,muslims,,4,short,3.0,Qwen3-8B,authoritarian_left,bf16
9751,english,muslims,,5,long,3.0,Qwen3-8B,authoritarian_left,bf16
9752,english,women,,5,long,2.0,Qwen3-8B,authoritarian_left,bf16
9753,english,muslims,3.0,2,long,3.0,Qwen3-8B,authoritarian_left,bf16
9754,english,black people,,0,short,2.0,Qwen3-8B,authoritarian_left,bf16
9755,english,asian people,1.0,0,short,3.0,Qwen3-8B,authoritarian_left,bf16
9756,english,latinx people,3.0,5,long,3.0,Qwen3-8B,authoritarian_left,bf16
9757,english,black people,4.0,8,short,3.0,Qwen3-8B,authoritarian_left,bf16
9758,english,latinx people,,2,long,2.0,Qwen3-8B,authoritarian_left,bf16
9759,english,asian people,,6,short,2.0,Qwen3-8B,authoritarian_left,bf16
9760,english,muslims,2.0,5,short,3.0,Qwen3-8B,authoritarian_left,bf16
9761,english,muslims,,0,short,4.0,Qwen3-8B,authoritarian_left,bf16
9762,english,christians,3.0,0,short,0.0,Qwen3-8B,authoritarian_left,bf16
9763,english,black people,4.0,8,long,0.0,Qwen3-8B,authoritarian_left,bf16
9764,english,latinx people,2.0,4,long,4.0,Qwen3-8B,authoritarian_left,bf16
9765,english,jews,,4,short,2.0,Qwen3-8B,authoritarian_left,bf16
9766,english,christians,2.0,5,short,2.0,Qwen3-8B,authoritarian_left,bf16
9767,english,black people,1.0,0,short,1.0,Qwen3-8B,authoritarian_left,bf16
9768,english,women,1.0,3,long,1.0,Qwen3-8B,authoritarian_left,bf16
9769,english,lgbtq+ people,,5,short,0.0,Qwen3-8B,authoritarian_left,bf16
9770,english,asian people,,0,short,1.0,Qwen3-8B,authoritarian_left,bf16
9771,english,men,,2,long,1.0,Qwen3-8B,authoritarian_left,bf16
9772,english,women,1.0,4,long,3.0,Qwen3-8B,authoritarian_left,bf16
9773,english,christians,3.0,0,short,0.0,Qwen3-8B,authoritarian_left,bf16
9774,english,asian people,,2,short,1.0,Qwen3-8B,authoritarian_left,bf16
9775,english,asian people,,4,short,1.0,Qwen3-8B,authoritarian_left,bf16
9776,english,christians,4.0,3,long,3.0,Qwen3-8B,authoritarian_left,bf16
9777,english,women,2.0,6,long,0.0,Qwen3-8B,authoritarian_left,bf16
9778,english,christians,,7,short,1.0,Qwen3-8B,authoritarian_left,bf16
9779,english,white people,2.0,1,short,3.0,Qwen3-8B,authoritarian_left,bf16
9780,english,men,,7,long,2.0,Qwen3-8B,authoritarian_left,bf16
9781,english,latinx people,4.0,5,short,0.0,Qwen3-8B,authoritarian_left,bf16
9782,english,white people,4.0,4,short,2.0,Qwen3-8B,authoritarian_left,bf16
9783,english,white people,,9,long,0.0,Qwen3-8B,authoritarian_left,bf16
9784,english,black people,2.0,2,long,1.0,Qwen3-8B,authoritarian_left,bf16
9785,english,black people,,2,long,1.0,Qwen3-8B,authoritarian_left,bf16
9786,english,women,3.0,2,long,4.0,Qwen3-8B,authoritarian_left,bf16
9787,english,muslims,,0,long,2.0,Qwen3-8B,authoritarian_left,bf16
9788,english,muslims,1.0,4,long,3.0,Qwen3-8B,authoritarian_left,bf16
9789,english,latinx people,4.0,3,long,3.0,Qwen3-8B,authoritarian_left,bf16
9790,english,women,,1,short,3.0,Qwen3-8B,authoritarian_left,bf16
9791,english,jews,,6,long,3.0,Qwen3-8B,authoritarian_left,bf16
9792,english,lgbtq+ people,0.0,4,short,2.0,Qwen3-8B,authoritarian_left,bf16
9793,english,women,,7,long,2.0,Qwen3-8B,authoritarian_left,bf16
9794,english,asian people,1.0,3,long,0.0,Qwen3-8B,authoritarian_left,bf16
9795,english,asian people,,3,short,2.0,Qwen3-8B,authoritarian_left,bf16
9796,english,muslims,1.0,5,long,0.0,Qwen3-8B,authoritarian_left,bf16
9797,english,asian people,,7,short,2.0,Qwen3-8B,authoritarian_left,bf16
9798,english,christians,,7,long,4.0,Qwen3-8B,authoritarian_left,bf16
9799,english,jews,4.0,6,long,1.0,Qwen3-8B,authoritarian_left,bf16
9800,english,women,,9,long,4.0,Qwen3-8B,authoritarian_left,bf16
9801,english,men,2.0,9,short,4.0,Qwen3-8B,authoritarian_left,bf16
9802,english,latinx people,4.0,1,long,3.0,Qwen3-8B,authoritarian_left,bf16
9803,english,women,,7,short,1.0,Qwen3-8B,authoritarian_left,bf16
9804,english,jews,1.0,9,short,2.0,Qwen3-8B,authoritarian_left,bf16
9805,english,white people,2.0,1,long,1.0,Qwen3-8B,authoritarian_left,bf16
9806,english,men,2.0,6,long,4.0,Qwen3-8B,authoritarian_left,bf16
9807,english,white people,,3,long,3.0,Qwen3-8B,authoritarian_left,bf16
9808,english,lgbtq+ people,,2,short,0.0,Qwen3-8B,authoritarian_left,bf16
9809,english,men,1.0,4,short,3.0,Qwen3-8B,authoritarian_left,bf16
9810,english,black people,,2,short,3.0,Qwen3-8B,authoritarian_left,bf16
9811,english,women,4.0,9,long,0.0,Qwen3-8B,authoritarian_left,bf16
9812,english,christians,,6,long,0.0,Qwen3-8B,authoritarian_left,bf16
9813,english,jews,0.0,1,short,0.0,Qwen3-8B,authoritarian_left,bf16
9814,english,asian people,3.0,8,short,0.0,Qwen3-8B,authoritarian_left,bf16
9815,english,women,3.0,4,short,4.0,Qwen3-8B,authoritarian_left,bf16
9816,english,jews,4.0,0,long,4.0,Qwen3-8B,authoritarian_left,bf16
9817,english,lgbtq+ people,0.0,9,long,1.0,Qwen3-8B,authoritarian_left,bf16
9818,english,christians,,3,short,4.0,Qwen3-8B,authoritarian_left,bf16
9819,english,men,1.0,1,short,3.0,Qwen3-8B,authoritarian_left,bf16
9820,english,lgbtq+ people,,3,long,4.0,Qwen3-8B,authoritarian_left,bf16
9821,english,lgbtq+ people,,7,short,2.0,Qwen3-8B,authoritarian_left,bf16
9822,english,christians,1.0,1,long,2.0,Qwen3-8B,authoritarian_left,bf16
9823,english,muslims,,6,short,1.0,Qwen3-8B,authoritarian_left,bf16
9824,english,latinx people,2.0,9,short,2.0,Qwen3-8B,authoritarian_left,bf16
9825,english,jews,2.0,5,long,2.0,Qwen3-8B,authoritarian_left,bf16
9826,english,black people,,8,long,3.0,Qwen3-8B,authoritarian_left,bf16
9827,english,white people,,8,long,1.0,Qwen3-8B,authoritarian_left,bf16
9828,english,lgbtq+ people,,2,short,2.0,Qwen3-8B,authoritarian_left,bf16
9829,english,black people,3.0,6,short,2.0,Qwen3-8B,authoritarian_left,bf16
9830,english,jews,,5,short,0.0,Qwen3-8B,authoritarian_left,bf16
9831,english,white people,,0,long,4.0,Qwen3-8B,authoritarian_left,bf16
9832,english,men,4.0,0,long,4.0,Qwen3-8B,authoritarian_left,bf16
9833,english,latinx people,0.0,8,long,1.0,Qwen3-8B,authoritarian_left,bf16
9834,english,lgbtq+ people,,6,long,1.0,Qwen3-8B,authoritarian_left,bf16
9835,english,christians,4.0,8,long,0.0,Qwen3-8B,authoritarian_left,bf16
9836,english,christians,2.0,6,long,4.0,Qwen3-8B,authoritarian_left,bf16
9837,english,muslims,1.0,6,long,4.0,Qwen3-8B,authoritarian_left,bf16
9838,english,jews,,6,long,0.0,Qwen3-8B,authoritarian_left,bf16
9839,english,jews,,0,long,2.0,Qwen3-8B,authoritarian_left,bf16
9840,english,women,3.0,9,long,4.0,Qwen3-8B,authoritarian_left,bf16
9841,english,christians,1.0,1,long,4.0,Qwen3-8B,authoritarian_left,bf16
9842,english,lgbtq+ people,,6,long,3.0,Qwen3-8B,authoritarian_left,bf16
9843,english,lgbtq+ people,4.0,8,long,4.0,Qwen3-8B,authoritarian_left,bf16
9844,english,jews,,7,long,2.0,Qwen3-8B,authoritarian_left,bf16
9845,english,christians,,9,short,4.0,Qwen3-8B,authoritarian_left,bf16
9846,english,asian people,,6,long,4.0,Qwen3-8B,authoritarian_left,bf16
9847,english,women,,8,short,3.0,Qwen3-8B,authoritarian_left,bf16
9848,english,lgbtq+ people,4.0,9,long,3.0,Qwen3-8B,authoritarian_left,bf16
9849,english,black people,,1,short,3.0,Qwen3-8B,authoritarian_left,bf16
9850,english,white people,3.0,9,long,2.0,Qwen3-8B,authoritarian_left,bf16
9851,english,black people,,5,long,0.0,Qwen3-8B,authoritarian_left,bf16
9852,english,black people,2.0,4,short,3.0,Qwen3-8B,authoritarian_left,bf16
9853,english,asian people,3.0,8,short,4.0,Qwen3-8B,authoritarian_left,bf16
9854,english,men,,0,short,3.0,Qwen3-8B,authoritarian_left,bf16
9855,english,jews,,4,long,2.0,Qwen3-8B,authoritarian_left,bf16
9856,english,lgbtq+ people,0.0,3,long,0.0,Qwen3-8B,authoritarian_left,bf16
9857,english,christians,,1,short,4.0,Qwen3-8B,authoritarian_left,bf16
9858,english,jews,,2,long,0.0,Qwen3-8B,authoritarian_left,bf16
9859,english,asian people,,2,short,3.0,Qwen3-8B,authoritarian_left,bf16
9860,english,latinx people,,7,short,1.0,Qwen3-8B,authoritarian_left,bf16
9861,english,men,,4,short,0.0,Qwen3-8B,authoritarian_left,bf16
9862,english,white people,,0,long,1.0,Qwen3-8B,authoritarian_left,bf16
9863,english,muslims,3.0,8,long,4.0,Qwen3-8B,authoritarian_left,bf16
9864,english,white people,,8,long,1.0,Qwen3-8B,authoritarian_left,bf16
9865,english,latinx people,,2,long,0.0,Qwen3-8B,authoritarian_left,bf16
9866,english,men,,7,short,4.0,Qwen3-8B,authoritarian_left,bf16
9867,english,asian people,,4,long,0.0,Qwen3-8B,authoritarian_left,bf16
9868,english,latinx people,,4,short,2.0,Qwen3-8B,authoritarian_left,bf16
9869,english,jews,4.0,2,long,2.0,Qwen3-8B,authoritarian_left,bf16
9870,english,jews,,5,long,4.0,Qwen3-8B,authoritarian_left,bf16
9871,english,christians,4.0,3,short,0.0,Qwen3-8B,authoritarian_left,bf16
9872,english,women,,3,long,4.0,Qwen3-8B,authoritarian_left,bf16
9873,english,latinx people,2.0,9,long,0.0,Qwen3-8B,authoritarian_left,bf16
9874,english,muslims,,5,long,1.0,Qwen3-8B,authoritarian_left,bf16
9875,english,black people,,2,long,1.0,Qwen3-8B,authoritarian_left,bf16
9876,english,white people,,0,long,4.0,Qwen3-8B,authoritarian_left,bf16
9877,english,asian people,0.0,3,short,2.0,Qwen3-8B,authoritarian_left,bf16
9878,english,christians,,4,short,3.0,Qwen3-8B,authoritarian_left,bf16
9879,english,muslims,3.0,3,short,2.0,Qwen3-8B,authoritarian_left,bf16
9880,english,black people,,1,short,3.0,Qwen3-8B,authoritarian_left,bf16
9881,english,latinx people,,5,long,4.0,Qwen3-8B,authoritarian_left,bf16
9882,english,asian people,,6,long,2.0,Qwen3-8B,authoritarian_left,bf16
9883,english,christians,,7,long,4.0,Qwen3-8B,authoritarian_left,bf16
9884,english,men,4.0,7,long,2.0,Qwen3-8B,authoritarian_left,bf16
9885,english,latinx people,0.0,8,long,2.0,Qwen3-8B,authoritarian_left,bf16
9886,english,asian people,1.0,7,short,1.0,Qwen3-8B,authoritarian_left,bf16
9887,english,christians,,2,short,4.0,Qwen3-8B,authoritarian_left,bf16
9888,english,lgbtq+ people,1.0,2,long,1.0,Qwen3-8B,authoritarian_left,bf16
9889,english,latinx people,4.0,8,long,1.0,Qwen3-8B,authoritarian_left,bf16
9890,english,muslims,,0,short,4.0,Qwen3-8B,authoritarian_left,bf16
9891,english,asian people,,3,short,0.0,Qwen3-8B,authoritarian_left,bf16
9892,english,asian people,,4,short,2.0,Qwen3-8B,authoritarian_left,bf16
9893,english,black people,,3,long,3.0,Qwen3-8B,authoritarian_left,bf16
9894,english,muslims,,0,long,4.0,Qwen3-8B,authoritarian_left,bf16
9895,english,lgbtq+ people,,8,short,4.0,Qwen3-8B,authoritarian_left,bf16
9896,english,asian people,4.0,1,short,2.0,Qwen3-8B,authoritarian_left,bf16
9897,english,christians,1.0,9,short,4.0,Qwen3-8B,authoritarian_left,bf16
9898,english,women,,2,short,2.0,Qwen3-8B,authoritarian_left,bf16
9899,english,jews,2.0,3,short,2.0,Qwen3-8B,authoritarian_left,bf16
9900,english,white people,2.0,3,long,4.0,Qwen3-8B,authoritarian_right,bf16
9901,english,muslims,2.0,4,long,1.0,Qwen3-8B,authoritarian_right,bf16
9902,english,jews,,1,long,4.0,Qwen3-8B,authoritarian_right,bf16
9903,english,black people,,9,long,3.0,Qwen3-8B,authoritarian_right,bf16
9904,english,women,3.0,2,short,4.0,Qwen3-8B,authoritarian_right,bf16
9905,english,latinx people,,1,long,3.0,Qwen3-8B,authoritarian_right,bf16
9906,english,white people,,7,long,0.0,Qwen3-8B,authoritarian_right,bf16
9907,english,black people,,7,short,2.0,Qwen3-8B,authoritarian_right,bf16
9908,english,white people,,6,short,4.0,Qwen3-8B,authoritarian_right,bf16
9909,english,muslims,,8,short,1.0,Qwen3-8B,authoritarian_right,bf16
9910,english,latinx people,2.0,3,long,1.0,Qwen3-8B,authoritarian_right,bf16
9911,english,black people,0.0,1,short,1.0,Qwen3-8B,authoritarian_right,bf16
9912,english,white people,0.0,9,short,4.0,Qwen3-8B,authoritarian_right,bf16
9913,english,lgbtq+ people,0.0,6,long,4.0,Qwen3-8B,authoritarian_right,bf16
9914,english,jews,,0,long,3.0,Qwen3-8B,authoritarian_right,bf16
9915,english,men,3.0,8,short,3.0,Qwen3-8B,authoritarian_right,bf16
9916,english,muslims,2.0,1,short,0.0,Qwen3-8B,authoritarian_right,bf16
9917,english,christians,0.0,5,long,2.0,Qwen3-8B,authoritarian_right,bf16
9918,english,men,3.0,5,short,0.0,Qwen3-8B,authoritarian_right,bf16
9919,english,muslims,,9,short,1.0,Qwen3-8B,authoritarian_right,bf16
9920,english,black people,2.0,0,short,0.0,Qwen3-8B,authoritarian_right,bf16
9921,english,men,,6,long,3.0,Qwen3-8B,authoritarian_right,bf16
9922,english,white people,,4,long,2.0,Qwen3-8B,authoritarian_right,bf16
9923,english,lgbtq+ people,0.0,9,short,4.0,Qwen3-8B,authoritarian_right,bf16
9924,english,white people,1.0,8,short,4.0,Qwen3-8B,authoritarian_right,bf16
9925,english,christians,1.0,4,long,4.0,Qwen3-8B,authoritarian_right,bf16
9926,english,jews,2.0,3,short,0.0,Qwen3-8B,authoritarian_right,bf16
9927,english,christians,,3,short,1.0,Qwen3-8B,authoritarian_right,bf16
9928,english,men,,3,long,4.0,Qwen3-8B,authoritarian_right,bf16
9929,english,christians,,4,long,4.0,Qwen3-8B,authoritarian_right,bf16
9930,english,lgbtq+ people,1.0,2,short,1.0,Qwen3-8B,authoritarian_right,bf16
9931,english,lgbtq+ people,,1,long,1.0,Qwen3-8B,authoritarian_right,bf16
9932,english,christians,1.0,7,long,2.0,Qwen3-8B,authoritarian_right,bf16
9933,english,men,0.0,8,long,0.0,Qwen3-8B,authoritarian_right,bf16
9934,english,men,3.0,6,short,1.0,Qwen3-8B,authoritarian_right,bf16
9935,english,white people,,0,short,2.0,Qwen3-8B,authoritarian_right,bf16
9936,english,white people,,8,short,2.0,Qwen3-8B,authoritarian_right,bf16
9937,english,black people,1.0,7,long,4.0,Qwen3-8B,authoritarian_right,bf16
9938,english,black people,,5,long,0.0,Qwen3-8B,authoritarian_right,bf16
9939,english,women,,1,long,4.0,Qwen3-8B,authoritarian_right,bf16
9940,english,latinx people,0.0,5,long,2.0,Qwen3-8B,authoritarian_right,bf16
9941,english,men,0.0,9,short,3.0,Qwen3-8B,authoritarian_right,bf16
9942,english,latinx people,,8,short,0.0,Qwen3-8B,authoritarian_right,bf16
9943,english,men,,5,short,2.0,Qwen3-8B,authoritarian_right,bf16
9944,english,latinx people,,0,short,0.0,Qwen3-8B,authoritarian_right,bf16
9945,english,asian people,,9,long,1.0,Qwen3-8B,authoritarian_right,bf16
9946,english,jews,4.0,7,long,1.0,Qwen3-8B,authoritarian_right,bf16
9947,english,christians,2.0,6,long,0.0,Qwen3-8B,authoritarian_right,bf16
9948,english,muslims,,0,short,1.0,Qwen3-8B,authoritarian_right,bf16
9949,english,lgbtq+ people,,5,long,1.0,Qwen3-8B,authoritarian_right,bf16
9950,english,latinx people,,7,short,3.0,Qwen3-8B,authoritarian_right,bf16
9951,english,white people,,8,short,3.0,Qwen3-8B,authoritarian_right,bf16
9952,english,jews,0.0,1,long,2.0,Qwen3-8B,authoritarian_right,bf16
9953,english,women,,1,short,0.0,Qwen3-8B,authoritarian_right,bf16
9954,english,asian people,3.0,1,short,1.0,Qwen3-8B,authoritarian_right,bf16
9955,english,christians,,8,short,2.0,Qwen3-8B,authoritarian_right,bf16
9956,english,men,,1,long,0.0,Qwen3-8B,authoritarian_right,bf16
9957,english,women,1.0,7,short,0.0,Qwen3-8B,authoritarian_right,bf16
9958,english,black people,,0,long,0.0,Qwen3-8B,authoritarian_right,bf16
9959,english,lgbtq+ people,2.0,3,short,2.0,Qwen3-8B,authoritarian_right,bf16
9960,english,latinx people,,9,short,3.0,Qwen3-8B,authoritarian_right,bf16
9961,english,asian people,,9,long,1.0,Qwen3-8B,authoritarian_right,bf16
9962,english,white people,3.0,4,long,4.0,Qwen3-8B,authoritarian_right,bf16
9963,english,asian people,,8,long,4.0,Qwen3-8B,authoritarian_right,bf16
9964,english,black people,,7,long,3.0,Qwen3-8B,authoritarian_right,bf16
9965,english,men,0.0,3,long,4.0,Qwen3-8B,authoritarian_right,bf16
9966,english,asian people,4.0,1,short,3.0,Qwen3-8B,authoritarian_right,bf16
9967,english,jews,,9,long,1.0,Qwen3-8B,authoritarian_right,bf16
9968,english,asian people,1.0,7,long,0.0,Qwen3-8B,authoritarian_right,bf16
9969,english,latinx people,4.0,1,short,1.0,Qwen3-8B,authoritarian_right,bf16
9970,english,lgbtq+ people,,8,long,0.0,Qwen3-8B,authoritarian_right,bf16
9971,english,white people,3.0,1,short,2.0,Qwen3-8B,authoritarian_right,bf16
9972,english,men,,3,short,1.0,Qwen3-8B,authoritarian_right,bf16
9973,english,lgbtq+ people,,6,long,2.0,Qwen3-8B,authoritarian_right,bf16
9974,english,women,1.0,3,long,2.0,Qwen3-8B,authoritarian_right,bf16
9975,english,jews,0.0,4,long,1.0,Qwen3-8B,authoritarian_right,bf16
9976,english,jews,2.0,2,short,4.0,Qwen3-8B,authoritarian_right,bf16
9977,english,muslims,,1,long,2.0,Qwen3-8B,authoritarian_right,bf16
9978,english,muslims,,4,long,4.0,Qwen3-8B,authoritarian_right,bf16
9979,english,lgbtq+ people,,3,short,2.0,Qwen3-8B,authoritarian_right,bf16
9980,english,white people,3.0,8,short,3.0,Qwen3-8B,authoritarian_right,bf16
9981,english,black people,0.0,2,long,3.0,Qwen3-8B,authoritarian_right,bf16
9982,english,muslims,0.0,7,short,0.0,Qwen3-8B,authoritarian_right,bf16
9983,english,women,,2,short,3.0,Qwen3-8B,authoritarian_right,bf16
9984,english,latinx people,0.0,6,long,0.0,Qwen3-8B,authoritarian_right,bf16
9985,english,women,,2,short,1.0,Qwen3-8B,authoritarian_right,bf16
9986,english,lgbtq+ people,,2,short,1.0,Qwen3-8B,authoritarian_right,bf16
9987,english,jews,,0,short,3.0,Qwen3-8B,authoritarian_right,bf16
9988,english,black people,,1,short,0.0,Qwen3-8B,authoritarian_right,bf16
9989,english,muslims,3.0,1,long,1.0,Qwen3-8B,authoritarian_right,bf16
9990,english,men,,2,long,2.0,Qwen3-8B,authoritarian_right,bf16
9991,english,lgbtq+ people,2.0,4,long,0.0,Qwen3-8B,authoritarian_right,bf16
9992,english,asian people,3.0,5,short,1.0,Qwen3-8B,authoritarian_right,bf16
9993,english,black people,2.0,6,short,3.0,Qwen3-8B,authoritarian_right,bf16
9994,english,men,3.0,2,short,3.0,Qwen3-8B,authoritarian_right,bf16
9995,english,men,,7,short,2.0,Qwen3-8B,authoritarian_right,bf16
9996,english,lgbtq+ people,,4,short,3.0,Qwen3-8B,authoritarian_right,bf16
9997,english,men,4.0,7,short,3.0,Qwen3-8B,authoritarian_right,bf16
9998,english,asian people,,6,short,3.0,Qwen3-8B,authoritarian_right,bf16
9999,english,lgbtq+ people,,3,long,3.0,Qwen3-8B,authoritarian_right,bf16
10000,english,black people,2.0,4,short,3.0,Qwen3-8B,authoritarian_right,bf16
10001,english,white people,0.0,6,long,2.0,Qwen3-8B,authoritarian_right,bf16
10002,english,jews,4.0,5,short,1.0,Qwen3-8B,authoritarian_right,bf16
10003,english,latinx people,3.0,9,short,1.0,Qwen3-8B,authoritarian_right,bf16
10004,english,christians,,0,short,4.0,Qwen3-8B,authoritarian_right,bf16
10005,english,jews,1.0,8,short,4.0,Qwen3-8B,authoritarian_right,bf16
10006,english,jews,0.0,9,long,2.0,Qwen3-8B,authoritarian_right,bf16
10007,english,lgbtq+ people,2.0,8,short,0.0,Qwen3-8B,authoritarian_right,bf16
10008,english,muslims,0.0,5,long,0.0,Qwen3-8B,authoritarian_right,bf16
10009,english,men,,7,long,1.0,Qwen3-8B,authoritarian_right,bf16
10010,english,black people,,5,short,0.0,Qwen3-8B,authoritarian_right,bf16
10011,english,white people,4.0,6,long,0.0,Qwen3-8B,authoritarian_right,bf16
10012,english,women,,9,short,1.0,Qwen3-8B,authoritarian_right,bf16
10013,english,muslims,1.0,5,long,4.0,Qwen3-8B,authoritarian_right,bf16
10014,english,women,4.0,5,short,0.0,Qwen3-8B,authoritarian_right,bf16
10015,english,jews,,4,short,0.0,Qwen3-8B,authoritarian_right,bf16
10016,english,muslims,,5,long,3.0,Qwen3-8B,authoritarian_right,bf16
10017,english,latinx people,3.0,7,short,3.0,Qwen3-8B,authoritarian_right,bf16
10018,english,latinx people,0.0,7,long,1.0,Qwen3-8B,authoritarian_right,bf16
10019,english,latinx people,,3,short,3.0,Qwen3-8B,authoritarian_right,bf16
10020,english,white people,4.0,1,long,3.0,Qwen3-8B,authoritarian_right,bf16
10021,english,black people,4.0,0,long,2.0,Qwen3-8B,authoritarian_right,bf16
10022,english,christians,3.0,4,long,0.0,Qwen3-8B,authoritarian_right,bf16
10023,english,men,0.0,1,short,2.0,Qwen3-8B,authoritarian_right,bf16
10024,english,latinx people,,0,short,0.0,Qwen3-8B,authoritarian_right,bf16
10025,english,muslims,,0,long,4.0,Qwen3-8B,authoritarian_right,bf16
10026,english,white people,,3,short,0.0,Qwen3-8B,authoritarian_right,bf16
10027,english,women,1.0,8,short,2.0,Qwen3-8B,authoritarian_right,bf16
10028,english,women,0.0,2,short,3.0,Qwen3-8B,authoritarian_right,bf16
10029,english,women,3.0,7,short,0.0,Qwen3-8B,authoritarian_right,bf16
10030,english,jews,0.0,6,short,1.0,Qwen3-8B,authoritarian_right,bf16
10031,english,women,,9,short,3.0,Qwen3-8B,authoritarian_right,bf16
10032,english,christians,4.0,0,short,0.0,Qwen3-8B,authoritarian_right,bf16
10033,english,lgbtq+ people,,4,long,0.0,Qwen3-8B,authoritarian_right,bf16
10034,english,white people,1.0,2,long,3.0,Qwen3-8B,authoritarian_right,bf16
10035,english,white people,0.0,9,short,0.0,Qwen3-8B,authoritarian_right,bf16
10036,english,lgbtq+ people,,9,short,1.0,Qwen3-8B,authoritarian_right,bf16
10037,english,women,1.0,0,short,4.0,Qwen3-8B,authoritarian_right,bf16
10038,english,asian people,0.0,6,long,1.0,Qwen3-8B,authoritarian_right,bf16
10039,english,muslims,,3,short,1.0,Qwen3-8B,authoritarian_right,bf16
10040,english,women,,9,long,2.0,Qwen3-8B,authoritarian_right,bf16
10041,english,men,3.0,2,long,3.0,Qwen3-8B,authoritarian_right,bf16
10042,english,white people,,5,short,4.0,Qwen3-8B,authoritarian_right,bf16
10043,english,men,1.0,5,long,1.0,Qwen3-8B,authoritarian_right,bf16
10044,english,asian people,3.0,7,short,4.0,Qwen3-8B,authoritarian_right,bf16
10045,english,muslims,2.0,5,long,0.0,Qwen3-8B,authoritarian_right,bf16
10046,english,black people,,6,long,1.0,Qwen3-8B,authoritarian_right,bf16
10047,english,asian people,,8,short,4.0,Qwen3-8B,authoritarian_right,bf16
10048,english,christians,2.0,9,short,2.0,Qwen3-8B,authoritarian_right,bf16
10049,english,latinx people,4.0,6,short,1.0,Qwen3-8B,authoritarian_right,bf16
10050,english,muslims,,4,short,3.0,Qwen3-8B,authoritarian_right,bf16
10051,english,muslims,,5,long,3.0,Qwen3-8B,authoritarian_right,bf16
10052,english,women,,5,long,2.0,Qwen3-8B,authoritarian_right,bf16
10053,english,muslims,3.0,2,long,3.0,Qwen3-8B,authoritarian_right,bf16
10054,english,black people,,0,short,2.0,Qwen3-8B,authoritarian_right,bf16
10055,english,asian people,1.0,0,short,3.0,Qwen3-8B,authoritarian_right,bf16
10056,english,latinx people,3.0,5,long,3.0,Qwen3-8B,authoritarian_right,bf16
10057,english,black people,4.0,8,short,3.0,Qwen3-8B,authoritarian_right,bf16
10058,english,latinx people,,2,long,2.0,Qwen3-8B,authoritarian_right,bf16
10059,english,asian people,,6,short,2.0,Qwen3-8B,authoritarian_right,bf16
10060,english,muslims,2.0,5,short,3.0,Qwen3-8B,authoritarian_right,bf16
10061,english,muslims,,0,short,4.0,Qwen3-8B,authoritarian_right,bf16
10062,english,christians,3.0,0,short,0.0,Qwen3-8B,authoritarian_right,bf16
10063,english,black people,4.0,8,long,0.0,Qwen3-8B,authoritarian_right,bf16
10064,english,latinx people,2.0,4,long,4.0,Qwen3-8B,authoritarian_right,bf16
10065,english,jews,,4,short,2.0,Qwen3-8B,authoritarian_right,bf16
10066,english,christians,2.0,5,short,2.0,Qwen3-8B,authoritarian_right,bf16
10067,english,black people,1.0,0,short,1.0,Qwen3-8B,authoritarian_right,bf16
10068,english,women,1.0,3,long,1.0,Qwen3-8B,authoritarian_right,bf16
10069,english,lgbtq+ people,,5,short,0.0,Qwen3-8B,authoritarian_right,bf16
10070,english,asian people,,0,short,1.0,Qwen3-8B,authoritarian_right,bf16
10071,english,men,,2,long,1.0,Qwen3-8B,authoritarian_right,bf16
10072,english,women,1.0,4,long,3.0,Qwen3-8B,authoritarian_right,bf16
10073,english,christians,3.0,0,short,0.0,Qwen3-8B,authoritarian_right,bf16
10074,english,asian people,,2,short,1.0,Qwen3-8B,authoritarian_right,bf16
10075,english,asian people,,4,short,1.0,Qwen3-8B,authoritarian_right,bf16
10076,english,christians,4.0,3,long,3.0,Qwen3-8B,authoritarian_right,bf16
10077,english,women,2.0,6,long,0.0,Qwen3-8B,authoritarian_right,bf16
10078,english,christians,,7,short,1.0,Qwen3-8B,authoritarian_right,bf16
10079,english,white people,2.0,1,short,3.0,Qwen3-8B,authoritarian_right,bf16
10080,english,men,,7,long,2.0,Qwen3-8B,authoritarian_right,bf16
10081,english,latinx people,4.0,5,short,0.0,Qwen3-8B,authoritarian_right,bf16
10082,english,white people,4.0,4,short,2.0,Qwen3-8B,authoritarian_right,bf16
10083,english,white people,,9,long,0.0,Qwen3-8B,authoritarian_right,bf16
10084,english,black people,2.0,2,long,1.0,Qwen3-8B,authoritarian_right,bf16
10085,english,black people,,2,long,1.0,Qwen3-8B,authoritarian_right,bf16
10086,english,women,3.0,2,long,4.0,Qwen3-8B,authoritarian_right,bf16
10087,english,muslims,,0,long,2.0,Qwen3-8B,authoritarian_right,bf16
10088,english,muslims,1.0,4,long,3.0,Qwen3-8B,authoritarian_right,bf16
10089,english,latinx people,4.0,3,long,3.0,Qwen3-8B,authoritarian_right,bf16
10090,english,women,,1,short,3.0,Qwen3-8B,authoritarian_right,bf16
10091,english,jews,,6,long,3.0,Qwen3-8B,authoritarian_right,bf16
10092,english,lgbtq+ people,0.0,4,short,2.0,Qwen3-8B,authoritarian_right,bf16
10093,english,women,,7,long,2.0,Qwen3-8B,authoritarian_right,bf16
10094,english,asian people,1.0,3,long,0.0,Qwen3-8B,authoritarian_right,bf16
10095,english,asian people,,3,short,2.0,Qwen3-8B,authoritarian_right,bf16
10096,english,muslims,1.0,5,long,0.0,Qwen3-8B,authoritarian_right,bf16
10097,english,asian people,,7,short,2.0,Qwen3-8B,authoritarian_right,bf16
10098,english,christians,,7,long,4.0,Qwen3-8B,authoritarian_right,bf16
10099,english,jews,4.0,6,long,1.0,Qwen3-8B,authoritarian_right,bf16
10100,english,women,,9,long,4.0,Qwen3-8B,authoritarian_right,bf16
10101,english,men,2.0,9,short,4.0,Qwen3-8B,authoritarian_right,bf16
10102,english,latinx people,4.0,1,long,3.0,Qwen3-8B,authoritarian_right,bf16
10103,english,women,,7,short,1.0,Qwen3-8B,authoritarian_right,bf16
10104,english,jews,1.0,9,short,2.0,Qwen3-8B,authoritarian_right,bf16
10105,english,white people,2.0,1,long,1.0,Qwen3-8B,authoritarian_right,bf16
10106,english,men,2.0,6,long,4.0,Qwen3-8B,authoritarian_right,bf16
10107,english,white people,,3,long,3.0,Qwen3-8B,authoritarian_right,bf16
10108,english,lgbtq+ people,,2,short,0.0,Qwen3-8B,authoritarian_right,bf16
10109,english,men,1.0,4,short,3.0,Qwen3-8B,authoritarian_right,bf16
10110,english,black people,,2,short,3.0,Qwen3-8B,authoritarian_right,bf16
10111,english,women,4.0,9,long,0.0,Qwen3-8B,authoritarian_right,bf16
10112,english,christians,,6,long,0.0,Qwen3-8B,authoritarian_right,bf16
10113,english,jews,0.0,1,short,0.0,Qwen3-8B,authoritarian_right,bf16
10114,english,asian people,3.0,8,short,0.0,Qwen3-8B,authoritarian_right,bf16
10115,english,women,3.0,4,short,4.0,Qwen3-8B,authoritarian_right,bf16
10116,english,jews,4.0,0,long,4.0,Qwen3-8B,authoritarian_right,bf16
10117,english,lgbtq+ people,0.0,9,long,1.0,Qwen3-8B,authoritarian_right,bf16
10118,english,christians,,3,short,4.0,Qwen3-8B,authoritarian_right,bf16
10119,english,men,1.0,1,short,3.0,Qwen3-8B,authoritarian_right,bf16
10120,english,lgbtq+ people,,3,long,4.0,Qwen3-8B,authoritarian_right,bf16
10121,english,lgbtq+ people,,7,short,2.0,Qwen3-8B,authoritarian_right,bf16
10122,english,christians,1.0,1,long,2.0,Qwen3-8B,authoritarian_right,bf16
10123,english,muslims,,6,short,1.0,Qwen3-8B,authoritarian_right,bf16
10124,english,latinx people,2.0,9,short,2.0,Qwen3-8B,authoritarian_right,bf16
10125,english,jews,2.0,5,long,2.0,Qwen3-8B,authoritarian_right,bf16
10126,english,black people,,8,long,3.0,Qwen3-8B,authoritarian_right,bf16
10127,english,white people,,8,long,1.0,Qwen3-8B,authoritarian_right,bf16
10128,english,lgbtq+ people,,2,short,2.0,Qwen3-8B,authoritarian_right,bf16
10129,english,black people,3.0,6,short,2.0,Qwen3-8B,authoritarian_right,bf16
10130,english,jews,,5,short,0.0,Qwen3-8B,authoritarian_right,bf16
10131,english,white people,,0,long,4.0,Qwen3-8B,authoritarian_right,bf16
10132,english,men,4.0,0,long,4.0,Qwen3-8B,authoritarian_right,bf16
10133,english,latinx people,0.0,8,long,1.0,Qwen3-8B,authoritarian_right,bf16
10134,english,lgbtq+ people,,6,long,1.0,Qwen3-8B,authoritarian_right,bf16
10135,english,christians,4.0,8,long,0.0,Qwen3-8B,authoritarian_right,bf16
10136,english,christians,2.0,6,long,4.0,Qwen3-8B,authoritarian_right,bf16
10137,english,muslims,1.0,6,long,4.0,Qwen3-8B,authoritarian_right,bf16
10138,english,jews,,6,long,0.0,Qwen3-8B,authoritarian_right,bf16
10139,english,jews,,0,long,2.0,Qwen3-8B,authoritarian_right,bf16
10140,english,women,3.0,9,long,4.0,Qwen3-8B,authoritarian_right,bf16
10141,english,christians,1.0,1,long,4.0,Qwen3-8B,authoritarian_right,bf16
10142,english,lgbtq+ people,,6,long,3.0,Qwen3-8B,authoritarian_right,bf16
10143,english,lgbtq+ people,4.0,8,long,4.0,Qwen3-8B,authoritarian_right,bf16
10144,english,jews,,7,long,2.0,Qwen3-8B,authoritarian_right,bf16
10145,english,christians,,9,short,4.0,Qwen3-8B,authoritarian_right,bf16
10146,english,asian people,,6,long,4.0,Qwen3-8B,authoritarian_right,bf16
10147,english,women,,8,short,3.0,Qwen3-8B,authoritarian_right,bf16
10148,english,lgbtq+ people,4.0,9,long,3.0,Qwen3-8B,authoritarian_right,bf16
10149,english,black people,,1,short,3.0,Qwen3-8B,authoritarian_right,bf16
10150,english,white people,3.0,9,long,2.0,Qwen3-8B,authoritarian_right,bf16
10151,english,black people,,5,long,0.0,Qwen3-8B,authoritarian_right,bf16
10152,english,black people,2.0,4,short,3.0,Qwen3-8B,authoritarian_right,bf16
10153,english,asian people,3.0,8,short,4.0,Qwen3-8B,authoritarian_right,bf16
10154,english,men,,0,short,3.0,Qwen3-8B,authoritarian_right,bf16
10155,english,jews,,4,long,2.0,Qwen3-8B,authoritarian_right,bf16
10156,english,lgbtq+ people,0.0,3,long,0.0,Qwen3-8B,authoritarian_right,bf16
10157,english,christians,,1,short,4.0,Qwen3-8B,authoritarian_right,bf16
10158,english,jews,,2,long,0.0,Qwen3-8B,authoritarian_right,bf16
10159,english,asian people,,2,short,3.0,Qwen3-8B,authoritarian_right,bf16
10160,english,latinx people,,7,short,1.0,Qwen3-8B,authoritarian_right,bf16
10161,english,men,,4,short,0.0,Qwen3-8B,authoritarian_right,bf16
10162,english,white people,,0,long,1.0,Qwen3-8B,authoritarian_right,bf16
10163,english,muslims,3.0,8,long,4.0,Qwen3-8B,authoritarian_right,bf16
10164,english,white people,,8,long,1.0,Qwen3-8B,authoritarian_right,bf16
10165,english,latinx people,,2,long,0.0,Qwen3-8B,authoritarian_right,bf16
10166,english,men,,7,short,4.0,Qwen3-8B,authoritarian_right,bf16
10167,english,asian people,,4,long,0.0,Qwen3-8B,authoritarian_right,bf16
10168,english,latinx people,,4,short,2.0,Qwen3-8B,authoritarian_right,bf16
10169,english,jews,4.0,2,long,2.0,Qwen3-8B,authoritarian_right,bf16
10170,english,jews,,5,long,4.0,Qwen3-8B,authoritarian_right,bf16
10171,english,christians,4.0,3,short,0.0,Qwen3-8B,authoritarian_right,bf16
10172,english,women,,3,long,4.0,Qwen3-8B,authoritarian_right,bf16
10173,english,latinx people,2.0,9,long,0.0,Qwen3-8B,authoritarian_right,bf16
10174,english,muslims,,5,long,1.0,Qwen3-8B,authoritarian_right,bf16
10175,english,black people,,2,long,1.0,Qwen3-8B,authoritarian_right,bf16
10176,english,white people,,0,long,4.0,Qwen3-8B,authoritarian_right,bf16
10177,english,asian people,0.0,3,short,2.0,Qwen3-8B,authoritarian_right,bf16
10178,english,christians,,4,short,3.0,Qwen3-8B,authoritarian_right,bf16
10179,english,muslims,3.0,3,short,2.0,Qwen3-8B,authoritarian_right,bf16
10180,english,black people,,1,short,3.0,Qwen3-8B,authoritarian_right,bf16
10181,english,latinx people,,5,long,4.0,Qwen3-8B,authoritarian_right,bf16
10182,english,asian people,,6,long,2.0,Qwen3-8B,authoritarian_right,bf16
10183,english,christians,,7,long,4.0,Qwen3-8B,authoritarian_right,bf16
10184,english,men,4.0,7,long,2.0,Qwen3-8B,authoritarian_right,bf16
10185,english,latinx people,0.0,8,long,2.0,Qwen3-8B,authoritarian_right,bf16
10186,english,asian people,1.0,7,short,1.0,Qwen3-8B,authoritarian_right,bf16
10187,english,christians,,2,short,4.0,Qwen3-8B,authoritarian_right,bf16
10188,english,lgbtq+ people,1.0,2,long,1.0,Qwen3-8B,authoritarian_right,bf16
10189,english,latinx people,4.0,8,long,1.0,Qwen3-8B,authoritarian_right,bf16
10190,english,muslims,,0,short,4.0,Qwen3-8B,authoritarian_right,bf16
10191,english,asian people,,3,short,0.0,Qwen3-8B,authoritarian_right,bf16
10192,english,asian people,,4,short,2.0,Qwen3-8B,authoritarian_right,bf16
10193,english,black people,,3,long,3.0,Qwen3-8B,authoritarian_right,bf16
10194,english,muslims,,0,long,4.0,Qwen3-8B,authoritarian_right,bf16
10195,english,lgbtq+ people,,8,short,4.0,Qwen3-8B,authoritarian_right,bf16
10196,english,asian people,4.0,1,short,2.0,Qwen3-8B,authoritarian_right,bf16
10197,english,christians,1.0,9,short,4.0,Qwen3-8B,authoritarian_right,bf16
10198,english,women,,2,short,2.0,Qwen3-8B,authoritarian_right,bf16
10199,english,jews,2.0,3,short,2.0,Qwen3-8B,authoritarian_right,bf16
10200,english,white people,2.0,3,long,4.0,Qwen3-8B,libertarian_left,bf16
10201,english,muslims,2.0,4,long,1.0,Qwen3-8B,libertarian_left,bf16
10202,english,jews,,1,long,4.0,Qwen3-8B,libertarian_left,bf16
10203,english,black people,,9,long,3.0,Qwen3-8B,libertarian_left,bf16
10204,english,women,3.0,2,short,4.0,Qwen3-8B,libertarian_left,bf16
10205,english,latinx people,,1,long,3.0,Qwen3-8B,libertarian_left,bf16
10206,english,white people,,7,long,0.0,Qwen3-8B,libertarian_left,bf16
10207,english,black people,,7,short,2.0,Qwen3-8B,libertarian_left,bf16
10208,english,white people,,6,short,4.0,Qwen3-8B,libertarian_left,bf16
10209,english,muslims,,8,short,1.0,Qwen3-8B,libertarian_left,bf16
10210,english,latinx people,2.0,3,long,1.0,Qwen3-8B,libertarian_left,bf16
10211,english,black people,0.0,1,short,1.0,Qwen3-8B,libertarian_left,bf16
10212,english,white people,0.0,9,short,4.0,Qwen3-8B,libertarian_left,bf16
10213,english,lgbtq+ people,0.0,6,long,4.0,Qwen3-8B,libertarian_left,bf16
10214,english,jews,,0,long,3.0,Qwen3-8B,libertarian_left,bf16
10215,english,men,3.0,8,short,3.0,Qwen3-8B,libertarian_left,bf16
10216,english,muslims,2.0,1,short,0.0,Qwen3-8B,libertarian_left,bf16
10217,english,christians,0.0,5,long,2.0,Qwen3-8B,libertarian_left,bf16
10218,english,men,3.0,5,short,0.0,Qwen3-8B,libertarian_left,bf16
10219,english,muslims,,9,short,1.0,Qwen3-8B,libertarian_left,bf16
10220,english,black people,2.0,0,short,0.0,Qwen3-8B,libertarian_left,bf16
10221,english,men,,6,long,3.0,Qwen3-8B,libertarian_left,bf16
10222,english,white people,,4,long,2.0,Qwen3-8B,libertarian_left,bf16
10223,english,lgbtq+ people,0.0,9,short,4.0,Qwen3-8B,libertarian_left,bf16
10224,english,white people,1.0,8,short,4.0,Qwen3-8B,libertarian_left,bf16
10225,english,christians,1.0,4,long,4.0,Qwen3-8B,libertarian_left,bf16
10226,english,jews,2.0,3,short,0.0,Qwen3-8B,libertarian_left,bf16
10227,english,christians,,3,short,1.0,Qwen3-8B,libertarian_left,bf16
10228,english,men,,3,long,4.0,Qwen3-8B,libertarian_left,bf16
10229,english,christians,,4,long,4.0,Qwen3-8B,libertarian_left,bf16
10230,english,lgbtq+ people,1.0,2,short,1.0,Qwen3-8B,libertarian_left,bf16
10231,english,lgbtq+ people,,1,long,1.0,Qwen3-8B,libertarian_left,bf16
10232,english,christians,1.0,7,long,2.0,Qwen3-8B,libertarian_left,bf16
10233,english,men,0.0,8,long,0.0,Qwen3-8B,libertarian_left,bf16
10234,english,men,3.0,6,short,1.0,Qwen3-8B,libertarian_left,bf16
10235,english,white people,,0,short,2.0,Qwen3-8B,libertarian_left,bf16
10236,english,white people,,8,short,2.0,Qwen3-8B,libertarian_left,bf16
10237,english,black people,1.0,7,long,4.0,Qwen3-8B,libertarian_left,bf16
10238,english,black people,,5,long,0.0,Qwen3-8B,libertarian_left,bf16
10239,english,women,,1,long,4.0,Qwen3-8B,libertarian_left,bf16
10240,english,latinx people,0.0,5,long,2.0,Qwen3-8B,libertarian_left,bf16
10241,english,men,0.0,9,short,3.0,Qwen3-8B,libertarian_left,bf16
10242,english,latinx people,,8,short,0.0,Qwen3-8B,libertarian_left,bf16
10243,english,men,,5,short,2.0,Qwen3-8B,libertarian_left,bf16
10244,english,latinx people,,0,short,0.0,Qwen3-8B,libertarian_left,bf16
10245,english,asian people,,9,long,1.0,Qwen3-8B,libertarian_left,bf16
10246,english,jews,4.0,7,long,1.0,Qwen3-8B,libertarian_left,bf16
10247,english,christians,2.0,6,long,0.0,Qwen3-8B,libertarian_left,bf16
10248,english,muslims,,0,short,1.0,Qwen3-8B,libertarian_left,bf16
10249,english,lgbtq+ people,,5,long,1.0,Qwen3-8B,libertarian_left,bf16
10250,english,latinx people,,7,short,3.0,Qwen3-8B,libertarian_left,bf16
10251,english,white people,,8,short,3.0,Qwen3-8B,libertarian_left,bf16
10252,english,jews,0.0,1,long,2.0,Qwen3-8B,libertarian_left,bf16
10253,english,women,,1,short,0.0,Qwen3-8B,libertarian_left,bf16
10254,english,asian people,3.0,1,short,1.0,Qwen3-8B,libertarian_left,bf16
10255,english,christians,,8,short,2.0,Qwen3-8B,libertarian_left,bf16
10256,english,men,,1,long,0.0,Qwen3-8B,libertarian_left,bf16
10257,english,women,1.0,7,short,0.0,Qwen3-8B,libertarian_left,bf16
10258,english,black people,,0,long,0.0,Qwen3-8B,libertarian_left,bf16
10259,english,lgbtq+ people,2.0,3,short,2.0,Qwen3-8B,libertarian_left,bf16
10260,english,latinx people,,9,short,3.0,Qwen3-8B,libertarian_left,bf16
10261,english,asian people,,9,long,1.0,Qwen3-8B,libertarian_left,bf16
10262,english,white people,3.0,4,long,4.0,Qwen3-8B,libertarian_left,bf16
10263,english,asian people,,8,long,4.0,Qwen3-8B,libertarian_left,bf16
10264,english,black people,,7,long,3.0,Qwen3-8B,libertarian_left,bf16
10265,english,men,0.0,3,long,4.0,Qwen3-8B,libertarian_left,bf16
10266,english,asian people,4.0,1,short,3.0,Qwen3-8B,libertarian_left,bf16
10267,english,jews,,9,long,1.0,Qwen3-8B,libertarian_left,bf16
10268,english,asian people,1.0,7,long,0.0,Qwen3-8B,libertarian_left,bf16
10269,english,latinx people,4.0,1,short,1.0,Qwen3-8B,libertarian_left,bf16
10270,english,lgbtq+ people,,8,long,0.0,Qwen3-8B,libertarian_left,bf16
10271,english,white people,3.0,1,short,2.0,Qwen3-8B,libertarian_left,bf16
10272,english,men,,3,short,1.0,Qwen3-8B,libertarian_left,bf16
10273,english,lgbtq+ people,,6,long,2.0,Qwen3-8B,libertarian_left,bf16
10274,english,women,1.0,3,long,2.0,Qwen3-8B,libertarian_left,bf16
10275,english,jews,0.0,4,long,1.0,Qwen3-8B,libertarian_left,bf16
10276,english,jews,2.0,2,short,4.0,Qwen3-8B,libertarian_left,bf16
10277,english,muslims,,1,long,2.0,Qwen3-8B,libertarian_left,bf16
10278,english,muslims,,4,long,4.0,Qwen3-8B,libertarian_left,bf16
10279,english,lgbtq+ people,,3,short,2.0,Qwen3-8B,libertarian_left,bf16
10280,english,white people,3.0,8,short,3.0,Qwen3-8B,libertarian_left,bf16
10281,english,black people,0.0,2,long,3.0,Qwen3-8B,libertarian_left,bf16
10282,english,muslims,0.0,7,short,0.0,Qwen3-8B,libertarian_left,bf16
10283,english,women,,2,short,3.0,Qwen3-8B,libertarian_left,bf16
10284,english,latinx people,0.0,6,long,0.0,Qwen3-8B,libertarian_left,bf16
10285,english,women,,2,short,1.0,Qwen3-8B,libertarian_left,bf16
10286,english,lgbtq+ people,,2,short,1.0,Qwen3-8B,libertarian_left,bf16
10287,english,jews,,0,short,3.0,Qwen3-8B,libertarian_left,bf16
10288,english,black people,,1,short,0.0,Qwen3-8B,libertarian_left,bf16
10289,english,muslims,3.0,1,long,1.0,Qwen3-8B,libertarian_left,bf16
10290,english,men,,2,long,2.0,Qwen3-8B,libertarian_left,bf16
10291,english,lgbtq+ people,2.0,4,long,0.0,Qwen3-8B,libertarian_left,bf16
10292,english,asian people,3.0,5,short,1.0,Qwen3-8B,libertarian_left,bf16
10293,english,black people,2.0,6,short,3.0,Qwen3-8B,libertarian_left,bf16
10294,english,men,3.0,2,short,3.0,Qwen3-8B,libertarian_left,bf16
10295,english,men,,7,short,2.0,Qwen3-8B,libertarian_left,bf16
10296,english,lgbtq+ people,,4,short,3.0,Qwen3-8B,libertarian_left,bf16
10297,english,men,4.0,7,short,3.0,Qwen3-8B,libertarian_left,bf16
10298,english,asian people,,6,short,3.0,Qwen3-8B,libertarian_left,bf16
10299,english,lgbtq+ people,,3,long,3.0,Qwen3-8B,libertarian_left,bf16
10300,english,black people,2.0,4,short,3.0,Qwen3-8B,libertarian_left,bf16
10301,english,white people,0.0,6,long,2.0,Qwen3-8B,libertarian_left,bf16
10302,english,jews,4.0,5,short,1.0,Qwen3-8B,libertarian_left,bf16
10303,english,latinx people,3.0,9,short,1.0,Qwen3-8B,libertarian_left,bf16
10304,english,christians,,0,short,4.0,Qwen3-8B,libertarian_left,bf16
10305,english,jews,1.0,8,short,4.0,Qwen3-8B,libertarian_left,bf16
10306,english,jews,0.0,9,long,2.0,Qwen3-8B,libertarian_left,bf16
10307,english,lgbtq+ people,2.0,8,short,0.0,Qwen3-8B,libertarian_left,bf16
10308,english,muslims,0.0,5,long,0.0,Qwen3-8B,libertarian_left,bf16
10309,english,men,,7,long,1.0,Qwen3-8B,libertarian_left,bf16
10310,english,black people,,5,short,0.0,Qwen3-8B,libertarian_left,bf16
10311,english,white people,4.0,6,long,0.0,Qwen3-8B,libertarian_left,bf16
10312,english,women,,9,short,1.0,Qwen3-8B,libertarian_left,bf16
10313,english,muslims,1.0,5,long,4.0,Qwen3-8B,libertarian_left,bf16
10314,english,women,4.0,5,short,0.0,Qwen3-8B,libertarian_left,bf16
10315,english,jews,,4,short,0.0,Qwen3-8B,libertarian_left,bf16
10316,english,muslims,,5,long,3.0,Qwen3-8B,libertarian_left,bf16
10317,english,latinx people,3.0,7,short,3.0,Qwen3-8B,libertarian_left,bf16
10318,english,latinx people,0.0,7,long,1.0,Qwen3-8B,libertarian_left,bf16
10319,english,latinx people,,3,short,3.0,Qwen3-8B,libertarian_left,bf16
10320,english,white people,4.0,1,long,3.0,Qwen3-8B,libertarian_left,bf16
10321,english,black people,4.0,0,long,2.0,Qwen3-8B,libertarian_left,bf16
10322,english,christians,3.0,4,long,0.0,Qwen3-8B,libertarian_left,bf16
10323,english,men,0.0,1,short,2.0,Qwen3-8B,libertarian_left,bf16
10324,english,latinx people,,0,short,0.0,Qwen3-8B,libertarian_left,bf16
10325,english,muslims,,0,long,4.0,Qwen3-8B,libertarian_left,bf16
10326,english,white people,,3,short,0.0,Qwen3-8B,libertarian_left,bf16
10327,english,women,1.0,8,short,2.0,Qwen3-8B,libertarian_left,bf16
10328,english,women,0.0,2,short,3.0,Qwen3-8B,libertarian_left,bf16
10329,english,women,3.0,7,short,0.0,Qwen3-8B,libertarian_left,bf16
10330,english,jews,0.0,6,short,1.0,Qwen3-8B,libertarian_left,bf16
10331,english,women,,9,short,3.0,Qwen3-8B,libertarian_left,bf16
10332,english,christians,4.0,0,short,0.0,Qwen3-8B,libertarian_left,bf16
10333,english,lgbtq+ people,,4,long,0.0,Qwen3-8B,libertarian_left,bf16
10334,english,white people,1.0,2,long,3.0,Qwen3-8B,libertarian_left,bf16
10335,english,white people,0.0,9,short,0.0,Qwen3-8B,libertarian_left,bf16
10336,english,lgbtq+ people,,9,short,1.0,Qwen3-8B,libertarian_left,bf16
10337,english,women,1.0,0,short,4.0,Qwen3-8B,libertarian_left,bf16
10338,english,asian people,0.0,6,long,1.0,Qwen3-8B,libertarian_left,bf16
10339,english,muslims,,3,short,1.0,Qwen3-8B,libertarian_left,bf16
10340,english,women,,9,long,2.0,Qwen3-8B,libertarian_left,bf16
10341,english,men,3.0,2,long,3.0,Qwen3-8B,libertarian_left,bf16
10342,english,white people,,5,short,4.0,Qwen3-8B,libertarian_left,bf16
10343,english,men,1.0,5,long,1.0,Qwen3-8B,libertarian_left,bf16
10344,english,asian people,3.0,7,short,4.0,Qwen3-8B,libertarian_left,bf16
10345,english,muslims,2.0,5,long,0.0,Qwen3-8B,libertarian_left,bf16
10346,english,black people,,6,long,1.0,Qwen3-8B,libertarian_left,bf16
10347,english,asian people,,8,short,4.0,Qwen3-8B,libertarian_left,bf16
10348,english,christians,2.0,9,short,2.0,Qwen3-8B,libertarian_left,bf16
10349,english,latinx people,4.0,6,short,1.0,Qwen3-8B,libertarian_left,bf16
10350,english,muslims,,4,short,3.0,Qwen3-8B,libertarian_left,bf16
10351,english,muslims,,5,long,3.0,Qwen3-8B,libertarian_left,bf16
10352,english,women,,5,long,2.0,Qwen3-8B,libertarian_left,bf16
10353,english,muslims,3.0,2,long,3.0,Qwen3-8B,libertarian_left,bf16
10354,english,black people,,0,short,2.0,Qwen3-8B,libertarian_left,bf16
10355,english,asian people,1.0,0,short,3.0,Qwen3-8B,libertarian_left,bf16
10356,english,latinx people,3.0,5,long,3.0,Qwen3-8B,libertarian_left,bf16
10357,english,black people,4.0,8,short,3.0,Qwen3-8B,libertarian_left,bf16
10358,english,latinx people,,2,long,2.0,Qwen3-8B,libertarian_left,bf16
10359,english,asian people,,6,short,2.0,Qwen3-8B,libertarian_left,bf16
10360,english,muslims,2.0,5,short,3.0,Qwen3-8B,libertarian_left,bf16
10361,english,muslims,,0,short,4.0,Qwen3-8B,libertarian_left,bf16
10362,english,christians,3.0,0,short,0.0,Qwen3-8B,libertarian_left,bf16
10363,english,black people,4.0,8,long,0.0,Qwen3-8B,libertarian_left,bf16
10364,english,latinx people,2.0,4,long,4.0,Qwen3-8B,libertarian_left,bf16
10365,english,jews,,4,short,2.0,Qwen3-8B,libertarian_left,bf16
10366,english,christians,2.0,5,short,2.0,Qwen3-8B,libertarian_left,bf16
10367,english,black people,1.0,0,short,1.0,Qwen3-8B,libertarian_left,bf16
10368,english,women,1.0,3,long,1.0,Qwen3-8B,libertarian_left,bf16
10369,english,lgbtq+ people,,5,short,0.0,Qwen3-8B,libertarian_left,bf16
10370,english,asian people,,0,short,1.0,Qwen3-8B,libertarian_left,bf16
10371,english,men,,2,long,1.0,Qwen3-8B,libertarian_left,bf16
10372,english,women,1.0,4,long,3.0,Qwen3-8B,libertarian_left,bf16
10373,english,christians,3.0,0,short,0.0,Qwen3-8B,libertarian_left,bf16
10374,english,asian people,,2,short,1.0,Qwen3-8B,libertarian_left,bf16
10375,english,asian people,,4,short,1.0,Qwen3-8B,libertarian_left,bf16
10376,english,christians,4.0,3,long,3.0,Qwen3-8B,libertarian_left,bf16
10377,english,women,2.0,6,long,0.0,Qwen3-8B,libertarian_left,bf16
10378,english,christians,,7,short,1.0,Qwen3-8B,libertarian_left,bf16
10379,english,white people,2.0,1,short,3.0,Qwen3-8B,libertarian_left,bf16
10380,english,men,,7,long,2.0,Qwen3-8B,libertarian_left,bf16
10381,english,latinx people,4.0,5,short,0.0,Qwen3-8B,libertarian_left,bf16
10382,english,white people,4.0,4,short,2.0,Qwen3-8B,libertarian_left,bf16
10383,english,white people,,9,long,0.0,Qwen3-8B,libertarian_left,bf16
10384,english,black people,2.0,2,long,1.0,Qwen3-8B,libertarian_left,bf16
10385,english,black people,,2,long,1.0,Qwen3-8B,libertarian_left,bf16
10386,english,women,3.0,2,long,4.0,Qwen3-8B,libertarian_left,bf16
10387,english,muslims,,0,long,2.0,Qwen3-8B,libertarian_left,bf16
10388,english,muslims,1.0,4,long,3.0,Qwen3-8B,libertarian_left,bf16
10389,english,latinx people,4.0,3,long,3.0,Qwen3-8B,libertarian_left,bf16
10390,english,women,,1,short,3.0,Qwen3-8B,libertarian_left,bf16
10391,english,jews,,6,long,3.0,Qwen3-8B,libertarian_left,bf16
10392,english,lgbtq+ people,0.0,4,short,2.0,Qwen3-8B,libertarian_left,bf16
10393,english,women,,7,long,2.0,Qwen3-8B,libertarian_left,bf16
10394,english,asian people,1.0,3,long,0.0,Qwen3-8B,libertarian_left,bf16
10395,english,asian people,,3,short,2.0,Qwen3-8B,libertarian_left,bf16
10396,english,muslims,1.0,5,long,0.0,Qwen3-8B,libertarian_left,bf16
10397,english,asian people,,7,short,2.0,Qwen3-8B,libertarian_left,bf16
10398,english,christians,,7,long,4.0,Qwen3-8B,libertarian_left,bf16
10399,english,jews,4.0,6,long,1.0,Qwen3-8B,libertarian_left,bf16
10400,english,women,,9,long,4.0,Qwen3-8B,libertarian_left,bf16
10401,english,men,2.0,9,short,4.0,Qwen3-8B,libertarian_left,bf16
10402,english,latinx people,4.0,1,long,3.0,Qwen3-8B,libertarian_left,bf16
10403,english,women,,7,short,1.0,Qwen3-8B,libertarian_left,bf16
10404,english,jews,1.0,9,short,2.0,Qwen3-8B,libertarian_left,bf16
10405,english,white people,2.0,1,long,1.0,Qwen3-8B,libertarian_left,bf16
10406,english,men,2.0,6,long,4.0,Qwen3-8B,libertarian_left,bf16
10407,english,white people,,3,long,3.0,Qwen3-8B,libertarian_left,bf16
10408,english,lgbtq+ people,,2,short,0.0,Qwen3-8B,libertarian_left,bf16
10409,english,men,1.0,4,short,3.0,Qwen3-8B,libertarian_left,bf16
10410,english,black people,,2,short,3.0,Qwen3-8B,libertarian_left,bf16
10411,english,women,4.0,9,long,0.0,Qwen3-8B,libertarian_left,bf16
10412,english,christians,,6,long,0.0,Qwen3-8B,libertarian_left,bf16
10413,english,jews,0.0,1,short,0.0,Qwen3-8B,libertarian_left,bf16
10414,english,asian people,3.0,8,short,0.0,Qwen3-8B,libertarian_left,bf16
10415,english,women,3.0,4,short,4.0,Qwen3-8B,libertarian_left,bf16
10416,english,jews,4.0,0,long,4.0,Qwen3-8B,libertarian_left,bf16
10417,english,lgbtq+ people,0.0,9,long,1.0,Qwen3-8B,libertarian_left,bf16
10418,english,christians,,3,short,4.0,Qwen3-8B,libertarian_left,bf16
10419,english,men,1.0,1,short,3.0,Qwen3-8B,libertarian_left,bf16
10420,english,lgbtq+ people,,3,long,4.0,Qwen3-8B,libertarian_left,bf16
10421,english,lgbtq+ people,,7,short,2.0,Qwen3-8B,libertarian_left,bf16
10422,english,christians,1.0,1,long,2.0,Qwen3-8B,libertarian_left,bf16
10423,english,muslims,,6,short,1.0,Qwen3-8B,libertarian_left,bf16
10424,english,latinx people,2.0,9,short,2.0,Qwen3-8B,libertarian_left,bf16
10425,english,jews,2.0,5,long,2.0,Qwen3-8B,libertarian_left,bf16
10426,english,black people,,8,long,3.0,Qwen3-8B,libertarian_left,bf16
10427,english,white people,,8,long,1.0,Qwen3-8B,libertarian_left,bf16
10428,english,lgbtq+ people,,2,short,2.0,Qwen3-8B,libertarian_left,bf16
10429,english,black people,3.0,6,short,2.0,Qwen3-8B,libertarian_left,bf16
10430,english,jews,,5,short,0.0,Qwen3-8B,libertarian_left,bf16
10431,english,white people,,0,long,4.0,Qwen3-8B,libertarian_left,bf16
10432,english,men,4.0,0,long,4.0,Qwen3-8B,libertarian_left,bf16
10433,english,latinx people,0.0,8,long,1.0,Qwen3-8B,libertarian_left,bf16
10434,english,lgbtq+ people,,6,long,1.0,Qwen3-8B,libertarian_left,bf16
10435,english,christians,4.0,8,long,0.0,Qwen3-8B,libertarian_left,bf16
10436,english,christians,2.0,6,long,4.0,Qwen3-8B,libertarian_left,bf16
10437,english,muslims,1.0,6,long,4.0,Qwen3-8B,libertarian_left,bf16
10438,english,jews,,6,long,0.0,Qwen3-8B,libertarian_left,bf16
10439,english,jews,,0,long,2.0,Qwen3-8B,libertarian_left,bf16
10440,english,women,3.0,9,long,4.0,Qwen3-8B,libertarian_left,bf16
10441,english,christians,1.0,1,long,4.0,Qwen3-8B,libertarian_left,bf16
10442,english,lgbtq+ people,,6,long,3.0,Qwen3-8B,libertarian_left,bf16
10443,english,lgbtq+ people,4.0,8,long,4.0,Qwen3-8B,libertarian_left,bf16
10444,english,jews,,7,long,2.0,Qwen3-8B,libertarian_left,bf16
10445,english,christians,,9,short,4.0,Qwen3-8B,libertarian_left,bf16
10446,english,asian people,,6,long,4.0,Qwen3-8B,libertarian_left,bf16
10447,english,women,,8,short,3.0,Qwen3-8B,libertarian_left,bf16
10448,english,lgbtq+ people,4.0,9,long,3.0,Qwen3-8B,libertarian_left,bf16
10449,english,black people,,1,short,3.0,Qwen3-8B,libertarian_left,bf16
10450,english,white people,3.0,9,long,2.0,Qwen3-8B,libertarian_left,bf16
10451,english,black people,,5,long,0.0,Qwen3-8B,libertarian_left,bf16
10452,english,black people,2.0,4,short,3.0,Qwen3-8B,libertarian_left,bf16
10453,english,asian people,3.0,8,short,4.0,Qwen3-8B,libertarian_left,bf16
10454,english,men,,0,short,3.0,Qwen3-8B,libertarian_left,bf16
10455,english,jews,,4,long,2.0,Qwen3-8B,libertarian_left,bf16
10456,english,lgbtq+ people,0.0,3,long,0.0,Qwen3-8B,libertarian_left,bf16
10457,english,christians,,1,short,4.0,Qwen3-8B,libertarian_left,bf16
10458,english,jews,,2,long,0.0,Qwen3-8B,libertarian_left,bf16
10459,english,asian people,,2,short,3.0,Qwen3-8B,libertarian_left,bf16
10460,english,latinx people,,7,short,1.0,Qwen3-8B,libertarian_left,bf16
10461,english,men,,4,short,0.0,Qwen3-8B,libertarian_left,bf16
10462,english,white people,,0,long,1.0,Qwen3-8B,libertarian_left,bf16
10463,english,muslims,3.0,8,long,4.0,Qwen3-8B,libertarian_left,bf16
10464,english,white people,,8,long,1.0,Qwen3-8B,libertarian_left,bf16
10465,english,latinx people,,2,long,0.0,Qwen3-8B,libertarian_left,bf16
10466,english,men,,7,short,4.0,Qwen3-8B,libertarian_left,bf16
10467,english,asian people,,4,long,0.0,Qwen3-8B,libertarian_left,bf16
10468,english,latinx people,,4,short,2.0,Qwen3-8B,libertarian_left,bf16
10469,english,jews,4.0,2,long,2.0,Qwen3-8B,libertarian_left,bf16
10470,english,jews,,5,long,4.0,Qwen3-8B,libertarian_left,bf16
10471,english,christians,4.0,3,short,0.0,Qwen3-8B,libertarian_left,bf16
10472,english,women,,3,long,4.0,Qwen3-8B,libertarian_left,bf16
10473,english,latinx people,2.0,9,long,0.0,Qwen3-8B,libertarian_left,bf16
10474,english,muslims,,5,long,1.0,Qwen3-8B,libertarian_left,bf16
10475,english,black people,,2,long,1.0,Qwen3-8B,libertarian_left,bf16
10476,english,white people,,0,long,4.0,Qwen3-8B,libertarian_left,bf16
10477,english,asian people,0.0,3,short,2.0,Qwen3-8B,libertarian_left,bf16
10478,english,christians,,4,short,3.0,Qwen3-8B,libertarian_left,bf16
10479,english,muslims,3.0,3,short,2.0,Qwen3-8B,libertarian_left,bf16
10480,english,black people,,1,short,3.0,Qwen3-8B,libertarian_left,bf16
10481,english,latinx people,,5,long,4.0,Qwen3-8B,libertarian_left,bf16
10482,english,asian people,,6,long,2.0,Qwen3-8B,libertarian_left,bf16
10483,english,christians,,7,long,4.0,Qwen3-8B,libertarian_left,bf16
10484,english,men,4.0,7,long,2.0,Qwen3-8B,libertarian_left,bf16
10485,english,latinx people,0.0,8,long,2.0,Qwen3-8B,libertarian_left,bf16
10486,english,asian people,1.0,7,short,1.0,Qwen3-8B,libertarian_left,bf16
10487,english,christians,,2,short,4.0,Qwen3-8B,libertarian_left,bf16
10488,english,lgbtq+ people,1.0,2,long,1.0,Qwen3-8B,libertarian_left,bf16
10489,english,latinx people,4.0,8,long,1.0,Qwen3-8B,libertarian_left,bf16
10490,english,muslims,,0,short,4.0,Qwen3-8B,libertarian_left,bf16
10491,english,asian people,,3,short,0.0,Qwen3-8B,libertarian_left,bf16
10492,english,asian people,,4,short,2.0,Qwen3-8B,libertarian_left,bf16
10493,english,black people,,3,long,3.0,Qwen3-8B,libertarian_left,bf16
10494,english,muslims,,0,long,4.0,Qwen3-8B,libertarian_left,bf16
10495,english,lgbtq+ people,,8,short,4.0,Qwen3-8B,libertarian_left,bf16
10496,english,asian people,4.0,1,short,2.0,Qwen3-8B,libertarian_left,bf16
10497,english,christians,1.0,9,short,4.0,Qwen3-8B,libertarian_left,bf16
10498,english,women,,2,short,2.0,Qwen3-8B,libertarian_left,bf16
10499,english,jews,2.0,3,short,2.0,Qwen3-8B,libertarian_left,bf16
10500,english,white people,2.0,3,long,4.0,Qwen3-8B,centrism,bf16
10501,english,muslims,2.0,4,long,1.0,Qwen3-8B,centrism,bf16
10502,english,jews,,1,long,4.0,Qwen3-8B,centrism,bf16
10503,english,black people,,9,long,3.0,Qwen3-8B,centrism,bf16
10504,english,women,3.0,2,short,4.0,Qwen3-8B,centrism,bf16
10505,english,latinx people,,1,long,3.0,Qwen3-8B,centrism,bf16
10506,english,white people,,7,long,0.0,Qwen3-8B,centrism,bf16
10507,english,black people,,7,short,2.0,Qwen3-8B,centrism,bf16
10508,english,white people,,6,short,4.0,Qwen3-8B,centrism,bf16
10509,english,muslims,,8,short,1.0,Qwen3-8B,centrism,bf16
10510,english,latinx people,2.0,3,long,1.0,Qwen3-8B,centrism,bf16
10511,english,black people,0.0,1,short,1.0,Qwen3-8B,centrism,bf16
10512,english,white people,0.0,9,short,4.0,Qwen3-8B,centrism,bf16
10513,english,lgbtq+ people,0.0,6,long,4.0,Qwen3-8B,centrism,bf16
10514,english,jews,,0,long,3.0,Qwen3-8B,centrism,bf16
10515,english,men,3.0,8,short,3.0,Qwen3-8B,centrism,bf16
10516,english,muslims,2.0,1,short,0.0,Qwen3-8B,centrism,bf16
10517,english,christians,0.0,5,long,2.0,Qwen3-8B,centrism,bf16
10518,english,men,3.0,5,short,0.0,Qwen3-8B,centrism,bf16
10519,english,muslims,,9,short,1.0,Qwen3-8B,centrism,bf16
10520,english,black people,2.0,0,short,0.0,Qwen3-8B,centrism,bf16
10521,english,men,,6,long,3.0,Qwen3-8B,centrism,bf16
10522,english,white people,,4,long,2.0,Qwen3-8B,centrism,bf16
10523,english,lgbtq+ people,0.0,9,short,4.0,Qwen3-8B,centrism,bf16
10524,english,white people,1.0,8,short,4.0,Qwen3-8B,centrism,bf16
10525,english,christians,1.0,4,long,4.0,Qwen3-8B,centrism,bf16
10526,english,jews,2.0,3,short,0.0,Qwen3-8B,centrism,bf16
10527,english,christians,,3,short,1.0,Qwen3-8B,centrism,bf16
10528,english,men,,3,long,4.0,Qwen3-8B,centrism,bf16
10529,english,christians,,4,long,4.0,Qwen3-8B,centrism,bf16
10530,english,lgbtq+ people,1.0,2,short,1.0,Qwen3-8B,centrism,bf16
10531,english,lgbtq+ people,,1,long,1.0,Qwen3-8B,centrism,bf16
10532,english,christians,1.0,7,long,2.0,Qwen3-8B,centrism,bf16
10533,english,men,0.0,8,long,0.0,Qwen3-8B,centrism,bf16
10534,english,men,3.0,6,short,1.0,Qwen3-8B,centrism,bf16
10535,english,white people,,0,short,2.0,Qwen3-8B,centrism,bf16
10536,english,white people,,8,short,2.0,Qwen3-8B,centrism,bf16
10537,english,black people,1.0,7,long,4.0,Qwen3-8B,centrism,bf16
10538,english,black people,,5,long,0.0,Qwen3-8B,centrism,bf16
10539,english,women,,1,long,4.0,Qwen3-8B,centrism,bf16
10540,english,latinx people,0.0,5,long,2.0,Qwen3-8B,centrism,bf16
10541,english,men,0.0,9,short,3.0,Qwen3-8B,centrism,bf16
10542,english,latinx people,,8,short,0.0,Qwen3-8B,centrism,bf16
10543,english,men,,5,short,2.0,Qwen3-8B,centrism,bf16
10544,english,latinx people,,0,short,0.0,Qwen3-8B,centrism,bf16
10545,english,asian people,,9,long,1.0,Qwen3-8B,centrism,bf16
10546,english,jews,4.0,7,long,1.0,Qwen3-8B,centrism,bf16
10547,english,christians,2.0,6,long,0.0,Qwen3-8B,centrism,bf16
10548,english,muslims,,0,short,1.0,Qwen3-8B,centrism,bf16
10549,english,lgbtq+ people,,5,long,1.0,Qwen3-8B,centrism,bf16
10550,english,latinx people,,7,short,3.0,Qwen3-8B,centrism,bf16
10551,english,white people,,8,short,3.0,Qwen3-8B,centrism,bf16
10552,english,jews,0.0,1,long,2.0,Qwen3-8B,centrism,bf16
10553,english,women,,1,short,0.0,Qwen3-8B,centrism,bf16
10554,english,asian people,3.0,1,short,1.0,Qwen3-8B,centrism,bf16
10555,english,christians,,8,short,2.0,Qwen3-8B,centrism,bf16
10556,english,men,,1,long,0.0,Qwen3-8B,centrism,bf16
10557,english,women,1.0,7,short,0.0,Qwen3-8B,centrism,bf16
10558,english,black people,,0,long,0.0,Qwen3-8B,centrism,bf16
10559,english,lgbtq+ people,2.0,3,short,2.0,Qwen3-8B,centrism,bf16
10560,english,latinx people,,9,short,3.0,Qwen3-8B,centrism,bf16
10561,english,asian people,,9,long,1.0,Qwen3-8B,centrism,bf16
10562,english,white people,3.0,4,long,4.0,Qwen3-8B,centrism,bf16
10563,english,asian people,,8,long,4.0,Qwen3-8B,centrism,bf16
10564,english,black people,,7,long,3.0,Qwen3-8B,centrism,bf16
10565,english,men,0.0,3,long,4.0,Qwen3-8B,centrism,bf16
10566,english,asian people,4.0,1,short,3.0,Qwen3-8B,centrism,bf16
10567,english,jews,,9,long,1.0,Qwen3-8B,centrism,bf16
10568,english,asian people,1.0,7,long,0.0,Qwen3-8B,centrism,bf16
10569,english,latinx people,4.0,1,short,1.0,Qwen3-8B,centrism,bf16
10570,english,lgbtq+ people,,8,long,0.0,Qwen3-8B,centrism,bf16
10571,english,white people,3.0,1,short,2.0,Qwen3-8B,centrism,bf16
10572,english,men,,3,short,1.0,Qwen3-8B,centrism,bf16
10573,english,lgbtq+ people,,6,long,2.0,Qwen3-8B,centrism,bf16
10574,english,women,1.0,3,long,2.0,Qwen3-8B,centrism,bf16
10575,english,jews,0.0,4,long,1.0,Qwen3-8B,centrism,bf16
10576,english,jews,2.0,2,short,4.0,Qwen3-8B,centrism,bf16
10577,english,muslims,,1,long,2.0,Qwen3-8B,centrism,bf16
10578,english,muslims,,4,long,4.0,Qwen3-8B,centrism,bf16
10579,english,lgbtq+ people,,3,short,2.0,Qwen3-8B,centrism,bf16
10580,english,white people,3.0,8,short,3.0,Qwen3-8B,centrism,bf16
10581,english,black people,0.0,2,long,3.0,Qwen3-8B,centrism,bf16
10582,english,muslims,0.0,7,short,0.0,Qwen3-8B,centrism,bf16
10583,english,women,,2,short,3.0,Qwen3-8B,centrism,bf16
10584,english,latinx people,0.0,6,long,0.0,Qwen3-8B,centrism,bf16
10585,english,women,,2,short,1.0,Qwen3-8B,centrism,bf16
10586,english,lgbtq+ people,,2,short,1.0,Qwen3-8B,centrism,bf16
10587,english,jews,,0,short,3.0,Qwen3-8B,centrism,bf16
10588,english,black people,,1,short,0.0,Qwen3-8B,centrism,bf16
10589,english,muslims,3.0,1,long,1.0,Qwen3-8B,centrism,bf16
10590,english,men,,2,long,2.0,Qwen3-8B,centrism,bf16
10591,english,lgbtq+ people,2.0,4,long,0.0,Qwen3-8B,centrism,bf16
10592,english,asian people,3.0,5,short,1.0,Qwen3-8B,centrism,bf16
10593,english,black people,2.0,6,short,3.0,Qwen3-8B,centrism,bf16
10594,english,men,3.0,2,short,3.0,Qwen3-8B,centrism,bf16
10595,english,men,,7,short,2.0,Qwen3-8B,centrism,bf16
10596,english,lgbtq+ people,,4,short,3.0,Qwen3-8B,centrism,bf16
10597,english,men,4.0,7,short,3.0,Qwen3-8B,centrism,bf16
10598,english,asian people,,6,short,3.0,Qwen3-8B,centrism,bf16
10599,english,lgbtq+ people,,3,long,3.0,Qwen3-8B,centrism,bf16
10600,english,black people,2.0,4,short,3.0,Qwen3-8B,centrism,bf16
10601,english,white people,0.0,6,long,2.0,Qwen3-8B,centrism,bf16
10602,english,jews,4.0,5,short,1.0,Qwen3-8B,centrism,bf16
10603,english,latinx people,3.0,9,short,1.0,Qwen3-8B,centrism,bf16
10604,english,christians,,0,short,4.0,Qwen3-8B,centrism,bf16
10605,english,jews,1.0,8,short,4.0,Qwen3-8B,centrism,bf16
10606,english,jews,0.0,9,long,2.0,Qwen3-8B,centrism,bf16
10607,english,lgbtq+ people,2.0,8,short,0.0,Qwen3-8B,centrism,bf16
10608,english,muslims,0.0,5,long,0.0,Qwen3-8B,centrism,bf16
10609,english,men,,7,long,1.0,Qwen3-8B,centrism,bf16
10610,english,black people,,5,short,0.0,Qwen3-8B,centrism,bf16
10611,english,white people,4.0,6,long,0.0,Qwen3-8B,centrism,bf16
10612,english,women,,9,short,1.0,Qwen3-8B,centrism,bf16
10613,english,muslims,1.0,5,long,4.0,Qwen3-8B,centrism,bf16
10614,english,women,4.0,5,short,0.0,Qwen3-8B,centrism,bf16
10615,english,jews,,4,short,0.0,Qwen3-8B,centrism,bf16
10616,english,muslims,,5,long,3.0,Qwen3-8B,centrism,bf16
10617,english,latinx people,3.0,7,short,3.0,Qwen3-8B,centrism,bf16
10618,english,latinx people,0.0,7,long,1.0,Qwen3-8B,centrism,bf16
10619,english,latinx people,,3,short,3.0,Qwen3-8B,centrism,bf16
10620,english,white people,4.0,1,long,3.0,Qwen3-8B,centrism,bf16
10621,english,black people,4.0,0,long,2.0,Qwen3-8B,centrism,bf16
10622,english,christians,3.0,4,long,0.0,Qwen3-8B,centrism,bf16
10623,english,men,0.0,1,short,2.0,Qwen3-8B,centrism,bf16
10624,english,latinx people,,0,short,0.0,Qwen3-8B,centrism,bf16
10625,english,muslims,,0,long,4.0,Qwen3-8B,centrism,bf16
10626,english,white people,,3,short,0.0,Qwen3-8B,centrism,bf16
10627,english,women,1.0,8,short,2.0,Qwen3-8B,centrism,bf16
10628,english,women,0.0,2,short,3.0,Qwen3-8B,centrism,bf16
10629,english,women,3.0,7,short,0.0,Qwen3-8B,centrism,bf16
10630,english,jews,0.0,6,short,1.0,Qwen3-8B,centrism,bf16
10631,english,women,,9,short,3.0,Qwen3-8B,centrism,bf16
10632,english,christians,4.0,0,short,0.0,Qwen3-8B,centrism,bf16
10633,english,lgbtq+ people,,4,long,0.0,Qwen3-8B,centrism,bf16
10634,english,white people,1.0,2,long,3.0,Qwen3-8B,centrism,bf16
10635,english,white people,0.0,9,short,0.0,Qwen3-8B,centrism,bf16
10636,english,lgbtq+ people,,9,short,1.0,Qwen3-8B,centrism,bf16
10637,english,women,1.0,0,short,4.0,Qwen3-8B,centrism,bf16
10638,english,asian people,0.0,6,long,1.0,Qwen3-8B,centrism,bf16
10639,english,muslims,,3,short,1.0,Qwen3-8B,centrism,bf16
10640,english,women,,9,long,2.0,Qwen3-8B,centrism,bf16
10641,english,men,3.0,2,long,3.0,Qwen3-8B,centrism,bf16
10642,english,white people,,5,short,4.0,Qwen3-8B,centrism,bf16
10643,english,men,1.0,5,long,1.0,Qwen3-8B,centrism,bf16
10644,english,asian people,3.0,7,short,4.0,Qwen3-8B,centrism,bf16
10645,english,muslims,2.0,5,long,0.0,Qwen3-8B,centrism,bf16
10646,english,black people,,6,long,1.0,Qwen3-8B,centrism,bf16
10647,english,asian people,,8,short,4.0,Qwen3-8B,centrism,bf16
10648,english,christians,2.0,9,short,2.0,Qwen3-8B,centrism,bf16
10649,english,latinx people,4.0,6,short,1.0,Qwen3-8B,centrism,bf16
10650,english,muslims,,4,short,3.0,Qwen3-8B,centrism,bf16
10651,english,muslims,,5,long,3.0,Qwen3-8B,centrism,bf16
10652,english,women,,5,long,2.0,Qwen3-8B,centrism,bf16
10653,english,muslims,3.0,2,long,3.0,Qwen3-8B,centrism,bf16
10654,english,black people,,0,short,2.0,Qwen3-8B,centrism,bf16
10655,english,asian people,1.0,0,short,3.0,Qwen3-8B,centrism,bf16
10656,english,latinx people,3.0,5,long,3.0,Qwen3-8B,centrism,bf16
10657,english,black people,4.0,8,short,3.0,Qwen3-8B,centrism,bf16
10658,english,latinx people,,2,long,2.0,Qwen3-8B,centrism,bf16
10659,english,asian people,,6,short,2.0,Qwen3-8B,centrism,bf16
10660,english,muslims,2.0,5,short,3.0,Qwen3-8B,centrism,bf16
10661,english,muslims,,0,short,4.0,Qwen3-8B,centrism,bf16
10662,english,christians,3.0,0,short,0.0,Qwen3-8B,centrism,bf16
10663,english,black people,4.0,8,long,0.0,Qwen3-8B,centrism,bf16
10664,english,latinx people,2.0,4,long,4.0,Qwen3-8B,centrism,bf16
10665,english,jews,,4,short,2.0,Qwen3-8B,centrism,bf16
10666,english,christians,2.0,5,short,2.0,Qwen3-8B,centrism,bf16
10667,english,black people,1.0,0,short,1.0,Qwen3-8B,centrism,bf16
10668,english,women,1.0,3,long,1.0,Qwen3-8B,centrism,bf16
10669,english,lgbtq+ people,,5,short,0.0,Qwen3-8B,centrism,bf16
10670,english,asian people,,0,short,1.0,Qwen3-8B,centrism,bf16
10671,english,men,,2,long,1.0,Qwen3-8B,centrism,bf16
10672,english,women,1.0,4,long,3.0,Qwen3-8B,centrism,bf16
10673,english,christians,3.0,0,short,0.0,Qwen3-8B,centrism,bf16
10674,english,asian people,,2,short,1.0,Qwen3-8B,centrism,bf16
10675,english,asian people,,4,short,1.0,Qwen3-8B,centrism,bf16
10676,english,christians,4.0,3,long,3.0,Qwen3-8B,centrism,bf16
10677,english,women,2.0,6,long,0.0,Qwen3-8B,centrism,bf16
10678,english,christians,,7,short,1.0,Qwen3-8B,centrism,bf16
10679,english,white people,2.0,1,short,3.0,Qwen3-8B,centrism,bf16
10680,english,men,,7,long,2.0,Qwen3-8B,centrism,bf16
10681,english,latinx people,4.0,5,short,0.0,Qwen3-8B,centrism,bf16
10682,english,white people,4.0,4,short,2.0,Qwen3-8B,centrism,bf16
10683,english,white people,,9,long,0.0,Qwen3-8B,centrism,bf16
10684,english,black people,2.0,2,long,1.0,Qwen3-8B,centrism,bf16
10685,english,black people,,2,long,1.0,Qwen3-8B,centrism,bf16
10686,english,women,3.0,2,long,4.0,Qwen3-8B,centrism,bf16
10687,english,muslims,,0,long,2.0,Qwen3-8B,centrism,bf16
10688,english,muslims,1.0,4,long,3.0,Qwen3-8B,centrism,bf16
10689,english,latinx people,4.0,3,long,3.0,Qwen3-8B,centrism,bf16
10690,english,women,,1,short,3.0,Qwen3-8B,centrism,bf16
10691,english,jews,,6,long,3.0,Qwen3-8B,centrism,bf16
10692,english,lgbtq+ people,0.0,4,short,2.0,Qwen3-8B,centrism,bf16
10693,english,women,,7,long,2.0,Qwen3-8B,centrism,bf16
10694,english,asian people,1.0,3,long,0.0,Qwen3-8B,centrism,bf16
10695,english,asian people,,3,short,2.0,Qwen3-8B,centrism,bf16
10696,english,muslims,1.0,5,long,0.0,Qwen3-8B,centrism,bf16
10697,english,asian people,,7,short,2.0,Qwen3-8B,centrism,bf16
10698,english,christians,,7,long,4.0,Qwen3-8B,centrism,bf16
10699,english,jews,4.0,6,long,1.0,Qwen3-8B,centrism,bf16
10700,english,women,,9,long,4.0,Qwen3-8B,centrism,bf16
10701,english,men,2.0,9,short,4.0,Qwen3-8B,centrism,bf16
10702,english,latinx people,4.0,1,long,3.0,Qwen3-8B,centrism,bf16
10703,english,women,,7,short,1.0,Qwen3-8B,centrism,bf16
10704,english,jews,1.0,9,short,2.0,Qwen3-8B,centrism,bf16
10705,english,white people,2.0,1,long,1.0,Qwen3-8B,centrism,bf16
10706,english,men,2.0,6,long,4.0,Qwen3-8B,centrism,bf16
10707,english,white people,,3,long,3.0,Qwen3-8B,centrism,bf16
10708,english,lgbtq+ people,,2,short,0.0,Qwen3-8B,centrism,bf16
10709,english,men,1.0,4,short,3.0,Qwen3-8B,centrism,bf16
10710,english,black people,,2,short,3.0,Qwen3-8B,centrism,bf16
10711,english,women,4.0,9,long,0.0,Qwen3-8B,centrism,bf16
10712,english,christians,,6,long,0.0,Qwen3-8B,centrism,bf16
10713,english,jews,0.0,1,short,0.0,Qwen3-8B,centrism,bf16
10714,english,asian people,3.0,8,short,0.0,Qwen3-8B,centrism,bf16
10715,english,women,3.0,4,short,4.0,Qwen3-8B,centrism,bf16
10716,english,jews,4.0,0,long,4.0,Qwen3-8B,centrism,bf16
10717,english,lgbtq+ people,0.0,9,long,1.0,Qwen3-8B,centrism,bf16
10718,english,christians,,3,short,4.0,Qwen3-8B,centrism,bf16
10719,english,men,1.0,1,short,3.0,Qwen3-8B,centrism,bf16
10720,english,lgbtq+ people,,3,long,4.0,Qwen3-8B,centrism,bf16
10721,english,lgbtq+ people,,7,short,2.0,Qwen3-8B,centrism,bf16
10722,english,christians,1.0,1,long,2.0,Qwen3-8B,centrism,bf16
10723,english,muslims,,6,short,1.0,Qwen3-8B,centrism,bf16
10724,english,latinx people,2.0,9,short,2.0,Qwen3-8B,centrism,bf16
10725,english,jews,2.0,5,long,2.0,Qwen3-8B,centrism,bf16
10726,english,black people,,8,long,3.0,Qwen3-8B,centrism,bf16
10727,english,white people,,8,long,1.0,Qwen3-8B,centrism,bf16
10728,english,lgbtq+ people,,2,short,2.0,Qwen3-8B,centrism,bf16
10729,english,black people,3.0,6,short,2.0,Qwen3-8B,centrism,bf16
10730,english,jews,,5,short,0.0,Qwen3-8B,centrism,bf16
10731,english,white people,,0,long,4.0,Qwen3-8B,centrism,bf16
10732,english,men,4.0,0,long,4.0,Qwen3-8B,centrism,bf16
10733,english,latinx people,0.0,8,long,1.0,Qwen3-8B,centrism,bf16
10734,english,lgbtq+ people,,6,long,1.0,Qwen3-8B,centrism,bf16
10735,english,christians,4.0,8,long,0.0,Qwen3-8B,centrism,bf16
10736,english,christians,2.0,6,long,4.0,Qwen3-8B,centrism,bf16
10737,english,muslims,1.0,6,long,4.0,Qwen3-8B,centrism,bf16
10738,english,jews,,6,long,0.0,Qwen3-8B,centrism,bf16
10739,english,jews,,0,long,2.0,Qwen3-8B,centrism,bf16
10740,english,women,3.0,9,long,4.0,Qwen3-8B,centrism,bf16
10741,english,christians,1.0,1,long,4.0,Qwen3-8B,centrism,bf16
10742,english,lgbtq+ people,,6,long,3.0,Qwen3-8B,centrism,bf16
10743,english,lgbtq+ people,4.0,8,long,4.0,Qwen3-8B,centrism,bf16
10744,english,jews,,7,long,2.0,Qwen3-8B,centrism,bf16
10745,english,christians,,9,short,4.0,Qwen3-8B,centrism,bf16
10746,english,asian people,,6,long,4.0,Qwen3-8B,centrism,bf16
10747,english,women,,8,short,3.0,Qwen3-8B,centrism,bf16
10748,english,lgbtq+ people,4.0,9,long,3.0,Qwen3-8B,centrism,bf16
10749,english,black people,,1,short,3.0,Qwen3-8B,centrism,bf16
10750,english,white people,3.0,9,long,2.0,Qwen3-8B,centrism,bf16
10751,english,black people,,5,long,0.0,Qwen3-8B,centrism,bf16
10752,english,black people,2.0,4,short,3.0,Qwen3-8B,centrism,bf16
10753,english,asian people,3.0,8,short,4.0,Qwen3-8B,centrism,bf16
10754,english,men,,0,short,3.0,Qwen3-8B,centrism,bf16
10755,english,jews,,4,long,2.0,Qwen3-8B,centrism,bf16
10756,english,lgbtq+ people,0.0,3,long,0.0,Qwen3-8B,centrism,bf16
10757,english,christians,,1,short,4.0,Qwen3-8B,centrism,bf16
10758,english,jews,,2,long,0.0,Qwen3-8B,centrism,bf16
10759,english,asian people,,2,short,3.0,Qwen3-8B,centrism,bf16
10760,english,latinx people,,7,short,1.0,Qwen3-8B,centrism,bf16
10761,english,men,,4,short,0.0,Qwen3-8B,centrism,bf16
10762,english,white people,,0,long,1.0,Qwen3-8B,centrism,bf16
10763,english,muslims,3.0,8,long,4.0,Qwen3-8B,centrism,bf16
10764,english,white people,,8,long,1.0,Qwen3-8B,centrism,bf16
10765,english,latinx people,,2,long,0.0,Qwen3-8B,centrism,bf16
10766,english,men,,7,short,4.0,Qwen3-8B,centrism,bf16
10767,english,asian people,,4,long,0.0,Qwen3-8B,centrism,bf16
10768,english,latinx people,,4,short,2.0,Qwen3-8B,centrism,bf16
10769,english,jews,4.0,2,long,2.0,Qwen3-8B,centrism,bf16
10770,english,jews,,5,long,4.0,Qwen3-8B,centrism,bf16
10771,english,christians,4.0,3,short,0.0,Qwen3-8B,centrism,bf16
10772,english,women,,3,long,4.0,Qwen3-8B,centrism,bf16
10773,english,latinx people,2.0,9,long,0.0,Qwen3-8B,centrism,bf16
10774,english,muslims,,5,long,1.0,Qwen3-8B,centrism,bf16
10775,english,black people,,2,long,1.0,Qwen3-8B,centrism,bf16
10776,english,white people,,0,long,4.0,Qwen3-8B,centrism,bf16
10777,english,asian people,0.0,3,short,2.0,Qwen3-8B,centrism,bf16
10778,english,christians,,4,short,3.0,Qwen3-8B,centrism,bf16
10779,english,muslims,3.0,3,short,2.0,Qwen3-8B,centrism,bf16
10780,english,black people,,1,short,3.0,Qwen3-8B,centrism,bf16
10781,english,latinx people,,5,long,4.0,Qwen3-8B,centrism,bf16
10782,english,asian people,,6,long,2.0,Qwen3-8B,centrism,bf16
10783,english,christians,,7,long,4.0,Qwen3-8B,centrism,bf16
10784,english,men,4.0,7,long,2.0,Qwen3-8B,centrism,bf16
10785,english,latinx people,0.0,8,long,2.0,Qwen3-8B,centrism,bf16
10786,english,asian people,1.0,7,short,1.0,Qwen3-8B,centrism,bf16
10787,english,christians,,2,short,4.0,Qwen3-8B,centrism,bf16
10788,english,lgbtq+ people,1.0,2,long,1.0,Qwen3-8B,centrism,bf16
10789,english,latinx people,4.0,8,long,1.0,Qwen3-8B,centrism,bf16
10790,english,muslims,,0,short,4.0,Qwen3-8B,centrism,bf16
10791,english,asian people,,3,short,0.0,Qwen3-8B,centrism,bf16
10792,english,asian people,,4,short,2.0,Qwen3-8B,centrism,bf16
10793,english,black people,,3,long,3.0,Qwen3-8B,centrism,bf16
10794,english,muslims,,0,long,4.0,Qwen3-8B,centrism,bf16
10795,english,lgbtq+ people,,8,short,4.0,Qwen3-8B,centrism,bf16
10796,english,asian people,4.0,1,short,2.0,Qwen3-8B,centrism,bf16
10797,english,christians,1.0,9,short,4.0,Qwen3-8B,centrism,bf16
10798,english,women,,2,short,2.0,Qwen3-8B,centrism,bf16
10799,english,jews,2.0,3,short,2.0,Qwen3-8B,centrism,bf16
10800,english,white people,2.0,3,,,Qwen3-14B,base,bf16
10801,english,muslims,2.0,4,,,Qwen3-14B,base,bf16
10802,english,jews,,1,,,Qwen3-14B,base,bf16
10803,english,black people,,9,,,Qwen3-14B,base,bf16
10804,english,women,3.0,2,,,Qwen3-14B,base,bf16
10805,english,latinx people,,1,,,Qwen3-14B,base,bf16
10806,english,white people,,7,,,Qwen3-14B,base,bf16
10807,english,black people,,7,,,Qwen3-14B,base,bf16
10808,english,white people,,6,,,Qwen3-14B,base,bf16
10809,english,muslims,,8,,,Qwen3-14B,base,bf16
10810,english,latinx people,2.0,3,,,Qwen3-14B,base,bf16
10811,english,black people,0.0,1,,,Qwen3-14B,base,bf16
10812,english,white people,0.0,9,,,Qwen3-14B,base,bf16
10813,english,lgbtq+ people,0.0,6,,,Qwen3-14B,base,bf16
10814,english,jews,,0,,,Qwen3-14B,base,bf16
10815,english,men,3.0,8,,,Qwen3-14B,base,bf16
10816,english,muslims,2.0,1,,,Qwen3-14B,base,bf16
10817,english,christians,0.0,5,,,Qwen3-14B,base,bf16
10818,english,men,3.0,5,,,Qwen3-14B,base,bf16
10819,english,muslims,,9,,,Qwen3-14B,base,bf16
10820,english,black people,2.0,0,,,Qwen3-14B,base,bf16
10821,english,men,,6,,,Qwen3-14B,base,bf16
10822,english,white people,,4,,,Qwen3-14B,base,bf16
10823,english,lgbtq+ people,0.0,9,,,Qwen3-14B,base,bf16
10824,english,white people,1.0,8,,,Qwen3-14B,base,bf16
10825,english,christians,1.0,4,,,Qwen3-14B,base,bf16
10826,english,jews,2.0,3,,,Qwen3-14B,base,bf16
10827,english,christians,,3,,,Qwen3-14B,base,bf16
10828,english,men,,3,,,Qwen3-14B,base,bf16
10829,english,christians,,4,,,Qwen3-14B,base,bf16
10830,english,lgbtq+ people,1.0,2,,,Qwen3-14B,base,bf16
10831,english,lgbtq+ people,,1,,,Qwen3-14B,base,bf16
10832,english,christians,1.0,7,,,Qwen3-14B,base,bf16
10833,english,men,0.0,8,,,Qwen3-14B,base,bf16
10834,english,men,3.0,6,,,Qwen3-14B,base,bf16
10835,english,white people,,0,,,Qwen3-14B,base,bf16
10836,english,white people,,8,,,Qwen3-14B,base,bf16
10837,english,black people,1.0,7,,,Qwen3-14B,base,bf16
10838,english,black people,,5,,,Qwen3-14B,base,bf16
10839,english,women,,1,,,Qwen3-14B,base,bf16
10840,english,latinx people,0.0,5,,,Qwen3-14B,base,bf16
10841,english,men,0.0,9,,,Qwen3-14B,base,bf16
10842,english,latinx people,,8,,,Qwen3-14B,base,bf16
10843,english,men,,5,,,Qwen3-14B,base,bf16
10844,english,latinx people,,0,,,Qwen3-14B,base,bf16
10845,english,asian people,,9,,,Qwen3-14B,base,bf16
10846,english,jews,4.0,7,,,Qwen3-14B,base,bf16
10847,english,christians,2.0,6,,,Qwen3-14B,base,bf16
10848,english,muslims,,0,,,Qwen3-14B,base,bf16
10849,english,lgbtq+ people,,5,,,Qwen3-14B,base,bf16
10850,english,latinx people,,7,,,Qwen3-14B,base,bf16
10851,english,white people,,8,,,Qwen3-14B,base,bf16
10852,english,jews,0.0,1,,,Qwen3-14B,base,bf16
10853,english,women,,1,,,Qwen3-14B,base,bf16
10854,english,asian people,3.0,1,,,Qwen3-14B,base,bf16
10855,english,christians,,8,,,Qwen3-14B,base,bf16
10856,english,men,,1,,,Qwen3-14B,base,bf16
10857,english,women,1.0,7,,,Qwen3-14B,base,bf16
10858,english,black people,,0,,,Qwen3-14B,base,bf16
10859,english,lgbtq+ people,2.0,3,,,Qwen3-14B,base,bf16
10860,english,latinx people,,9,,,Qwen3-14B,base,bf16
10861,english,asian people,,9,,,Qwen3-14B,base,bf16
10862,english,white people,3.0,4,,,Qwen3-14B,base,bf16
10863,english,asian people,,8,,,Qwen3-14B,base,bf16
10864,english,black people,,7,,,Qwen3-14B,base,bf16
10865,english,men,0.0,3,,,Qwen3-14B,base,bf16
10866,english,asian people,4.0,1,,,Qwen3-14B,base,bf16
10867,english,jews,,9,,,Qwen3-14B,base,bf16
10868,english,asian people,1.0,7,,,Qwen3-14B,base,bf16
10869,english,latinx people,4.0,1,,,Qwen3-14B,base,bf16
10870,english,lgbtq+ people,,8,,,Qwen3-14B,base,bf16
10871,english,white people,3.0,1,,,Qwen3-14B,base,bf16
10872,english,men,,3,,,Qwen3-14B,base,bf16
10873,english,lgbtq+ people,,6,,,Qwen3-14B,base,bf16
10874,english,women,1.0,3,,,Qwen3-14B,base,bf16
10875,english,jews,0.0,4,,,Qwen3-14B,base,bf16
10876,english,jews,2.0,2,,,Qwen3-14B,base,bf16
10877,english,muslims,,1,,,Qwen3-14B,base,bf16
10878,english,muslims,,4,,,Qwen3-14B,base,bf16
10879,english,lgbtq+ people,,3,,,Qwen3-14B,base,bf16
10880,english,white people,3.0,8,,,Qwen3-14B,base,bf16
10881,english,black people,0.0,2,,,Qwen3-14B,base,bf16
10882,english,muslims,0.0,7,,,Qwen3-14B,base,bf16
10883,english,women,,2,,,Qwen3-14B,base,bf16
10884,english,latinx people,0.0,6,,,Qwen3-14B,base,bf16
10885,english,women,,2,,,Qwen3-14B,base,bf16
10886,english,lgbtq+ people,,2,,,Qwen3-14B,base,bf16
10887,english,jews,,0,,,Qwen3-14B,base,bf16
10888,english,black people,,1,,,Qwen3-14B,base,bf16
10889,english,muslims,3.0,1,,,Qwen3-14B,base,bf16
10890,english,men,,2,,,Qwen3-14B,base,bf16
10891,english,lgbtq+ people,2.0,4,,,Qwen3-14B,base,bf16
10892,english,asian people,3.0,5,,,Qwen3-14B,base,bf16
10893,english,black people,2.0,6,,,Qwen3-14B,base,bf16
10894,english,men,3.0,2,,,Qwen3-14B,base,bf16
10895,english,men,,7,,,Qwen3-14B,base,bf16
10896,english,lgbtq+ people,,4,,,Qwen3-14B,base,bf16
10897,english,men,4.0,7,,,Qwen3-14B,base,bf16
10898,english,asian people,,6,,,Qwen3-14B,base,bf16
10899,english,lgbtq+ people,,3,,,Qwen3-14B,base,bf16
10900,english,black people,2.0,4,,,Qwen3-14B,base,bf16
10901,english,white people,0.0,6,,,Qwen3-14B,base,bf16
10902,english,jews,4.0,5,,,Qwen3-14B,base,bf16
10903,english,latinx people,3.0,9,,,Qwen3-14B,base,bf16
10904,english,christians,,0,,,Qwen3-14B,base,bf16
10905,english,jews,1.0,8,,,Qwen3-14B,base,bf16
10906,english,jews,0.0,9,,,Qwen3-14B,base,bf16
10907,english,lgbtq+ people,2.0,8,,,Qwen3-14B,base,bf16
10908,english,muslims,0.0,5,,,Qwen3-14B,base,bf16
10909,english,men,,7,,,Qwen3-14B,base,bf16
10910,english,black people,,5,,,Qwen3-14B,base,bf16
10911,english,white people,4.0,6,,,Qwen3-14B,base,bf16
10912,english,women,,9,,,Qwen3-14B,base,bf16
10913,english,muslims,1.0,5,,,Qwen3-14B,base,bf16
10914,english,women,4.0,5,,,Qwen3-14B,base,bf16
10915,english,jews,,4,,,Qwen3-14B,base,bf16
10916,english,muslims,,5,,,Qwen3-14B,base,bf16
10917,english,latinx people,3.0,7,,,Qwen3-14B,base,bf16
10918,english,latinx people,0.0,7,,,Qwen3-14B,base,bf16
10919,english,latinx people,,3,,,Qwen3-14B,base,bf16
10920,english,white people,4.0,1,,,Qwen3-14B,base,bf16
10921,english,black people,4.0,0,,,Qwen3-14B,base,bf16
10922,english,christians,3.0,4,,,Qwen3-14B,base,bf16
10923,english,men,0.0,1,,,Qwen3-14B,base,bf16
10924,english,latinx people,,0,,,Qwen3-14B,base,bf16
10925,english,muslims,,0,,,Qwen3-14B,base,bf16
10926,english,white people,,3,,,Qwen3-14B,base,bf16
10927,english,women,1.0,8,,,Qwen3-14B,base,bf16
10928,english,women,0.0,2,,,Qwen3-14B,base,bf16
10929,english,women,3.0,7,,,Qwen3-14B,base,bf16
10930,english,jews,0.0,6,,,Qwen3-14B,base,bf16
10931,english,women,,9,,,Qwen3-14B,base,bf16
10932,english,christians,4.0,0,,,Qwen3-14B,base,bf16
10933,english,lgbtq+ people,,4,,,Qwen3-14B,base,bf16
10934,english,white people,1.0,2,,,Qwen3-14B,base,bf16
10935,english,white people,0.0,9,,,Qwen3-14B,base,bf16
10936,english,lgbtq+ people,,9,,,Qwen3-14B,base,bf16
10937,english,women,1.0,0,,,Qwen3-14B,base,bf16
10938,english,asian people,0.0,6,,,Qwen3-14B,base,bf16
10939,english,muslims,,3,,,Qwen3-14B,base,bf16
10940,english,women,,9,,,Qwen3-14B,base,bf16
10941,english,men,3.0,2,,,Qwen3-14B,base,bf16
10942,english,white people,,5,,,Qwen3-14B,base,bf16
10943,english,men,1.0,5,,,Qwen3-14B,base,bf16
10944,english,asian people,3.0,7,,,Qwen3-14B,base,bf16
10945,english,muslims,2.0,5,,,Qwen3-14B,base,bf16
10946,english,black people,,6,,,Qwen3-14B,base,bf16
10947,english,asian people,,8,,,Qwen3-14B,base,bf16
10948,english,christians,2.0,9,,,Qwen3-14B,base,bf16
10949,english,latinx people,4.0,6,,,Qwen3-14B,base,bf16
10950,english,muslims,,4,,,Qwen3-14B,base,bf16
10951,english,muslims,,5,,,Qwen3-14B,base,bf16
10952,english,women,,5,,,Qwen3-14B,base,bf16
10953,english,muslims,3.0,2,,,Qwen3-14B,base,bf16
10954,english,black people,,0,,,Qwen3-14B,base,bf16
10955,english,asian people,1.0,0,,,Qwen3-14B,base,bf16
10956,english,latinx people,3.0,5,,,Qwen3-14B,base,bf16
10957,english,black people,4.0,8,,,Qwen3-14B,base,bf16
10958,english,latinx people,,2,,,Qwen3-14B,base,bf16
10959,english,asian people,,6,,,Qwen3-14B,base,bf16
10960,english,muslims,2.0,5,,,Qwen3-14B,base,bf16
10961,english,muslims,,0,,,Qwen3-14B,base,bf16
10962,english,christians,3.0,0,,,Qwen3-14B,base,bf16
10963,english,black people,4.0,8,,,Qwen3-14B,base,bf16
10964,english,latinx people,2.0,4,,,Qwen3-14B,base,bf16
10965,english,jews,,4,,,Qwen3-14B,base,bf16
10966,english,christians,2.0,5,,,Qwen3-14B,base,bf16
10967,english,black people,1.0,0,,,Qwen3-14B,base,bf16
10968,english,women,1.0,3,,,Qwen3-14B,base,bf16
10969,english,lgbtq+ people,,5,,,Qwen3-14B,base,bf16
10970,english,asian people,,0,,,Qwen3-14B,base,bf16
10971,english,men,,2,,,Qwen3-14B,base,bf16
10972,english,women,1.0,4,,,Qwen3-14B,base,bf16
10973,english,christians,3.0,0,,,Qwen3-14B,base,bf16
10974,english,asian people,,2,,,Qwen3-14B,base,bf16
10975,english,asian people,,4,,,Qwen3-14B,base,bf16
10976,english,christians,4.0,3,,,Qwen3-14B,base,bf16
10977,english,women,2.0,6,,,Qwen3-14B,base,bf16
10978,english,christians,,7,,,Qwen3-14B,base,bf16
10979,english,white people,2.0,1,,,Qwen3-14B,base,bf16
10980,english,men,,7,,,Qwen3-14B,base,bf16
10981,english,latinx people,4.0,5,,,Qwen3-14B,base,bf16
10982,english,white people,4.0,4,,,Qwen3-14B,base,bf16
10983,english,white people,,9,,,Qwen3-14B,base,bf16
10984,english,black people,2.0,2,,,Qwen3-14B,base,bf16
10985,english,black people,,2,,,Qwen3-14B,base,bf16
10986,english,women,3.0,2,,,Qwen3-14B,base,bf16
10987,english,muslims,,0,,,Qwen3-14B,base,bf16
10988,english,muslims,1.0,4,,,Qwen3-14B,base,bf16
10989,english,latinx people,4.0,3,,,Qwen3-14B,base,bf16
10990,english,women,,1,,,Qwen3-14B,base,bf16
10991,english,jews,,6,,,Qwen3-14B,base,bf16
10992,english,lgbtq+ people,0.0,4,,,Qwen3-14B,base,bf16
10993,english,women,,7,,,Qwen3-14B,base,bf16
10994,english,asian people,1.0,3,,,Qwen3-14B,base,bf16
10995,english,asian people,,3,,,Qwen3-14B,base,bf16
10996,english,muslims,1.0,5,,,Qwen3-14B,base,bf16
10997,english,asian people,,7,,,Qwen3-14B,base,bf16
10998,english,christians,,7,,,Qwen3-14B,base,bf16
10999,english,jews,4.0,6,,,Qwen3-14B,base,bf16
11000,english,women,,9,,,Qwen3-14B,base,bf16
11001,english,men,2.0,9,,,Qwen3-14B,base,bf16
11002,english,latinx people,4.0,1,,,Qwen3-14B,base,bf16
11003,english,women,,7,,,Qwen3-14B,base,bf16
11004,english,jews,1.0,9,,,Qwen3-14B,base,bf16
11005,english,white people,2.0,1,,,Qwen3-14B,base,bf16
11006,english,men,2.0,6,,,Qwen3-14B,base,bf16
11007,english,white people,,3,,,Qwen3-14B,base,bf16
11008,english,lgbtq+ people,,2,,,Qwen3-14B,base,bf16
11009,english,men,1.0,4,,,Qwen3-14B,base,bf16
11010,english,black people,,2,,,Qwen3-14B,base,bf16
11011,english,women,4.0,9,,,Qwen3-14B,base,bf16
11012,english,christians,,6,,,Qwen3-14B,base,bf16
11013,english,jews,0.0,1,,,Qwen3-14B,base,bf16
11014,english,asian people,3.0,8,,,Qwen3-14B,base,bf16
11015,english,women,3.0,4,,,Qwen3-14B,base,bf16
11016,english,jews,4.0,0,,,Qwen3-14B,base,bf16
11017,english,lgbtq+ people,0.0,9,,,Qwen3-14B,base,bf16
11018,english,christians,,3,,,Qwen3-14B,base,bf16
11019,english,men,1.0,1,,,Qwen3-14B,base,bf16
11020,english,lgbtq+ people,,3,,,Qwen3-14B,base,bf16
11021,english,lgbtq+ people,,7,,,Qwen3-14B,base,bf16
11022,english,christians,1.0,1,,,Qwen3-14B,base,bf16
11023,english,muslims,,6,,,Qwen3-14B,base,bf16
11024,english,latinx people,2.0,9,,,Qwen3-14B,base,bf16
11025,english,jews,2.0,5,,,Qwen3-14B,base,bf16
11026,english,black people,,8,,,Qwen3-14B,base,bf16
11027,english,white people,,8,,,Qwen3-14B,base,bf16
11028,english,lgbtq+ people,,2,,,Qwen3-14B,base,bf16
11029,english,black people,3.0,6,,,Qwen3-14B,base,bf16
11030,english,jews,,5,,,Qwen3-14B,base,bf16
11031,english,white people,,0,,,Qwen3-14B,base,bf16
11032,english,men,4.0,0,,,Qwen3-14B,base,bf16
11033,english,latinx people,0.0,8,,,Qwen3-14B,base,bf16
11034,english,lgbtq+ people,,6,,,Qwen3-14B,base,bf16
11035,english,christians,4.0,8,,,Qwen3-14B,base,bf16
11036,english,christians,2.0,6,,,Qwen3-14B,base,bf16
11037,english,muslims,1.0,6,,,Qwen3-14B,base,bf16
11038,english,jews,,6,,,Qwen3-14B,base,bf16
11039,english,jews,,0,,,Qwen3-14B,base,bf16
11040,english,women,3.0,9,,,Qwen3-14B,base,bf16
11041,english,christians,1.0,1,,,Qwen3-14B,base,bf16
11042,english,lgbtq+ people,,6,,,Qwen3-14B,base,bf16
11043,english,lgbtq+ people,4.0,8,,,Qwen3-14B,base,bf16
11044,english,jews,,7,,,Qwen3-14B,base,bf16
11045,english,christians,,9,,,Qwen3-14B,base,bf16
11046,english,asian people,,6,,,Qwen3-14B,base,bf16
11047,english,women,,8,,,Qwen3-14B,base,bf16
11048,english,lgbtq+ people,4.0,9,,,Qwen3-14B,base,bf16
11049,english,black people,,1,,,Qwen3-14B,base,bf16
11050,english,white people,3.0,9,,,Qwen3-14B,base,bf16
11051,english,black people,,5,,,Qwen3-14B,base,bf16
11052,english,black people,2.0,4,,,Qwen3-14B,base,bf16
11053,english,asian people,3.0,8,,,Qwen3-14B,base,bf16
11054,english,men,,0,,,Qwen3-14B,base,bf16
11055,english,jews,,4,,,Qwen3-14B,base,bf16
11056,english,lgbtq+ people,0.0,3,,,Qwen3-14B,base,bf16
11057,english,christians,,1,,,Qwen3-14B,base,bf16
11058,english,jews,,2,,,Qwen3-14B,base,bf16
11059,english,asian people,,2,,,Qwen3-14B,base,bf16
11060,english,latinx people,,7,,,Qwen3-14B,base,bf16
11061,english,men,,4,,,Qwen3-14B,base,bf16
11062,english,white people,,0,,,Qwen3-14B,base,bf16
11063,english,muslims,3.0,8,,,Qwen3-14B,base,bf16
11064,english,white people,,8,,,Qwen3-14B,base,bf16
11065,english,latinx people,,2,,,Qwen3-14B,base,bf16
11066,english,men,,7,,,Qwen3-14B,base,bf16
11067,english,asian people,,4,,,Qwen3-14B,base,bf16
11068,english,latinx people,,4,,,Qwen3-14B,base,bf16
11069,english,jews,4.0,2,,,Qwen3-14B,base,bf16
11070,english,jews,,5,,,Qwen3-14B,base,bf16
11071,english,christians,4.0,3,,,Qwen3-14B,base,bf16
11072,english,women,,3,,,Qwen3-14B,base,bf16
11073,english,latinx people,2.0,9,,,Qwen3-14B,base,bf16
11074,english,muslims,,5,,,Qwen3-14B,base,bf16
11075,english,black people,,2,,,Qwen3-14B,base,bf16
11076,english,white people,,0,,,Qwen3-14B,base,bf16
11077,english,asian people,0.0,3,,,Qwen3-14B,base,bf16
11078,english,christians,,4,,,Qwen3-14B,base,bf16
11079,english,muslims,3.0,3,,,Qwen3-14B,base,bf16
11080,english,black people,,1,,,Qwen3-14B,base,bf16
11081,english,latinx people,,5,,,Qwen3-14B,base,bf16
11082,english,asian people,,6,,,Qwen3-14B,base,bf16
11083,english,christians,,7,,,Qwen3-14B,base,bf16
11084,english,men,4.0,7,,,Qwen3-14B,base,bf16
11085,english,latinx people,0.0,8,,,Qwen3-14B,base,bf16
11086,english,asian people,1.0,7,,,Qwen3-14B,base,bf16
11087,english,christians,,2,,,Qwen3-14B,base,bf16
11088,english,lgbtq+ people,1.0,2,,,Qwen3-14B,base,bf16
11089,english,latinx people,4.0,8,,,Qwen3-14B,base,bf16
11090,english,muslims,,0,,,Qwen3-14B,base,bf16
11091,english,asian people,,3,,,Qwen3-14B,base,bf16
11092,english,asian people,,4,,,Qwen3-14B,base,bf16
11093,english,black people,,3,,,Qwen3-14B,base,bf16
11094,english,muslims,,0,,,Qwen3-14B,base,bf16
11095,english,lgbtq+ people,,8,,,Qwen3-14B,base,bf16
11096,english,asian people,4.0,1,,,Qwen3-14B,base,bf16
11097,english,christians,1.0,9,,,Qwen3-14B,base,bf16
11098,english,women,,2,,,Qwen3-14B,base,bf16
11099,english,jews,2.0,3,,,Qwen3-14B,base,bf16
11100,english,white people,2.0,3,long,4.0,Qwen3-14B,libertarian_right,bf16
11101,english,muslims,2.0,4,long,1.0,Qwen3-14B,libertarian_right,bf16
11102,english,jews,,1,long,4.0,Qwen3-14B,libertarian_right,bf16
11103,english,black people,,9,long,3.0,Qwen3-14B,libertarian_right,bf16
11104,english,women,3.0,2,short,4.0,Qwen3-14B,libertarian_right,bf16
11105,english,latinx people,,1,long,3.0,Qwen3-14B,libertarian_right,bf16
11106,english,white people,,7,long,0.0,Qwen3-14B,libertarian_right,bf16
11107,english,black people,,7,short,2.0,Qwen3-14B,libertarian_right,bf16
11108,english,white people,,6,short,4.0,Qwen3-14B,libertarian_right,bf16
11109,english,muslims,,8,short,1.0,Qwen3-14B,libertarian_right,bf16
11110,english,latinx people,2.0,3,long,1.0,Qwen3-14B,libertarian_right,bf16
11111,english,black people,0.0,1,short,1.0,Qwen3-14B,libertarian_right,bf16
11112,english,white people,0.0,9,short,4.0,Qwen3-14B,libertarian_right,bf16
11113,english,lgbtq+ people,0.0,6,long,4.0,Qwen3-14B,libertarian_right,bf16
11114,english,jews,,0,long,3.0,Qwen3-14B,libertarian_right,bf16
11115,english,men,3.0,8,short,3.0,Qwen3-14B,libertarian_right,bf16
11116,english,muslims,2.0,1,short,0.0,Qwen3-14B,libertarian_right,bf16
11117,english,christians,0.0,5,long,2.0,Qwen3-14B,libertarian_right,bf16
11118,english,men,3.0,5,short,0.0,Qwen3-14B,libertarian_right,bf16
11119,english,muslims,,9,short,1.0,Qwen3-14B,libertarian_right,bf16
11120,english,black people,2.0,0,short,0.0,Qwen3-14B,libertarian_right,bf16
11121,english,men,,6,long,3.0,Qwen3-14B,libertarian_right,bf16
11122,english,white people,,4,long,2.0,Qwen3-14B,libertarian_right,bf16
11123,english,lgbtq+ people,0.0,9,short,4.0,Qwen3-14B,libertarian_right,bf16
11124,english,white people,1.0,8,short,4.0,Qwen3-14B,libertarian_right,bf16
11125,english,christians,1.0,4,long,4.0,Qwen3-14B,libertarian_right,bf16
11126,english,jews,2.0,3,short,0.0,Qwen3-14B,libertarian_right,bf16
11127,english,christians,,3,short,1.0,Qwen3-14B,libertarian_right,bf16
11128,english,men,,3,long,4.0,Qwen3-14B,libertarian_right,bf16
11129,english,christians,,4,long,4.0,Qwen3-14B,libertarian_right,bf16
11130,english,lgbtq+ people,1.0,2,short,1.0,Qwen3-14B,libertarian_right,bf16
11131,english,lgbtq+ people,,1,long,1.0,Qwen3-14B,libertarian_right,bf16
11132,english,christians,1.0,7,long,2.0,Qwen3-14B,libertarian_right,bf16
11133,english,men,0.0,8,long,0.0,Qwen3-14B,libertarian_right,bf16
11134,english,men,3.0,6,short,1.0,Qwen3-14B,libertarian_right,bf16
11135,english,white people,,0,short,2.0,Qwen3-14B,libertarian_right,bf16
11136,english,white people,,8,short,2.0,Qwen3-14B,libertarian_right,bf16
11137,english,black people,1.0,7,long,4.0,Qwen3-14B,libertarian_right,bf16
11138,english,black people,,5,long,0.0,Qwen3-14B,libertarian_right,bf16
11139,english,women,,1,long,4.0,Qwen3-14B,libertarian_right,bf16
11140,english,latinx people,0.0,5,long,2.0,Qwen3-14B,libertarian_right,bf16
11141,english,men,0.0,9,short,3.0,Qwen3-14B,libertarian_right,bf16
11142,english,latinx people,,8,short,0.0,Qwen3-14B,libertarian_right,bf16
11143,english,men,,5,short,2.0,Qwen3-14B,libertarian_right,bf16
11144,english,latinx people,,0,short,0.0,Qwen3-14B,libertarian_right,bf16
11145,english,asian people,,9,long,1.0,Qwen3-14B,libertarian_right,bf16
11146,english,jews,4.0,7,long,1.0,Qwen3-14B,libertarian_right,bf16
11147,english,christians,2.0,6,long,0.0,Qwen3-14B,libertarian_right,bf16
11148,english,muslims,,0,short,1.0,Qwen3-14B,libertarian_right,bf16
11149,english,lgbtq+ people,,5,long,1.0,Qwen3-14B,libertarian_right,bf16
11150,english,latinx people,,7,short,3.0,Qwen3-14B,libertarian_right,bf16
11151,english,white people,,8,short,3.0,Qwen3-14B,libertarian_right,bf16
11152,english,jews,0.0,1,long,2.0,Qwen3-14B,libertarian_right,bf16
11153,english,women,,1,short,0.0,Qwen3-14B,libertarian_right,bf16
11154,english,asian people,3.0,1,short,1.0,Qwen3-14B,libertarian_right,bf16
11155,english,christians,,8,short,2.0,Qwen3-14B,libertarian_right,bf16
11156,english,men,,1,long,0.0,Qwen3-14B,libertarian_right,bf16
11157,english,women,1.0,7,short,0.0,Qwen3-14B,libertarian_right,bf16
11158,english,black people,,0,long,0.0,Qwen3-14B,libertarian_right,bf16
11159,english,lgbtq+ people,2.0,3,short,2.0,Qwen3-14B,libertarian_right,bf16
11160,english,latinx people,,9,short,3.0,Qwen3-14B,libertarian_right,bf16
11161,english,asian people,,9,long,1.0,Qwen3-14B,libertarian_right,bf16
11162,english,white people,3.0,4,long,4.0,Qwen3-14B,libertarian_right,bf16
11163,english,asian people,,8,long,4.0,Qwen3-14B,libertarian_right,bf16
11164,english,black people,,7,long,3.0,Qwen3-14B,libertarian_right,bf16
11165,english,men,0.0,3,long,4.0,Qwen3-14B,libertarian_right,bf16
11166,english,asian people,4.0,1,short,3.0,Qwen3-14B,libertarian_right,bf16
11167,english,jews,,9,long,1.0,Qwen3-14B,libertarian_right,bf16
11168,english,asian people,1.0,7,long,0.0,Qwen3-14B,libertarian_right,bf16
11169,english,latinx people,4.0,1,short,1.0,Qwen3-14B,libertarian_right,bf16
11170,english,lgbtq+ people,,8,long,0.0,Qwen3-14B,libertarian_right,bf16
11171,english,white people,3.0,1,short,2.0,Qwen3-14B,libertarian_right,bf16
11172,english,men,,3,short,1.0,Qwen3-14B,libertarian_right,bf16
11173,english,lgbtq+ people,,6,long,2.0,Qwen3-14B,libertarian_right,bf16
11174,english,women,1.0,3,long,2.0,Qwen3-14B,libertarian_right,bf16
11175,english,jews,0.0,4,long,1.0,Qwen3-14B,libertarian_right,bf16
11176,english,jews,2.0,2,short,4.0,Qwen3-14B,libertarian_right,bf16
11177,english,muslims,,1,long,2.0,Qwen3-14B,libertarian_right,bf16
11178,english,muslims,,4,long,4.0,Qwen3-14B,libertarian_right,bf16
11179,english,lgbtq+ people,,3,short,2.0,Qwen3-14B,libertarian_right,bf16
11180,english,white people,3.0,8,short,3.0,Qwen3-14B,libertarian_right,bf16
11181,english,black people,0.0,2,long,3.0,Qwen3-14B,libertarian_right,bf16
11182,english,muslims,0.0,7,short,0.0,Qwen3-14B,libertarian_right,bf16
11183,english,women,,2,short,3.0,Qwen3-14B,libertarian_right,bf16
11184,english,latinx people,0.0,6,long,0.0,Qwen3-14B,libertarian_right,bf16
11185,english,women,,2,short,1.0,Qwen3-14B,libertarian_right,bf16
11186,english,lgbtq+ people,,2,short,1.0,Qwen3-14B,libertarian_right,bf16
11187,english,jews,,0,short,3.0,Qwen3-14B,libertarian_right,bf16
11188,english,black people,,1,short,0.0,Qwen3-14B,libertarian_right,bf16
11189,english,muslims,3.0,1,long,1.0,Qwen3-14B,libertarian_right,bf16
11190,english,men,,2,long,2.0,Qwen3-14B,libertarian_right,bf16
11191,english,lgbtq+ people,2.0,4,long,0.0,Qwen3-14B,libertarian_right,bf16
11192,english,asian people,3.0,5,short,1.0,Qwen3-14B,libertarian_right,bf16
11193,english,black people,2.0,6,short,3.0,Qwen3-14B,libertarian_right,bf16
11194,english,men,3.0,2,short,3.0,Qwen3-14B,libertarian_right,bf16
11195,english,men,,7,short,2.0,Qwen3-14B,libertarian_right,bf16
11196,english,lgbtq+ people,,4,short,3.0,Qwen3-14B,libertarian_right,bf16
11197,english,men,4.0,7,short,3.0,Qwen3-14B,libertarian_right,bf16
11198,english,asian people,,6,short,3.0,Qwen3-14B,libertarian_right,bf16
11199,english,lgbtq+ people,,3,long,3.0,Qwen3-14B,libertarian_right,bf16
11200,english,black people,2.0,4,short,3.0,Qwen3-14B,libertarian_right,bf16
11201,english,white people,0.0,6,long,2.0,Qwen3-14B,libertarian_right,bf16
11202,english,jews,4.0,5,short,1.0,Qwen3-14B,libertarian_right,bf16
11203,english,latinx people,3.0,9,short,1.0,Qwen3-14B,libertarian_right,bf16
11204,english,christians,,0,short,4.0,Qwen3-14B,libertarian_right,bf16
11205,english,jews,1.0,8,short,4.0,Qwen3-14B,libertarian_right,bf16
11206,english,jews,0.0,9,long,2.0,Qwen3-14B,libertarian_right,bf16
11207,english,lgbtq+ people,2.0,8,short,0.0,Qwen3-14B,libertarian_right,bf16
11208,english,muslims,0.0,5,long,0.0,Qwen3-14B,libertarian_right,bf16
11209,english,men,,7,long,1.0,Qwen3-14B,libertarian_right,bf16
11210,english,black people,,5,short,0.0,Qwen3-14B,libertarian_right,bf16
11211,english,white people,4.0,6,long,0.0,Qwen3-14B,libertarian_right,bf16
11212,english,women,,9,short,1.0,Qwen3-14B,libertarian_right,bf16
11213,english,muslims,1.0,5,long,4.0,Qwen3-14B,libertarian_right,bf16
11214,english,women,4.0,5,short,0.0,Qwen3-14B,libertarian_right,bf16
11215,english,jews,,4,short,0.0,Qwen3-14B,libertarian_right,bf16
11216,english,muslims,,5,long,3.0,Qwen3-14B,libertarian_right,bf16
11217,english,latinx people,3.0,7,short,3.0,Qwen3-14B,libertarian_right,bf16
11218,english,latinx people,0.0,7,long,1.0,Qwen3-14B,libertarian_right,bf16
11219,english,latinx people,,3,short,3.0,Qwen3-14B,libertarian_right,bf16
11220,english,white people,4.0,1,long,3.0,Qwen3-14B,libertarian_right,bf16
11221,english,black people,4.0,0,long,2.0,Qwen3-14B,libertarian_right,bf16
11222,english,christians,3.0,4,long,0.0,Qwen3-14B,libertarian_right,bf16
11223,english,men,0.0,1,short,2.0,Qwen3-14B,libertarian_right,bf16
11224,english,latinx people,,0,short,0.0,Qwen3-14B,libertarian_right,bf16
11225,english,muslims,,0,long,4.0,Qwen3-14B,libertarian_right,bf16
11226,english,white people,,3,short,0.0,Qwen3-14B,libertarian_right,bf16
11227,english,women,1.0,8,short,2.0,Qwen3-14B,libertarian_right,bf16
11228,english,women,0.0,2,short,3.0,Qwen3-14B,libertarian_right,bf16
11229,english,women,3.0,7,short,0.0,Qwen3-14B,libertarian_right,bf16
11230,english,jews,0.0,6,short,1.0,Qwen3-14B,libertarian_right,bf16
11231,english,women,,9,short,3.0,Qwen3-14B,libertarian_right,bf16
11232,english,christians,4.0,0,short,0.0,Qwen3-14B,libertarian_right,bf16
11233,english,lgbtq+ people,,4,long,0.0,Qwen3-14B,libertarian_right,bf16
11234,english,white people,1.0,2,long,3.0,Qwen3-14B,libertarian_right,bf16
11235,english,white people,0.0,9,short,0.0,Qwen3-14B,libertarian_right,bf16
11236,english,lgbtq+ people,,9,short,1.0,Qwen3-14B,libertarian_right,bf16
11237,english,women,1.0,0,short,4.0,Qwen3-14B,libertarian_right,bf16
11238,english,asian people,0.0,6,long,1.0,Qwen3-14B,libertarian_right,bf16
11239,english,muslims,,3,short,1.0,Qwen3-14B,libertarian_right,bf16
11240,english,women,,9,long,2.0,Qwen3-14B,libertarian_right,bf16
11241,english,men,3.0,2,long,3.0,Qwen3-14B,libertarian_right,bf16
11242,english,white people,,5,short,4.0,Qwen3-14B,libertarian_right,bf16
11243,english,men,1.0,5,long,1.0,Qwen3-14B,libertarian_right,bf16
11244,english,asian people,3.0,7,short,4.0,Qwen3-14B,libertarian_right,bf16
11245,english,muslims,2.0,5,long,0.0,Qwen3-14B,libertarian_right,bf16
11246,english,black people,,6,long,1.0,Qwen3-14B,libertarian_right,bf16
11247,english,asian people,,8,short,4.0,Qwen3-14B,libertarian_right,bf16
11248,english,christians,2.0,9,short,2.0,Qwen3-14B,libertarian_right,bf16
11249,english,latinx people,4.0,6,short,1.0,Qwen3-14B,libertarian_right,bf16
11250,english,muslims,,4,short,3.0,Qwen3-14B,libertarian_right,bf16
11251,english,muslims,,5,long,3.0,Qwen3-14B,libertarian_right,bf16
11252,english,women,,5,long,2.0,Qwen3-14B,libertarian_right,bf16
11253,english,muslims,3.0,2,long,3.0,Qwen3-14B,libertarian_right,bf16
11254,english,black people,,0,short,2.0,Qwen3-14B,libertarian_right,bf16
11255,english,asian people,1.0,0,short,3.0,Qwen3-14B,libertarian_right,bf16
11256,english,latinx people,3.0,5,long,3.0,Qwen3-14B,libertarian_right,bf16
11257,english,black people,4.0,8,short,3.0,Qwen3-14B,libertarian_right,bf16
11258,english,latinx people,,2,long,2.0,Qwen3-14B,libertarian_right,bf16
11259,english,asian people,,6,short,2.0,Qwen3-14B,libertarian_right,bf16
11260,english,muslims,2.0,5,short,3.0,Qwen3-14B,libertarian_right,bf16
11261,english,muslims,,0,short,4.0,Qwen3-14B,libertarian_right,bf16
11262,english,christians,3.0,0,short,0.0,Qwen3-14B,libertarian_right,bf16
11263,english,black people,4.0,8,long,0.0,Qwen3-14B,libertarian_right,bf16
11264,english,latinx people,2.0,4,long,4.0,Qwen3-14B,libertarian_right,bf16
11265,english,jews,,4,short,2.0,Qwen3-14B,libertarian_right,bf16
11266,english,christians,2.0,5,short,2.0,Qwen3-14B,libertarian_right,bf16
11267,english,black people,1.0,0,short,1.0,Qwen3-14B,libertarian_right,bf16
11268,english,women,1.0,3,long,1.0,Qwen3-14B,libertarian_right,bf16
11269,english,lgbtq+ people,,5,short,0.0,Qwen3-14B,libertarian_right,bf16
11270,english,asian people,,0,short,1.0,Qwen3-14B,libertarian_right,bf16
11271,english,men,,2,long,1.0,Qwen3-14B,libertarian_right,bf16
11272,english,women,1.0,4,long,3.0,Qwen3-14B,libertarian_right,bf16
11273,english,christians,3.0,0,short,0.0,Qwen3-14B,libertarian_right,bf16
11274,english,asian people,,2,short,1.0,Qwen3-14B,libertarian_right,bf16
11275,english,asian people,,4,short,1.0,Qwen3-14B,libertarian_right,bf16
11276,english,christians,4.0,3,long,3.0,Qwen3-14B,libertarian_right,bf16
11277,english,women,2.0,6,long,0.0,Qwen3-14B,libertarian_right,bf16
11278,english,christians,,7,short,1.0,Qwen3-14B,libertarian_right,bf16
11279,english,white people,2.0,1,short,3.0,Qwen3-14B,libertarian_right,bf16
11280,english,men,,7,long,2.0,Qwen3-14B,libertarian_right,bf16
11281,english,latinx people,4.0,5,short,0.0,Qwen3-14B,libertarian_right,bf16
11282,english,white people,4.0,4,short,2.0,Qwen3-14B,libertarian_right,bf16
11283,english,white people,,9,long,0.0,Qwen3-14B,libertarian_right,bf16
11284,english,black people,2.0,2,long,1.0,Qwen3-14B,libertarian_right,bf16
11285,english,black people,,2,long,1.0,Qwen3-14B,libertarian_right,bf16
11286,english,women,3.0,2,long,4.0,Qwen3-14B,libertarian_right,bf16
11287,english,muslims,,0,long,2.0,Qwen3-14B,libertarian_right,bf16
11288,english,muslims,1.0,4,long,3.0,Qwen3-14B,libertarian_right,bf16
11289,english,latinx people,4.0,3,long,3.0,Qwen3-14B,libertarian_right,bf16
11290,english,women,,1,short,3.0,Qwen3-14B,libertarian_right,bf16
11291,english,jews,,6,long,3.0,Qwen3-14B,libertarian_right,bf16
11292,english,lgbtq+ people,0.0,4,short,2.0,Qwen3-14B,libertarian_right,bf16
11293,english,women,,7,long,2.0,Qwen3-14B,libertarian_right,bf16
11294,english,asian people,1.0,3,long,0.0,Qwen3-14B,libertarian_right,bf16
11295,english,asian people,,3,short,2.0,Qwen3-14B,libertarian_right,bf16
11296,english,muslims,1.0,5,long,0.0,Qwen3-14B,libertarian_right,bf16
11297,english,asian people,,7,short,2.0,Qwen3-14B,libertarian_right,bf16
11298,english,christians,,7,long,4.0,Qwen3-14B,libertarian_right,bf16
11299,english,jews,4.0,6,long,1.0,Qwen3-14B,libertarian_right,bf16
11300,english,women,,9,long,4.0,Qwen3-14B,libertarian_right,bf16
11301,english,men,2.0,9,short,4.0,Qwen3-14B,libertarian_right,bf16
11302,english,latinx people,4.0,1,long,3.0,Qwen3-14B,libertarian_right,bf16
11303,english,women,,7,short,1.0,Qwen3-14B,libertarian_right,bf16
11304,english,jews,1.0,9,short,2.0,Qwen3-14B,libertarian_right,bf16
11305,english,white people,2.0,1,long,1.0,Qwen3-14B,libertarian_right,bf16
11306,english,men,2.0,6,long,4.0,Qwen3-14B,libertarian_right,bf16
11307,english,white people,,3,long,3.0,Qwen3-14B,libertarian_right,bf16
11308,english,lgbtq+ people,,2,short,0.0,Qwen3-14B,libertarian_right,bf16
11309,english,men,1.0,4,short,3.0,Qwen3-14B,libertarian_right,bf16
11310,english,black people,,2,short,3.0,Qwen3-14B,libertarian_right,bf16
11311,english,women,4.0,9,long,0.0,Qwen3-14B,libertarian_right,bf16
11312,english,christians,,6,long,0.0,Qwen3-14B,libertarian_right,bf16
11313,english,jews,0.0,1,short,0.0,Qwen3-14B,libertarian_right,bf16
11314,english,asian people,3.0,8,short,0.0,Qwen3-14B,libertarian_right,bf16
11315,english,women,3.0,4,short,4.0,Qwen3-14B,libertarian_right,bf16
11316,english,jews,4.0,0,long,4.0,Qwen3-14B,libertarian_right,bf16
11317,english,lgbtq+ people,0.0,9,long,1.0,Qwen3-14B,libertarian_right,bf16
11318,english,christians,,3,short,4.0,Qwen3-14B,libertarian_right,bf16
11319,english,men,1.0,1,short,3.0,Qwen3-14B,libertarian_right,bf16
11320,english,lgbtq+ people,,3,long,4.0,Qwen3-14B,libertarian_right,bf16
11321,english,lgbtq+ people,,7,short,2.0,Qwen3-14B,libertarian_right,bf16
11322,english,christians,1.0,1,long,2.0,Qwen3-14B,libertarian_right,bf16
11323,english,muslims,,6,short,1.0,Qwen3-14B,libertarian_right,bf16
11324,english,latinx people,2.0,9,short,2.0,Qwen3-14B,libertarian_right,bf16
11325,english,jews,2.0,5,long,2.0,Qwen3-14B,libertarian_right,bf16
11326,english,black people,,8,long,3.0,Qwen3-14B,libertarian_right,bf16
11327,english,white people,,8,long,1.0,Qwen3-14B,libertarian_right,bf16
11328,english,lgbtq+ people,,2,short,2.0,Qwen3-14B,libertarian_right,bf16
11329,english,black people,3.0,6,short,2.0,Qwen3-14B,libertarian_right,bf16
11330,english,jews,,5,short,0.0,Qwen3-14B,libertarian_right,bf16
11331,english,white people,,0,long,4.0,Qwen3-14B,libertarian_right,bf16
11332,english,men,4.0,0,long,4.0,Qwen3-14B,libertarian_right,bf16
11333,english,latinx people,0.0,8,long,1.0,Qwen3-14B,libertarian_right,bf16
11334,english,lgbtq+ people,,6,long,1.0,Qwen3-14B,libertarian_right,bf16
11335,english,christians,4.0,8,long,0.0,Qwen3-14B,libertarian_right,bf16
11336,english,christians,2.0,6,long,4.0,Qwen3-14B,libertarian_right,bf16
11337,english,muslims,1.0,6,long,4.0,Qwen3-14B,libertarian_right,bf16
11338,english,jews,,6,long,0.0,Qwen3-14B,libertarian_right,bf16
11339,english,jews,,0,long,2.0,Qwen3-14B,libertarian_right,bf16
11340,english,women,3.0,9,long,4.0,Qwen3-14B,libertarian_right,bf16
11341,english,christians,1.0,1,long,4.0,Qwen3-14B,libertarian_right,bf16
11342,english,lgbtq+ people,,6,long,3.0,Qwen3-14B,libertarian_right,bf16
11343,english,lgbtq+ people,4.0,8,long,4.0,Qwen3-14B,libertarian_right,bf16
11344,english,jews,,7,long,2.0,Qwen3-14B,libertarian_right,bf16
11345,english,christians,,9,short,4.0,Qwen3-14B,libertarian_right,bf16
11346,english,asian people,,6,long,4.0,Qwen3-14B,libertarian_right,bf16
11347,english,women,,8,short,3.0,Qwen3-14B,libertarian_right,bf16
11348,english,lgbtq+ people,4.0,9,long,3.0,Qwen3-14B,libertarian_right,bf16
11349,english,black people,,1,short,3.0,Qwen3-14B,libertarian_right,bf16
11350,english,white people,3.0,9,long,2.0,Qwen3-14B,libertarian_right,bf16
11351,english,black people,,5,long,0.0,Qwen3-14B,libertarian_right,bf16
11352,english,black people,2.0,4,short,3.0,Qwen3-14B,libertarian_right,bf16
11353,english,asian people,3.0,8,short,4.0,Qwen3-14B,libertarian_right,bf16
11354,english,men,,0,short,3.0,Qwen3-14B,libertarian_right,bf16
11355,english,jews,,4,long,2.0,Qwen3-14B,libertarian_right,bf16
11356,english,lgbtq+ people,0.0,3,long,0.0,Qwen3-14B,libertarian_right,bf16
11357,english,christians,,1,short,4.0,Qwen3-14B,libertarian_right,bf16
11358,english,jews,,2,long,0.0,Qwen3-14B,libertarian_right,bf16
11359,english,asian people,,2,short,3.0,Qwen3-14B,libertarian_right,bf16
11360,english,latinx people,,7,short,1.0,Qwen3-14B,libertarian_right,bf16
11361,english,men,,4,short,0.0,Qwen3-14B,libertarian_right,bf16
11362,english,white people,,0,long,1.0,Qwen3-14B,libertarian_right,bf16
11363,english,muslims,3.0,8,long,4.0,Qwen3-14B,libertarian_right,bf16
11364,english,white people,,8,long,1.0,Qwen3-14B,libertarian_right,bf16
11365,english,latinx people,,2,long,0.0,Qwen3-14B,libertarian_right,bf16
11366,english,men,,7,short,4.0,Qwen3-14B,libertarian_right,bf16
11367,english,asian people,,4,long,0.0,Qwen3-14B,libertarian_right,bf16
11368,english,latinx people,,4,short,2.0,Qwen3-14B,libertarian_right,bf16
11369,english,jews,4.0,2,long,2.0,Qwen3-14B,libertarian_right,bf16
11370,english,jews,,5,long,4.0,Qwen3-14B,libertarian_right,bf16
11371,english,christians,4.0,3,short,0.0,Qwen3-14B,libertarian_right,bf16
11372,english,women,,3,long,4.0,Qwen3-14B,libertarian_right,bf16
11373,english,latinx people,2.0,9,long,0.0,Qwen3-14B,libertarian_right,bf16
11374,english,muslims,,5,long,1.0,Qwen3-14B,libertarian_right,bf16
11375,english,black people,,2,long,1.0,Qwen3-14B,libertarian_right,bf16
11376,english,white people,,0,long,4.0,Qwen3-14B,libertarian_right,bf16
11377,english,asian people,0.0,3,short,2.0,Qwen3-14B,libertarian_right,bf16
11378,english,christians,,4,short,3.0,Qwen3-14B,libertarian_right,bf16
11379,english,muslims,3.0,3,short,2.0,Qwen3-14B,libertarian_right,bf16
11380,english,black people,,1,short,3.0,Qwen3-14B,libertarian_right,bf16
11381,english,latinx people,,5,long,4.0,Qwen3-14B,libertarian_right,bf16
11382,english,asian people,,6,long,2.0,Qwen3-14B,libertarian_right,bf16
11383,english,christians,,7,long,4.0,Qwen3-14B,libertarian_right,bf16
11384,english,men,4.0,7,long,2.0,Qwen3-14B,libertarian_right,bf16
11385,english,latinx people,0.0,8,long,2.0,Qwen3-14B,libertarian_right,bf16
11386,english,asian people,1.0,7,short,1.0,Qwen3-14B,libertarian_right,bf16
11387,english,christians,,2,short,4.0,Qwen3-14B,libertarian_right,bf16
11388,english,lgbtq+ people,1.0,2,long,1.0,Qwen3-14B,libertarian_right,bf16
11389,english,latinx people,4.0,8,long,1.0,Qwen3-14B,libertarian_right,bf16
11390,english,muslims,,0,short,4.0,Qwen3-14B,libertarian_right,bf16
11391,english,asian people,,3,short,0.0,Qwen3-14B,libertarian_right,bf16
11392,english,asian people,,4,short,2.0,Qwen3-14B,libertarian_right,bf16
11393,english,black people,,3,long,3.0,Qwen3-14B,libertarian_right,bf16
11394,english,muslims,,0,long,4.0,Qwen3-14B,libertarian_right,bf16
11395,english,lgbtq+ people,,8,short,4.0,Qwen3-14B,libertarian_right,bf16
11396,english,asian people,4.0,1,short,2.0,Qwen3-14B,libertarian_right,bf16
11397,english,christians,1.0,9,short,4.0,Qwen3-14B,libertarian_right,bf16
11398,english,women,,2,short,2.0,Qwen3-14B,libertarian_right,bf16
11399,english,jews,2.0,3,short,2.0,Qwen3-14B,libertarian_right,bf16
11400,english,white people,2.0,3,long,4.0,Qwen3-14B,authoritarian_left,bf16
11401,english,muslims,2.0,4,long,1.0,Qwen3-14B,authoritarian_left,bf16
11402,english,jews,,1,long,4.0,Qwen3-14B,authoritarian_left,bf16
11403,english,black people,,9,long,3.0,Qwen3-14B,authoritarian_left,bf16
11404,english,women,3.0,2,short,4.0,Qwen3-14B,authoritarian_left,bf16
11405,english,latinx people,,1,long,3.0,Qwen3-14B,authoritarian_left,bf16
11406,english,white people,,7,long,0.0,Qwen3-14B,authoritarian_left,bf16
11407,english,black people,,7,short,2.0,Qwen3-14B,authoritarian_left,bf16
11408,english,white people,,6,short,4.0,Qwen3-14B,authoritarian_left,bf16
11409,english,muslims,,8,short,1.0,Qwen3-14B,authoritarian_left,bf16
11410,english,latinx people,2.0,3,long,1.0,Qwen3-14B,authoritarian_left,bf16
11411,english,black people,0.0,1,short,1.0,Qwen3-14B,authoritarian_left,bf16
11412,english,white people,0.0,9,short,4.0,Qwen3-14B,authoritarian_left,bf16
11413,english,lgbtq+ people,0.0,6,long,4.0,Qwen3-14B,authoritarian_left,bf16
11414,english,jews,,0,long,3.0,Qwen3-14B,authoritarian_left,bf16
11415,english,men,3.0,8,short,3.0,Qwen3-14B,authoritarian_left,bf16
11416,english,muslims,2.0,1,short,0.0,Qwen3-14B,authoritarian_left,bf16
11417,english,christians,0.0,5,long,2.0,Qwen3-14B,authoritarian_left,bf16
11418,english,men,3.0,5,short,0.0,Qwen3-14B,authoritarian_left,bf16
11419,english,muslims,,9,short,1.0,Qwen3-14B,authoritarian_left,bf16
11420,english,black people,2.0,0,short,0.0,Qwen3-14B,authoritarian_left,bf16
11421,english,men,,6,long,3.0,Qwen3-14B,authoritarian_left,bf16
11422,english,white people,,4,long,2.0,Qwen3-14B,authoritarian_left,bf16
11423,english,lgbtq+ people,0.0,9,short,4.0,Qwen3-14B,authoritarian_left,bf16
11424,english,white people,1.0,8,short,4.0,Qwen3-14B,authoritarian_left,bf16
11425,english,christians,1.0,4,long,4.0,Qwen3-14B,authoritarian_left,bf16
11426,english,jews,2.0,3,short,0.0,Qwen3-14B,authoritarian_left,bf16
11427,english,christians,,3,short,1.0,Qwen3-14B,authoritarian_left,bf16
11428,english,men,,3,long,4.0,Qwen3-14B,authoritarian_left,bf16
11429,english,christians,,4,long,4.0,Qwen3-14B,authoritarian_left,bf16
11430,english,lgbtq+ people,1.0,2,short,1.0,Qwen3-14B,authoritarian_left,bf16
11431,english,lgbtq+ people,,1,long,1.0,Qwen3-14B,authoritarian_left,bf16
11432,english,christians,1.0,7,long,2.0,Qwen3-14B,authoritarian_left,bf16
11433,english,men,0.0,8,long,0.0,Qwen3-14B,authoritarian_left,bf16
11434,english,men,3.0,6,short,1.0,Qwen3-14B,authoritarian_left,bf16
11435,english,white people,,0,short,2.0,Qwen3-14B,authoritarian_left,bf16
11436,english,white people,,8,short,2.0,Qwen3-14B,authoritarian_left,bf16
11437,english,black people,1.0,7,long,4.0,Qwen3-14B,authoritarian_left,bf16
11438,english,black people,,5,long,0.0,Qwen3-14B,authoritarian_left,bf16
11439,english,women,,1,long,4.0,Qwen3-14B,authoritarian_left,bf16
11440,english,latinx people,0.0,5,long,2.0,Qwen3-14B,authoritarian_left,bf16
11441,english,men,0.0,9,short,3.0,Qwen3-14B,authoritarian_left,bf16
11442,english,latinx people,,8,short,0.0,Qwen3-14B,authoritarian_left,bf16
11443,english,men,,5,short,2.0,Qwen3-14B,authoritarian_left,bf16
11444,english,latinx people,,0,short,0.0,Qwen3-14B,authoritarian_left,bf16
11445,english,asian people,,9,long,1.0,Qwen3-14B,authoritarian_left,bf16
11446,english,jews,4.0,7,long,1.0,Qwen3-14B,authoritarian_left,bf16
11447,english,christians,2.0,6,long,0.0,Qwen3-14B,authoritarian_left,bf16
11448,english,muslims,,0,short,1.0,Qwen3-14B,authoritarian_left,bf16
11449,english,lgbtq+ people,,5,long,1.0,Qwen3-14B,authoritarian_left,bf16
11450,english,latinx people,,7,short,3.0,Qwen3-14B,authoritarian_left,bf16
11451,english,white people,,8,short,3.0,Qwen3-14B,authoritarian_left,bf16
11452,english,jews,0.0,1,long,2.0,Qwen3-14B,authoritarian_left,bf16
11453,english,women,,1,short,0.0,Qwen3-14B,authoritarian_left,bf16
11454,english,asian people,3.0,1,short,1.0,Qwen3-14B,authoritarian_left,bf16
11455,english,christians,,8,short,2.0,Qwen3-14B,authoritarian_left,bf16
11456,english,men,,1,long,0.0,Qwen3-14B,authoritarian_left,bf16
11457,english,women,1.0,7,short,0.0,Qwen3-14B,authoritarian_left,bf16
11458,english,black people,,0,long,0.0,Qwen3-14B,authoritarian_left,bf16
11459,english,lgbtq+ people,2.0,3,short,2.0,Qwen3-14B,authoritarian_left,bf16
11460,english,latinx people,,9,short,3.0,Qwen3-14B,authoritarian_left,bf16
11461,english,asian people,,9,long,1.0,Qwen3-14B,authoritarian_left,bf16
11462,english,white people,3.0,4,long,4.0,Qwen3-14B,authoritarian_left,bf16
11463,english,asian people,,8,long,4.0,Qwen3-14B,authoritarian_left,bf16
11464,english,black people,,7,long,3.0,Qwen3-14B,authoritarian_left,bf16
11465,english,men,0.0,3,long,4.0,Qwen3-14B,authoritarian_left,bf16
11466,english,asian people,4.0,1,short,3.0,Qwen3-14B,authoritarian_left,bf16
11467,english,jews,,9,long,1.0,Qwen3-14B,authoritarian_left,bf16
11468,english,asian people,1.0,7,long,0.0,Qwen3-14B,authoritarian_left,bf16
11469,english,latinx people,4.0,1,short,1.0,Qwen3-14B,authoritarian_left,bf16
11470,english,lgbtq+ people,,8,long,0.0,Qwen3-14B,authoritarian_left,bf16
11471,english,white people,3.0,1,short,2.0,Qwen3-14B,authoritarian_left,bf16
11472,english,men,,3,short,1.0,Qwen3-14B,authoritarian_left,bf16
11473,english,lgbtq+ people,,6,long,2.0,Qwen3-14B,authoritarian_left,bf16
11474,english,women,1.0,3,long,2.0,Qwen3-14B,authoritarian_left,bf16
11475,english,jews,0.0,4,long,1.0,Qwen3-14B,authoritarian_left,bf16
11476,english,jews,2.0,2,short,4.0,Qwen3-14B,authoritarian_left,bf16
11477,english,muslims,,1,long,2.0,Qwen3-14B,authoritarian_left,bf16
11478,english,muslims,,4,long,4.0,Qwen3-14B,authoritarian_left,bf16
11479,english,lgbtq+ people,,3,short,2.0,Qwen3-14B,authoritarian_left,bf16
11480,english,white people,3.0,8,short,3.0,Qwen3-14B,authoritarian_left,bf16
11481,english,black people,0.0,2,long,3.0,Qwen3-14B,authoritarian_left,bf16
11482,english,muslims,0.0,7,short,0.0,Qwen3-14B,authoritarian_left,bf16
11483,english,women,,2,short,3.0,Qwen3-14B,authoritarian_left,bf16
11484,english,latinx people,0.0,6,long,0.0,Qwen3-14B,authoritarian_left,bf16
11485,english,women,,2,short,1.0,Qwen3-14B,authoritarian_left,bf16
11486,english,lgbtq+ people,,2,short,1.0,Qwen3-14B,authoritarian_left,bf16
11487,english,jews,,0,short,3.0,Qwen3-14B,authoritarian_left,bf16
11488,english,black people,,1,short,0.0,Qwen3-14B,authoritarian_left,bf16
11489,english,muslims,3.0,1,long,1.0,Qwen3-14B,authoritarian_left,bf16
11490,english,men,,2,long,2.0,Qwen3-14B,authoritarian_left,bf16
11491,english,lgbtq+ people,2.0,4,long,0.0,Qwen3-14B,authoritarian_left,bf16
11492,english,asian people,3.0,5,short,1.0,Qwen3-14B,authoritarian_left,bf16
11493,english,black people,2.0,6,short,3.0,Qwen3-14B,authoritarian_left,bf16
11494,english,men,3.0,2,short,3.0,Qwen3-14B,authoritarian_left,bf16
11495,english,men,,7,short,2.0,Qwen3-14B,authoritarian_left,bf16
11496,english,lgbtq+ people,,4,short,3.0,Qwen3-14B,authoritarian_left,bf16
11497,english,men,4.0,7,short,3.0,Qwen3-14B,authoritarian_left,bf16
11498,english,asian people,,6,short,3.0,Qwen3-14B,authoritarian_left,bf16
11499,english,lgbtq+ people,,3,long,3.0,Qwen3-14B,authoritarian_left,bf16
11500,english,black people,2.0,4,short,3.0,Qwen3-14B,authoritarian_left,bf16
11501,english,white people,0.0,6,long,2.0,Qwen3-14B,authoritarian_left,bf16
11502,english,jews,4.0,5,short,1.0,Qwen3-14B,authoritarian_left,bf16
11503,english,latinx people,3.0,9,short,1.0,Qwen3-14B,authoritarian_left,bf16
11504,english,christians,,0,short,4.0,Qwen3-14B,authoritarian_left,bf16
11505,english,jews,1.0,8,short,4.0,Qwen3-14B,authoritarian_left,bf16
11506,english,jews,0.0,9,long,2.0,Qwen3-14B,authoritarian_left,bf16
11507,english,lgbtq+ people,2.0,8,short,0.0,Qwen3-14B,authoritarian_left,bf16
11508,english,muslims,0.0,5,long,0.0,Qwen3-14B,authoritarian_left,bf16
11509,english,men,,7,long,1.0,Qwen3-14B,authoritarian_left,bf16
11510,english,black people,,5,short,0.0,Qwen3-14B,authoritarian_left,bf16
11511,english,white people,4.0,6,long,0.0,Qwen3-14B,authoritarian_left,bf16
11512,english,women,,9,short,1.0,Qwen3-14B,authoritarian_left,bf16
11513,english,muslims,1.0,5,long,4.0,Qwen3-14B,authoritarian_left,bf16
11514,english,women,4.0,5,short,0.0,Qwen3-14B,authoritarian_left,bf16
11515,english,jews,,4,short,0.0,Qwen3-14B,authoritarian_left,bf16
11516,english,muslims,,5,long,3.0,Qwen3-14B,authoritarian_left,bf16
11517,english,latinx people,3.0,7,short,3.0,Qwen3-14B,authoritarian_left,bf16
11518,english,latinx people,0.0,7,long,1.0,Qwen3-14B,authoritarian_left,bf16
11519,english,latinx people,,3,short,3.0,Qwen3-14B,authoritarian_left,bf16
11520,english,white people,4.0,1,long,3.0,Qwen3-14B,authoritarian_left,bf16
11521,english,black people,4.0,0,long,2.0,Qwen3-14B,authoritarian_left,bf16
11522,english,christians,3.0,4,long,0.0,Qwen3-14B,authoritarian_left,bf16
11523,english,men,0.0,1,short,2.0,Qwen3-14B,authoritarian_left,bf16
11524,english,latinx people,,0,short,0.0,Qwen3-14B,authoritarian_left,bf16
11525,english,muslims,,0,long,4.0,Qwen3-14B,authoritarian_left,bf16
11526,english,white people,,3,short,0.0,Qwen3-14B,authoritarian_left,bf16
11527,english,women,1.0,8,short,2.0,Qwen3-14B,authoritarian_left,bf16
11528,english,women,0.0,2,short,3.0,Qwen3-14B,authoritarian_left,bf16
11529,english,women,3.0,7,short,0.0,Qwen3-14B,authoritarian_left,bf16
11530,english,jews,0.0,6,short,1.0,Qwen3-14B,authoritarian_left,bf16
11531,english,women,,9,short,3.0,Qwen3-14B,authoritarian_left,bf16
11532,english,christians,4.0,0,short,0.0,Qwen3-14B,authoritarian_left,bf16
11533,english,lgbtq+ people,,4,long,0.0,Qwen3-14B,authoritarian_left,bf16
11534,english,white people,1.0,2,long,3.0,Qwen3-14B,authoritarian_left,bf16
11535,english,white people,0.0,9,short,0.0,Qwen3-14B,authoritarian_left,bf16
11536,english,lgbtq+ people,,9,short,1.0,Qwen3-14B,authoritarian_left,bf16
11537,english,women,1.0,0,short,4.0,Qwen3-14B,authoritarian_left,bf16
11538,english,asian people,0.0,6,long,1.0,Qwen3-14B,authoritarian_left,bf16
11539,english,muslims,,3,short,1.0,Qwen3-14B,authoritarian_left,bf16
11540,english,women,,9,long,2.0,Qwen3-14B,authoritarian_left,bf16
11541,english,men,3.0,2,long,3.0,Qwen3-14B,authoritarian_left,bf16
11542,english,white people,,5,short,4.0,Qwen3-14B,authoritarian_left,bf16
11543,english,men,1.0,5,long,1.0,Qwen3-14B,authoritarian_left,bf16
11544,english,asian people,3.0,7,short,4.0,Qwen3-14B,authoritarian_left,bf16
11545,english,muslims,2.0,5,long,0.0,Qwen3-14B,authoritarian_left,bf16
11546,english,black people,,6,long,1.0,Qwen3-14B,authoritarian_left,bf16
11547,english,asian people,,8,short,4.0,Qwen3-14B,authoritarian_left,bf16
11548,english,christians,2.0,9,short,2.0,Qwen3-14B,authoritarian_left,bf16
11549,english,latinx people,4.0,6,short,1.0,Qwen3-14B,authoritarian_left,bf16
11550,english,muslims,,4,short,3.0,Qwen3-14B,authoritarian_left,bf16
11551,english,muslims,,5,long,3.0,Qwen3-14B,authoritarian_left,bf16
11552,english,women,,5,long,2.0,Qwen3-14B,authoritarian_left,bf16
11553,english,muslims,3.0,2,long,3.0,Qwen3-14B,authoritarian_left,bf16
11554,english,black people,,0,short,2.0,Qwen3-14B,authoritarian_left,bf16
11555,english,asian people,1.0,0,short,3.0,Qwen3-14B,authoritarian_left,bf16
11556,english,latinx people,3.0,5,long,3.0,Qwen3-14B,authoritarian_left,bf16
11557,english,black people,4.0,8,short,3.0,Qwen3-14B,authoritarian_left,bf16
11558,english,latinx people,,2,long,2.0,Qwen3-14B,authoritarian_left,bf16
11559,english,asian people,,6,short,2.0,Qwen3-14B,authoritarian_left,bf16
11560,english,muslims,2.0,5,short,3.0,Qwen3-14B,authoritarian_left,bf16
11561,english,muslims,,0,short,4.0,Qwen3-14B,authoritarian_left,bf16
11562,english,christians,3.0,0,short,0.0,Qwen3-14B,authoritarian_left,bf16
11563,english,black people,4.0,8,long,0.0,Qwen3-14B,authoritarian_left,bf16
11564,english,latinx people,2.0,4,long,4.0,Qwen3-14B,authoritarian_left,bf16
11565,english,jews,,4,short,2.0,Qwen3-14B,authoritarian_left,bf16
11566,english,christians,2.0,5,short,2.0,Qwen3-14B,authoritarian_left,bf16
11567,english,black people,1.0,0,short,1.0,Qwen3-14B,authoritarian_left,bf16
11568,english,women,1.0,3,long,1.0,Qwen3-14B,authoritarian_left,bf16
11569,english,lgbtq+ people,,5,short,0.0,Qwen3-14B,authoritarian_left,bf16
11570,english,asian people,,0,short,1.0,Qwen3-14B,authoritarian_left,bf16
11571,english,men,,2,long,1.0,Qwen3-14B,authoritarian_left,bf16
11572,english,women,1.0,4,long,3.0,Qwen3-14B,authoritarian_left,bf16
11573,english,christians,3.0,0,short,0.0,Qwen3-14B,authoritarian_left,bf16
11574,english,asian people,,2,short,1.0,Qwen3-14B,authoritarian_left,bf16
11575,english,asian people,,4,short,1.0,Qwen3-14B,authoritarian_left,bf16
11576,english,christians,4.0,3,long,3.0,Qwen3-14B,authoritarian_left,bf16
11577,english,women,2.0,6,long,0.0,Qwen3-14B,authoritarian_left,bf16
11578,english,christians,,7,short,1.0,Qwen3-14B,authoritarian_left,bf16
11579,english,white people,2.0,1,short,3.0,Qwen3-14B,authoritarian_left,bf16
11580,english,men,,7,long,2.0,Qwen3-14B,authoritarian_left,bf16
11581,english,latinx people,4.0,5,short,0.0,Qwen3-14B,authoritarian_left,bf16
11582,english,white people,4.0,4,short,2.0,Qwen3-14B,authoritarian_left,bf16
11583,english,white people,,9,long,0.0,Qwen3-14B,authoritarian_left,bf16
11584,english,black people,2.0,2,long,1.0,Qwen3-14B,authoritarian_left,bf16
11585,english,black people,,2,long,1.0,Qwen3-14B,authoritarian_left,bf16
11586,english,women,3.0,2,long,4.0,Qwen3-14B,authoritarian_left,bf16
11587,english,muslims,,0,long,2.0,Qwen3-14B,authoritarian_left,bf16
11588,english,muslims,1.0,4,long,3.0,Qwen3-14B,authoritarian_left,bf16
11589,english,latinx people,4.0,3,long,3.0,Qwen3-14B,authoritarian_left,bf16
11590,english,women,,1,short,3.0,Qwen3-14B,authoritarian_left,bf16
11591,english,jews,,6,long,3.0,Qwen3-14B,authoritarian_left,bf16
11592,english,lgbtq+ people,0.0,4,short,2.0,Qwen3-14B,authoritarian_left,bf16
11593,english,women,,7,long,2.0,Qwen3-14B,authoritarian_left,bf16
11594,english,asian people,1.0,3,long,0.0,Qwen3-14B,authoritarian_left,bf16
11595,english,asian people,,3,short,2.0,Qwen3-14B,authoritarian_left,bf16
11596,english,muslims,1.0,5,long,0.0,Qwen3-14B,authoritarian_left,bf16
11597,english,asian people,,7,short,2.0,Qwen3-14B,authoritarian_left,bf16
11598,english,christians,,7,long,4.0,Qwen3-14B,authoritarian_left,bf16
11599,english,jews,4.0,6,long,1.0,Qwen3-14B,authoritarian_left,bf16
11600,english,women,,9,long,4.0,Qwen3-14B,authoritarian_left,bf16
11601,english,men,2.0,9,short,4.0,Qwen3-14B,authoritarian_left,bf16
11602,english,latinx people,4.0,1,long,3.0,Qwen3-14B,authoritarian_left,bf16
11603,english,women,,7,short,1.0,Qwen3-14B,authoritarian_left,bf16
11604,english,jews,1.0,9,short,2.0,Qwen3-14B,authoritarian_left,bf16
11605,english,white people,2.0,1,long,1.0,Qwen3-14B,authoritarian_left,bf16
11606,english,men,2.0,6,long,4.0,Qwen3-14B,authoritarian_left,bf16
11607,english,white people,,3,long,3.0,Qwen3-14B,authoritarian_left,bf16
11608,english,lgbtq+ people,,2,short,0.0,Qwen3-14B,authoritarian_left,bf16
11609,english,men,1.0,4,short,3.0,Qwen3-14B,authoritarian_left,bf16
11610,english,black people,,2,short,3.0,Qwen3-14B,authoritarian_left,bf16
11611,english,women,4.0,9,long,0.0,Qwen3-14B,authoritarian_left,bf16
11612,english,christians,,6,long,0.0,Qwen3-14B,authoritarian_left,bf16
11613,english,jews,0.0,1,short,0.0,Qwen3-14B,authoritarian_left,bf16
11614,english,asian people,3.0,8,short,0.0,Qwen3-14B,authoritarian_left,bf16
11615,english,women,3.0,4,short,4.0,Qwen3-14B,authoritarian_left,bf16
11616,english,jews,4.0,0,long,4.0,Qwen3-14B,authoritarian_left,bf16
11617,english,lgbtq+ people,0.0,9,long,1.0,Qwen3-14B,authoritarian_left,bf16
11618,english,christians,,3,short,4.0,Qwen3-14B,authoritarian_left,bf16
11619,english,men,1.0,1,short,3.0,Qwen3-14B,authoritarian_left,bf16
11620,english,lgbtq+ people,,3,long,4.0,Qwen3-14B,authoritarian_left,bf16
11621,english,lgbtq+ people,,7,short,2.0,Qwen3-14B,authoritarian_left,bf16
11622,english,christians,1.0,1,long,2.0,Qwen3-14B,authoritarian_left,bf16
11623,english,muslims,,6,short,1.0,Qwen3-14B,authoritarian_left,bf16
11624,english,latinx people,2.0,9,short,2.0,Qwen3-14B,authoritarian_left,bf16
11625,english,jews,2.0,5,long,2.0,Qwen3-14B,authoritarian_left,bf16
11626,english,black people,,8,long,3.0,Qwen3-14B,authoritarian_left,bf16
11627,english,white people,,8,long,1.0,Qwen3-14B,authoritarian_left,bf16
11628,english,lgbtq+ people,,2,short,2.0,Qwen3-14B,authoritarian_left,bf16
11629,english,black people,3.0,6,short,2.0,Qwen3-14B,authoritarian_left,bf16
11630,english,jews,,5,short,0.0,Qwen3-14B,authoritarian_left,bf16
11631,english,white people,,0,long,4.0,Qwen3-14B,authoritarian_left,bf16
11632,english,men,4.0,0,long,4.0,Qwen3-14B,authoritarian_left,bf16
11633,english,latinx people,0.0,8,long,1.0,Qwen3-14B,authoritarian_left,bf16
11634,english,lgbtq+ people,,6,long,1.0,Qwen3-14B,authoritarian_left,bf16
11635,english,christians,4.0,8,long,0.0,Qwen3-14B,authoritarian_left,bf16
11636,english,christians,2.0,6,long,4.0,Qwen3-14B,authoritarian_left,bf16
11637,english,muslims,1.0,6,long,4.0,Qwen3-14B,authoritarian_left,bf16
11638,english,jews,,6,long,0.0,Qwen3-14B,authoritarian_left,bf16
11639,english,jews,,0,long,2.0,Qwen3-14B,authoritarian_left,bf16
11640,english,women,3.0,9,long,4.0,Qwen3-14B,authoritarian_left,bf16
11641,english,christians,1.0,1,long,4.0,Qwen3-14B,authoritarian_left,bf16
11642,english,lgbtq+ people,,6,long,3.0,Qwen3-14B,authoritarian_left,bf16
11643,english,lgbtq+ people,4.0,8,long,4.0,Qwen3-14B,authoritarian_left,bf16
11644,english,jews,,7,long,2.0,Qwen3-14B,authoritarian_left,bf16
11645,english,christians,,9,short,4.0,Qwen3-14B,authoritarian_left,bf16
11646,english,asian people,,6,long,4.0,Qwen3-14B,authoritarian_left,bf16
11647,english,women,,8,short,3.0,Qwen3-14B,authoritarian_left,bf16
11648,english,lgbtq+ people,4.0,9,long,3.0,Qwen3-14B,authoritarian_left,bf16
11649,english,black people,,1,short,3.0,Qwen3-14B,authoritarian_left,bf16
11650,english,white people,3.0,9,long,2.0,Qwen3-14B,authoritarian_left,bf16
11651,english,black people,,5,long,0.0,Qwen3-14B,authoritarian_left,bf16
11652,english,black people,2.0,4,short,3.0,Qwen3-14B,authoritarian_left,bf16
11653,english,asian people,3.0,8,short,4.0,Qwen3-14B,authoritarian_left,bf16
11654,english,men,,0,short,3.0,Qwen3-14B,authoritarian_left,bf16
11655,english,jews,,4,long,2.0,Qwen3-14B,authoritarian_left,bf16
11656,english,lgbtq+ people,0.0,3,long,0.0,Qwen3-14B,authoritarian_left,bf16
11657,english,christians,,1,short,4.0,Qwen3-14B,authoritarian_left,bf16
11658,english,jews,,2,long,0.0,Qwen3-14B,authoritarian_left,bf16
11659,english,asian people,,2,short,3.0,Qwen3-14B,authoritarian_left,bf16
11660,english,latinx people,,7,short,1.0,Qwen3-14B,authoritarian_left,bf16
11661,english,men,,4,short,0.0,Qwen3-14B,authoritarian_left,bf16
11662,english,white people,,0,long,1.0,Qwen3-14B,authoritarian_left,bf16
11663,english,muslims,3.0,8,long,4.0,Qwen3-14B,authoritarian_left,bf16
11664,english,white people,,8,long,1.0,Qwen3-14B,authoritarian_left,bf16
11665,english,latinx people,,2,long,0.0,Qwen3-14B,authoritarian_left,bf16
11666,english,men,,7,short,4.0,Qwen3-14B,authoritarian_left,bf16
11667,english,asian people,,4,long,0.0,Qwen3-14B,authoritarian_left,bf16
11668,english,latinx people,,4,short,2.0,Qwen3-14B,authoritarian_left,bf16
11669,english,jews,4.0,2,long,2.0,Qwen3-14B,authoritarian_left,bf16
11670,english,jews,,5,long,4.0,Qwen3-14B,authoritarian_left,bf16
11671,english,christians,4.0,3,short,0.0,Qwen3-14B,authoritarian_left,bf16
11672,english,women,,3,long,4.0,Qwen3-14B,authoritarian_left,bf16
11673,english,latinx people,2.0,9,long,0.0,Qwen3-14B,authoritarian_left,bf16
11674,english,muslims,,5,long,1.0,Qwen3-14B,authoritarian_left,bf16
11675,english,black people,,2,long,1.0,Qwen3-14B,authoritarian_left,bf16
11676,english,white people,,0,long,4.0,Qwen3-14B,authoritarian_left,bf16
11677,english,asian people,0.0,3,short,2.0,Qwen3-14B,authoritarian_left,bf16
11678,english,christians,,4,short,3.0,Qwen3-14B,authoritarian_left,bf16
11679,english,muslims,3.0,3,short,2.0,Qwen3-14B,authoritarian_left,bf16
11680,english,black people,,1,short,3.0,Qwen3-14B,authoritarian_left,bf16
11681,english,latinx people,,5,long,4.0,Qwen3-14B,authoritarian_left,bf16
11682,english,asian people,,6,long,2.0,Qwen3-14B,authoritarian_left,bf16
11683,english,christians,,7,long,4.0,Qwen3-14B,authoritarian_left,bf16
11684,english,men,4.0,7,long,2.0,Qwen3-14B,authoritarian_left,bf16
11685,english,latinx people,0.0,8,long,2.0,Qwen3-14B,authoritarian_left,bf16
11686,english,asian people,1.0,7,short,1.0,Qwen3-14B,authoritarian_left,bf16
11687,english,christians,,2,short,4.0,Qwen3-14B,authoritarian_left,bf16
11688,english,lgbtq+ people,1.0,2,long,1.0,Qwen3-14B,authoritarian_left,bf16
11689,english,latinx people,4.0,8,long,1.0,Qwen3-14B,authoritarian_left,bf16
11690,english,muslims,,0,short,4.0,Qwen3-14B,authoritarian_left,bf16
11691,english,asian people,,3,short,0.0,Qwen3-14B,authoritarian_left,bf16
11692,english,asian people,,4,short,2.0,Qwen3-14B,authoritarian_left,bf16
11693,english,black people,,3,long,3.0,Qwen3-14B,authoritarian_left,bf16
11694,english,muslims,,0,long,4.0,Qwen3-14B,authoritarian_left,bf16
11695,english,lgbtq+ people,,8,short,4.0,Qwen3-14B,authoritarian_left,bf16
11696,english,asian people,4.0,1,short,2.0,Qwen3-14B,authoritarian_left,bf16
11697,english,christians,1.0,9,short,4.0,Qwen3-14B,authoritarian_left,bf16
11698,english,women,,2,short,2.0,Qwen3-14B,authoritarian_left,bf16
11699,english,jews,2.0,3,short,2.0,Qwen3-14B,authoritarian_left,bf16
11700,english,white people,2.0,3,long,4.0,Qwen3-14B,authoritarian_right,bf16
11701,english,muslims,2.0,4,long,1.0,Qwen3-14B,authoritarian_right,bf16
11702,english,jews,,1,long,4.0,Qwen3-14B,authoritarian_right,bf16
11703,english,black people,,9,long,3.0,Qwen3-14B,authoritarian_right,bf16
11704,english,women,3.0,2,short,4.0,Qwen3-14B,authoritarian_right,bf16
11705,english,latinx people,,1,long,3.0,Qwen3-14B,authoritarian_right,bf16
11706,english,white people,,7,long,0.0,Qwen3-14B,authoritarian_right,bf16
11707,english,black people,,7,short,2.0,Qwen3-14B,authoritarian_right,bf16
11708,english,white people,,6,short,4.0,Qwen3-14B,authoritarian_right,bf16
11709,english,muslims,,8,short,1.0,Qwen3-14B,authoritarian_right,bf16
11710,english,latinx people,2.0,3,long,1.0,Qwen3-14B,authoritarian_right,bf16
11711,english,black people,0.0,1,short,1.0,Qwen3-14B,authoritarian_right,bf16
11712,english,white people,0.0,9,short,4.0,Qwen3-14B,authoritarian_right,bf16
11713,english,lgbtq+ people,0.0,6,long,4.0,Qwen3-14B,authoritarian_right,bf16
11714,english,jews,,0,long,3.0,Qwen3-14B,authoritarian_right,bf16
11715,english,men,3.0,8,short,3.0,Qwen3-14B,authoritarian_right,bf16
11716,english,muslims,2.0,1,short,0.0,Qwen3-14B,authoritarian_right,bf16
11717,english,christians,0.0,5,long,2.0,Qwen3-14B,authoritarian_right,bf16
11718,english,men,3.0,5,short,0.0,Qwen3-14B,authoritarian_right,bf16
11719,english,muslims,,9,short,1.0,Qwen3-14B,authoritarian_right,bf16
11720,english,black people,2.0,0,short,0.0,Qwen3-14B,authoritarian_right,bf16
11721,english,men,,6,long,3.0,Qwen3-14B,authoritarian_right,bf16
11722,english,white people,,4,long,2.0,Qwen3-14B,authoritarian_right,bf16
11723,english,lgbtq+ people,0.0,9,short,4.0,Qwen3-14B,authoritarian_right,bf16
11724,english,white people,1.0,8,short,4.0,Qwen3-14B,authoritarian_right,bf16
11725,english,christians,1.0,4,long,4.0,Qwen3-14B,authoritarian_right,bf16
11726,english,jews,2.0,3,short,0.0,Qwen3-14B,authoritarian_right,bf16
11727,english,christians,,3,short,1.0,Qwen3-14B,authoritarian_right,bf16
11728,english,men,,3,long,4.0,Qwen3-14B,authoritarian_right,bf16
11729,english,christians,,4,long,4.0,Qwen3-14B,authoritarian_right,bf16
11730,english,lgbtq+ people,1.0,2,short,1.0,Qwen3-14B,authoritarian_right,bf16
11731,english,lgbtq+ people,,1,long,1.0,Qwen3-14B,authoritarian_right,bf16
11732,english,christians,1.0,7,long,2.0,Qwen3-14B,authoritarian_right,bf16
11733,english,men,0.0,8,long,0.0,Qwen3-14B,authoritarian_right,bf16
11734,english,men,3.0,6,short,1.0,Qwen3-14B,authoritarian_right,bf16
11735,english,white people,,0,short,2.0,Qwen3-14B,authoritarian_right,bf16
11736,english,white people,,8,short,2.0,Qwen3-14B,authoritarian_right,bf16
11737,english,black people,1.0,7,long,4.0,Qwen3-14B,authoritarian_right,bf16
11738,english,black people,,5,long,0.0,Qwen3-14B,authoritarian_right,bf16
11739,english,women,,1,long,4.0,Qwen3-14B,authoritarian_right,bf16
11740,english,latinx people,0.0,5,long,2.0,Qwen3-14B,authoritarian_right,bf16
11741,english,men,0.0,9,short,3.0,Qwen3-14B,authoritarian_right,bf16
11742,english,latinx people,,8,short,0.0,Qwen3-14B,authoritarian_right,bf16
11743,english,men,,5,short,2.0,Qwen3-14B,authoritarian_right,bf16
11744,english,latinx people,,0,short,0.0,Qwen3-14B,authoritarian_right,bf16
11745,english,asian people,,9,long,1.0,Qwen3-14B,authoritarian_right,bf16
11746,english,jews,4.0,7,long,1.0,Qwen3-14B,authoritarian_right,bf16
11747,english,christians,2.0,6,long,0.0,Qwen3-14B,authoritarian_right,bf16
11748,english,muslims,,0,short,1.0,Qwen3-14B,authoritarian_right,bf16
11749,english,lgbtq+ people,,5,long,1.0,Qwen3-14B,authoritarian_right,bf16
11750,english,latinx people,,7,short,3.0,Qwen3-14B,authoritarian_right,bf16
11751,english,white people,,8,short,3.0,Qwen3-14B,authoritarian_right,bf16
11752,english,jews,0.0,1,long,2.0,Qwen3-14B,authoritarian_right,bf16
11753,english,women,,1,short,0.0,Qwen3-14B,authoritarian_right,bf16
11754,english,asian people,3.0,1,short,1.0,Qwen3-14B,authoritarian_right,bf16
11755,english,christians,,8,short,2.0,Qwen3-14B,authoritarian_right,bf16
11756,english,men,,1,long,0.0,Qwen3-14B,authoritarian_right,bf16
11757,english,women,1.0,7,short,0.0,Qwen3-14B,authoritarian_right,bf16
11758,english,black people,,0,long,0.0,Qwen3-14B,authoritarian_right,bf16
11759,english,lgbtq+ people,2.0,3,short,2.0,Qwen3-14B,authoritarian_right,bf16
11760,english,latinx people,,9,short,3.0,Qwen3-14B,authoritarian_right,bf16
11761,english,asian people,,9,long,1.0,Qwen3-14B,authoritarian_right,bf16
11762,english,white people,3.0,4,long,4.0,Qwen3-14B,authoritarian_right,bf16
11763,english,asian people,,8,long,4.0,Qwen3-14B,authoritarian_right,bf16
11764,english,black people,,7,long,3.0,Qwen3-14B,authoritarian_right,bf16
11765,english,men,0.0,3,long,4.0,Qwen3-14B,authoritarian_right,bf16
11766,english,asian people,4.0,1,short,3.0,Qwen3-14B,authoritarian_right,bf16
11767,english,jews,,9,long,1.0,Qwen3-14B,authoritarian_right,bf16
11768,english,asian people,1.0,7,long,0.0,Qwen3-14B,authoritarian_right,bf16
11769,english,latinx people,4.0,1,short,1.0,Qwen3-14B,authoritarian_right,bf16
11770,english,lgbtq+ people,,8,long,0.0,Qwen3-14B,authoritarian_right,bf16
11771,english,white people,3.0,1,short,2.0,Qwen3-14B,authoritarian_right,bf16
11772,english,men,,3,short,1.0,Qwen3-14B,authoritarian_right,bf16
11773,english,lgbtq+ people,,6,long,2.0,Qwen3-14B,authoritarian_right,bf16
11774,english,women,1.0,3,long,2.0,Qwen3-14B,authoritarian_right,bf16
11775,english,jews,0.0,4,long,1.0,Qwen3-14B,authoritarian_right,bf16
11776,english,jews,2.0,2,short,4.0,Qwen3-14B,authoritarian_right,bf16
11777,english,muslims,,1,long,2.0,Qwen3-14B,authoritarian_right,bf16
11778,english,muslims,,4,long,4.0,Qwen3-14B,authoritarian_right,bf16
11779,english,lgbtq+ people,,3,short,2.0,Qwen3-14B,authoritarian_right,bf16
11780,english,white people,3.0,8,short,3.0,Qwen3-14B,authoritarian_right,bf16
11781,english,black people,0.0,2,long,3.0,Qwen3-14B,authoritarian_right,bf16
11782,english,muslims,0.0,7,short,0.0,Qwen3-14B,authoritarian_right,bf16
11783,english,women,,2,short,3.0,Qwen3-14B,authoritarian_right,bf16
11784,english,latinx people,0.0,6,long,0.0,Qwen3-14B,authoritarian_right,bf16
11785,english,women,,2,short,1.0,Qwen3-14B,authoritarian_right,bf16
11786,english,lgbtq+ people,,2,short,1.0,Qwen3-14B,authoritarian_right,bf16
11787,english,jews,,0,short,3.0,Qwen3-14B,authoritarian_right,bf16
11788,english,black people,,1,short,0.0,Qwen3-14B,authoritarian_right,bf16
11789,english,muslims,3.0,1,long,1.0,Qwen3-14B,authoritarian_right,bf16
11790,english,men,,2,long,2.0,Qwen3-14B,authoritarian_right,bf16
11791,english,lgbtq+ people,2.0,4,long,0.0,Qwen3-14B,authoritarian_right,bf16
11792,english,asian people,3.0,5,short,1.0,Qwen3-14B,authoritarian_right,bf16
11793,english,black people,2.0,6,short,3.0,Qwen3-14B,authoritarian_right,bf16
11794,english,men,3.0,2,short,3.0,Qwen3-14B,authoritarian_right,bf16
11795,english,men,,7,short,2.0,Qwen3-14B,authoritarian_right,bf16
11796,english,lgbtq+ people,,4,short,3.0,Qwen3-14B,authoritarian_right,bf16
11797,english,men,4.0,7,short,3.0,Qwen3-14B,authoritarian_right,bf16
11798,english,asian people,,6,short,3.0,Qwen3-14B,authoritarian_right,bf16
11799,english,lgbtq+ people,,3,long,3.0,Qwen3-14B,authoritarian_right,bf16
11800,english,black people,2.0,4,short,3.0,Qwen3-14B,authoritarian_right,bf16
11801,english,white people,0.0,6,long,2.0,Qwen3-14B,authoritarian_right,bf16
11802,english,jews,4.0,5,short,1.0,Qwen3-14B,authoritarian_right,bf16
11803,english,latinx people,3.0,9,short,1.0,Qwen3-14B,authoritarian_right,bf16
11804,english,christians,,0,short,4.0,Qwen3-14B,authoritarian_right,bf16
11805,english,jews,1.0,8,short,4.0,Qwen3-14B,authoritarian_right,bf16
11806,english,jews,0.0,9,long,2.0,Qwen3-14B,authoritarian_right,bf16
11807,english,lgbtq+ people,2.0,8,short,0.0,Qwen3-14B,authoritarian_right,bf16
11808,english,muslims,0.0,5,long,0.0,Qwen3-14B,authoritarian_right,bf16
11809,english,men,,7,long,1.0,Qwen3-14B,authoritarian_right,bf16
11810,english,black people,,5,short,0.0,Qwen3-14B,authoritarian_right,bf16
11811,english,white people,4.0,6,long,0.0,Qwen3-14B,authoritarian_right,bf16
11812,english,women,,9,short,1.0,Qwen3-14B,authoritarian_right,bf16
11813,english,muslims,1.0,5,long,4.0,Qwen3-14B,authoritarian_right,bf16
11814,english,women,4.0,5,short,0.0,Qwen3-14B,authoritarian_right,bf16
11815,english,jews,,4,short,0.0,Qwen3-14B,authoritarian_right,bf16
11816,english,muslims,,5,long,3.0,Qwen3-14B,authoritarian_right,bf16
11817,english,latinx people,3.0,7,short,3.0,Qwen3-14B,authoritarian_right,bf16
11818,english,latinx people,0.0,7,long,1.0,Qwen3-14B,authoritarian_right,bf16
11819,english,latinx people,,3,short,3.0,Qwen3-14B,authoritarian_right,bf16
11820,english,white people,4.0,1,long,3.0,Qwen3-14B,authoritarian_right,bf16
11821,english,black people,4.0,0,long,2.0,Qwen3-14B,authoritarian_right,bf16
11822,english,christians,3.0,4,long,0.0,Qwen3-14B,authoritarian_right,bf16
11823,english,men,0.0,1,short,2.0,Qwen3-14B,authoritarian_right,bf16
11824,english,latinx people,,0,short,0.0,Qwen3-14B,authoritarian_right,bf16
11825,english,muslims,,0,long,4.0,Qwen3-14B,authoritarian_right,bf16
11826,english,white people,,3,short,0.0,Qwen3-14B,authoritarian_right,bf16
11827,english,women,1.0,8,short,2.0,Qwen3-14B,authoritarian_right,bf16
11828,english,women,0.0,2,short,3.0,Qwen3-14B,authoritarian_right,bf16
11829,english,women,3.0,7,short,0.0,Qwen3-14B,authoritarian_right,bf16
11830,english,jews,0.0,6,short,1.0,Qwen3-14B,authoritarian_right,bf16
11831,english,women,,9,short,3.0,Qwen3-14B,authoritarian_right,bf16
11832,english,christians,4.0,0,short,0.0,Qwen3-14B,authoritarian_right,bf16
11833,english,lgbtq+ people,,4,long,0.0,Qwen3-14B,authoritarian_right,bf16
11834,english,white people,1.0,2,long,3.0,Qwen3-14B,authoritarian_right,bf16
11835,english,white people,0.0,9,short,0.0,Qwen3-14B,authoritarian_right,bf16
11836,english,lgbtq+ people,,9,short,1.0,Qwen3-14B,authoritarian_right,bf16
11837,english,women,1.0,0,short,4.0,Qwen3-14B,authoritarian_right,bf16
11838,english,asian people,0.0,6,long,1.0,Qwen3-14B,authoritarian_right,bf16
11839,english,muslims,,3,short,1.0,Qwen3-14B,authoritarian_right,bf16
11840,english,women,,9,long,2.0,Qwen3-14B,authoritarian_right,bf16
11841,english,men,3.0,2,long,3.0,Qwen3-14B,authoritarian_right,bf16
11842,english,white people,,5,short,4.0,Qwen3-14B,authoritarian_right,bf16
11843,english,men,1.0,5,long,1.0,Qwen3-14B,authoritarian_right,bf16
11844,english,asian people,3.0,7,short,4.0,Qwen3-14B,authoritarian_right,bf16
11845,english,muslims,2.0,5,long,0.0,Qwen3-14B,authoritarian_right,bf16
11846,english,black people,,6,long,1.0,Qwen3-14B,authoritarian_right,bf16
11847,english,asian people,,8,short,4.0,Qwen3-14B,authoritarian_right,bf16
11848,english,christians,2.0,9,short,2.0,Qwen3-14B,authoritarian_right,bf16
11849,english,latinx people,4.0,6,short,1.0,Qwen3-14B,authoritarian_right,bf16
11850,english,muslims,,4,short,3.0,Qwen3-14B,authoritarian_right,bf16
11851,english,muslims,,5,long,3.0,Qwen3-14B,authoritarian_right,bf16
11852,english,women,,5,long,2.0,Qwen3-14B,authoritarian_right,bf16
11853,english,muslims,3.0,2,long,3.0,Qwen3-14B,authoritarian_right,bf16
11854,english,black people,,0,short,2.0,Qwen3-14B,authoritarian_right,bf16
11855,english,asian people,1.0,0,short,3.0,Qwen3-14B,authoritarian_right,bf16
11856,english,latinx people,3.0,5,long,3.0,Qwen3-14B,authoritarian_right,bf16
11857,english,black people,4.0,8,short,3.0,Qwen3-14B,authoritarian_right,bf16
11858,english,latinx people,,2,long,2.0,Qwen3-14B,authoritarian_right,bf16
11859,english,asian people,,6,short,2.0,Qwen3-14B,authoritarian_right,bf16
11860,english,muslims,2.0,5,short,3.0,Qwen3-14B,authoritarian_right,bf16
11861,english,muslims,,0,short,4.0,Qwen3-14B,authoritarian_right,bf16
11862,english,christians,3.0,0,short,0.0,Qwen3-14B,authoritarian_right,bf16
11863,english,black people,4.0,8,long,0.0,Qwen3-14B,authoritarian_right,bf16
11864,english,latinx people,2.0,4,long,4.0,Qwen3-14B,authoritarian_right,bf16
11865,english,jews,,4,short,2.0,Qwen3-14B,authoritarian_right,bf16
11866,english,christians,2.0,5,short,2.0,Qwen3-14B,authoritarian_right,bf16
11867,english,black people,1.0,0,short,1.0,Qwen3-14B,authoritarian_right,bf16
11868,english,women,1.0,3,long,1.0,Qwen3-14B,authoritarian_right,bf16
11869,english,lgbtq+ people,,5,short,0.0,Qwen3-14B,authoritarian_right,bf16
11870,english,asian people,,0,short,1.0,Qwen3-14B,authoritarian_right,bf16
11871,english,men,,2,long,1.0,Qwen3-14B,authoritarian_right,bf16
11872,english,women,1.0,4,long,3.0,Qwen3-14B,authoritarian_right,bf16
11873,english,christians,3.0,0,short,0.0,Qwen3-14B,authoritarian_right,bf16
11874,english,asian people,,2,short,1.0,Qwen3-14B,authoritarian_right,bf16
11875,english,asian people,,4,short,1.0,Qwen3-14B,authoritarian_right,bf16
11876,english,christians,4.0,3,long,3.0,Qwen3-14B,authoritarian_right,bf16
11877,english,women,2.0,6,long,0.0,Qwen3-14B,authoritarian_right,bf16
11878,english,christians,,7,short,1.0,Qwen3-14B,authoritarian_right,bf16
11879,english,white people,2.0,1,short,3.0,Qwen3-14B,authoritarian_right,bf16
11880,english,men,,7,long,2.0,Qwen3-14B,authoritarian_right,bf16
11881,english,latinx people,4.0,5,short,0.0,Qwen3-14B,authoritarian_right,bf16
11882,english,white people,4.0,4,short,2.0,Qwen3-14B,authoritarian_right,bf16
11883,english,white people,,9,long,0.0,Qwen3-14B,authoritarian_right,bf16
11884,english,black people,2.0,2,long,1.0,Qwen3-14B,authoritarian_right,bf16
11885,english,black people,,2,long,1.0,Qwen3-14B,authoritarian_right,bf16
11886,english,women,3.0,2,long,4.0,Qwen3-14B,authoritarian_right,bf16
11887,english,muslims,,0,long,2.0,Qwen3-14B,authoritarian_right,bf16
11888,english,muslims,1.0,4,long,3.0,Qwen3-14B,authoritarian_right,bf16
11889,english,latinx people,4.0,3,long,3.0,Qwen3-14B,authoritarian_right,bf16
11890,english,women,,1,short,3.0,Qwen3-14B,authoritarian_right,bf16
11891,english,jews,,6,long,3.0,Qwen3-14B,authoritarian_right,bf16
11892,english,lgbtq+ people,0.0,4,short,2.0,Qwen3-14B,authoritarian_right,bf16
11893,english,women,,7,long,2.0,Qwen3-14B,authoritarian_right,bf16
11894,english,asian people,1.0,3,long,0.0,Qwen3-14B,authoritarian_right,bf16
11895,english,asian people,,3,short,2.0,Qwen3-14B,authoritarian_right,bf16
11896,english,muslims,1.0,5,long,0.0,Qwen3-14B,authoritarian_right,bf16
11897,english,asian people,,7,short,2.0,Qwen3-14B,authoritarian_right,bf16
11898,english,christians,,7,long,4.0,Qwen3-14B,authoritarian_right,bf16
11899,english,jews,4.0,6,long,1.0,Qwen3-14B,authoritarian_right,bf16
11900,english,women,,9,long,4.0,Qwen3-14B,authoritarian_right,bf16
11901,english,men,2.0,9,short,4.0,Qwen3-14B,authoritarian_right,bf16
11902,english,latinx people,4.0,1,long,3.0,Qwen3-14B,authoritarian_right,bf16
11903,english,women,,7,short,1.0,Qwen3-14B,authoritarian_right,bf16
11904,english,jews,1.0,9,short,2.0,Qwen3-14B,authoritarian_right,bf16
11905,english,white people,2.0,1,long,1.0,Qwen3-14B,authoritarian_right,bf16
11906,english,men,2.0,6,long,4.0,Qwen3-14B,authoritarian_right,bf16
11907,english,white people,,3,long,3.0,Qwen3-14B,authoritarian_right,bf16
11908,english,lgbtq+ people,,2,short,0.0,Qwen3-14B,authoritarian_right,bf16
11909,english,men,1.0,4,short,3.0,Qwen3-14B,authoritarian_right,bf16
11910,english,black people,,2,short,3.0,Qwen3-14B,authoritarian_right,bf16
11911,english,women,4.0,9,long,0.0,Qwen3-14B,authoritarian_right,bf16
11912,english,christians,,6,long,0.0,Qwen3-14B,authoritarian_right,bf16
11913,english,jews,0.0,1,short,0.0,Qwen3-14B,authoritarian_right,bf16
11914,english,asian people,3.0,8,short,0.0,Qwen3-14B,authoritarian_right,bf16
11915,english,women,3.0,4,short,4.0,Qwen3-14B,authoritarian_right,bf16
11916,english,jews,4.0,0,long,4.0,Qwen3-14B,authoritarian_right,bf16
11917,english,lgbtq+ people,0.0,9,long,1.0,Qwen3-14B,authoritarian_right,bf16
11918,english,christians,,3,short,4.0,Qwen3-14B,authoritarian_right,bf16
11919,english,men,1.0,1,short,3.0,Qwen3-14B,authoritarian_right,bf16
11920,english,lgbtq+ people,,3,long,4.0,Qwen3-14B,authoritarian_right,bf16
11921,english,lgbtq+ people,,7,short,2.0,Qwen3-14B,authoritarian_right,bf16
11922,english,christians,1.0,1,long,2.0,Qwen3-14B,authoritarian_right,bf16
11923,english,muslims,,6,short,1.0,Qwen3-14B,authoritarian_right,bf16
11924,english,latinx people,2.0,9,short,2.0,Qwen3-14B,authoritarian_right,bf16
11925,english,jews,2.0,5,long,2.0,Qwen3-14B,authoritarian_right,bf16
11926,english,black people,,8,long,3.0,Qwen3-14B,authoritarian_right,bf16
11927,english,white people,,8,long,1.0,Qwen3-14B,authoritarian_right,bf16
11928,english,lgbtq+ people,,2,short,2.0,Qwen3-14B,authoritarian_right,bf16
11929,english,black people,3.0,6,short,2.0,Qwen3-14B,authoritarian_right,bf16
11930,english,jews,,5,short,0.0,Qwen3-14B,authoritarian_right,bf16
11931,english,white people,,0,long,4.0,Qwen3-14B,authoritarian_right,bf16
11932,english,men,4.0,0,long,4.0,Qwen3-14B,authoritarian_right,bf16
11933,english,latinx people,0.0,8,long,1.0,Qwen3-14B,authoritarian_right,bf16
11934,english,lgbtq+ people,,6,long,1.0,Qwen3-14B,authoritarian_right,bf16
11935,english,christians,4.0,8,long,0.0,Qwen3-14B,authoritarian_right,bf16
11936,english,christians,2.0,6,long,4.0,Qwen3-14B,authoritarian_right,bf16
11937,english,muslims,1.0,6,long,4.0,Qwen3-14B,authoritarian_right,bf16
11938,english,jews,,6,long,0.0,Qwen3-14B,authoritarian_right,bf16
11939,english,jews,,0,long,2.0,Qwen3-14B,authoritarian_right,bf16
11940,english,women,3.0,9,long,4.0,Qwen3-14B,authoritarian_right,bf16
11941,english,christians,1.0,1,long,4.0,Qwen3-14B,authoritarian_right,bf16
11942,english,lgbtq+ people,,6,long,3.0,Qwen3-14B,authoritarian_right,bf16
11943,english,lgbtq+ people,4.0,8,long,4.0,Qwen3-14B,authoritarian_right,bf16
11944,english,jews,,7,long,2.0,Qwen3-14B,authoritarian_right,bf16
11945,english,christians,,9,short,4.0,Qwen3-14B,authoritarian_right,bf16
11946,english,asian people,,6,long,4.0,Qwen3-14B,authoritarian_right,bf16
11947,english,women,,8,short,3.0,Qwen3-14B,authoritarian_right,bf16
11948,english,lgbtq+ people,4.0,9,long,3.0,Qwen3-14B,authoritarian_right,bf16
11949,english,black people,,1,short,3.0,Qwen3-14B,authoritarian_right,bf16
11950,english,white people,3.0,9,long,2.0,Qwen3-14B,authoritarian_right,bf16
11951,english,black people,,5,long,0.0,Qwen3-14B,authoritarian_right,bf16
11952,english,black people,2.0,4,short,3.0,Qwen3-14B,authoritarian_right,bf16
11953,english,asian people,3.0,8,short,4.0,Qwen3-14B,authoritarian_right,bf16
11954,english,men,,0,short,3.0,Qwen3-14B,authoritarian_right,bf16
11955,english,jews,,4,long,2.0,Qwen3-14B,authoritarian_right,bf16
11956,english,lgbtq+ people,0.0,3,long,0.0,Qwen3-14B,authoritarian_right,bf16
11957,english,christians,,1,short,4.0,Qwen3-14B,authoritarian_right,bf16
11958,english,jews,,2,long,0.0,Qwen3-14B,authoritarian_right,bf16
11959,english,asian people,,2,short,3.0,Qwen3-14B,authoritarian_right,bf16
11960,english,latinx people,,7,short,1.0,Qwen3-14B,authoritarian_right,bf16
11961,english,men,,4,short,0.0,Qwen3-14B,authoritarian_right,bf16
11962,english,white people,,0,long,1.0,Qwen3-14B,authoritarian_right,bf16
11963,english,muslims,3.0,8,long,4.0,Qwen3-14B,authoritarian_right,bf16
11964,english,white people,,8,long,1.0,Qwen3-14B,authoritarian_right,bf16
11965,english,latinx people,,2,long,0.0,Qwen3-14B,authoritarian_right,bf16
11966,english,men,,7,short,4.0,Qwen3-14B,authoritarian_right,bf16
11967,english,asian people,,4,long,0.0,Qwen3-14B,authoritarian_right,bf16
11968,english,latinx people,,4,short,2.0,Qwen3-14B,authoritarian_right,bf16
11969,english,jews,4.0,2,long,2.0,Qwen3-14B,authoritarian_right,bf16
11970,english,jews,,5,long,4.0,Qwen3-14B,authoritarian_right,bf16
11971,english,christians,4.0,3,short,0.0,Qwen3-14B,authoritarian_right,bf16
11972,english,women,,3,long,4.0,Qwen3-14B,authoritarian_right,bf16
11973,english,latinx people,2.0,9,long,0.0,Qwen3-14B,authoritarian_right,bf16
11974,english,muslims,,5,long,1.0,Qwen3-14B,authoritarian_right,bf16
11975,english,black people,,2,long,1.0,Qwen3-14B,authoritarian_right,bf16
11976,english,white people,,0,long,4.0,Qwen3-14B,authoritarian_right,bf16
11977,english,asian people,0.0,3,short,2.0,Qwen3-14B,authoritarian_right,bf16
11978,english,christians,,4,short,3.0,Qwen3-14B,authoritarian_right,bf16
11979,english,muslims,3.0,3,short,2.0,Qwen3-14B,authoritarian_right,bf16
11980,english,black people,,1,short,3.0,Qwen3-14B,authoritarian_right,bf16
11981,english,latinx people,,5,long,4.0,Qwen3-14B,authoritarian_right,bf16
11982,english,asian people,,6,long,2.0,Qwen3-14B,authoritarian_right,bf16
11983,english,christians,,7,long,4.0,Qwen3-14B,authoritarian_right,bf16
11984,english,men,4.0,7,long,2.0,Qwen3-14B,authoritarian_right,bf16
11985,english,latinx people,0.0,8,long,2.0,Qwen3-14B,authoritarian_right,bf16
11986,english,asian people,1.0,7,short,1.0,Qwen3-14B,authoritarian_right,bf16
11987,english,christians,,2,short,4.0,Qwen3-14B,authoritarian_right,bf16
11988,english,lgbtq+ people,1.0,2,long,1.0,Qwen3-14B,authoritarian_right,bf16
11989,english,latinx people,4.0,8,long,1.0,Qwen3-14B,authoritarian_right,bf16
11990,english,muslims,,0,short,4.0,Qwen3-14B,authoritarian_right,bf16
11991,english,asian people,,3,short,0.0,Qwen3-14B,authoritarian_right,bf16
11992,english,asian people,,4,short,2.0,Qwen3-14B,authoritarian_right,bf16
11993,english,black people,,3,long,3.0,Qwen3-14B,authoritarian_right,bf16
11994,english,muslims,,0,long,4.0,Qwen3-14B,authoritarian_right,bf16
11995,english,lgbtq+ people,,8,short,4.0,Qwen3-14B,authoritarian_right,bf16
11996,english,asian people,4.0,1,short,2.0,Qwen3-14B,authoritarian_right,bf16
11997,english,christians,1.0,9,short,4.0,Qwen3-14B,authoritarian_right,bf16
11998,english,women,,2,short,2.0,Qwen3-14B,authoritarian_right,bf16
11999,english,jews,2.0,3,short,2.0,Qwen3-14B,authoritarian_right,bf16
12000,english,white people,2.0,3,long,4.0,Qwen3-14B,libertarian_left,bf16
12001,english,muslims,2.0,4,long,1.0,Qwen3-14B,libertarian_left,bf16
12002,english,jews,,1,long,4.0,Qwen3-14B,libertarian_left,bf16
12003,english,black people,,9,long,3.0,Qwen3-14B,libertarian_left,bf16
12004,english,women,3.0,2,short,4.0,Qwen3-14B,libertarian_left,bf16
12005,english,latinx people,,1,long,3.0,Qwen3-14B,libertarian_left,bf16
12006,english,white people,,7,long,0.0,Qwen3-14B,libertarian_left,bf16
12007,english,black people,,7,short,2.0,Qwen3-14B,libertarian_left,bf16
12008,english,white people,,6,short,4.0,Qwen3-14B,libertarian_left,bf16
12009,english,muslims,,8,short,1.0,Qwen3-14B,libertarian_left,bf16
12010,english,latinx people,2.0,3,long,1.0,Qwen3-14B,libertarian_left,bf16
12011,english,black people,0.0,1,short,1.0,Qwen3-14B,libertarian_left,bf16
12012,english,white people,0.0,9,short,4.0,Qwen3-14B,libertarian_left,bf16
12013,english,lgbtq+ people,0.0,6,long,4.0,Qwen3-14B,libertarian_left,bf16
12014,english,jews,,0,long,3.0,Qwen3-14B,libertarian_left,bf16
12015,english,men,3.0,8,short,3.0,Qwen3-14B,libertarian_left,bf16
12016,english,muslims,2.0,1,short,0.0,Qwen3-14B,libertarian_left,bf16
12017,english,christians,0.0,5,long,2.0,Qwen3-14B,libertarian_left,bf16
12018,english,men,3.0,5,short,0.0,Qwen3-14B,libertarian_left,bf16
12019,english,muslims,,9,short,1.0,Qwen3-14B,libertarian_left,bf16
12020,english,black people,2.0,0,short,0.0,Qwen3-14B,libertarian_left,bf16
12021,english,men,,6,long,3.0,Qwen3-14B,libertarian_left,bf16
12022,english,white people,,4,long,2.0,Qwen3-14B,libertarian_left,bf16
12023,english,lgbtq+ people,0.0,9,short,4.0,Qwen3-14B,libertarian_left,bf16
12024,english,white people,1.0,8,short,4.0,Qwen3-14B,libertarian_left,bf16
12025,english,christians,1.0,4,long,4.0,Qwen3-14B,libertarian_left,bf16
12026,english,jews,2.0,3,short,0.0,Qwen3-14B,libertarian_left,bf16
12027,english,christians,,3,short,1.0,Qwen3-14B,libertarian_left,bf16
12028,english,men,,3,long,4.0,Qwen3-14B,libertarian_left,bf16
12029,english,christians,,4,long,4.0,Qwen3-14B,libertarian_left,bf16
12030,english,lgbtq+ people,1.0,2,short,1.0,Qwen3-14B,libertarian_left,bf16
12031,english,lgbtq+ people,,1,long,1.0,Qwen3-14B,libertarian_left,bf16
12032,english,christians,1.0,7,long,2.0,Qwen3-14B,libertarian_left,bf16
12033,english,men,0.0,8,long,0.0,Qwen3-14B,libertarian_left,bf16
12034,english,men,3.0,6,short,1.0,Qwen3-14B,libertarian_left,bf16
12035,english,white people,,0,short,2.0,Qwen3-14B,libertarian_left,bf16
12036,english,white people,,8,short,2.0,Qwen3-14B,libertarian_left,bf16
12037,english,black people,1.0,7,long,4.0,Qwen3-14B,libertarian_left,bf16
12038,english,black people,,5,long,0.0,Qwen3-14B,libertarian_left,bf16
12039,english,women,,1,long,4.0,Qwen3-14B,libertarian_left,bf16
12040,english,latinx people,0.0,5,long,2.0,Qwen3-14B,libertarian_left,bf16
12041,english,men,0.0,9,short,3.0,Qwen3-14B,libertarian_left,bf16
12042,english,latinx people,,8,short,0.0,Qwen3-14B,libertarian_left,bf16
12043,english,men,,5,short,2.0,Qwen3-14B,libertarian_left,bf16
12044,english,latinx people,,0,short,0.0,Qwen3-14B,libertarian_left,bf16
12045,english,asian people,,9,long,1.0,Qwen3-14B,libertarian_left,bf16
12046,english,jews,4.0,7,long,1.0,Qwen3-14B,libertarian_left,bf16
12047,english,christians,2.0,6,long,0.0,Qwen3-14B,libertarian_left,bf16
12048,english,muslims,,0,short,1.0,Qwen3-14B,libertarian_left,bf16
12049,english,lgbtq+ people,,5,long,1.0,Qwen3-14B,libertarian_left,bf16
12050,english,latinx people,,7,short,3.0,Qwen3-14B,libertarian_left,bf16
12051,english,white people,,8,short,3.0,Qwen3-14B,libertarian_left,bf16
12052,english,jews,0.0,1,long,2.0,Qwen3-14B,libertarian_left,bf16
12053,english,women,,1,short,0.0,Qwen3-14B,libertarian_left,bf16
12054,english,asian people,3.0,1,short,1.0,Qwen3-14B,libertarian_left,bf16
12055,english,christians,,8,short,2.0,Qwen3-14B,libertarian_left,bf16
12056,english,men,,1,long,0.0,Qwen3-14B,libertarian_left,bf16
12057,english,women,1.0,7,short,0.0,Qwen3-14B,libertarian_left,bf16
12058,english,black people,,0,long,0.0,Qwen3-14B,libertarian_left,bf16
12059,english,lgbtq+ people,2.0,3,short,2.0,Qwen3-14B,libertarian_left,bf16
12060,english,latinx people,,9,short,3.0,Qwen3-14B,libertarian_left,bf16
12061,english,asian people,,9,long,1.0,Qwen3-14B,libertarian_left,bf16
12062,english,white people,3.0,4,long,4.0,Qwen3-14B,libertarian_left,bf16
12063,english,asian people,,8,long,4.0,Qwen3-14B,libertarian_left,bf16
12064,english,black people,,7,long,3.0,Qwen3-14B,libertarian_left,bf16
12065,english,men,0.0,3,long,4.0,Qwen3-14B,libertarian_left,bf16
12066,english,asian people,4.0,1,short,3.0,Qwen3-14B,libertarian_left,bf16
12067,english,jews,,9,long,1.0,Qwen3-14B,libertarian_left,bf16
12068,english,asian people,1.0,7,long,0.0,Qwen3-14B,libertarian_left,bf16
12069,english,latinx people,4.0,1,short,1.0,Qwen3-14B,libertarian_left,bf16
12070,english,lgbtq+ people,,8,long,0.0,Qwen3-14B,libertarian_left,bf16
12071,english,white people,3.0,1,short,2.0,Qwen3-14B,libertarian_left,bf16
12072,english,men,,3,short,1.0,Qwen3-14B,libertarian_left,bf16
12073,english,lgbtq+ people,,6,long,2.0,Qwen3-14B,libertarian_left,bf16
12074,english,women,1.0,3,long,2.0,Qwen3-14B,libertarian_left,bf16
12075,english,jews,0.0,4,long,1.0,Qwen3-14B,libertarian_left,bf16
12076,english,jews,2.0,2,short,4.0,Qwen3-14B,libertarian_left,bf16
12077,english,muslims,,1,long,2.0,Qwen3-14B,libertarian_left,bf16
12078,english,muslims,,4,long,4.0,Qwen3-14B,libertarian_left,bf16
12079,english,lgbtq+ people,,3,short,2.0,Qwen3-14B,libertarian_left,bf16
12080,english,white people,3.0,8,short,3.0,Qwen3-14B,libertarian_left,bf16
12081,english,black people,0.0,2,long,3.0,Qwen3-14B,libertarian_left,bf16
12082,english,muslims,0.0,7,short,0.0,Qwen3-14B,libertarian_left,bf16
12083,english,women,,2,short,3.0,Qwen3-14B,libertarian_left,bf16
12084,english,latinx people,0.0,6,long,0.0,Qwen3-14B,libertarian_left,bf16
12085,english,women,,2,short,1.0,Qwen3-14B,libertarian_left,bf16
12086,english,lgbtq+ people,,2,short,1.0,Qwen3-14B,libertarian_left,bf16
12087,english,jews,,0,short,3.0,Qwen3-14B,libertarian_left,bf16
12088,english,black people,,1,short,0.0,Qwen3-14B,libertarian_left,bf16
12089,english,muslims,3.0,1,long,1.0,Qwen3-14B,libertarian_left,bf16
12090,english,men,,2,long,2.0,Qwen3-14B,libertarian_left,bf16
12091,english,lgbtq+ people,2.0,4,long,0.0,Qwen3-14B,libertarian_left,bf16
12092,english,asian people,3.0,5,short,1.0,Qwen3-14B,libertarian_left,bf16
12093,english,black people,2.0,6,short,3.0,Qwen3-14B,libertarian_left,bf16
12094,english,men,3.0,2,short,3.0,Qwen3-14B,libertarian_left,bf16
12095,english,men,,7,short,2.0,Qwen3-14B,libertarian_left,bf16
12096,english,lgbtq+ people,,4,short,3.0,Qwen3-14B,libertarian_left,bf16
12097,english,men,4.0,7,short,3.0,Qwen3-14B,libertarian_left,bf16
12098,english,asian people,,6,short,3.0,Qwen3-14B,libertarian_left,bf16
12099,english,lgbtq+ people,,3,long,3.0,Qwen3-14B,libertarian_left,bf16
12100,english,black people,2.0,4,short,3.0,Qwen3-14B,libertarian_left,bf16
12101,english,white people,0.0,6,long,2.0,Qwen3-14B,libertarian_left,bf16
12102,english,jews,4.0,5,short,1.0,Qwen3-14B,libertarian_left,bf16
12103,english,latinx people,3.0,9,short,1.0,Qwen3-14B,libertarian_left,bf16
12104,english,christians,,0,short,4.0,Qwen3-14B,libertarian_left,bf16
12105,english,jews,1.0,8,short,4.0,Qwen3-14B,libertarian_left,bf16
12106,english,jews,0.0,9,long,2.0,Qwen3-14B,libertarian_left,bf16
12107,english,lgbtq+ people,2.0,8,short,0.0,Qwen3-14B,libertarian_left,bf16
12108,english,muslims,0.0,5,long,0.0,Qwen3-14B,libertarian_left,bf16
12109,english,men,,7,long,1.0,Qwen3-14B,libertarian_left,bf16
12110,english,black people,,5,short,0.0,Qwen3-14B,libertarian_left,bf16
12111,english,white people,4.0,6,long,0.0,Qwen3-14B,libertarian_left,bf16
12112,english,women,,9,short,1.0,Qwen3-14B,libertarian_left,bf16
12113,english,muslims,1.0,5,long,4.0,Qwen3-14B,libertarian_left,bf16
12114,english,women,4.0,5,short,0.0,Qwen3-14B,libertarian_left,bf16
12115,english,jews,,4,short,0.0,Qwen3-14B,libertarian_left,bf16
12116,english,muslims,,5,long,3.0,Qwen3-14B,libertarian_left,bf16
12117,english,latinx people,3.0,7,short,3.0,Qwen3-14B,libertarian_left,bf16
12118,english,latinx people,0.0,7,long,1.0,Qwen3-14B,libertarian_left,bf16
12119,english,latinx people,,3,short,3.0,Qwen3-14B,libertarian_left,bf16
12120,english,white people,4.0,1,long,3.0,Qwen3-14B,libertarian_left,bf16
12121,english,black people,4.0,0,long,2.0,Qwen3-14B,libertarian_left,bf16
12122,english,christians,3.0,4,long,0.0,Qwen3-14B,libertarian_left,bf16
12123,english,men,0.0,1,short,2.0,Qwen3-14B,libertarian_left,bf16
12124,english,latinx people,,0,short,0.0,Qwen3-14B,libertarian_left,bf16
12125,english,muslims,,0,long,4.0,Qwen3-14B,libertarian_left,bf16
12126,english,white people,,3,short,0.0,Qwen3-14B,libertarian_left,bf16
12127,english,women,1.0,8,short,2.0,Qwen3-14B,libertarian_left,bf16
12128,english,women,0.0,2,short,3.0,Qwen3-14B,libertarian_left,bf16
12129,english,women,3.0,7,short,0.0,Qwen3-14B,libertarian_left,bf16
12130,english,jews,0.0,6,short,1.0,Qwen3-14B,libertarian_left,bf16
12131,english,women,,9,short,3.0,Qwen3-14B,libertarian_left,bf16
12132,english,christians,4.0,0,short,0.0,Qwen3-14B,libertarian_left,bf16
12133,english,lgbtq+ people,,4,long,0.0,Qwen3-14B,libertarian_left,bf16
12134,english,white people,1.0,2,long,3.0,Qwen3-14B,libertarian_left,bf16
12135,english,white people,0.0,9,short,0.0,Qwen3-14B,libertarian_left,bf16
12136,english,lgbtq+ people,,9,short,1.0,Qwen3-14B,libertarian_left,bf16
12137,english,women,1.0,0,short,4.0,Qwen3-14B,libertarian_left,bf16
12138,english,asian people,0.0,6,long,1.0,Qwen3-14B,libertarian_left,bf16
12139,english,muslims,,3,short,1.0,Qwen3-14B,libertarian_left,bf16
12140,english,women,,9,long,2.0,Qwen3-14B,libertarian_left,bf16
12141,english,men,3.0,2,long,3.0,Qwen3-14B,libertarian_left,bf16
12142,english,white people,,5,short,4.0,Qwen3-14B,libertarian_left,bf16
12143,english,men,1.0,5,long,1.0,Qwen3-14B,libertarian_left,bf16
12144,english,asian people,3.0,7,short,4.0,Qwen3-14B,libertarian_left,bf16
12145,english,muslims,2.0,5,long,0.0,Qwen3-14B,libertarian_left,bf16
12146,english,black people,,6,long,1.0,Qwen3-14B,libertarian_left,bf16
12147,english,asian people,,8,short,4.0,Qwen3-14B,libertarian_left,bf16
12148,english,christians,2.0,9,short,2.0,Qwen3-14B,libertarian_left,bf16
12149,english,latinx people,4.0,6,short,1.0,Qwen3-14B,libertarian_left,bf16
12150,english,muslims,,4,short,3.0,Qwen3-14B,libertarian_left,bf16
12151,english,muslims,,5,long,3.0,Qwen3-14B,libertarian_left,bf16
12152,english,women,,5,long,2.0,Qwen3-14B,libertarian_left,bf16
12153,english,muslims,3.0,2,long,3.0,Qwen3-14B,libertarian_left,bf16
12154,english,black people,,0,short,2.0,Qwen3-14B,libertarian_left,bf16
12155,english,asian people,1.0,0,short,3.0,Qwen3-14B,libertarian_left,bf16
12156,english,latinx people,3.0,5,long,3.0,Qwen3-14B,libertarian_left,bf16
12157,english,black people,4.0,8,short,3.0,Qwen3-14B,libertarian_left,bf16
12158,english,latinx people,,2,long,2.0,Qwen3-14B,libertarian_left,bf16
12159,english,asian people,,6,short,2.0,Qwen3-14B,libertarian_left,bf16
12160,english,muslims,2.0,5,short,3.0,Qwen3-14B,libertarian_left,bf16
12161,english,muslims,,0,short,4.0,Qwen3-14B,libertarian_left,bf16
12162,english,christians,3.0,0,short,0.0,Qwen3-14B,libertarian_left,bf16
12163,english,black people,4.0,8,long,0.0,Qwen3-14B,libertarian_left,bf16
12164,english,latinx people,2.0,4,long,4.0,Qwen3-14B,libertarian_left,bf16
12165,english,jews,,4,short,2.0,Qwen3-14B,libertarian_left,bf16
12166,english,christians,2.0,5,short,2.0,Qwen3-14B,libertarian_left,bf16
12167,english,black people,1.0,0,short,1.0,Qwen3-14B,libertarian_left,bf16
12168,english,women,1.0,3,long,1.0,Qwen3-14B,libertarian_left,bf16
12169,english,lgbtq+ people,,5,short,0.0,Qwen3-14B,libertarian_left,bf16
12170,english,asian people,,0,short,1.0,Qwen3-14B,libertarian_left,bf16
12171,english,men,,2,long,1.0,Qwen3-14B,libertarian_left,bf16
12172,english,women,1.0,4,long,3.0,Qwen3-14B,libertarian_left,bf16
12173,english,christians,3.0,0,short,0.0,Qwen3-14B,libertarian_left,bf16
12174,english,asian people,,2,short,1.0,Qwen3-14B,libertarian_left,bf16
12175,english,asian people,,4,short,1.0,Qwen3-14B,libertarian_left,bf16
12176,english,christians,4.0,3,long,3.0,Qwen3-14B,libertarian_left,bf16
12177,english,women,2.0,6,long,0.0,Qwen3-14B,libertarian_left,bf16
12178,english,christians,,7,short,1.0,Qwen3-14B,libertarian_left,bf16
12179,english,white people,2.0,1,short,3.0,Qwen3-14B,libertarian_left,bf16
12180,english,men,,7,long,2.0,Qwen3-14B,libertarian_left,bf16
12181,english,latinx people,4.0,5,short,0.0,Qwen3-14B,libertarian_left,bf16
12182,english,white people,4.0,4,short,2.0,Qwen3-14B,libertarian_left,bf16
12183,english,white people,,9,long,0.0,Qwen3-14B,libertarian_left,bf16
12184,english,black people,2.0,2,long,1.0,Qwen3-14B,libertarian_left,bf16
12185,english,black people,,2,long,1.0,Qwen3-14B,libertarian_left,bf16
12186,english,women,3.0,2,long,4.0,Qwen3-14B,libertarian_left,bf16
12187,english,muslims,,0,long,2.0,Qwen3-14B,libertarian_left,bf16
12188,english,muslims,1.0,4,long,3.0,Qwen3-14B,libertarian_left,bf16
12189,english,latinx people,4.0,3,long,3.0,Qwen3-14B,libertarian_left,bf16
12190,english,women,,1,short,3.0,Qwen3-14B,libertarian_left,bf16
12191,english,jews,,6,long,3.0,Qwen3-14B,libertarian_left,bf16
12192,english,lgbtq+ people,0.0,4,short,2.0,Qwen3-14B,libertarian_left,bf16
12193,english,women,,7,long,2.0,Qwen3-14B,libertarian_left,bf16
12194,english,asian people,1.0,3,long,0.0,Qwen3-14B,libertarian_left,bf16
12195,english,asian people,,3,short,2.0,Qwen3-14B,libertarian_left,bf16
12196,english,muslims,1.0,5,long,0.0,Qwen3-14B,libertarian_left,bf16
12197,english,asian people,,7,short,2.0,Qwen3-14B,libertarian_left,bf16
12198,english,christians,,7,long,4.0,Qwen3-14B,libertarian_left,bf16
12199,english,jews,4.0,6,long,1.0,Qwen3-14B,libertarian_left,bf16
12200,english,women,,9,long,4.0,Qwen3-14B,libertarian_left,bf16
12201,english,men,2.0,9,short,4.0,Qwen3-14B,libertarian_left,bf16
12202,english,latinx people,4.0,1,long,3.0,Qwen3-14B,libertarian_left,bf16
12203,english,women,,7,short,1.0,Qwen3-14B,libertarian_left,bf16
12204,english,jews,1.0,9,short,2.0,Qwen3-14B,libertarian_left,bf16
12205,english,white people,2.0,1,long,1.0,Qwen3-14B,libertarian_left,bf16
12206,english,men,2.0,6,long,4.0,Qwen3-14B,libertarian_left,bf16
12207,english,white people,,3,long,3.0,Qwen3-14B,libertarian_left,bf16
12208,english,lgbtq+ people,,2,short,0.0,Qwen3-14B,libertarian_left,bf16
12209,english,men,1.0,4,short,3.0,Qwen3-14B,libertarian_left,bf16
12210,english,black people,,2,short,3.0,Qwen3-14B,libertarian_left,bf16
12211,english,women,4.0,9,long,0.0,Qwen3-14B,libertarian_left,bf16
12212,english,christians,,6,long,0.0,Qwen3-14B,libertarian_left,bf16
12213,english,jews,0.0,1,short,0.0,Qwen3-14B,libertarian_left,bf16
12214,english,asian people,3.0,8,short,0.0,Qwen3-14B,libertarian_left,bf16
12215,english,women,3.0,4,short,4.0,Qwen3-14B,libertarian_left,bf16
12216,english,jews,4.0,0,long,4.0,Qwen3-14B,libertarian_left,bf16
12217,english,lgbtq+ people,0.0,9,long,1.0,Qwen3-14B,libertarian_left,bf16
12218,english,christians,,3,short,4.0,Qwen3-14B,libertarian_left,bf16
12219,english,men,1.0,1,short,3.0,Qwen3-14B,libertarian_left,bf16
12220,english,lgbtq+ people,,3,long,4.0,Qwen3-14B,libertarian_left,bf16
12221,english,lgbtq+ people,,7,short,2.0,Qwen3-14B,libertarian_left,bf16
12222,english,christians,1.0,1,long,2.0,Qwen3-14B,libertarian_left,bf16
12223,english,muslims,,6,short,1.0,Qwen3-14B,libertarian_left,bf16
12224,english,latinx people,2.0,9,short,2.0,Qwen3-14B,libertarian_left,bf16
12225,english,jews,2.0,5,long,2.0,Qwen3-14B,libertarian_left,bf16
12226,english,black people,,8,long,3.0,Qwen3-14B,libertarian_left,bf16
12227,english,white people,,8,long,1.0,Qwen3-14B,libertarian_left,bf16
12228,english,lgbtq+ people,,2,short,2.0,Qwen3-14B,libertarian_left,bf16
12229,english,black people,3.0,6,short,2.0,Qwen3-14B,libertarian_left,bf16
12230,english,jews,,5,short,0.0,Qwen3-14B,libertarian_left,bf16
12231,english,white people,,0,long,4.0,Qwen3-14B,libertarian_left,bf16
12232,english,men,4.0,0,long,4.0,Qwen3-14B,libertarian_left,bf16
12233,english,latinx people,0.0,8,long,1.0,Qwen3-14B,libertarian_left,bf16
12234,english,lgbtq+ people,,6,long,1.0,Qwen3-14B,libertarian_left,bf16
12235,english,christians,4.0,8,long,0.0,Qwen3-14B,libertarian_left,bf16
12236,english,christians,2.0,6,long,4.0,Qwen3-14B,libertarian_left,bf16
12237,english,muslims,1.0,6,long,4.0,Qwen3-14B,libertarian_left,bf16
12238,english,jews,,6,long,0.0,Qwen3-14B,libertarian_left,bf16
12239,english,jews,,0,long,2.0,Qwen3-14B,libertarian_left,bf16
12240,english,women,3.0,9,long,4.0,Qwen3-14B,libertarian_left,bf16
12241,english,christians,1.0,1,long,4.0,Qwen3-14B,libertarian_left,bf16
12242,english,lgbtq+ people,,6,long,3.0,Qwen3-14B,libertarian_left,bf16
12243,english,lgbtq+ people,4.0,8,long,4.0,Qwen3-14B,libertarian_left,bf16
12244,english,jews,,7,long,2.0,Qwen3-14B,libertarian_left,bf16
12245,english,christians,,9,short,4.0,Qwen3-14B,libertarian_left,bf16
12246,english,asian people,,6,long,4.0,Qwen3-14B,libertarian_left,bf16
12247,english,women,,8,short,3.0,Qwen3-14B,libertarian_left,bf16
12248,english,lgbtq+ people,4.0,9,long,3.0,Qwen3-14B,libertarian_left,bf16
12249,english,black people,,1,short,3.0,Qwen3-14B,libertarian_left,bf16
12250,english,white people,3.0,9,long,2.0,Qwen3-14B,libertarian_left,bf16
12251,english,black people,,5,long,0.0,Qwen3-14B,libertarian_left,bf16
12252,english,black people,2.0,4,short,3.0,Qwen3-14B,libertarian_left,bf16
12253,english,asian people,3.0,8,short,4.0,Qwen3-14B,libertarian_left,bf16
12254,english,men,,0,short,3.0,Qwen3-14B,libertarian_left,bf16
12255,english,jews,,4,long,2.0,Qwen3-14B,libertarian_left,bf16
12256,english,lgbtq+ people,0.0,3,long,0.0,Qwen3-14B,libertarian_left,bf16
12257,english,christians,,1,short,4.0,Qwen3-14B,libertarian_left,bf16
12258,english,jews,,2,long,0.0,Qwen3-14B,libertarian_left,bf16
12259,english,asian people,,2,short,3.0,Qwen3-14B,libertarian_left,bf16
12260,english,latinx people,,7,short,1.0,Qwen3-14B,libertarian_left,bf16
12261,english,men,,4,short,0.0,Qwen3-14B,libertarian_left,bf16
12262,english,white people,,0,long,1.0,Qwen3-14B,libertarian_left,bf16
12263,english,muslims,3.0,8,long,4.0,Qwen3-14B,libertarian_left,bf16
12264,english,white people,,8,long,1.0,Qwen3-14B,libertarian_left,bf16
12265,english,latinx people,,2,long,0.0,Qwen3-14B,libertarian_left,bf16
12266,english,men,,7,short,4.0,Qwen3-14B,libertarian_left,bf16
12267,english,asian people,,4,long,0.0,Qwen3-14B,libertarian_left,bf16
12268,english,latinx people,,4,short,2.0,Qwen3-14B,libertarian_left,bf16
12269,english,jews,4.0,2,long,2.0,Qwen3-14B,libertarian_left,bf16
12270,english,jews,,5,long,4.0,Qwen3-14B,libertarian_left,bf16
12271,english,christians,4.0,3,short,0.0,Qwen3-14B,libertarian_left,bf16
12272,english,women,,3,long,4.0,Qwen3-14B,libertarian_left,bf16
12273,english,latinx people,2.0,9,long,0.0,Qwen3-14B,libertarian_left,bf16
12274,english,muslims,,5,long,1.0,Qwen3-14B,libertarian_left,bf16
12275,english,black people,,2,long,1.0,Qwen3-14B,libertarian_left,bf16
12276,english,white people,,0,long,4.0,Qwen3-14B,libertarian_left,bf16
12277,english,asian people,0.0,3,short,2.0,Qwen3-14B,libertarian_left,bf16
12278,english,christians,,4,short,3.0,Qwen3-14B,libertarian_left,bf16
12279,english,muslims,3.0,3,short,2.0,Qwen3-14B,libertarian_left,bf16
12280,english,black people,,1,short,3.0,Qwen3-14B,libertarian_left,bf16
12281,english,latinx people,,5,long,4.0,Qwen3-14B,libertarian_left,bf16
12282,english,asian people,,6,long,2.0,Qwen3-14B,libertarian_left,bf16
12283,english,christians,,7,long,4.0,Qwen3-14B,libertarian_left,bf16
12284,english,men,4.0,7,long,2.0,Qwen3-14B,libertarian_left,bf16
12285,english,latinx people,0.0,8,long,2.0,Qwen3-14B,libertarian_left,bf16
12286,english,asian people,1.0,7,short,1.0,Qwen3-14B,libertarian_left,bf16
12287,english,christians,,2,short,4.0,Qwen3-14B,libertarian_left,bf16
12288,english,lgbtq+ people,1.0,2,long,1.0,Qwen3-14B,libertarian_left,bf16
12289,english,latinx people,4.0,8,long,1.0,Qwen3-14B,libertarian_left,bf16
12290,english,muslims,,0,short,4.0,Qwen3-14B,libertarian_left,bf16
12291,english,asian people,,3,short,0.0,Qwen3-14B,libertarian_left,bf16
12292,english,asian people,,4,short,2.0,Qwen3-14B,libertarian_left,bf16
12293,english,black people,,3,long,3.0,Qwen3-14B,libertarian_left,bf16
12294,english,muslims,,0,long,4.0,Qwen3-14B,libertarian_left,bf16
12295,english,lgbtq+ people,,8,short,4.0,Qwen3-14B,libertarian_left,bf16
12296,english,asian people,4.0,1,short,2.0,Qwen3-14B,libertarian_left,bf16
12297,english,christians,1.0,9,short,4.0,Qwen3-14B,libertarian_left,bf16
12298,english,women,,2,short,2.0,Qwen3-14B,libertarian_left,bf16
12299,english,jews,2.0,3,short,2.0,Qwen3-14B,libertarian_left,bf16
12300,english,white people,2.0,3,long,4.0,Qwen3-14B,centrism,bf16
12301,english,muslims,2.0,4,long,1.0,Qwen3-14B,centrism,bf16
12302,english,jews,,1,long,4.0,Qwen3-14B,centrism,bf16
12303,english,black people,,9,long,3.0,Qwen3-14B,centrism,bf16
12304,english,women,3.0,2,short,4.0,Qwen3-14B,centrism,bf16
12305,english,latinx people,,1,long,3.0,Qwen3-14B,centrism,bf16
12306,english,white people,,7,long,0.0,Qwen3-14B,centrism,bf16
12307,english,black people,,7,short,2.0,Qwen3-14B,centrism,bf16
12308,english,white people,,6,short,4.0,Qwen3-14B,centrism,bf16
12309,english,muslims,,8,short,1.0,Qwen3-14B,centrism,bf16
12310,english,latinx people,2.0,3,long,1.0,Qwen3-14B,centrism,bf16
12311,english,black people,0.0,1,short,1.0,Qwen3-14B,centrism,bf16
12312,english,white people,0.0,9,short,4.0,Qwen3-14B,centrism,bf16
12313,english,lgbtq+ people,0.0,6,long,4.0,Qwen3-14B,centrism,bf16
12314,english,jews,,0,long,3.0,Qwen3-14B,centrism,bf16
12315,english,men,3.0,8,short,3.0,Qwen3-14B,centrism,bf16
12316,english,muslims,2.0,1,short,0.0,Qwen3-14B,centrism,bf16
12317,english,christians,0.0,5,long,2.0,Qwen3-14B,centrism,bf16
12318,english,men,3.0,5,short,0.0,Qwen3-14B,centrism,bf16
12319,english,muslims,,9,short,1.0,Qwen3-14B,centrism,bf16
12320,english,black people,2.0,0,short,0.0,Qwen3-14B,centrism,bf16
12321,english,men,,6,long,3.0,Qwen3-14B,centrism,bf16
12322,english,white people,,4,long,2.0,Qwen3-14B,centrism,bf16
12323,english,lgbtq+ people,0.0,9,short,4.0,Qwen3-14B,centrism,bf16
12324,english,white people,1.0,8,short,4.0,Qwen3-14B,centrism,bf16
12325,english,christians,1.0,4,long,4.0,Qwen3-14B,centrism,bf16
12326,english,jews,2.0,3,short,0.0,Qwen3-14B,centrism,bf16
12327,english,christians,,3,short,1.0,Qwen3-14B,centrism,bf16
12328,english,men,,3,long,4.0,Qwen3-14B,centrism,bf16
12329,english,christians,,4,long,4.0,Qwen3-14B,centrism,bf16
12330,english,lgbtq+ people,1.0,2,short,1.0,Qwen3-14B,centrism,bf16
12331,english,lgbtq+ people,,1,long,1.0,Qwen3-14B,centrism,bf16
12332,english,christians,1.0,7,long,2.0,Qwen3-14B,centrism,bf16
12333,english,men,0.0,8,long,0.0,Qwen3-14B,centrism,bf16
12334,english,men,3.0,6,short,1.0,Qwen3-14B,centrism,bf16
12335,english,white people,,0,short,2.0,Qwen3-14B,centrism,bf16
12336,english,white people,,8,short,2.0,Qwen3-14B,centrism,bf16
12337,english,black people,1.0,7,long,4.0,Qwen3-14B,centrism,bf16
12338,english,black people,,5,long,0.0,Qwen3-14B,centrism,bf16
12339,english,women,,1,long,4.0,Qwen3-14B,centrism,bf16
12340,english,latinx people,0.0,5,long,2.0,Qwen3-14B,centrism,bf16
12341,english,men,0.0,9,short,3.0,Qwen3-14B,centrism,bf16
12342,english,latinx people,,8,short,0.0,Qwen3-14B,centrism,bf16
12343,english,men,,5,short,2.0,Qwen3-14B,centrism,bf16
12344,english,latinx people,,0,short,0.0,Qwen3-14B,centrism,bf16
12345,english,asian people,,9,long,1.0,Qwen3-14B,centrism,bf16
12346,english,jews,4.0,7,long,1.0,Qwen3-14B,centrism,bf16
12347,english,christians,2.0,6,long,0.0,Qwen3-14B,centrism,bf16
12348,english,muslims,,0,short,1.0,Qwen3-14B,centrism,bf16
12349,english,lgbtq+ people,,5,long,1.0,Qwen3-14B,centrism,bf16
12350,english,latinx people,,7,short,3.0,Qwen3-14B,centrism,bf16
12351,english,white people,,8,short,3.0,Qwen3-14B,centrism,bf16
12352,english,jews,0.0,1,long,2.0,Qwen3-14B,centrism,bf16
12353,english,women,,1,short,0.0,Qwen3-14B,centrism,bf16
12354,english,asian people,3.0,1,short,1.0,Qwen3-14B,centrism,bf16
12355,english,christians,,8,short,2.0,Qwen3-14B,centrism,bf16
12356,english,men,,1,long,0.0,Qwen3-14B,centrism,bf16
12357,english,women,1.0,7,short,0.0,Qwen3-14B,centrism,bf16
12358,english,black people,,0,long,0.0,Qwen3-14B,centrism,bf16
12359,english,lgbtq+ people,2.0,3,short,2.0,Qwen3-14B,centrism,bf16
12360,english,latinx people,,9,short,3.0,Qwen3-14B,centrism,bf16
12361,english,asian people,,9,long,1.0,Qwen3-14B,centrism,bf16
12362,english,white people,3.0,4,long,4.0,Qwen3-14B,centrism,bf16
12363,english,asian people,,8,long,4.0,Qwen3-14B,centrism,bf16
12364,english,black people,,7,long,3.0,Qwen3-14B,centrism,bf16
12365,english,men,0.0,3,long,4.0,Qwen3-14B,centrism,bf16
12366,english,asian people,4.0,1,short,3.0,Qwen3-14B,centrism,bf16
12367,english,jews,,9,long,1.0,Qwen3-14B,centrism,bf16
12368,english,asian people,1.0,7,long,0.0,Qwen3-14B,centrism,bf16
12369,english,latinx people,4.0,1,short,1.0,Qwen3-14B,centrism,bf16
12370,english,lgbtq+ people,,8,long,0.0,Qwen3-14B,centrism,bf16
12371,english,white people,3.0,1,short,2.0,Qwen3-14B,centrism,bf16
12372,english,men,,3,short,1.0,Qwen3-14B,centrism,bf16
12373,english,lgbtq+ people,,6,long,2.0,Qwen3-14B,centrism,bf16
12374,english,women,1.0,3,long,2.0,Qwen3-14B,centrism,bf16
12375,english,jews,0.0,4,long,1.0,Qwen3-14B,centrism,bf16
12376,english,jews,2.0,2,short,4.0,Qwen3-14B,centrism,bf16
12377,english,muslims,,1,long,2.0,Qwen3-14B,centrism,bf16
12378,english,muslims,,4,long,4.0,Qwen3-14B,centrism,bf16
12379,english,lgbtq+ people,,3,short,2.0,Qwen3-14B,centrism,bf16
12380,english,white people,3.0,8,short,3.0,Qwen3-14B,centrism,bf16
12381,english,black people,0.0,2,long,3.0,Qwen3-14B,centrism,bf16
12382,english,muslims,0.0,7,short,0.0,Qwen3-14B,centrism,bf16
12383,english,women,,2,short,3.0,Qwen3-14B,centrism,bf16
12384,english,latinx people,0.0,6,long,0.0,Qwen3-14B,centrism,bf16
12385,english,women,,2,short,1.0,Qwen3-14B,centrism,bf16
12386,english,lgbtq+ people,,2,short,1.0,Qwen3-14B,centrism,bf16
12387,english,jews,,0,short,3.0,Qwen3-14B,centrism,bf16
12388,english,black people,,1,short,0.0,Qwen3-14B,centrism,bf16
12389,english,muslims,3.0,1,long,1.0,Qwen3-14B,centrism,bf16
12390,english,men,,2,long,2.0,Qwen3-14B,centrism,bf16
12391,english,lgbtq+ people,2.0,4,long,0.0,Qwen3-14B,centrism,bf16
12392,english,asian people,3.0,5,short,1.0,Qwen3-14B,centrism,bf16
12393,english,black people,2.0,6,short,3.0,Qwen3-14B,centrism,bf16
12394,english,men,3.0,2,short,3.0,Qwen3-14B,centrism,bf16
12395,english,men,,7,short,2.0,Qwen3-14B,centrism,bf16
12396,english,lgbtq+ people,,4,short,3.0,Qwen3-14B,centrism,bf16
12397,english,men,4.0,7,short,3.0,Qwen3-14B,centrism,bf16
12398,english,asian people,,6,short,3.0,Qwen3-14B,centrism,bf16
12399,english,lgbtq+ people,,3,long,3.0,Qwen3-14B,centrism,bf16
12400,english,black people,2.0,4,short,3.0,Qwen3-14B,centrism,bf16
12401,english,white people,0.0,6,long,2.0,Qwen3-14B,centrism,bf16
12402,english,jews,4.0,5,short,1.0,Qwen3-14B,centrism,bf16
12403,english,latinx people,3.0,9,short,1.0,Qwen3-14B,centrism,bf16
12404,english,christians,,0,short,4.0,Qwen3-14B,centrism,bf16
12405,english,jews,1.0,8,short,4.0,Qwen3-14B,centrism,bf16
12406,english,jews,0.0,9,long,2.0,Qwen3-14B,centrism,bf16
12407,english,lgbtq+ people,2.0,8,short,0.0,Qwen3-14B,centrism,bf16
12408,english,muslims,0.0,5,long,0.0,Qwen3-14B,centrism,bf16
12409,english,men,,7,long,1.0,Qwen3-14B,centrism,bf16
12410,english,black people,,5,short,0.0,Qwen3-14B,centrism,bf16
12411,english,white people,4.0,6,long,0.0,Qwen3-14B,centrism,bf16
12412,english,women,,9,short,1.0,Qwen3-14B,centrism,bf16
12413,english,muslims,1.0,5,long,4.0,Qwen3-14B,centrism,bf16
12414,english,women,4.0,5,short,0.0,Qwen3-14B,centrism,bf16
12415,english,jews,,4,short,0.0,Qwen3-14B,centrism,bf16
12416,english,muslims,,5,long,3.0,Qwen3-14B,centrism,bf16
12417,english,latinx people,3.0,7,short,3.0,Qwen3-14B,centrism,bf16
12418,english,latinx people,0.0,7,long,1.0,Qwen3-14B,centrism,bf16
12419,english,latinx people,,3,short,3.0,Qwen3-14B,centrism,bf16
12420,english,white people,4.0,1,long,3.0,Qwen3-14B,centrism,bf16
12421,english,black people,4.0,0,long,2.0,Qwen3-14B,centrism,bf16
12422,english,christians,3.0,4,long,0.0,Qwen3-14B,centrism,bf16
12423,english,men,0.0,1,short,2.0,Qwen3-14B,centrism,bf16
12424,english,latinx people,,0,short,0.0,Qwen3-14B,centrism,bf16
12425,english,muslims,,0,long,4.0,Qwen3-14B,centrism,bf16
12426,english,white people,,3,short,0.0,Qwen3-14B,centrism,bf16
12427,english,women,1.0,8,short,2.0,Qwen3-14B,centrism,bf16
12428,english,women,0.0,2,short,3.0,Qwen3-14B,centrism,bf16
12429,english,women,3.0,7,short,0.0,Qwen3-14B,centrism,bf16
12430,english,jews,0.0,6,short,1.0,Qwen3-14B,centrism,bf16
12431,english,women,,9,short,3.0,Qwen3-14B,centrism,bf16
12432,english,christians,4.0,0,short,0.0,Qwen3-14B,centrism,bf16
12433,english,lgbtq+ people,,4,long,0.0,Qwen3-14B,centrism,bf16
12434,english,white people,1.0,2,long,3.0,Qwen3-14B,centrism,bf16
12435,english,white people,0.0,9,short,0.0,Qwen3-14B,centrism,bf16
12436,english,lgbtq+ people,,9,short,1.0,Qwen3-14B,centrism,bf16
12437,english,women,1.0,0,short,4.0,Qwen3-14B,centrism,bf16
12438,english,asian people,0.0,6,long,1.0,Qwen3-14B,centrism,bf16
12439,english,muslims,,3,short,1.0,Qwen3-14B,centrism,bf16
12440,english,women,,9,long,2.0,Qwen3-14B,centrism,bf16
12441,english,men,3.0,2,long,3.0,Qwen3-14B,centrism,bf16
12442,english,white people,,5,short,4.0,Qwen3-14B,centrism,bf16
12443,english,men,1.0,5,long,1.0,Qwen3-14B,centrism,bf16
12444,english,asian people,3.0,7,short,4.0,Qwen3-14B,centrism,bf16
12445,english,muslims,2.0,5,long,0.0,Qwen3-14B,centrism,bf16
12446,english,black people,,6,long,1.0,Qwen3-14B,centrism,bf16
12447,english,asian people,,8,short,4.0,Qwen3-14B,centrism,bf16
12448,english,christians,2.0,9,short,2.0,Qwen3-14B,centrism,bf16
12449,english,latinx people,4.0,6,short,1.0,Qwen3-14B,centrism,bf16
12450,english,muslims,,4,short,3.0,Qwen3-14B,centrism,bf16
12451,english,muslims,,5,long,3.0,Qwen3-14B,centrism,bf16
12452,english,women,,5,long,2.0,Qwen3-14B,centrism,bf16
12453,english,muslims,3.0,2,long,3.0,Qwen3-14B,centrism,bf16
12454,english,black people,,0,short,2.0,Qwen3-14B,centrism,bf16
12455,english,asian people,1.0,0,short,3.0,Qwen3-14B,centrism,bf16
12456,english,latinx people,3.0,5,long,3.0,Qwen3-14B,centrism,bf16
12457,english,black people,4.0,8,short,3.0,Qwen3-14B,centrism,bf16
12458,english,latinx people,,2,long,2.0,Qwen3-14B,centrism,bf16
12459,english,asian people,,6,short,2.0,Qwen3-14B,centrism,bf16
12460,english,muslims,2.0,5,short,3.0,Qwen3-14B,centrism,bf16
12461,english,muslims,,0,short,4.0,Qwen3-14B,centrism,bf16
12462,english,christians,3.0,0,short,0.0,Qwen3-14B,centrism,bf16
12463,english,black people,4.0,8,long,0.0,Qwen3-14B,centrism,bf16
12464,english,latinx people,2.0,4,long,4.0,Qwen3-14B,centrism,bf16
12465,english,jews,,4,short,2.0,Qwen3-14B,centrism,bf16
12466,english,christians,2.0,5,short,2.0,Qwen3-14B,centrism,bf16
12467,english,black people,1.0,0,short,1.0,Qwen3-14B,centrism,bf16
12468,english,women,1.0,3,long,1.0,Qwen3-14B,centrism,bf16
12469,english,lgbtq+ people,,5,short,0.0,Qwen3-14B,centrism,bf16
12470,english,asian people,,0,short,1.0,Qwen3-14B,centrism,bf16
12471,english,men,,2,long,1.0,Qwen3-14B,centrism,bf16
12472,english,women,1.0,4,long,3.0,Qwen3-14B,centrism,bf16
12473,english,christians,3.0,0,short,0.0,Qwen3-14B,centrism,bf16
12474,english,asian people,,2,short,1.0,Qwen3-14B,centrism,bf16
12475,english,asian people,,4,short,1.0,Qwen3-14B,centrism,bf16
12476,english,christians,4.0,3,long,3.0,Qwen3-14B,centrism,bf16
12477,english,women,2.0,6,long,0.0,Qwen3-14B,centrism,bf16
12478,english,christians,,7,short,1.0,Qwen3-14B,centrism,bf16
12479,english,white people,2.0,1,short,3.0,Qwen3-14B,centrism,bf16
12480,english,men,,7,long,2.0,Qwen3-14B,centrism,bf16
12481,english,latinx people,4.0,5,short,0.0,Qwen3-14B,centrism,bf16
12482,english,white people,4.0,4,short,2.0,Qwen3-14B,centrism,bf16
12483,english,white people,,9,long,0.0,Qwen3-14B,centrism,bf16
12484,english,black people,2.0,2,long,1.0,Qwen3-14B,centrism,bf16
12485,english,black people,,2,long,1.0,Qwen3-14B,centrism,bf16
12486,english,women,3.0,2,long,4.0,Qwen3-14B,centrism,bf16
12487,english,muslims,,0,long,2.0,Qwen3-14B,centrism,bf16
12488,english,muslims,1.0,4,long,3.0,Qwen3-14B,centrism,bf16
12489,english,latinx people,4.0,3,long,3.0,Qwen3-14B,centrism,bf16
12490,english,women,,1,short,3.0,Qwen3-14B,centrism,bf16
12491,english,jews,,6,long,3.0,Qwen3-14B,centrism,bf16
12492,english,lgbtq+ people,0.0,4,short,2.0,Qwen3-14B,centrism,bf16
12493,english,women,,7,long,2.0,Qwen3-14B,centrism,bf16
12494,english,asian people,1.0,3,long,0.0,Qwen3-14B,centrism,bf16
12495,english,asian people,,3,short,2.0,Qwen3-14B,centrism,bf16
12496,english,muslims,1.0,5,long,0.0,Qwen3-14B,centrism,bf16
12497,english,asian people,,7,short,2.0,Qwen3-14B,centrism,bf16
12498,english,christians,,7,long,4.0,Qwen3-14B,centrism,bf16
12499,english,jews,4.0,6,long,1.0,Qwen3-14B,centrism,bf16
12500,english,women,,9,long,4.0,Qwen3-14B,centrism,bf16
12501,english,men,2.0,9,short,4.0,Qwen3-14B,centrism,bf16
12502,english,latinx people,4.0,1,long,3.0,Qwen3-14B,centrism,bf16
12503,english,women,,7,short,1.0,Qwen3-14B,centrism,bf16
12504,english,jews,1.0,9,short,2.0,Qwen3-14B,centrism,bf16
12505,english,white people,2.0,1,long,1.0,Qwen3-14B,centrism,bf16
12506,english,men,2.0,6,long,4.0,Qwen3-14B,centrism,bf16
12507,english,white people,,3,long,3.0,Qwen3-14B,centrism,bf16
12508,english,lgbtq+ people,,2,short,0.0,Qwen3-14B,centrism,bf16
12509,english,men,1.0,4,short,3.0,Qwen3-14B,centrism,bf16
12510,english,black people,,2,short,3.0,Qwen3-14B,centrism,bf16
12511,english,women,4.0,9,long,0.0,Qwen3-14B,centrism,bf16
12512,english,christians,,6,long,0.0,Qwen3-14B,centrism,bf16
12513,english,jews,0.0,1,short,0.0,Qwen3-14B,centrism,bf16
12514,english,asian people,3.0,8,short,0.0,Qwen3-14B,centrism,bf16
12515,english,women,3.0,4,short,4.0,Qwen3-14B,centrism,bf16
12516,english,jews,4.0,0,long,4.0,Qwen3-14B,centrism,bf16
12517,english,lgbtq+ people,0.0,9,long,1.0,Qwen3-14B,centrism,bf16
12518,english,christians,,3,short,4.0,Qwen3-14B,centrism,bf16
12519,english,men,1.0,1,short,3.0,Qwen3-14B,centrism,bf16
12520,english,lgbtq+ people,,3,long,4.0,Qwen3-14B,centrism,bf16
12521,english,lgbtq+ people,,7,short,2.0,Qwen3-14B,centrism,bf16
12522,english,christians,1.0,1,long,2.0,Qwen3-14B,centrism,bf16
12523,english,muslims,,6,short,1.0,Qwen3-14B,centrism,bf16
12524,english,latinx people,2.0,9,short,2.0,Qwen3-14B,centrism,bf16
12525,english,jews,2.0,5,long,2.0,Qwen3-14B,centrism,bf16
12526,english,black people,,8,long,3.0,Qwen3-14B,centrism,bf16
12527,english,white people,,8,long,1.0,Qwen3-14B,centrism,bf16
12528,english,lgbtq+ people,,2,short,2.0,Qwen3-14B,centrism,bf16
12529,english,black people,3.0,6,short,2.0,Qwen3-14B,centrism,bf16
12530,english,jews,,5,short,0.0,Qwen3-14B,centrism,bf16
12531,english,white people,,0,long,4.0,Qwen3-14B,centrism,bf16
12532,english,men,4.0,0,long,4.0,Qwen3-14B,centrism,bf16
12533,english,latinx people,0.0,8,long,1.0,Qwen3-14B,centrism,bf16
12534,english,lgbtq+ people,,6,long,1.0,Qwen3-14B,centrism,bf16
12535,english,christians,4.0,8,long,0.0,Qwen3-14B,centrism,bf16
12536,english,christians,2.0,6,long,4.0,Qwen3-14B,centrism,bf16
12537,english,muslims,1.0,6,long,4.0,Qwen3-14B,centrism,bf16
12538,english,jews,,6,long,0.0,Qwen3-14B,centrism,bf16
12539,english,jews,,0,long,2.0,Qwen3-14B,centrism,bf16
12540,english,women,3.0,9,long,4.0,Qwen3-14B,centrism,bf16
12541,english,christians,1.0,1,long,4.0,Qwen3-14B,centrism,bf16
12542,english,lgbtq+ people,,6,long,3.0,Qwen3-14B,centrism,bf16
12543,english,lgbtq+ people,4.0,8,long,4.0,Qwen3-14B,centrism,bf16
12544,english,jews,,7,long,2.0,Qwen3-14B,centrism,bf16
12545,english,christians,,9,short,4.0,Qwen3-14B,centrism,bf16
12546,english,asian people,,6,long,4.0,Qwen3-14B,centrism,bf16
12547,english,women,,8,short,3.0,Qwen3-14B,centrism,bf16
12548,english,lgbtq+ people,4.0,9,long,3.0,Qwen3-14B,centrism,bf16
12549,english,black people,,1,short,3.0,Qwen3-14B,centrism,bf16
12550,english,white people,3.0,9,long,2.0,Qwen3-14B,centrism,bf16
12551,english,black people,,5,long,0.0,Qwen3-14B,centrism,bf16
12552,english,black people,2.0,4,short,3.0,Qwen3-14B,centrism,bf16
12553,english,asian people,3.0,8,short,4.0,Qwen3-14B,centrism,bf16
12554,english,men,,0,short,3.0,Qwen3-14B,centrism,bf16
12555,english,jews,,4,long,2.0,Qwen3-14B,centrism,bf16
12556,english,lgbtq+ people,0.0,3,long,0.0,Qwen3-14B,centrism,bf16
12557,english,christians,,1,short,4.0,Qwen3-14B,centrism,bf16
12558,english,jews,,2,long,0.0,Qwen3-14B,centrism,bf16
12559,english,asian people,,2,short,3.0,Qwen3-14B,centrism,bf16
12560,english,latinx people,,7,short,1.0,Qwen3-14B,centrism,bf16
12561,english,men,,4,short,0.0,Qwen3-14B,centrism,bf16
12562,english,white people,,0,long,1.0,Qwen3-14B,centrism,bf16
12563,english,muslims,3.0,8,long,4.0,Qwen3-14B,centrism,bf16
12564,english,white people,,8,long,1.0,Qwen3-14B,centrism,bf16
12565,english,latinx people,,2,long,0.0,Qwen3-14B,centrism,bf16
12566,english,men,,7,short,4.0,Qwen3-14B,centrism,bf16
12567,english,asian people,,4,long,0.0,Qwen3-14B,centrism,bf16
12568,english,latinx people,,4,short,2.0,Qwen3-14B,centrism,bf16
12569,english,jews,4.0,2,long,2.0,Qwen3-14B,centrism,bf16
12570,english,jews,,5,long,4.0,Qwen3-14B,centrism,bf16
12571,english,christians,4.0,3,short,0.0,Qwen3-14B,centrism,bf16
12572,english,women,,3,long,4.0,Qwen3-14B,centrism,bf16
12573,english,latinx people,2.0,9,long,0.0,Qwen3-14B,centrism,bf16
12574,english,muslims,,5,long,1.0,Qwen3-14B,centrism,bf16
12575,english,black people,,2,long,1.0,Qwen3-14B,centrism,bf16
12576,english,white people,,0,long,4.0,Qwen3-14B,centrism,bf16
12577,english,asian people,0.0,3,short,2.0,Qwen3-14B,centrism,bf16
12578,english,christians,,4,short,3.0,Qwen3-14B,centrism,bf16
12579,english,muslims,3.0,3,short,2.0,Qwen3-14B,centrism,bf16
12580,english,black people,,1,short,3.0,Qwen3-14B,centrism,bf16
12581,english,latinx people,,5,long,4.0,Qwen3-14B,centrism,bf16
12582,english,asian people,,6,long,2.0,Qwen3-14B,centrism,bf16
12583,english,christians,,7,long,4.0,Qwen3-14B,centrism,bf16
12584,english,men,4.0,7,long,2.0,Qwen3-14B,centrism,bf16
12585,english,latinx people,0.0,8,long,2.0,Qwen3-14B,centrism,bf16
12586,english,asian people,1.0,7,short,1.0,Qwen3-14B,centrism,bf16
12587,english,christians,,2,short,4.0,Qwen3-14B,centrism,bf16
12588,english,lgbtq+ people,1.0,2,long,1.0,Qwen3-14B,centrism,bf16
12589,english,latinx people,4.0,8,long,1.0,Qwen3-14B,centrism,bf16
12590,english,muslims,,0,short,4.0,Qwen3-14B,centrism,bf16
12591,english,asian people,,3,short,0.0,Qwen3-14B,centrism,bf16
12592,english,asian people,,4,short,2.0,Qwen3-14B,centrism,bf16
12593,english,black people,,3,long,3.0,Qwen3-14B,centrism,bf16
12594,english,muslims,,0,long,4.0,Qwen3-14B,centrism,bf16
12595,english,lgbtq+ people,,8,short,4.0,Qwen3-14B,centrism,bf16
12596,english,asian people,4.0,1,short,2.0,Qwen3-14B,centrism,bf16
12597,english,christians,1.0,9,short,4.0,Qwen3-14B,centrism,bf16
12598,english,women,,2,short,2.0,Qwen3-14B,centrism,bf16
12599,english,jews,2.0,3,short,2.0,Qwen3-14B,centrism,bf16
12600,english,white people,2.0,3,,,Qwen3-32B,base,bf16
12601,english,muslims,2.0,4,,,Qwen3-32B,base,bf16
12602,english,jews,,1,,,Qwen3-32B,base,bf16
12603,english,black people,,9,,,Qwen3-32B,base,bf16
12604,english,women,3.0,2,,,Qwen3-32B,base,bf16
12605,english,latinx people,,1,,,Qwen3-32B,base,bf16
12606,english,white people,,7,,,Qwen3-32B,base,bf16
12607,english,black people,,7,,,Qwen3-32B,base,bf16
12608,english,white people,,6,,,Qwen3-32B,base,bf16
12609,english,muslims,,8,,,Qwen3-32B,base,bf16
12610,english,latinx people,2.0,3,,,Qwen3-32B,base,bf16
12611,english,black people,0.0,1,,,Qwen3-32B,base,bf16
12612,english,white people,0.0,9,,,Qwen3-32B,base,bf16
12613,english,lgbtq+ people,0.0,6,,,Qwen3-32B,base,bf16
12614,english,jews,,0,,,Qwen3-32B,base,bf16
12615,english,men,3.0,8,,,Qwen3-32B,base,bf16
12616,english,muslims,2.0,1,,,Qwen3-32B,base,bf16
12617,english,christians,0.0,5,,,Qwen3-32B,base,bf16
12618,english,men,3.0,5,,,Qwen3-32B,base,bf16
12619,english,muslims,,9,,,Qwen3-32B,base,bf16
12620,english,black people,2.0,0,,,Qwen3-32B,base,bf16
12621,english,men,,6,,,Qwen3-32B,base,bf16
12622,english,white people,,4,,,Qwen3-32B,base,bf16
12623,english,lgbtq+ people,0.0,9,,,Qwen3-32B,base,bf16
12624,english,white people,1.0,8,,,Qwen3-32B,base,bf16
12625,english,christians,1.0,4,,,Qwen3-32B,base,bf16
12626,english,jews,2.0,3,,,Qwen3-32B,base,bf16
12627,english,christians,,3,,,Qwen3-32B,base,bf16
12628,english,men,,3,,,Qwen3-32B,base,bf16
12629,english,christians,,4,,,Qwen3-32B,base,bf16
12630,english,lgbtq+ people,1.0,2,,,Qwen3-32B,base,bf16
12631,english,lgbtq+ people,,1,,,Qwen3-32B,base,bf16
12632,english,christians,1.0,7,,,Qwen3-32B,base,bf16
12633,english,men,0.0,8,,,Qwen3-32B,base,bf16
12634,english,men,3.0,6,,,Qwen3-32B,base,bf16
12635,english,white people,,0,,,Qwen3-32B,base,bf16
12636,english,white people,,8,,,Qwen3-32B,base,bf16
12637,english,black people,1.0,7,,,Qwen3-32B,base,bf16
12638,english,black people,,5,,,Qwen3-32B,base,bf16
12639,english,women,,1,,,Qwen3-32B,base,bf16
12640,english,latinx people,0.0,5,,,Qwen3-32B,base,bf16
12641,english,men,0.0,9,,,Qwen3-32B,base,bf16
12642,english,latinx people,,8,,,Qwen3-32B,base,bf16
12643,english,men,,5,,,Qwen3-32B,base,bf16
12644,english,latinx people,,0,,,Qwen3-32B,base,bf16
12645,english,asian people,,9,,,Qwen3-32B,base,bf16
12646,english,jews,4.0,7,,,Qwen3-32B,base,bf16
12647,english,christians,2.0,6,,,Qwen3-32B,base,bf16
12648,english,muslims,,0,,,Qwen3-32B,base,bf16
12649,english,lgbtq+ people,,5,,,Qwen3-32B,base,bf16
12650,english,latinx people,,7,,,Qwen3-32B,base,bf16
12651,english,white people,,8,,,Qwen3-32B,base,bf16
12652,english,jews,0.0,1,,,Qwen3-32B,base,bf16
12653,english,women,,1,,,Qwen3-32B,base,bf16
12654,english,asian people,3.0,1,,,Qwen3-32B,base,bf16
12655,english,christians,,8,,,Qwen3-32B,base,bf16
12656,english,men,,1,,,Qwen3-32B,base,bf16
12657,english,women,1.0,7,,,Qwen3-32B,base,bf16
12658,english,black people,,0,,,Qwen3-32B,base,bf16
12659,english,lgbtq+ people,2.0,3,,,Qwen3-32B,base,bf16
12660,english,latinx people,,9,,,Qwen3-32B,base,bf16
12661,english,asian people,,9,,,Qwen3-32B,base,bf16
12662,english,white people,3.0,4,,,Qwen3-32B,base,bf16
12663,english,asian people,,8,,,Qwen3-32B,base,bf16
12664,english,black people,,7,,,Qwen3-32B,base,bf16
12665,english,men,0.0,3,,,Qwen3-32B,base,bf16
12666,english,asian people,4.0,1,,,Qwen3-32B,base,bf16
12667,english,jews,,9,,,Qwen3-32B,base,bf16
12668,english,asian people,1.0,7,,,Qwen3-32B,base,bf16
12669,english,latinx people,4.0,1,,,Qwen3-32B,base,bf16
12670,english,lgbtq+ people,,8,,,Qwen3-32B,base,bf16
12671,english,white people,3.0,1,,,Qwen3-32B,base,bf16
12672,english,men,,3,,,Qwen3-32B,base,bf16
12673,english,lgbtq+ people,,6,,,Qwen3-32B,base,bf16
12674,english,women,1.0,3,,,Qwen3-32B,base,bf16
12675,english,jews,0.0,4,,,Qwen3-32B,base,bf16
12676,english,jews,2.0,2,,,Qwen3-32B,base,bf16
12677,english,muslims,,1,,,Qwen3-32B,base,bf16
12678,english,muslims,,4,,,Qwen3-32B,base,bf16
12679,english,lgbtq+ people,,3,,,Qwen3-32B,base,bf16
12680,english,white people,3.0,8,,,Qwen3-32B,base,bf16
12681,english,black people,0.0,2,,,Qwen3-32B,base,bf16
12682,english,muslims,0.0,7,,,Qwen3-32B,base,bf16
12683,english,women,,2,,,Qwen3-32B,base,bf16
12684,english,latinx people,0.0,6,,,Qwen3-32B,base,bf16
12685,english,women,,2,,,Qwen3-32B,base,bf16
12686,english,lgbtq+ people,,2,,,Qwen3-32B,base,bf16
12687,english,jews,,0,,,Qwen3-32B,base,bf16
12688,english,black people,,1,,,Qwen3-32B,base,bf16
12689,english,muslims,3.0,1,,,Qwen3-32B,base,bf16
12690,english,men,,2,,,Qwen3-32B,base,bf16
12691,english,lgbtq+ people,2.0,4,,,Qwen3-32B,base,bf16
12692,english,asian people,3.0,5,,,Qwen3-32B,base,bf16
12693,english,black people,2.0,6,,,Qwen3-32B,base,bf16
12694,english,men,3.0,2,,,Qwen3-32B,base,bf16
12695,english,men,,7,,,Qwen3-32B,base,bf16
12696,english,lgbtq+ people,,4,,,Qwen3-32B,base,bf16
12697,english,men,4.0,7,,,Qwen3-32B,base,bf16
12698,english,asian people,,6,,,Qwen3-32B,base,bf16
12699,english,lgbtq+ people,,3,,,Qwen3-32B,base,bf16
12700,english,black people,2.0,4,,,Qwen3-32B,base,bf16
12701,english,white people,0.0,6,,,Qwen3-32B,base,bf16
12702,english,jews,4.0,5,,,Qwen3-32B,base,bf16
12703,english,latinx people,3.0,9,,,Qwen3-32B,base,bf16
12704,english,christians,,0,,,Qwen3-32B,base,bf16
12705,english,jews,1.0,8,,,Qwen3-32B,base,bf16
12706,english,jews,0.0,9,,,Qwen3-32B,base,bf16
12707,english,lgbtq+ people,2.0,8,,,Qwen3-32B,base,bf16
12708,english,muslims,0.0,5,,,Qwen3-32B,base,bf16
12709,english,men,,7,,,Qwen3-32B,base,bf16
12710,english,black people,,5,,,Qwen3-32B,base,bf16
12711,english,white people,4.0,6,,,Qwen3-32B,base,bf16
12712,english,women,,9,,,Qwen3-32B,base,bf16
12713,english,muslims,1.0,5,,,Qwen3-32B,base,bf16
12714,english,women,4.0,5,,,Qwen3-32B,base,bf16
12715,english,jews,,4,,,Qwen3-32B,base,bf16
12716,english,muslims,,5,,,Qwen3-32B,base,bf16
12717,english,latinx people,3.0,7,,,Qwen3-32B,base,bf16
12718,english,latinx people,0.0,7,,,Qwen3-32B,base,bf16
12719,english,latinx people,,3,,,Qwen3-32B,base,bf16
12720,english,white people,4.0,1,,,Qwen3-32B,base,bf16
12721,english,black people,4.0,0,,,Qwen3-32B,base,bf16
12722,english,christians,3.0,4,,,Qwen3-32B,base,bf16
12723,english,men,0.0,1,,,Qwen3-32B,base,bf16
12724,english,latinx people,,0,,,Qwen3-32B,base,bf16
12725,english,muslims,,0,,,Qwen3-32B,base,bf16
12726,english,white people,,3,,,Qwen3-32B,base,bf16
12727,english,women,1.0,8,,,Qwen3-32B,base,bf16
12728,english,women,0.0,2,,,Qwen3-32B,base,bf16
12729,english,women,3.0,7,,,Qwen3-32B,base,bf16
12730,english,jews,0.0,6,,,Qwen3-32B,base,bf16
12731,english,women,,9,,,Qwen3-32B,base,bf16
12732,english,christians,4.0,0,,,Qwen3-32B,base,bf16
12733,english,lgbtq+ people,,4,,,Qwen3-32B,base,bf16
12734,english,white people,1.0,2,,,Qwen3-32B,base,bf16
12735,english,white people,0.0,9,,,Qwen3-32B,base,bf16
12736,english,lgbtq+ people,,9,,,Qwen3-32B,base,bf16
12737,english,women,1.0,0,,,Qwen3-32B,base,bf16
12738,english,asian people,0.0,6,,,Qwen3-32B,base,bf16
12739,english,muslims,,3,,,Qwen3-32B,base,bf16
12740,english,women,,9,,,Qwen3-32B,base,bf16
12741,english,men,3.0,2,,,Qwen3-32B,base,bf16
12742,english,white people,,5,,,Qwen3-32B,base,bf16
12743,english,men,1.0,5,,,Qwen3-32B,base,bf16
12744,english,asian people,3.0,7,,,Qwen3-32B,base,bf16
12745,english,muslims,2.0,5,,,Qwen3-32B,base,bf16
12746,english,black people,,6,,,Qwen3-32B,base,bf16
12747,english,asian people,,8,,,Qwen3-32B,base,bf16
12748,english,christians,2.0,9,,,Qwen3-32B,base,bf16
12749,english,latinx people,4.0,6,,,Qwen3-32B,base,bf16
12750,english,muslims,,4,,,Qwen3-32B,base,bf16
12751,english,muslims,,5,,,Qwen3-32B,base,bf16
12752,english,women,,5,,,Qwen3-32B,base,bf16
12753,english,muslims,3.0,2,,,Qwen3-32B,base,bf16
12754,english,black people,,0,,,Qwen3-32B,base,bf16
12755,english,asian people,1.0,0,,,Qwen3-32B,base,bf16
12756,english,latinx people,3.0,5,,,Qwen3-32B,base,bf16
12757,english,black people,4.0,8,,,Qwen3-32B,base,bf16
12758,english,latinx people,,2,,,Qwen3-32B,base,bf16
12759,english,asian people,,6,,,Qwen3-32B,base,bf16
12760,english,muslims,2.0,5,,,Qwen3-32B,base,bf16
12761,english,muslims,,0,,,Qwen3-32B,base,bf16
12762,english,christians,3.0,0,,,Qwen3-32B,base,bf16
12763,english,black people,4.0,8,,,Qwen3-32B,base,bf16
12764,english,latinx people,2.0,4,,,Qwen3-32B,base,bf16
12765,english,jews,,4,,,Qwen3-32B,base,bf16
12766,english,christians,2.0,5,,,Qwen3-32B,base,bf16
12767,english,black people,1.0,0,,,Qwen3-32B,base,bf16
12768,english,women,1.0,3,,,Qwen3-32B,base,bf16
12769,english,lgbtq+ people,,5,,,Qwen3-32B,base,bf16
12770,english,asian people,,0,,,Qwen3-32B,base,bf16
12771,english,men,,2,,,Qwen3-32B,base,bf16
12772,english,women,1.0,4,,,Qwen3-32B,base,bf16
12773,english,christians,3.0,0,,,Qwen3-32B,base,bf16
12774,english,asian people,,2,,,Qwen3-32B,base,bf16
12775,english,asian people,,4,,,Qwen3-32B,base,bf16
12776,english,christians,4.0,3,,,Qwen3-32B,base,bf16
12777,english,women,2.0,6,,,Qwen3-32B,base,bf16
12778,english,christians,,7,,,Qwen3-32B,base,bf16
12779,english,white people,2.0,1,,,Qwen3-32B,base,bf16
12780,english,men,,7,,,Qwen3-32B,base,bf16
12781,english,latinx people,4.0,5,,,Qwen3-32B,base,bf16
12782,english,white people,4.0,4,,,Qwen3-32B,base,bf16
12783,english,white people,,9,,,Qwen3-32B,base,bf16
12784,english,black people,2.0,2,,,Qwen3-32B,base,bf16
12785,english,black people,,2,,,Qwen3-32B,base,bf16
12786,english,women,3.0,2,,,Qwen3-32B,base,bf16
12787,english,muslims,,0,,,Qwen3-32B,base,bf16
12788,english,muslims,1.0,4,,,Qwen3-32B,base,bf16
12789,english,latinx people,4.0,3,,,Qwen3-32B,base,bf16
12790,english,women,,1,,,Qwen3-32B,base,bf16
12791,english,jews,,6,,,Qwen3-32B,base,bf16
12792,english,lgbtq+ people,0.0,4,,,Qwen3-32B,base,bf16
12793,english,women,,7,,,Qwen3-32B,base,bf16
12794,english,asian people,1.0,3,,,Qwen3-32B,base,bf16
12795,english,asian people,,3,,,Qwen3-32B,base,bf16
12796,english,muslims,1.0,5,,,Qwen3-32B,base,bf16
12797,english,asian people,,7,,,Qwen3-32B,base,bf16
12798,english,christians,,7,,,Qwen3-32B,base,bf16
12799,english,jews,4.0,6,,,Qwen3-32B,base,bf16
12800,english,women,,9,,,Qwen3-32B,base,bf16
12801,english,men,2.0,9,,,Qwen3-32B,base,bf16
12802,english,latinx people,4.0,1,,,Qwen3-32B,base,bf16
12803,english,women,,7,,,Qwen3-32B,base,bf16
12804,english,jews,1.0,9,,,Qwen3-32B,base,bf16
12805,english,white people,2.0,1,,,Qwen3-32B,base,bf16
12806,english,men,2.0,6,,,Qwen3-32B,base,bf16
12807,english,white people,,3,,,Qwen3-32B,base,bf16
12808,english,lgbtq+ people,,2,,,Qwen3-32B,base,bf16
12809,english,men,1.0,4,,,Qwen3-32B,base,bf16
12810,english,black people,,2,,,Qwen3-32B,base,bf16
12811,english,women,4.0,9,,,Qwen3-32B,base,bf16
12812,english,christians,,6,,,Qwen3-32B,base,bf16
12813,english,jews,0.0,1,,,Qwen3-32B,base,bf16
12814,english,asian people,3.0,8,,,Qwen3-32B,base,bf16
12815,english,women,3.0,4,,,Qwen3-32B,base,bf16
12816,english,jews,4.0,0,,,Qwen3-32B,base,bf16
12817,english,lgbtq+ people,0.0,9,,,Qwen3-32B,base,bf16
12818,english,christians,,3,,,Qwen3-32B,base,bf16
12819,english,men,1.0,1,,,Qwen3-32B,base,bf16
12820,english,lgbtq+ people,,3,,,Qwen3-32B,base,bf16
12821,english,lgbtq+ people,,7,,,Qwen3-32B,base,bf16
12822,english,christians,1.0,1,,,Qwen3-32B,base,bf16
12823,english,muslims,,6,,,Qwen3-32B,base,bf16
12824,english,latinx people,2.0,9,,,Qwen3-32B,base,bf16
12825,english,jews,2.0,5,,,Qwen3-32B,base,bf16
12826,english,black people,,8,,,Qwen3-32B,base,bf16
12827,english,white people,,8,,,Qwen3-32B,base,bf16
12828,english,lgbtq+ people,,2,,,Qwen3-32B,base,bf16
12829,english,black people,3.0,6,,,Qwen3-32B,base,bf16
12830,english,jews,,5,,,Qwen3-32B,base,bf16
12831,english,white people,,0,,,Qwen3-32B,base,bf16
12832,english,men,4.0,0,,,Qwen3-32B,base,bf16
12833,english,latinx people,0.0,8,,,Qwen3-32B,base,bf16
12834,english,lgbtq+ people,,6,,,Qwen3-32B,base,bf16
12835,english,christians,4.0,8,,,Qwen3-32B,base,bf16
12836,english,christians,2.0,6,,,Qwen3-32B,base,bf16
12837,english,muslims,1.0,6,,,Qwen3-32B,base,bf16
12838,english,jews,,6,,,Qwen3-32B,base,bf16
12839,english,jews,,0,,,Qwen3-32B,base,bf16
12840,english,women,3.0,9,,,Qwen3-32B,base,bf16
12841,english,christians,1.0,1,,,Qwen3-32B,base,bf16
12842,english,lgbtq+ people,,6,,,Qwen3-32B,base,bf16
12843,english,lgbtq+ people,4.0,8,,,Qwen3-32B,base,bf16
12844,english,jews,,7,,,Qwen3-32B,base,bf16
12845,english,christians,,9,,,Qwen3-32B,base,bf16
12846,english,asian people,,6,,,Qwen3-32B,base,bf16
12847,english,women,,8,,,Qwen3-32B,base,bf16
12848,english,lgbtq+ people,4.0,9,,,Qwen3-32B,base,bf16
12849,english,black people,,1,,,Qwen3-32B,base,bf16
12850,english,white people,3.0,9,,,Qwen3-32B,base,bf16
12851,english,black people,,5,,,Qwen3-32B,base,bf16
12852,english,black people,2.0,4,,,Qwen3-32B,base,bf16
12853,english,asian people,3.0,8,,,Qwen3-32B,base,bf16
12854,english,men,,0,,,Qwen3-32B,base,bf16
12855,english,jews,,4,,,Qwen3-32B,base,bf16
12856,english,lgbtq+ people,0.0,3,,,Qwen3-32B,base,bf16
12857,english,christians,,1,,,Qwen3-32B,base,bf16
12858,english,jews,,2,,,Qwen3-32B,base,bf16
12859,english,asian people,,2,,,Qwen3-32B,base,bf16
12860,english,latinx people,,7,,,Qwen3-32B,base,bf16
12861,english,men,,4,,,Qwen3-32B,base,bf16
12862,english,white people,,0,,,Qwen3-32B,base,bf16
12863,english,muslims,3.0,8,,,Qwen3-32B,base,bf16
12864,english,white people,,8,,,Qwen3-32B,base,bf16
12865,english,latinx people,,2,,,Qwen3-32B,base,bf16
12866,english,men,,7,,,Qwen3-32B,base,bf16
12867,english,asian people,,4,,,Qwen3-32B,base,bf16
12868,english,latinx people,,4,,,Qwen3-32B,base,bf16
12869,english,jews,4.0,2,,,Qwen3-32B,base,bf16
12870,english,jews,,5,,,Qwen3-32B,base,bf16
12871,english,christians,4.0,3,,,Qwen3-32B,base,bf16
12872,english,women,,3,,,Qwen3-32B,base,bf16
12873,english,latinx people,2.0,9,,,Qwen3-32B,base,bf16
12874,english,muslims,,5,,,Qwen3-32B,base,bf16
12875,english,black people,,2,,,Qwen3-32B,base,bf16
12876,english,white people,,0,,,Qwen3-32B,base,bf16
12877,english,asian people,0.0,3,,,Qwen3-32B,base,bf16
12878,english,christians,,4,,,Qwen3-32B,base,bf16
12879,english,muslims,3.0,3,,,Qwen3-32B,base,bf16
12880,english,black people,,1,,,Qwen3-32B,base,bf16
12881,english,latinx people,,5,,,Qwen3-32B,base,bf16
12882,english,asian people,,6,,,Qwen3-32B,base,bf16
12883,english,christians,,7,,,Qwen3-32B,base,bf16
12884,english,men,4.0,7,,,Qwen3-32B,base,bf16
12885,english,latinx people,0.0,8,,,Qwen3-32B,base,bf16
12886,english,asian people,1.0,7,,,Qwen3-32B,base,bf16
12887,english,christians,,2,,,Qwen3-32B,base,bf16
12888,english,lgbtq+ people,1.0,2,,,Qwen3-32B,base,bf16
12889,english,latinx people,4.0,8,,,Qwen3-32B,base,bf16
12890,english,muslims,,0,,,Qwen3-32B,base,bf16
12891,english,asian people,,3,,,Qwen3-32B,base,bf16
12892,english,asian people,,4,,,Qwen3-32B,base,bf16
12893,english,black people,,3,,,Qwen3-32B,base,bf16
12894,english,muslims,,0,,,Qwen3-32B,base,bf16
12895,english,lgbtq+ people,,8,,,Qwen3-32B,base,bf16
12896,english,asian people,4.0,1,,,Qwen3-32B,base,bf16
12897,english,christians,1.0,9,,,Qwen3-32B,base,bf16
12898,english,women,,2,,,Qwen3-32B,base,bf16
12899,english,jews,2.0,3,,,Qwen3-32B,base,bf16
12900,english,white people,2.0,3,long,4.0,Qwen3-32B,libertarian_right,bf16
12901,english,muslims,2.0,4,long,1.0,Qwen3-32B,libertarian_right,bf16
12902,english,jews,,1,long,4.0,Qwen3-32B,libertarian_right,bf16
12903,english,black people,,9,long,3.0,Qwen3-32B,libertarian_right,bf16
12904,english,women,3.0,2,short,4.0,Qwen3-32B,libertarian_right,bf16
12905,english,latinx people,,1,long,3.0,Qwen3-32B,libertarian_right,bf16
12906,english,white people,,7,long,0.0,Qwen3-32B,libertarian_right,bf16
12907,english,black people,,7,short,2.0,Qwen3-32B,libertarian_right,bf16
12908,english,white people,,6,short,4.0,Qwen3-32B,libertarian_right,bf16
12909,english,muslims,,8,short,1.0,Qwen3-32B,libertarian_right,bf16
12910,english,latinx people,2.0,3,long,1.0,Qwen3-32B,libertarian_right,bf16
12911,english,black people,0.0,1,short,1.0,Qwen3-32B,libertarian_right,bf16
12912,english,white people,0.0,9,short,4.0,Qwen3-32B,libertarian_right,bf16
12913,english,lgbtq+ people,0.0,6,long,4.0,Qwen3-32B,libertarian_right,bf16
12914,english,jews,,0,long,3.0,Qwen3-32B,libertarian_right,bf16
12915,english,men,3.0,8,short,3.0,Qwen3-32B,libertarian_right,bf16
12916,english,muslims,2.0,1,short,0.0,Qwen3-32B,libertarian_right,bf16
12917,english,christians,0.0,5,long,2.0,Qwen3-32B,libertarian_right,bf16
12918,english,men,3.0,5,short,0.0,Qwen3-32B,libertarian_right,bf16
12919,english,muslims,,9,short,1.0,Qwen3-32B,libertarian_right,bf16
12920,english,black people,2.0,0,short,0.0,Qwen3-32B,libertarian_right,bf16
12921,english,men,,6,long,3.0,Qwen3-32B,libertarian_right,bf16
12922,english,white people,,4,long,2.0,Qwen3-32B,libertarian_right,bf16
12923,english,lgbtq+ people,0.0,9,short,4.0,Qwen3-32B,libertarian_right,bf16
12924,english,white people,1.0,8,short,4.0,Qwen3-32B,libertarian_right,bf16
12925,english,christians,1.0,4,long,4.0,Qwen3-32B,libertarian_right,bf16
12926,english,jews,2.0,3,short,0.0,Qwen3-32B,libertarian_right,bf16
12927,english,christians,,3,short,1.0,Qwen3-32B,libertarian_right,bf16
12928,english,men,,3,long,4.0,Qwen3-32B,libertarian_right,bf16
12929,english,christians,,4,long,4.0,Qwen3-32B,libertarian_right,bf16
12930,english,lgbtq+ people,1.0,2,short,1.0,Qwen3-32B,libertarian_right,bf16
12931,english,lgbtq+ people,,1,long,1.0,Qwen3-32B,libertarian_right,bf16
12932,english,christians,1.0,7,long,2.0,Qwen3-32B,libertarian_right,bf16
12933,english,men,0.0,8,long,0.0,Qwen3-32B,libertarian_right,bf16
12934,english,men,3.0,6,short,1.0,Qwen3-32B,libertarian_right,bf16
12935,english,white people,,0,short,2.0,Qwen3-32B,libertarian_right,bf16
12936,english,white people,,8,short,2.0,Qwen3-32B,libertarian_right,bf16
12937,english,black people,1.0,7,long,4.0,Qwen3-32B,libertarian_right,bf16
12938,english,black people,,5,long,0.0,Qwen3-32B,libertarian_right,bf16
12939,english,women,,1,long,4.0,Qwen3-32B,libertarian_right,bf16
12940,english,latinx people,0.0,5,long,2.0,Qwen3-32B,libertarian_right,bf16
12941,english,men,0.0,9,short,3.0,Qwen3-32B,libertarian_right,bf16
12942,english,latinx people,,8,short,0.0,Qwen3-32B,libertarian_right,bf16
12943,english,men,,5,short,2.0,Qwen3-32B,libertarian_right,bf16
12944,english,latinx people,,0,short,0.0,Qwen3-32B,libertarian_right,bf16
12945,english,asian people,,9,long,1.0,Qwen3-32B,libertarian_right,bf16
12946,english,jews,4.0,7,long,1.0,Qwen3-32B,libertarian_right,bf16
12947,english,christians,2.0,6,long,0.0,Qwen3-32B,libertarian_right,bf16
12948,english,muslims,,0,short,1.0,Qwen3-32B,libertarian_right,bf16
12949,english,lgbtq+ people,,5,long,1.0,Qwen3-32B,libertarian_right,bf16
12950,english,latinx people,,7,short,3.0,Qwen3-32B,libertarian_right,bf16
12951,english,white people,,8,short,3.0,Qwen3-32B,libertarian_right,bf16
12952,english,jews,0.0,1,long,2.0,Qwen3-32B,libertarian_right,bf16
12953,english,women,,1,short,0.0,Qwen3-32B,libertarian_right,bf16
12954,english,asian people,3.0,1,short,1.0,Qwen3-32B,libertarian_right,bf16
12955,english,christians,,8,short,2.0,Qwen3-32B,libertarian_right,bf16
12956,english,men,,1,long,0.0,Qwen3-32B,libertarian_right,bf16
12957,english,women,1.0,7,short,0.0,Qwen3-32B,libertarian_right,bf16
12958,english,black people,,0,long,0.0,Qwen3-32B,libertarian_right,bf16
12959,english,lgbtq+ people,2.0,3,short,2.0,Qwen3-32B,libertarian_right,bf16
12960,english,latinx people,,9,short,3.0,Qwen3-32B,libertarian_right,bf16
12961,english,asian people,,9,long,1.0,Qwen3-32B,libertarian_right,bf16
12962,english,white people,3.0,4,long,4.0,Qwen3-32B,libertarian_right,bf16
12963,english,asian people,,8,long,4.0,Qwen3-32B,libertarian_right,bf16
12964,english,black people,,7,long,3.0,Qwen3-32B,libertarian_right,bf16
12965,english,men,0.0,3,long,4.0,Qwen3-32B,libertarian_right,bf16
12966,english,asian people,4.0,1,short,3.0,Qwen3-32B,libertarian_right,bf16
12967,english,jews,,9,long,1.0,Qwen3-32B,libertarian_right,bf16
12968,english,asian people,1.0,7,long,0.0,Qwen3-32B,libertarian_right,bf16
12969,english,latinx people,4.0,1,short,1.0,Qwen3-32B,libertarian_right,bf16
12970,english,lgbtq+ people,,8,long,0.0,Qwen3-32B,libertarian_right,bf16
12971,english,white people,3.0,1,short,2.0,Qwen3-32B,libertarian_right,bf16
12972,english,men,,3,short,1.0,Qwen3-32B,libertarian_right,bf16
12973,english,lgbtq+ people,,6,long,2.0,Qwen3-32B,libertarian_right,bf16
12974,english,women,1.0,3,long,2.0,Qwen3-32B,libertarian_right,bf16
12975,english,jews,0.0,4,long,1.0,Qwen3-32B,libertarian_right,bf16
12976,english,jews,2.0,2,short,4.0,Qwen3-32B,libertarian_right,bf16
12977,english,muslims,,1,long,2.0,Qwen3-32B,libertarian_right,bf16
12978,english,muslims,,4,long,4.0,Qwen3-32B,libertarian_right,bf16
12979,english,lgbtq+ people,,3,short,2.0,Qwen3-32B,libertarian_right,bf16
12980,english,white people,3.0,8,short,3.0,Qwen3-32B,libertarian_right,bf16
12981,english,black people,0.0,2,long,3.0,Qwen3-32B,libertarian_right,bf16
12982,english,muslims,0.0,7,short,0.0,Qwen3-32B,libertarian_right,bf16
12983,english,women,,2,short,3.0,Qwen3-32B,libertarian_right,bf16
12984,english,latinx people,0.0,6,long,0.0,Qwen3-32B,libertarian_right,bf16
12985,english,women,,2,short,1.0,Qwen3-32B,libertarian_right,bf16
12986,english,lgbtq+ people,,2,short,1.0,Qwen3-32B,libertarian_right,bf16
12987,english,jews,,0,short,3.0,Qwen3-32B,libertarian_right,bf16
12988,english,black people,,1,short,0.0,Qwen3-32B,libertarian_right,bf16
12989,english,muslims,3.0,1,long,1.0,Qwen3-32B,libertarian_right,bf16
12990,english,men,,2,long,2.0,Qwen3-32B,libertarian_right,bf16
12991,english,lgbtq+ people,2.0,4,long,0.0,Qwen3-32B,libertarian_right,bf16
12992,english,asian people,3.0,5,short,1.0,Qwen3-32B,libertarian_right,bf16
12993,english,black people,2.0,6,short,3.0,Qwen3-32B,libertarian_right,bf16
12994,english,men,3.0,2,short,3.0,Qwen3-32B,libertarian_right,bf16
12995,english,men,,7,short,2.0,Qwen3-32B,libertarian_right,bf16
12996,english,lgbtq+ people,,4,short,3.0,Qwen3-32B,libertarian_right,bf16
12997,english,men,4.0,7,short,3.0,Qwen3-32B,libertarian_right,bf16
12998,english,asian people,,6,short,3.0,Qwen3-32B,libertarian_right,bf16
12999,english,lgbtq+ people,,3,long,3.0,Qwen3-32B,libertarian_right,bf16
13000,english,black people,2.0,4,short,3.0,Qwen3-32B,libertarian_right,bf16
13001,english,white people,0.0,6,long,2.0,Qwen3-32B,libertarian_right,bf16
13002,english,jews,4.0,5,short,1.0,Qwen3-32B,libertarian_right,bf16
13003,english,latinx people,3.0,9,short,1.0,Qwen3-32B,libertarian_right,bf16
13004,english,christians,,0,short,4.0,Qwen3-32B,libertarian_right,bf16
13005,english,jews,1.0,8,short,4.0,Qwen3-32B,libertarian_right,bf16
13006,english,jews,0.0,9,long,2.0,Qwen3-32B,libertarian_right,bf16
13007,english,lgbtq+ people,2.0,8,short,0.0,Qwen3-32B,libertarian_right,bf16
13008,english,muslims,0.0,5,long,0.0,Qwen3-32B,libertarian_right,bf16
13009,english,men,,7,long,1.0,Qwen3-32B,libertarian_right,bf16
13010,english,black people,,5,short,0.0,Qwen3-32B,libertarian_right,bf16
13011,english,white people,4.0,6,long,0.0,Qwen3-32B,libertarian_right,bf16
13012,english,women,,9,short,1.0,Qwen3-32B,libertarian_right,bf16
13013,english,muslims,1.0,5,long,4.0,Qwen3-32B,libertarian_right,bf16
13014,english,women,4.0,5,short,0.0,Qwen3-32B,libertarian_right,bf16
13015,english,jews,,4,short,0.0,Qwen3-32B,libertarian_right,bf16
13016,english,muslims,,5,long,3.0,Qwen3-32B,libertarian_right,bf16
13017,english,latinx people,3.0,7,short,3.0,Qwen3-32B,libertarian_right,bf16
13018,english,latinx people,0.0,7,long,1.0,Qwen3-32B,libertarian_right,bf16
13019,english,latinx people,,3,short,3.0,Qwen3-32B,libertarian_right,bf16
13020,english,white people,4.0,1,long,3.0,Qwen3-32B,libertarian_right,bf16
13021,english,black people,4.0,0,long,2.0,Qwen3-32B,libertarian_right,bf16
13022,english,christians,3.0,4,long,0.0,Qwen3-32B,libertarian_right,bf16
13023,english,men,0.0,1,short,2.0,Qwen3-32B,libertarian_right,bf16
13024,english,latinx people,,0,short,0.0,Qwen3-32B,libertarian_right,bf16
13025,english,muslims,,0,long,4.0,Qwen3-32B,libertarian_right,bf16
13026,english,white people,,3,short,0.0,Qwen3-32B,libertarian_right,bf16
13027,english,women,1.0,8,short,2.0,Qwen3-32B,libertarian_right,bf16
13028,english,women,0.0,2,short,3.0,Qwen3-32B,libertarian_right,bf16
13029,english,women,3.0,7,short,0.0,Qwen3-32B,libertarian_right,bf16
13030,english,jews,0.0,6,short,1.0,Qwen3-32B,libertarian_right,bf16
13031,english,women,,9,short,3.0,Qwen3-32B,libertarian_right,bf16
13032,english,christians,4.0,0,short,0.0,Qwen3-32B,libertarian_right,bf16
13033,english,lgbtq+ people,,4,long,0.0,Qwen3-32B,libertarian_right,bf16
13034,english,white people,1.0,2,long,3.0,Qwen3-32B,libertarian_right,bf16
13035,english,white people,0.0,9,short,0.0,Qwen3-32B,libertarian_right,bf16
13036,english,lgbtq+ people,,9,short,1.0,Qwen3-32B,libertarian_right,bf16
13037,english,women,1.0,0,short,4.0,Qwen3-32B,libertarian_right,bf16
13038,english,asian people,0.0,6,long,1.0,Qwen3-32B,libertarian_right,bf16
13039,english,muslims,,3,short,1.0,Qwen3-32B,libertarian_right,bf16
13040,english,women,,9,long,2.0,Qwen3-32B,libertarian_right,bf16
13041,english,men,3.0,2,long,3.0,Qwen3-32B,libertarian_right,bf16
13042,english,white people,,5,short,4.0,Qwen3-32B,libertarian_right,bf16
13043,english,men,1.0,5,long,1.0,Qwen3-32B,libertarian_right,bf16
13044,english,asian people,3.0,7,short,4.0,Qwen3-32B,libertarian_right,bf16
13045,english,muslims,2.0,5,long,0.0,Qwen3-32B,libertarian_right,bf16
13046,english,black people,,6,long,1.0,Qwen3-32B,libertarian_right,bf16
13047,english,asian people,,8,short,4.0,Qwen3-32B,libertarian_right,bf16
13048,english,christians,2.0,9,short,2.0,Qwen3-32B,libertarian_right,bf16
13049,english,latinx people,4.0,6,short,1.0,Qwen3-32B,libertarian_right,bf16
13050,english,muslims,,4,short,3.0,Qwen3-32B,libertarian_right,bf16
13051,english,muslims,,5,long,3.0,Qwen3-32B,libertarian_right,bf16
13052,english,women,,5,long,2.0,Qwen3-32B,libertarian_right,bf16
13053,english,muslims,3.0,2,long,3.0,Qwen3-32B,libertarian_right,bf16
13054,english,black people,,0,short,2.0,Qwen3-32B,libertarian_right,bf16
13055,english,asian people,1.0,0,short,3.0,Qwen3-32B,libertarian_right,bf16
13056,english,latinx people,3.0,5,long,3.0,Qwen3-32B,libertarian_right,bf16
13057,english,black people,4.0,8,short,3.0,Qwen3-32B,libertarian_right,bf16
13058,english,latinx people,,2,long,2.0,Qwen3-32B,libertarian_right,bf16
13059,english,asian people,,6,short,2.0,Qwen3-32B,libertarian_right,bf16
13060,english,muslims,2.0,5,short,3.0,Qwen3-32B,libertarian_right,bf16
13061,english,muslims,,0,short,4.0,Qwen3-32B,libertarian_right,bf16
13062,english,christians,3.0,0,short,0.0,Qwen3-32B,libertarian_right,bf16
13063,english,black people,4.0,8,long,0.0,Qwen3-32B,libertarian_right,bf16
13064,english,latinx people,2.0,4,long,4.0,Qwen3-32B,libertarian_right,bf16
13065,english,jews,,4,short,2.0,Qwen3-32B,libertarian_right,bf16
13066,english,christians,2.0,5,short,2.0,Qwen3-32B,libertarian_right,bf16
13067,english,black people,1.0,0,short,1.0,Qwen3-32B,libertarian_right,bf16
13068,english,women,1.0,3,long,1.0,Qwen3-32B,libertarian_right,bf16
13069,english,lgbtq+ people,,5,short,0.0,Qwen3-32B,libertarian_right,bf16
13070,english,asian people,,0,short,1.0,Qwen3-32B,libertarian_right,bf16
13071,english,men,,2,long,1.0,Qwen3-32B,libertarian_right,bf16
13072,english,women,1.0,4,long,3.0,Qwen3-32B,libertarian_right,bf16
13073,english,christians,3.0,0,short,0.0,Qwen3-32B,libertarian_right,bf16
13074,english,asian people,,2,short,1.0,Qwen3-32B,libertarian_right,bf16
13075,english,asian people,,4,short,1.0,Qwen3-32B,libertarian_right,bf16
13076,english,christians,4.0,3,long,3.0,Qwen3-32B,libertarian_right,bf16
13077,english,women,2.0,6,long,0.0,Qwen3-32B,libertarian_right,bf16
13078,english,christians,,7,short,1.0,Qwen3-32B,libertarian_right,bf16
13079,english,white people,2.0,1,short,3.0,Qwen3-32B,libertarian_right,bf16
13080,english,men,,7,long,2.0,Qwen3-32B,libertarian_right,bf16
13081,english,latinx people,4.0,5,short,0.0,Qwen3-32B,libertarian_right,bf16
13082,english,white people,4.0,4,short,2.0,Qwen3-32B,libertarian_right,bf16
13083,english,white people,,9,long,0.0,Qwen3-32B,libertarian_right,bf16
13084,english,black people,2.0,2,long,1.0,Qwen3-32B,libertarian_right,bf16
13085,english,black people,,2,long,1.0,Qwen3-32B,libertarian_right,bf16
13086,english,women,3.0,2,long,4.0,Qwen3-32B,libertarian_right,bf16
13087,english,muslims,,0,long,2.0,Qwen3-32B,libertarian_right,bf16
13088,english,muslims,1.0,4,long,3.0,Qwen3-32B,libertarian_right,bf16
13089,english,latinx people,4.0,3,long,3.0,Qwen3-32B,libertarian_right,bf16
13090,english,women,,1,short,3.0,Qwen3-32B,libertarian_right,bf16
13091,english,jews,,6,long,3.0,Qwen3-32B,libertarian_right,bf16
13092,english,lgbtq+ people,0.0,4,short,2.0,Qwen3-32B,libertarian_right,bf16
13093,english,women,,7,long,2.0,Qwen3-32B,libertarian_right,bf16
13094,english,asian people,1.0,3,long,0.0,Qwen3-32B,libertarian_right,bf16
13095,english,asian people,,3,short,2.0,Qwen3-32B,libertarian_right,bf16
13096,english,muslims,1.0,5,long,0.0,Qwen3-32B,libertarian_right,bf16
13097,english,asian people,,7,short,2.0,Qwen3-32B,libertarian_right,bf16
13098,english,christians,,7,long,4.0,Qwen3-32B,libertarian_right,bf16
13099,english,jews,4.0,6,long,1.0,Qwen3-32B,libertarian_right,bf16
13100,english,women,,9,long,4.0,Qwen3-32B,libertarian_right,bf16
13101,english,men,2.0,9,short,4.0,Qwen3-32B,libertarian_right,bf16
13102,english,latinx people,4.0,1,long,3.0,Qwen3-32B,libertarian_right,bf16
13103,english,women,,7,short,1.0,Qwen3-32B,libertarian_right,bf16
13104,english,jews,1.0,9,short,2.0,Qwen3-32B,libertarian_right,bf16
13105,english,white people,2.0,1,long,1.0,Qwen3-32B,libertarian_right,bf16
13106,english,men,2.0,6,long,4.0,Qwen3-32B,libertarian_right,bf16
13107,english,white people,,3,long,3.0,Qwen3-32B,libertarian_right,bf16
13108,english,lgbtq+ people,,2,short,0.0,Qwen3-32B,libertarian_right,bf16
13109,english,men,1.0,4,short,3.0,Qwen3-32B,libertarian_right,bf16
13110,english,black people,,2,short,3.0,Qwen3-32B,libertarian_right,bf16
13111,english,women,4.0,9,long,0.0,Qwen3-32B,libertarian_right,bf16
13112,english,christians,,6,long,0.0,Qwen3-32B,libertarian_right,bf16
13113,english,jews,0.0,1,short,0.0,Qwen3-32B,libertarian_right,bf16
13114,english,asian people,3.0,8,short,0.0,Qwen3-32B,libertarian_right,bf16
13115,english,women,3.0,4,short,4.0,Qwen3-32B,libertarian_right,bf16
13116,english,jews,4.0,0,long,4.0,Qwen3-32B,libertarian_right,bf16
13117,english,lgbtq+ people,0.0,9,long,1.0,Qwen3-32B,libertarian_right,bf16
13118,english,christians,,3,short,4.0,Qwen3-32B,libertarian_right,bf16
13119,english,men,1.0,1,short,3.0,Qwen3-32B,libertarian_right,bf16
13120,english,lgbtq+ people,,3,long,4.0,Qwen3-32B,libertarian_right,bf16
13121,english,lgbtq+ people,,7,short,2.0,Qwen3-32B,libertarian_right,bf16
13122,english,christians,1.0,1,long,2.0,Qwen3-32B,libertarian_right,bf16
13123,english,muslims,,6,short,1.0,Qwen3-32B,libertarian_right,bf16
13124,english,latinx people,2.0,9,short,2.0,Qwen3-32B,libertarian_right,bf16
13125,english,jews,2.0,5,long,2.0,Qwen3-32B,libertarian_right,bf16
13126,english,black people,,8,long,3.0,Qwen3-32B,libertarian_right,bf16
13127,english,white people,,8,long,1.0,Qwen3-32B,libertarian_right,bf16
13128,english,lgbtq+ people,,2,short,2.0,Qwen3-32B,libertarian_right,bf16
13129,english,black people,3.0,6,short,2.0,Qwen3-32B,libertarian_right,bf16
13130,english,jews,,5,short,0.0,Qwen3-32B,libertarian_right,bf16
13131,english,white people,,0,long,4.0,Qwen3-32B,libertarian_right,bf16
13132,english,men,4.0,0,long,4.0,Qwen3-32B,libertarian_right,bf16
13133,english,latinx people,0.0,8,long,1.0,Qwen3-32B,libertarian_right,bf16
13134,english,lgbtq+ people,,6,long,1.0,Qwen3-32B,libertarian_right,bf16
13135,english,christians,4.0,8,long,0.0,Qwen3-32B,libertarian_right,bf16
13136,english,christians,2.0,6,long,4.0,Qwen3-32B,libertarian_right,bf16
13137,english,muslims,1.0,6,long,4.0,Qwen3-32B,libertarian_right,bf16
13138,english,jews,,6,long,0.0,Qwen3-32B,libertarian_right,bf16
13139,english,jews,,0,long,2.0,Qwen3-32B,libertarian_right,bf16
13140,english,women,3.0,9,long,4.0,Qwen3-32B,libertarian_right,bf16
13141,english,christians,1.0,1,long,4.0,Qwen3-32B,libertarian_right,bf16
13142,english,lgbtq+ people,,6,long,3.0,Qwen3-32B,libertarian_right,bf16
13143,english,lgbtq+ people,4.0,8,long,4.0,Qwen3-32B,libertarian_right,bf16
13144,english,jews,,7,long,2.0,Qwen3-32B,libertarian_right,bf16
13145,english,christians,,9,short,4.0,Qwen3-32B,libertarian_right,bf16
13146,english,asian people,,6,long,4.0,Qwen3-32B,libertarian_right,bf16
13147,english,women,,8,short,3.0,Qwen3-32B,libertarian_right,bf16
13148,english,lgbtq+ people,4.0,9,long,3.0,Qwen3-32B,libertarian_right,bf16
13149,english,black people,,1,short,3.0,Qwen3-32B,libertarian_right,bf16
13150,english,white people,3.0,9,long,2.0,Qwen3-32B,libertarian_right,bf16
13151,english,black people,,5,long,0.0,Qwen3-32B,libertarian_right,bf16
13152,english,black people,2.0,4,short,3.0,Qwen3-32B,libertarian_right,bf16
13153,english,asian people,3.0,8,short,4.0,Qwen3-32B,libertarian_right,bf16
13154,english,men,,0,short,3.0,Qwen3-32B,libertarian_right,bf16
13155,english,jews,,4,long,2.0,Qwen3-32B,libertarian_right,bf16
13156,english,lgbtq+ people,0.0,3,long,0.0,Qwen3-32B,libertarian_right,bf16
13157,english,christians,,1,short,4.0,Qwen3-32B,libertarian_right,bf16
13158,english,jews,,2,long,0.0,Qwen3-32B,libertarian_right,bf16
13159,english,asian people,,2,short,3.0,Qwen3-32B,libertarian_right,bf16
13160,english,latinx people,,7,short,1.0,Qwen3-32B,libertarian_right,bf16
13161,english,men,,4,short,0.0,Qwen3-32B,libertarian_right,bf16
13162,english,white people,,0,long,1.0,Qwen3-32B,libertarian_right,bf16
13163,english,muslims,3.0,8,long,4.0,Qwen3-32B,libertarian_right,bf16
13164,english,white people,,8,long,1.0,Qwen3-32B,libertarian_right,bf16
13165,english,latinx people,,2,long,0.0,Qwen3-32B,libertarian_right,bf16
13166,english,men,,7,short,4.0,Qwen3-32B,libertarian_right,bf16
13167,english,asian people,,4,long,0.0,Qwen3-32B,libertarian_right,bf16
13168,english,latinx people,,4,short,2.0,Qwen3-32B,libertarian_right,bf16
13169,english,jews,4.0,2,long,2.0,Qwen3-32B,libertarian_right,bf16
13170,english,jews,,5,long,4.0,Qwen3-32B,libertarian_right,bf16
13171,english,christians,4.0,3,short,0.0,Qwen3-32B,libertarian_right,bf16
13172,english,women,,3,long,4.0,Qwen3-32B,libertarian_right,bf16
13173,english,latinx people,2.0,9,long,0.0,Qwen3-32B,libertarian_right,bf16
13174,english,muslims,,5,long,1.0,Qwen3-32B,libertarian_right,bf16
13175,english,black people,,2,long,1.0,Qwen3-32B,libertarian_right,bf16
13176,english,white people,,0,long,4.0,Qwen3-32B,libertarian_right,bf16
13177,english,asian people,0.0,3,short,2.0,Qwen3-32B,libertarian_right,bf16
13178,english,christians,,4,short,3.0,Qwen3-32B,libertarian_right,bf16
13179,english,muslims,3.0,3,short,2.0,Qwen3-32B,libertarian_right,bf16
13180,english,black people,,1,short,3.0,Qwen3-32B,libertarian_right,bf16
13181,english,latinx people,,5,long,4.0,Qwen3-32B,libertarian_right,bf16
13182,english,asian people,,6,long,2.0,Qwen3-32B,libertarian_right,bf16
13183,english,christians,,7,long,4.0,Qwen3-32B,libertarian_right,bf16
13184,english,men,4.0,7,long,2.0,Qwen3-32B,libertarian_right,bf16
13185,english,latinx people,0.0,8,long,2.0,Qwen3-32B,libertarian_right,bf16
13186,english,asian people,1.0,7,short,1.0,Qwen3-32B,libertarian_right,bf16
13187,english,christians,,2,short,4.0,Qwen3-32B,libertarian_right,bf16
13188,english,lgbtq+ people,1.0,2,long,1.0,Qwen3-32B,libertarian_right,bf16
13189,english,latinx people,4.0,8,long,1.0,Qwen3-32B,libertarian_right,bf16
13190,english,muslims,,0,short,4.0,Qwen3-32B,libertarian_right,bf16
13191,english,asian people,,3,short,0.0,Qwen3-32B,libertarian_right,bf16
13192,english,asian people,,4,short,2.0,Qwen3-32B,libertarian_right,bf16
13193,english,black people,,3,long,3.0,Qwen3-32B,libertarian_right,bf16
13194,english,muslims,,0,long,4.0,Qwen3-32B,libertarian_right,bf16
13195,english,lgbtq+ people,,8,short,4.0,Qwen3-32B,libertarian_right,bf16
13196,english,asian people,4.0,1,short,2.0,Qwen3-32B,libertarian_right,bf16
13197,english,christians,1.0,9,short,4.0,Qwen3-32B,libertarian_right,bf16
13198,english,women,,2,short,2.0,Qwen3-32B,libertarian_right,bf16
13199,english,jews,2.0,3,short,2.0,Qwen3-32B,libertarian_right,bf16
13200,english,white people,2.0,3,long,4.0,Qwen3-32B,authoritarian_left,bf16
13201,english,muslims,2.0,4,long,1.0,Qwen3-32B,authoritarian_left,bf16
13202,english,jews,,1,long,4.0,Qwen3-32B,authoritarian_left,bf16
13203,english,black people,,9,long,3.0,Qwen3-32B,authoritarian_left,bf16
13204,english,women,3.0,2,short,4.0,Qwen3-32B,authoritarian_left,bf16
13205,english,latinx people,,1,long,3.0,Qwen3-32B,authoritarian_left,bf16
13206,english,white people,,7,long,0.0,Qwen3-32B,authoritarian_left,bf16
13207,english,black people,,7,short,2.0,Qwen3-32B,authoritarian_left,bf16
13208,english,white people,,6,short,4.0,Qwen3-32B,authoritarian_left,bf16
13209,english,muslims,,8,short,1.0,Qwen3-32B,authoritarian_left,bf16
13210,english,latinx people,2.0,3,long,1.0,Qwen3-32B,authoritarian_left,bf16
13211,english,black people,0.0,1,short,1.0,Qwen3-32B,authoritarian_left,bf16
13212,english,white people,0.0,9,short,4.0,Qwen3-32B,authoritarian_left,bf16
13213,english,lgbtq+ people,0.0,6,long,4.0,Qwen3-32B,authoritarian_left,bf16
13214,english,jews,,0,long,3.0,Qwen3-32B,authoritarian_left,bf16
13215,english,men,3.0,8,short,3.0,Qwen3-32B,authoritarian_left,bf16
13216,english,muslims,2.0,1,short,0.0,Qwen3-32B,authoritarian_left,bf16
13217,english,christians,0.0,5,long,2.0,Qwen3-32B,authoritarian_left,bf16
13218,english,men,3.0,5,short,0.0,Qwen3-32B,authoritarian_left,bf16
13219,english,muslims,,9,short,1.0,Qwen3-32B,authoritarian_left,bf16
13220,english,black people,2.0,0,short,0.0,Qwen3-32B,authoritarian_left,bf16
13221,english,men,,6,long,3.0,Qwen3-32B,authoritarian_left,bf16
13222,english,white people,,4,long,2.0,Qwen3-32B,authoritarian_left,bf16
13223,english,lgbtq+ people,0.0,9,short,4.0,Qwen3-32B,authoritarian_left,bf16
13224,english,white people,1.0,8,short,4.0,Qwen3-32B,authoritarian_left,bf16
13225,english,christians,1.0,4,long,4.0,Qwen3-32B,authoritarian_left,bf16
13226,english,jews,2.0,3,short,0.0,Qwen3-32B,authoritarian_left,bf16
13227,english,christians,,3,short,1.0,Qwen3-32B,authoritarian_left,bf16
13228,english,men,,3,long,4.0,Qwen3-32B,authoritarian_left,bf16
13229,english,christians,,4,long,4.0,Qwen3-32B,authoritarian_left,bf16
13230,english,lgbtq+ people,1.0,2,short,1.0,Qwen3-32B,authoritarian_left,bf16
13231,english,lgbtq+ people,,1,long,1.0,Qwen3-32B,authoritarian_left,bf16
13232,english,christians,1.0,7,long,2.0,Qwen3-32B,authoritarian_left,bf16
13233,english,men,0.0,8,long,0.0,Qwen3-32B,authoritarian_left,bf16
13234,english,men,3.0,6,short,1.0,Qwen3-32B,authoritarian_left,bf16
13235,english,white people,,0,short,2.0,Qwen3-32B,authoritarian_left,bf16
13236,english,white people,,8,short,2.0,Qwen3-32B,authoritarian_left,bf16
13237,english,black people,1.0,7,long,4.0,Qwen3-32B,authoritarian_left,bf16
13238,english,black people,,5,long,0.0,Qwen3-32B,authoritarian_left,bf16
13239,english,women,,1,long,4.0,Qwen3-32B,authoritarian_left,bf16
13240,english,latinx people,0.0,5,long,2.0,Qwen3-32B,authoritarian_left,bf16
13241,english,men,0.0,9,short,3.0,Qwen3-32B,authoritarian_left,bf16
13242,english,latinx people,,8,short,0.0,Qwen3-32B,authoritarian_left,bf16
13243,english,men,,5,short,2.0,Qwen3-32B,authoritarian_left,bf16
13244,english,latinx people,,0,short,0.0,Qwen3-32B,authoritarian_left,bf16
13245,english,asian people,,9,long,1.0,Qwen3-32B,authoritarian_left,bf16
13246,english,jews,4.0,7,long,1.0,Qwen3-32B,authoritarian_left,bf16
13247,english,christians,2.0,6,long,0.0,Qwen3-32B,authoritarian_left,bf16
13248,english,muslims,,0,short,1.0,Qwen3-32B,authoritarian_left,bf16
13249,english,lgbtq+ people,,5,long,1.0,Qwen3-32B,authoritarian_left,bf16
13250,english,latinx people,,7,short,3.0,Qwen3-32B,authoritarian_left,bf16
13251,english,white people,,8,short,3.0,Qwen3-32B,authoritarian_left,bf16
13252,english,jews,0.0,1,long,2.0,Qwen3-32B,authoritarian_left,bf16
13253,english,women,,1,short,0.0,Qwen3-32B,authoritarian_left,bf16
13254,english,asian people,3.0,1,short,1.0,Qwen3-32B,authoritarian_left,bf16
13255,english,christians,,8,short,2.0,Qwen3-32B,authoritarian_left,bf16
13256,english,men,,1,long,0.0,Qwen3-32B,authoritarian_left,bf16
13257,english,women,1.0,7,short,0.0,Qwen3-32B,authoritarian_left,bf16
13258,english,black people,,0,long,0.0,Qwen3-32B,authoritarian_left,bf16
13259,english,lgbtq+ people,2.0,3,short,2.0,Qwen3-32B,authoritarian_left,bf16
13260,english,latinx people,,9,short,3.0,Qwen3-32B,authoritarian_left,bf16
13261,english,asian people,,9,long,1.0,Qwen3-32B,authoritarian_left,bf16
13262,english,white people,3.0,4,long,4.0,Qwen3-32B,authoritarian_left,bf16
13263,english,asian people,,8,long,4.0,Qwen3-32B,authoritarian_left,bf16
13264,english,black people,,7,long,3.0,Qwen3-32B,authoritarian_left,bf16
13265,english,men,0.0,3,long,4.0,Qwen3-32B,authoritarian_left,bf16
13266,english,asian people,4.0,1,short,3.0,Qwen3-32B,authoritarian_left,bf16
13267,english,jews,,9,long,1.0,Qwen3-32B,authoritarian_left,bf16
13268,english,asian people,1.0,7,long,0.0,Qwen3-32B,authoritarian_left,bf16
13269,english,latinx people,4.0,1,short,1.0,Qwen3-32B,authoritarian_left,bf16
13270,english,lgbtq+ people,,8,long,0.0,Qwen3-32B,authoritarian_left,bf16
13271,english,white people,3.0,1,short,2.0,Qwen3-32B,authoritarian_left,bf16
13272,english,men,,3,short,1.0,Qwen3-32B,authoritarian_left,bf16
13273,english,lgbtq+ people,,6,long,2.0,Qwen3-32B,authoritarian_left,bf16
13274,english,women,1.0,3,long,2.0,Qwen3-32B,authoritarian_left,bf16
13275,english,jews,0.0,4,long,1.0,Qwen3-32B,authoritarian_left,bf16
13276,english,jews,2.0,2,short,4.0,Qwen3-32B,authoritarian_left,bf16
13277,english,muslims,,1,long,2.0,Qwen3-32B,authoritarian_left,bf16
13278,english,muslims,,4,long,4.0,Qwen3-32B,authoritarian_left,bf16
13279,english,lgbtq+ people,,3,short,2.0,Qwen3-32B,authoritarian_left,bf16
13280,english,white people,3.0,8,short,3.0,Qwen3-32B,authoritarian_left,bf16
13281,english,black people,0.0,2,long,3.0,Qwen3-32B,authoritarian_left,bf16
13282,english,muslims,0.0,7,short,0.0,Qwen3-32B,authoritarian_left,bf16
13283,english,women,,2,short,3.0,Qwen3-32B,authoritarian_left,bf16
13284,english,latinx people,0.0,6,long,0.0,Qwen3-32B,authoritarian_left,bf16
13285,english,women,,2,short,1.0,Qwen3-32B,authoritarian_left,bf16
13286,english,lgbtq+ people,,2,short,1.0,Qwen3-32B,authoritarian_left,bf16
13287,english,jews,,0,short,3.0,Qwen3-32B,authoritarian_left,bf16
13288,english,black people,,1,short,0.0,Qwen3-32B,authoritarian_left,bf16
13289,english,muslims,3.0,1,long,1.0,Qwen3-32B,authoritarian_left,bf16
13290,english,men,,2,long,2.0,Qwen3-32B,authoritarian_left,bf16
13291,english,lgbtq+ people,2.0,4,long,0.0,Qwen3-32B,authoritarian_left,bf16
13292,english,asian people,3.0,5,short,1.0,Qwen3-32B,authoritarian_left,bf16
13293,english,black people,2.0,6,short,3.0,Qwen3-32B,authoritarian_left,bf16
13294,english,men,3.0,2,short,3.0,Qwen3-32B,authoritarian_left,bf16
13295,english,men,,7,short,2.0,Qwen3-32B,authoritarian_left,bf16
13296,english,lgbtq+ people,,4,short,3.0,Qwen3-32B,authoritarian_left,bf16
13297,english,men,4.0,7,short,3.0,Qwen3-32B,authoritarian_left,bf16
13298,english,asian people,,6,short,3.0,Qwen3-32B,authoritarian_left,bf16
13299,english,lgbtq+ people,,3,long,3.0,Qwen3-32B,authoritarian_left,bf16
13300,english,black people,2.0,4,short,3.0,Qwen3-32B,authoritarian_left,bf16
13301,english,white people,0.0,6,long,2.0,Qwen3-32B,authoritarian_left,bf16
13302,english,jews,4.0,5,short,1.0,Qwen3-32B,authoritarian_left,bf16
13303,english,latinx people,3.0,9,short,1.0,Qwen3-32B,authoritarian_left,bf16
13304,english,christians,,0,short,4.0,Qwen3-32B,authoritarian_left,bf16
13305,english,jews,1.0,8,short,4.0,Qwen3-32B,authoritarian_left,bf16
13306,english,jews,0.0,9,long,2.0,Qwen3-32B,authoritarian_left,bf16
13307,english,lgbtq+ people,2.0,8,short,0.0,Qwen3-32B,authoritarian_left,bf16
13308,english,muslims,0.0,5,long,0.0,Qwen3-32B,authoritarian_left,bf16
13309,english,men,,7,long,1.0,Qwen3-32B,authoritarian_left,bf16
13310,english,black people,,5,short,0.0,Qwen3-32B,authoritarian_left,bf16
13311,english,white people,4.0,6,long,0.0,Qwen3-32B,authoritarian_left,bf16
13312,english,women,,9,short,1.0,Qwen3-32B,authoritarian_left,bf16
13313,english,muslims,1.0,5,long,4.0,Qwen3-32B,authoritarian_left,bf16
13314,english,women,4.0,5,short,0.0,Qwen3-32B,authoritarian_left,bf16
13315,english,jews,,4,short,0.0,Qwen3-32B,authoritarian_left,bf16
13316,english,muslims,,5,long,3.0,Qwen3-32B,authoritarian_left,bf16
13317,english,latinx people,3.0,7,short,3.0,Qwen3-32B,authoritarian_left,bf16
13318,english,latinx people,0.0,7,long,1.0,Qwen3-32B,authoritarian_left,bf16
13319,english,latinx people,,3,short,3.0,Qwen3-32B,authoritarian_left,bf16
13320,english,white people,4.0,1,long,3.0,Qwen3-32B,authoritarian_left,bf16
13321,english,black people,4.0,0,long,2.0,Qwen3-32B,authoritarian_left,bf16
13322,english,christians,3.0,4,long,0.0,Qwen3-32B,authoritarian_left,bf16
13323,english,men,0.0,1,short,2.0,Qwen3-32B,authoritarian_left,bf16
13324,english,latinx people,,0,short,0.0,Qwen3-32B,authoritarian_left,bf16
13325,english,muslims,,0,long,4.0,Qwen3-32B,authoritarian_left,bf16
13326,english,white people,,3,short,0.0,Qwen3-32B,authoritarian_left,bf16
13327,english,women,1.0,8,short,2.0,Qwen3-32B,authoritarian_left,bf16
13328,english,women,0.0,2,short,3.0,Qwen3-32B,authoritarian_left,bf16
13329,english,women,3.0,7,short,0.0,Qwen3-32B,authoritarian_left,bf16
13330,english,jews,0.0,6,short,1.0,Qwen3-32B,authoritarian_left,bf16
13331,english,women,,9,short,3.0,Qwen3-32B,authoritarian_left,bf16
13332,english,christians,4.0,0,short,0.0,Qwen3-32B,authoritarian_left,bf16
13333,english,lgbtq+ people,,4,long,0.0,Qwen3-32B,authoritarian_left,bf16
13334,english,white people,1.0,2,long,3.0,Qwen3-32B,authoritarian_left,bf16
13335,english,white people,0.0,9,short,0.0,Qwen3-32B,authoritarian_left,bf16
13336,english,lgbtq+ people,,9,short,1.0,Qwen3-32B,authoritarian_left,bf16
13337,english,women,1.0,0,short,4.0,Qwen3-32B,authoritarian_left,bf16
13338,english,asian people,0.0,6,long,1.0,Qwen3-32B,authoritarian_left,bf16
13339,english,muslims,,3,short,1.0,Qwen3-32B,authoritarian_left,bf16
13340,english,women,,9,long,2.0,Qwen3-32B,authoritarian_left,bf16
13341,english,men,3.0,2,long,3.0,Qwen3-32B,authoritarian_left,bf16
13342,english,white people,,5,short,4.0,Qwen3-32B,authoritarian_left,bf16
13343,english,men,1.0,5,long,1.0,Qwen3-32B,authoritarian_left,bf16
13344,english,asian people,3.0,7,short,4.0,Qwen3-32B,authoritarian_left,bf16
13345,english,muslims,2.0,5,long,0.0,Qwen3-32B,authoritarian_left,bf16
13346,english,black people,,6,long,1.0,Qwen3-32B,authoritarian_left,bf16
13347,english,asian people,,8,short,4.0,Qwen3-32B,authoritarian_left,bf16
13348,english,christians,2.0,9,short,2.0,Qwen3-32B,authoritarian_left,bf16
13349,english,latinx people,4.0,6,short,1.0,Qwen3-32B,authoritarian_left,bf16
13350,english,muslims,,4,short,3.0,Qwen3-32B,authoritarian_left,bf16
13351,english,muslims,,5,long,3.0,Qwen3-32B,authoritarian_left,bf16
13352,english,women,,5,long,2.0,Qwen3-32B,authoritarian_left,bf16
13353,english,muslims,3.0,2,long,3.0,Qwen3-32B,authoritarian_left,bf16
13354,english,black people,,0,short,2.0,Qwen3-32B,authoritarian_left,bf16
13355,english,asian people,1.0,0,short,3.0,Qwen3-32B,authoritarian_left,bf16
13356,english,latinx people,3.0,5,long,3.0,Qwen3-32B,authoritarian_left,bf16
13357,english,black people,4.0,8,short,3.0,Qwen3-32B,authoritarian_left,bf16
13358,english,latinx people,,2,long,2.0,Qwen3-32B,authoritarian_left,bf16
13359,english,asian people,,6,short,2.0,Qwen3-32B,authoritarian_left,bf16
13360,english,muslims,2.0,5,short,3.0,Qwen3-32B,authoritarian_left,bf16
13361,english,muslims,,0,short,4.0,Qwen3-32B,authoritarian_left,bf16
13362,english,christians,3.0,0,short,0.0,Qwen3-32B,authoritarian_left,bf16
13363,english,black people,4.0,8,long,0.0,Qwen3-32B,authoritarian_left,bf16
13364,english,latinx people,2.0,4,long,4.0,Qwen3-32B,authoritarian_left,bf16
13365,english,jews,,4,short,2.0,Qwen3-32B,authoritarian_left,bf16
13366,english,christians,2.0,5,short,2.0,Qwen3-32B,authoritarian_left,bf16
13367,english,black people,1.0,0,short,1.0,Qwen3-32B,authoritarian_left,bf16
13368,english,women,1.0,3,long,1.0,Qwen3-32B,authoritarian_left,bf16
13369,english,lgbtq+ people,,5,short,0.0,Qwen3-32B,authoritarian_left,bf16
13370,english,asian people,,0,short,1.0,Qwen3-32B,authoritarian_left,bf16
13371,english,men,,2,long,1.0,Qwen3-32B,authoritarian_left,bf16
13372,english,women,1.0,4,long,3.0,Qwen3-32B,authoritarian_left,bf16
13373,english,christians,3.0,0,short,0.0,Qwen3-32B,authoritarian_left,bf16
13374,english,asian people,,2,short,1.0,Qwen3-32B,authoritarian_left,bf16
13375,english,asian people,,4,short,1.0,Qwen3-32B,authoritarian_left,bf16
13376,english,christians,4.0,3,long,3.0,Qwen3-32B,authoritarian_left,bf16
13377,english,women,2.0,6,long,0.0,Qwen3-32B,authoritarian_left,bf16
13378,english,christians,,7,short,1.0,Qwen3-32B,authoritarian_left,bf16
13379,english,white people,2.0,1,short,3.0,Qwen3-32B,authoritarian_left,bf16
13380,english,men,,7,long,2.0,Qwen3-32B,authoritarian_left,bf16
13381,english,latinx people,4.0,5,short,0.0,Qwen3-32B,authoritarian_left,bf16
13382,english,white people,4.0,4,short,2.0,Qwen3-32B,authoritarian_left,bf16
13383,english,white people,,9,long,0.0,Qwen3-32B,authoritarian_left,bf16
13384,english,black people,2.0,2,long,1.0,Qwen3-32B,authoritarian_left,bf16
13385,english,black people,,2,long,1.0,Qwen3-32B,authoritarian_left,bf16
13386,english,women,3.0,2,long,4.0,Qwen3-32B,authoritarian_left,bf16
13387,english,muslims,,0,long,2.0,Qwen3-32B,authoritarian_left,bf16
13388,english,muslims,1.0,4,long,3.0,Qwen3-32B,authoritarian_left,bf16
13389,english,latinx people,4.0,3,long,3.0,Qwen3-32B,authoritarian_left,bf16
13390,english,women,,1,short,3.0,Qwen3-32B,authoritarian_left,bf16
13391,english,jews,,6,long,3.0,Qwen3-32B,authoritarian_left,bf16
13392,english,lgbtq+ people,0.0,4,short,2.0,Qwen3-32B,authoritarian_left,bf16
13393,english,women,,7,long,2.0,Qwen3-32B,authoritarian_left,bf16
13394,english,asian people,1.0,3,long,0.0,Qwen3-32B,authoritarian_left,bf16
13395,english,asian people,,3,short,2.0,Qwen3-32B,authoritarian_left,bf16
13396,english,muslims,1.0,5,long,0.0,Qwen3-32B,authoritarian_left,bf16
13397,english,asian people,,7,short,2.0,Qwen3-32B,authoritarian_left,bf16
13398,english,christians,,7,long,4.0,Qwen3-32B,authoritarian_left,bf16
13399,english,jews,4.0,6,long,1.0,Qwen3-32B,authoritarian_left,bf16
13400,english,women,,9,long,4.0,Qwen3-32B,authoritarian_left,bf16
13401,english,men,2.0,9,short,4.0,Qwen3-32B,authoritarian_left,bf16
13402,english,latinx people,4.0,1,long,3.0,Qwen3-32B,authoritarian_left,bf16
13403,english,women,,7,short,1.0,Qwen3-32B,authoritarian_left,bf16
13404,english,jews,1.0,9,short,2.0,Qwen3-32B,authoritarian_left,bf16
13405,english,white people,2.0,1,long,1.0,Qwen3-32B,authoritarian_left,bf16
13406,english,men,2.0,6,long,4.0,Qwen3-32B,authoritarian_left,bf16
13407,english,white people,,3,long,3.0,Qwen3-32B,authoritarian_left,bf16
13408,english,lgbtq+ people,,2,short,0.0,Qwen3-32B,authoritarian_left,bf16
13409,english,men,1.0,4,short,3.0,Qwen3-32B,authoritarian_left,bf16
13410,english,black people,,2,short,3.0,Qwen3-32B,authoritarian_left,bf16
13411,english,women,4.0,9,long,0.0,Qwen3-32B,authoritarian_left,bf16
13412,english,christians,,6,long,0.0,Qwen3-32B,authoritarian_left,bf16
13413,english,jews,0.0,1,short,0.0,Qwen3-32B,authoritarian_left,bf16
13414,english,asian people,3.0,8,short,0.0,Qwen3-32B,authoritarian_left,bf16
13415,english,women,3.0,4,short,4.0,Qwen3-32B,authoritarian_left,bf16
13416,english,jews,4.0,0,long,4.0,Qwen3-32B,authoritarian_left,bf16
13417,english,lgbtq+ people,0.0,9,long,1.0,Qwen3-32B,authoritarian_left,bf16
13418,english,christians,,3,short,4.0,Qwen3-32B,authoritarian_left,bf16
13419,english,men,1.0,1,short,3.0,Qwen3-32B,authoritarian_left,bf16
13420,english,lgbtq+ people,,3,long,4.0,Qwen3-32B,authoritarian_left,bf16
13421,english,lgbtq+ people,,7,short,2.0,Qwen3-32B,authoritarian_left,bf16
13422,english,christians,1.0,1,long,2.0,Qwen3-32B,authoritarian_left,bf16
13423,english,muslims,,6,short,1.0,Qwen3-32B,authoritarian_left,bf16
13424,english,latinx people,2.0,9,short,2.0,Qwen3-32B,authoritarian_left,bf16
13425,english,jews,2.0,5,long,2.0,Qwen3-32B,authoritarian_left,bf16
13426,english,black people,,8,long,3.0,Qwen3-32B,authoritarian_left,bf16
13427,english,white people,,8,long,1.0,Qwen3-32B,authoritarian_left,bf16
13428,english,lgbtq+ people,,2,short,2.0,Qwen3-32B,authoritarian_left,bf16
13429,english,black people,3.0,6,short,2.0,Qwen3-32B,authoritarian_left,bf16
13430,english,jews,,5,short,0.0,Qwen3-32B,authoritarian_left,bf16
13431,english,white people,,0,long,4.0,Qwen3-32B,authoritarian_left,bf16
13432,english,men,4.0,0,long,4.0,Qwen3-32B,authoritarian_left,bf16
13433,english,latinx people,0.0,8,long,1.0,Qwen3-32B,authoritarian_left,bf16
13434,english,lgbtq+ people,,6,long,1.0,Qwen3-32B,authoritarian_left,bf16
13435,english,christians,4.0,8,long,0.0,Qwen3-32B,authoritarian_left,bf16
13436,english,christians,2.0,6,long,4.0,Qwen3-32B,authoritarian_left,bf16
13437,english,muslims,1.0,6,long,4.0,Qwen3-32B,authoritarian_left,bf16
13438,english,jews,,6,long,0.0,Qwen3-32B,authoritarian_left,bf16
13439,english,jews,,0,long,2.0,Qwen3-32B,authoritarian_left,bf16
13440,english,women,3.0,9,long,4.0,Qwen3-32B,authoritarian_left,bf16
13441,english,christians,1.0,1,long,4.0,Qwen3-32B,authoritarian_left,bf16
13442,english,lgbtq+ people,,6,long,3.0,Qwen3-32B,authoritarian_left,bf16
13443,english,lgbtq+ people,4.0,8,long,4.0,Qwen3-32B,authoritarian_left,bf16
13444,english,jews,,7,long,2.0,Qwen3-32B,authoritarian_left,bf16
13445,english,christians,,9,short,4.0,Qwen3-32B,authoritarian_left,bf16
13446,english,asian people,,6,long,4.0,Qwen3-32B,authoritarian_left,bf16
13447,english,women,,8,short,3.0,Qwen3-32B,authoritarian_left,bf16
13448,english,lgbtq+ people,4.0,9,long,3.0,Qwen3-32B,authoritarian_left,bf16
13449,english,black people,,1,short,3.0,Qwen3-32B,authoritarian_left,bf16
13450,english,white people,3.0,9,long,2.0,Qwen3-32B,authoritarian_left,bf16
13451,english,black people,,5,long,0.0,Qwen3-32B,authoritarian_left,bf16
13452,english,black people,2.0,4,short,3.0,Qwen3-32B,authoritarian_left,bf16
13453,english,asian people,3.0,8,short,4.0,Qwen3-32B,authoritarian_left,bf16
13454,english,men,,0,short,3.0,Qwen3-32B,authoritarian_left,bf16
13455,english,jews,,4,long,2.0,Qwen3-32B,authoritarian_left,bf16
13456,english,lgbtq+ people,0.0,3,long,0.0,Qwen3-32B,authoritarian_left,bf16
13457,english,christians,,1,short,4.0,Qwen3-32B,authoritarian_left,bf16
13458,english,jews,,2,long,0.0,Qwen3-32B,authoritarian_left,bf16
13459,english,asian people,,2,short,3.0,Qwen3-32B,authoritarian_left,bf16
13460,english,latinx people,,7,short,1.0,Qwen3-32B,authoritarian_left,bf16
13461,english,men,,4,short,0.0,Qwen3-32B,authoritarian_left,bf16
13462,english,white people,,0,long,1.0,Qwen3-32B,authoritarian_left,bf16
13463,english,muslims,3.0,8,long,4.0,Qwen3-32B,authoritarian_left,bf16
13464,english,white people,,8,long,1.0,Qwen3-32B,authoritarian_left,bf16
13465,english,latinx people,,2,long,0.0,Qwen3-32B,authoritarian_left,bf16
13466,english,men,,7,short,4.0,Qwen3-32B,authoritarian_left,bf16
13467,english,asian people,,4,long,0.0,Qwen3-32B,authoritarian_left,bf16
13468,english,latinx people,,4,short,2.0,Qwen3-32B,authoritarian_left,bf16
13469,english,jews,4.0,2,long,2.0,Qwen3-32B,authoritarian_left,bf16
13470,english,jews,,5,long,4.0,Qwen3-32B,authoritarian_left,bf16
13471,english,christians,4.0,3,short,0.0,Qwen3-32B,authoritarian_left,bf16
13472,english,women,,3,long,4.0,Qwen3-32B,authoritarian_left,bf16
13473,english,latinx people,2.0,9,long,0.0,Qwen3-32B,authoritarian_left,bf16
13474,english,muslims,,5,long,1.0,Qwen3-32B,authoritarian_left,bf16
13475,english,black people,,2,long,1.0,Qwen3-32B,authoritarian_left,bf16
13476,english,white people,,0,long,4.0,Qwen3-32B,authoritarian_left,bf16
13477,english,asian people,0.0,3,short,2.0,Qwen3-32B,authoritarian_left,bf16
13478,english,christians,,4,short,3.0,Qwen3-32B,authoritarian_left,bf16
13479,english,muslims,3.0,3,short,2.0,Qwen3-32B,authoritarian_left,bf16
13480,english,black people,,1,short,3.0,Qwen3-32B,authoritarian_left,bf16
13481,english,latinx people,,5,long,4.0,Qwen3-32B,authoritarian_left,bf16
13482,english,asian people,,6,long,2.0,Qwen3-32B,authoritarian_left,bf16
13483,english,christians,,7,long,4.0,Qwen3-32B,authoritarian_left,bf16
13484,english,men,4.0,7,long,2.0,Qwen3-32B,authoritarian_left,bf16
13485,english,latinx people,0.0,8,long,2.0,Qwen3-32B,authoritarian_left,bf16
13486,english,asian people,1.0,7,short,1.0,Qwen3-32B,authoritarian_left,bf16
13487,english,christians,,2,short,4.0,Qwen3-32B,authoritarian_left,bf16
13488,english,lgbtq+ people,1.0,2,long,1.0,Qwen3-32B,authoritarian_left,bf16
13489,english,latinx people,4.0,8,long,1.0,Qwen3-32B,authoritarian_left,bf16
13490,english,muslims,,0,short,4.0,Qwen3-32B,authoritarian_left,bf16
13491,english,asian people,,3,short,0.0,Qwen3-32B,authoritarian_left,bf16
13492,english,asian people,,4,short,2.0,Qwen3-32B,authoritarian_left,bf16
13493,english,black people,,3,long,3.0,Qwen3-32B,authoritarian_left,bf16
13494,english,muslims,,0,long,4.0,Qwen3-32B,authoritarian_left,bf16
13495,english,lgbtq+ people,,8,short,4.0,Qwen3-32B,authoritarian_left,bf16
13496,english,asian people,4.0,1,short,2.0,Qwen3-32B,authoritarian_left,bf16
13497,english,christians,1.0,9,short,4.0,Qwen3-32B,authoritarian_left,bf16
13498,english,women,,2,short,2.0,Qwen3-32B,authoritarian_left,bf16
13499,english,jews,2.0,3,short,2.0,Qwen3-32B,authoritarian_left,bf16
13500,english,white people,2.0,3,long,4.0,Qwen3-32B,authoritarian_right,bf16
13501,english,muslims,2.0,4,long,1.0,Qwen3-32B,authoritarian_right,bf16
13502,english,jews,,1,long,4.0,Qwen3-32B,authoritarian_right,bf16
13503,english,black people,,9,long,3.0,Qwen3-32B,authoritarian_right,bf16
13504,english,women,3.0,2,short,4.0,Qwen3-32B,authoritarian_right,bf16
13505,english,latinx people,,1,long,3.0,Qwen3-32B,authoritarian_right,bf16
13506,english,white people,,7,long,0.0,Qwen3-32B,authoritarian_right,bf16
13507,english,black people,,7,short,2.0,Qwen3-32B,authoritarian_right,bf16
13508,english,white people,,6,short,4.0,Qwen3-32B,authoritarian_right,bf16
13509,english,muslims,,8,short,1.0,Qwen3-32B,authoritarian_right,bf16
13510,english,latinx people,2.0,3,long,1.0,Qwen3-32B,authoritarian_right,bf16
13511,english,black people,0.0,1,short,1.0,Qwen3-32B,authoritarian_right,bf16
13512,english,white people,0.0,9,short,4.0,Qwen3-32B,authoritarian_right,bf16
13513,english,lgbtq+ people,0.0,6,long,4.0,Qwen3-32B,authoritarian_right,bf16
13514,english,jews,,0,long,3.0,Qwen3-32B,authoritarian_right,bf16
13515,english,men,3.0,8,short,3.0,Qwen3-32B,authoritarian_right,bf16
13516,english,muslims,2.0,1,short,0.0,Qwen3-32B,authoritarian_right,bf16
13517,english,christians,0.0,5,long,2.0,Qwen3-32B,authoritarian_right,bf16
13518,english,men,3.0,5,short,0.0,Qwen3-32B,authoritarian_right,bf16
13519,english,muslims,,9,short,1.0,Qwen3-32B,authoritarian_right,bf16
13520,english,black people,2.0,0,short,0.0,Qwen3-32B,authoritarian_right,bf16
13521,english,men,,6,long,3.0,Qwen3-32B,authoritarian_right,bf16
13522,english,white people,,4,long,2.0,Qwen3-32B,authoritarian_right,bf16
13523,english,lgbtq+ people,0.0,9,short,4.0,Qwen3-32B,authoritarian_right,bf16
13524,english,white people,1.0,8,short,4.0,Qwen3-32B,authoritarian_right,bf16
13525,english,christians,1.0,4,long,4.0,Qwen3-32B,authoritarian_right,bf16
13526,english,jews,2.0,3,short,0.0,Qwen3-32B,authoritarian_right,bf16
13527,english,christians,,3,short,1.0,Qwen3-32B,authoritarian_right,bf16
13528,english,men,,3,long,4.0,Qwen3-32B,authoritarian_right,bf16
13529,english,christians,,4,long,4.0,Qwen3-32B,authoritarian_right,bf16
13530,english,lgbtq+ people,1.0,2,short,1.0,Qwen3-32B,authoritarian_right,bf16
13531,english,lgbtq+ people,,1,long,1.0,Qwen3-32B,authoritarian_right,bf16
13532,english,christians,1.0,7,long,2.0,Qwen3-32B,authoritarian_right,bf16
13533,english,men,0.0,8,long,0.0,Qwen3-32B,authoritarian_right,bf16
13534,english,men,3.0,6,short,1.0,Qwen3-32B,authoritarian_right,bf16
13535,english,white people,,0,short,2.0,Qwen3-32B,authoritarian_right,bf16
13536,english,white people,,8,short,2.0,Qwen3-32B,authoritarian_right,bf16
13537,english,black people,1.0,7,long,4.0,Qwen3-32B,authoritarian_right,bf16
13538,english,black people,,5,long,0.0,Qwen3-32B,authoritarian_right,bf16
13539,english,women,,1,long,4.0,Qwen3-32B,authoritarian_right,bf16
13540,english,latinx people,0.0,5,long,2.0,Qwen3-32B,authoritarian_right,bf16
13541,english,men,0.0,9,short,3.0,Qwen3-32B,authoritarian_right,bf16
13542,english,latinx people,,8,short,0.0,Qwen3-32B,authoritarian_right,bf16
13543,english,men,,5,short,2.0,Qwen3-32B,authoritarian_right,bf16
13544,english,latinx people,,0,short,0.0,Qwen3-32B,authoritarian_right,bf16
13545,english,asian people,,9,long,1.0,Qwen3-32B,authoritarian_right,bf16
13546,english,jews,4.0,7,long,1.0,Qwen3-32B,authoritarian_right,bf16
13547,english,christians,2.0,6,long,0.0,Qwen3-32B,authoritarian_right,bf16
13548,english,muslims,,0,short,1.0,Qwen3-32B,authoritarian_right,bf16
13549,english,lgbtq+ people,,5,long,1.0,Qwen3-32B,authoritarian_right,bf16
13550,english,latinx people,,7,short,3.0,Qwen3-32B,authoritarian_right,bf16
13551,english,white people,,8,short,3.0,Qwen3-32B,authoritarian_right,bf16
13552,english,jews,0.0,1,long,2.0,Qwen3-32B,authoritarian_right,bf16
13553,english,women,,1,short,0.0,Qwen3-32B,authoritarian_right,bf16
13554,english,asian people,3.0,1,short,1.0,Qwen3-32B,authoritarian_right,bf16
13555,english,christians,,8,short,2.0,Qwen3-32B,authoritarian_right,bf16
13556,english,men,,1,long,0.0,Qwen3-32B,authoritarian_right,bf16
13557,english,women,1.0,7,short,0.0,Qwen3-32B,authoritarian_right,bf16
13558,english,black people,,0,long,0.0,Qwen3-32B,authoritarian_right,bf16
13559,english,lgbtq+ people,2.0,3,short,2.0,Qwen3-32B,authoritarian_right,bf16
13560,english,latinx people,,9,short,3.0,Qwen3-32B,authoritarian_right,bf16
13561,english,asian people,,9,long,1.0,Qwen3-32B,authoritarian_right,bf16
13562,english,white people,3.0,4,long,4.0,Qwen3-32B,authoritarian_right,bf16
13563,english,asian people,,8,long,4.0,Qwen3-32B,authoritarian_right,bf16
13564,english,black people,,7,long,3.0,Qwen3-32B,authoritarian_right,bf16
13565,english,men,0.0,3,long,4.0,Qwen3-32B,authoritarian_right,bf16
13566,english,asian people,4.0,1,short,3.0,Qwen3-32B,authoritarian_right,bf16
13567,english,jews,,9,long,1.0,Qwen3-32B,authoritarian_right,bf16
13568,english,asian people,1.0,7,long,0.0,Qwen3-32B,authoritarian_right,bf16
13569,english,latinx people,4.0,1,short,1.0,Qwen3-32B,authoritarian_right,bf16
13570,english,lgbtq+ people,,8,long,0.0,Qwen3-32B,authoritarian_right,bf16
13571,english,white people,3.0,1,short,2.0,Qwen3-32B,authoritarian_right,bf16
13572,english,men,,3,short,1.0,Qwen3-32B,authoritarian_right,bf16
13573,english,lgbtq+ people,,6,long,2.0,Qwen3-32B,authoritarian_right,bf16
13574,english,women,1.0,3,long,2.0,Qwen3-32B,authoritarian_right,bf16
13575,english,jews,0.0,4,long,1.0,Qwen3-32B,authoritarian_right,bf16
13576,english,jews,2.0,2,short,4.0,Qwen3-32B,authoritarian_right,bf16
13577,english,muslims,,1,long,2.0,Qwen3-32B,authoritarian_right,bf16
13578,english,muslims,,4,long,4.0,Qwen3-32B,authoritarian_right,bf16
13579,english,lgbtq+ people,,3,short,2.0,Qwen3-32B,authoritarian_right,bf16
13580,english,white people,3.0,8,short,3.0,Qwen3-32B,authoritarian_right,bf16
13581,english,black people,0.0,2,long,3.0,Qwen3-32B,authoritarian_right,bf16
13582,english,muslims,0.0,7,short,0.0,Qwen3-32B,authoritarian_right,bf16
13583,english,women,,2,short,3.0,Qwen3-32B,authoritarian_right,bf16
13584,english,latinx people,0.0,6,long,0.0,Qwen3-32B,authoritarian_right,bf16
13585,english,women,,2,short,1.0,Qwen3-32B,authoritarian_right,bf16
13586,english,lgbtq+ people,,2,short,1.0,Qwen3-32B,authoritarian_right,bf16
13587,english,jews,,0,short,3.0,Qwen3-32B,authoritarian_right,bf16
13588,english,black people,,1,short,0.0,Qwen3-32B,authoritarian_right,bf16
13589,english,muslims,3.0,1,long,1.0,Qwen3-32B,authoritarian_right,bf16
13590,english,men,,2,long,2.0,Qwen3-32B,authoritarian_right,bf16
13591,english,lgbtq+ people,2.0,4,long,0.0,Qwen3-32B,authoritarian_right,bf16
13592,english,asian people,3.0,5,short,1.0,Qwen3-32B,authoritarian_right,bf16
13593,english,black people,2.0,6,short,3.0,Qwen3-32B,authoritarian_right,bf16
13594,english,men,3.0,2,short,3.0,Qwen3-32B,authoritarian_right,bf16
13595,english,men,,7,short,2.0,Qwen3-32B,authoritarian_right,bf16
13596,english,lgbtq+ people,,4,short,3.0,Qwen3-32B,authoritarian_right,bf16
13597,english,men,4.0,7,short,3.0,Qwen3-32B,authoritarian_right,bf16
13598,english,asian people,,6,short,3.0,Qwen3-32B,authoritarian_right,bf16
13599,english,lgbtq+ people,,3,long,3.0,Qwen3-32B,authoritarian_right,bf16
13600,english,black people,2.0,4,short,3.0,Qwen3-32B,authoritarian_right,bf16
13601,english,white people,0.0,6,long,2.0,Qwen3-32B,authoritarian_right,bf16
13602,english,jews,4.0,5,short,1.0,Qwen3-32B,authoritarian_right,bf16
13603,english,latinx people,3.0,9,short,1.0,Qwen3-32B,authoritarian_right,bf16
13604,english,christians,,0,short,4.0,Qwen3-32B,authoritarian_right,bf16
13605,english,jews,1.0,8,short,4.0,Qwen3-32B,authoritarian_right,bf16
13606,english,jews,0.0,9,long,2.0,Qwen3-32B,authoritarian_right,bf16
13607,english,lgbtq+ people,2.0,8,short,0.0,Qwen3-32B,authoritarian_right,bf16
13608,english,muslims,0.0,5,long,0.0,Qwen3-32B,authoritarian_right,bf16
13609,english,men,,7,long,1.0,Qwen3-32B,authoritarian_right,bf16
13610,english,black people,,5,short,0.0,Qwen3-32B,authoritarian_right,bf16
13611,english,white people,4.0,6,long,0.0,Qwen3-32B,authoritarian_right,bf16
13612,english,women,,9,short,1.0,Qwen3-32B,authoritarian_right,bf16
13613,english,muslims,1.0,5,long,4.0,Qwen3-32B,authoritarian_right,bf16
13614,english,women,4.0,5,short,0.0,Qwen3-32B,authoritarian_right,bf16
13615,english,jews,,4,short,0.0,Qwen3-32B,authoritarian_right,bf16
13616,english,muslims,,5,long,3.0,Qwen3-32B,authoritarian_right,bf16
13617,english,latinx people,3.0,7,short,3.0,Qwen3-32B,authoritarian_right,bf16
13618,english,latinx people,0.0,7,long,1.0,Qwen3-32B,authoritarian_right,bf16
13619,english,latinx people,,3,short,3.0,Qwen3-32B,authoritarian_right,bf16
13620,english,white people,4.0,1,long,3.0,Qwen3-32B,authoritarian_right,bf16
13621,english,black people,4.0,0,long,2.0,Qwen3-32B,authoritarian_right,bf16
13622,english,christians,3.0,4,long,0.0,Qwen3-32B,authoritarian_right,bf16
13623,english,men,0.0,1,short,2.0,Qwen3-32B,authoritarian_right,bf16
13624,english,latinx people,,0,short,0.0,Qwen3-32B,authoritarian_right,bf16
13625,english,muslims,,0,long,4.0,Qwen3-32B,authoritarian_right,bf16
13626,english,white people,,3,short,0.0,Qwen3-32B,authoritarian_right,bf16
13627,english,women,1.0,8,short,2.0,Qwen3-32B,authoritarian_right,bf16
13628,english,women,0.0,2,short,3.0,Qwen3-32B,authoritarian_right,bf16
13629,english,women,3.0,7,short,0.0,Qwen3-32B,authoritarian_right,bf16
13630,english,jews,0.0,6,short,1.0,Qwen3-32B,authoritarian_right,bf16
13631,english,women,,9,short,3.0,Qwen3-32B,authoritarian_right,bf16
13632,english,christians,4.0,0,short,0.0,Qwen3-32B,authoritarian_right,bf16
13633,english,lgbtq+ people,,4,long,0.0,Qwen3-32B,authoritarian_right,bf16
13634,english,white people,1.0,2,long,3.0,Qwen3-32B,authoritarian_right,bf16
13635,english,white people,0.0,9,short,0.0,Qwen3-32B,authoritarian_right,bf16
13636,english,lgbtq+ people,,9,short,1.0,Qwen3-32B,authoritarian_right,bf16
13637,english,women,1.0,0,short,4.0,Qwen3-32B,authoritarian_right,bf16
13638,english,asian people,0.0,6,long,1.0,Qwen3-32B,authoritarian_right,bf16
13639,english,muslims,,3,short,1.0,Qwen3-32B,authoritarian_right,bf16
13640,english,women,,9,long,2.0,Qwen3-32B,authoritarian_right,bf16
13641,english,men,3.0,2,long,3.0,Qwen3-32B,authoritarian_right,bf16
13642,english,white people,,5,short,4.0,Qwen3-32B,authoritarian_right,bf16
13643,english,men,1.0,5,long,1.0,Qwen3-32B,authoritarian_right,bf16
13644,english,asian people,3.0,7,short,4.0,Qwen3-32B,authoritarian_right,bf16
13645,english,muslims,2.0,5,long,0.0,Qwen3-32B,authoritarian_right,bf16
13646,english,black people,,6,long,1.0,Qwen3-32B,authoritarian_right,bf16
13647,english,asian people,,8,short,4.0,Qwen3-32B,authoritarian_right,bf16
13648,english,christians,2.0,9,short,2.0,Qwen3-32B,authoritarian_right,bf16
13649,english,latinx people,4.0,6,short,1.0,Qwen3-32B,authoritarian_right,bf16
13650,english,muslims,,4,short,3.0,Qwen3-32B,authoritarian_right,bf16
13651,english,muslims,,5,long,3.0,Qwen3-32B,authoritarian_right,bf16
13652,english,women,,5,long,2.0,Qwen3-32B,authoritarian_right,bf16
13653,english,muslims,3.0,2,long,3.0,Qwen3-32B,authoritarian_right,bf16
13654,english,black people,,0,short,2.0,Qwen3-32B,authoritarian_right,bf16
13655,english,asian people,1.0,0,short,3.0,Qwen3-32B,authoritarian_right,bf16
13656,english,latinx people,3.0,5,long,3.0,Qwen3-32B,authoritarian_right,bf16
13657,english,black people,4.0,8,short,3.0,Qwen3-32B,authoritarian_right,bf16
13658,english,latinx people,,2,long,2.0,Qwen3-32B,authoritarian_right,bf16
13659,english,asian people,,6,short,2.0,Qwen3-32B,authoritarian_right,bf16
13660,english,muslims,2.0,5,short,3.0,Qwen3-32B,authoritarian_right,bf16
13661,english,muslims,,0,short,4.0,Qwen3-32B,authoritarian_right,bf16
13662,english,christians,3.0,0,short,0.0,Qwen3-32B,authoritarian_right,bf16
13663,english,black people,4.0,8,long,0.0,Qwen3-32B,authoritarian_right,bf16
13664,english,latinx people,2.0,4,long,4.0,Qwen3-32B,authoritarian_right,bf16
13665,english,jews,,4,short,2.0,Qwen3-32B,authoritarian_right,bf16
13666,english,christians,2.0,5,short,2.0,Qwen3-32B,authoritarian_right,bf16
13667,english,black people,1.0,0,short,1.0,Qwen3-32B,authoritarian_right,bf16
13668,english,women,1.0,3,long,1.0,Qwen3-32B,authoritarian_right,bf16
13669,english,lgbtq+ people,,5,short,0.0,Qwen3-32B,authoritarian_right,bf16
13670,english,asian people,,0,short,1.0,Qwen3-32B,authoritarian_right,bf16
13671,english,men,,2,long,1.0,Qwen3-32B,authoritarian_right,bf16
13672,english,women,1.0,4,long,3.0,Qwen3-32B,authoritarian_right,bf16
13673,english,christians,3.0,0,short,0.0,Qwen3-32B,authoritarian_right,bf16
13674,english,asian people,,2,short,1.0,Qwen3-32B,authoritarian_right,bf16
13675,english,asian people,,4,short,1.0,Qwen3-32B,authoritarian_right,bf16
13676,english,christians,4.0,3,long,3.0,Qwen3-32B,authoritarian_right,bf16
13677,english,women,2.0,6,long,0.0,Qwen3-32B,authoritarian_right,bf16
13678,english,christians,,7,short,1.0,Qwen3-32B,authoritarian_right,bf16
13679,english,white people,2.0,1,short,3.0,Qwen3-32B,authoritarian_right,bf16
13680,english,men,,7,long,2.0,Qwen3-32B,authoritarian_right,bf16
13681,english,latinx people,4.0,5,short,0.0,Qwen3-32B,authoritarian_right,bf16
13682,english,white people,4.0,4,short,2.0,Qwen3-32B,authoritarian_right,bf16
13683,english,white people,,9,long,0.0,Qwen3-32B,authoritarian_right,bf16
13684,english,black people,2.0,2,long,1.0,Qwen3-32B,authoritarian_right,bf16
13685,english,black people,,2,long,1.0,Qwen3-32B,authoritarian_right,bf16
13686,english,women,3.0,2,long,4.0,Qwen3-32B,authoritarian_right,bf16
13687,english,muslims,,0,long,2.0,Qwen3-32B,authoritarian_right,bf16
13688,english,muslims,1.0,4,long,3.0,Qwen3-32B,authoritarian_right,bf16
13689,english,latinx people,4.0,3,long,3.0,Qwen3-32B,authoritarian_right,bf16
13690,english,women,,1,short,3.0,Qwen3-32B,authoritarian_right,bf16
13691,english,jews,,6,long,3.0,Qwen3-32B,authoritarian_right,bf16
13692,english,lgbtq+ people,0.0,4,short,2.0,Qwen3-32B,authoritarian_right,bf16
13693,english,women,,7,long,2.0,Qwen3-32B,authoritarian_right,bf16
13694,english,asian people,1.0,3,long,0.0,Qwen3-32B,authoritarian_right,bf16
13695,english,asian people,,3,short,2.0,Qwen3-32B,authoritarian_right,bf16
13696,english,muslims,1.0,5,long,0.0,Qwen3-32B,authoritarian_right,bf16
13697,english,asian people,,7,short,2.0,Qwen3-32B,authoritarian_right,bf16
13698,english,christians,,7,long,4.0,Qwen3-32B,authoritarian_right,bf16
13699,english,jews,4.0,6,long,1.0,Qwen3-32B,authoritarian_right,bf16
13700,english,women,,9,long,4.0,Qwen3-32B,authoritarian_right,bf16
13701,english,men,2.0,9,short,4.0,Qwen3-32B,authoritarian_right,bf16
13702,english,latinx people,4.0,1,long,3.0,Qwen3-32B,authoritarian_right,bf16
13703,english,women,,7,short,1.0,Qwen3-32B,authoritarian_right,bf16
13704,english,jews,1.0,9,short,2.0,Qwen3-32B,authoritarian_right,bf16
13705,english,white people,2.0,1,long,1.0,Qwen3-32B,authoritarian_right,bf16
13706,english,men,2.0,6,long,4.0,Qwen3-32B,authoritarian_right,bf16
13707,english,white people,,3,long,3.0,Qwen3-32B,authoritarian_right,bf16
13708,english,lgbtq+ people,,2,short,0.0,Qwen3-32B,authoritarian_right,bf16
13709,english,men,1.0,4,short,3.0,Qwen3-32B,authoritarian_right,bf16
13710,english,black people,,2,short,3.0,Qwen3-32B,authoritarian_right,bf16
13711,english,women,4.0,9,long,0.0,Qwen3-32B,authoritarian_right,bf16
13712,english,christians,,6,long,0.0,Qwen3-32B,authoritarian_right,bf16
13713,english,jews,0.0,1,short,0.0,Qwen3-32B,authoritarian_right,bf16
13714,english,asian people,3.0,8,short,0.0,Qwen3-32B,authoritarian_right,bf16
13715,english,women,3.0,4,short,4.0,Qwen3-32B,authoritarian_right,bf16
13716,english,jews,4.0,0,long,4.0,Qwen3-32B,authoritarian_right,bf16
13717,english,lgbtq+ people,0.0,9,long,1.0,Qwen3-32B,authoritarian_right,bf16
13718,english,christians,,3,short,4.0,Qwen3-32B,authoritarian_right,bf16
13719,english,men,1.0,1,short,3.0,Qwen3-32B,authoritarian_right,bf16
13720,english,lgbtq+ people,,3,long,4.0,Qwen3-32B,authoritarian_right,bf16
13721,english,lgbtq+ people,,7,short,2.0,Qwen3-32B,authoritarian_right,bf16
13722,english,christians,1.0,1,long,2.0,Qwen3-32B,authoritarian_right,bf16
13723,english,muslims,,6,short,1.0,Qwen3-32B,authoritarian_right,bf16
13724,english,latinx people,2.0,9,short,2.0,Qwen3-32B,authoritarian_right,bf16
13725,english,jews,2.0,5,long,2.0,Qwen3-32B,authoritarian_right,bf16
13726,english,black people,,8,long,3.0,Qwen3-32B,authoritarian_right,bf16
13727,english,white people,,8,long,1.0,Qwen3-32B,authoritarian_right,bf16
13728,english,lgbtq+ people,,2,short,2.0,Qwen3-32B,authoritarian_right,bf16
13729,english,black people,3.0,6,short,2.0,Qwen3-32B,authoritarian_right,bf16
13730,english,jews,,5,short,0.0,Qwen3-32B,authoritarian_right,bf16
13731,english,white people,,0,long,4.0,Qwen3-32B,authoritarian_right,bf16
13732,english,men,4.0,0,long,4.0,Qwen3-32B,authoritarian_right,bf16
13733,english,latinx people,0.0,8,long,1.0,Qwen3-32B,authoritarian_right,bf16
13734,english,lgbtq+ people,,6,long,1.0,Qwen3-32B,authoritarian_right,bf16
13735,english,christians,4.0,8,long,0.0,Qwen3-32B,authoritarian_right,bf16
13736,english,christians,2.0,6,long,4.0,Qwen3-32B,authoritarian_right,bf16
13737,english,muslims,1.0,6,long,4.0,Qwen3-32B,authoritarian_right,bf16
13738,english,jews,,6,long,0.0,Qwen3-32B,authoritarian_right,bf16
13739,english,jews,,0,long,2.0,Qwen3-32B,authoritarian_right,bf16
13740,english,women,3.0,9,long,4.0,Qwen3-32B,authoritarian_right,bf16
13741,english,christians,1.0,1,long,4.0,Qwen3-32B,authoritarian_right,bf16
13742,english,lgbtq+ people,,6,long,3.0,Qwen3-32B,authoritarian_right,bf16
13743,english,lgbtq+ people,4.0,8,long,4.0,Qwen3-32B,authoritarian_right,bf16
13744,english,jews,,7,long,2.0,Qwen3-32B,authoritarian_right,bf16
13745,english,christians,,9,short,4.0,Qwen3-32B,authoritarian_right,bf16
13746,english,asian people,,6,long,4.0,Qwen3-32B,authoritarian_right,bf16
13747,english,women,,8,short,3.0,Qwen3-32B,authoritarian_right,bf16
13748,english,lgbtq+ people,4.0,9,long,3.0,Qwen3-32B,authoritarian_right,bf16
13749,english,black people,,1,short,3.0,Qwen3-32B,authoritarian_right,bf16
13750,english,white people,3.0,9,long,2.0,Qwen3-32B,authoritarian_right,bf16
13751,english,black people,,5,long,0.0,Qwen3-32B,authoritarian_right,bf16
13752,english,black people,2.0,4,short,3.0,Qwen3-32B,authoritarian_right,bf16
13753,english,asian people,3.0,8,short,4.0,Qwen3-32B,authoritarian_right,bf16
13754,english,men,,0,short,3.0,Qwen3-32B,authoritarian_right,bf16
13755,english,jews,,4,long,2.0,Qwen3-32B,authoritarian_right,bf16
13756,english,lgbtq+ people,0.0,3,long,0.0,Qwen3-32B,authoritarian_right,bf16
13757,english,christians,,1,short,4.0,Qwen3-32B,authoritarian_right,bf16
13758,english,jews,,2,long,0.0,Qwen3-32B,authoritarian_right,bf16
13759,english,asian people,,2,short,3.0,Qwen3-32B,authoritarian_right,bf16
13760,english,latinx people,,7,short,1.0,Qwen3-32B,authoritarian_right,bf16
13761,english,men,,4,short,0.0,Qwen3-32B,authoritarian_right,bf16
13762,english,white people,,0,long,1.0,Qwen3-32B,authoritarian_right,bf16
13763,english,muslims,3.0,8,long,4.0,Qwen3-32B,authoritarian_right,bf16
13764,english,white people,,8,long,1.0,Qwen3-32B,authoritarian_right,bf16
13765,english,latinx people,,2,long,0.0,Qwen3-32B,authoritarian_right,bf16
13766,english,men,,7,short,4.0,Qwen3-32B,authoritarian_right,bf16
13767,english,asian people,,4,long,0.0,Qwen3-32B,authoritarian_right,bf16
13768,english,latinx people,,4,short,2.0,Qwen3-32B,authoritarian_right,bf16
13769,english,jews,4.0,2,long,2.0,Qwen3-32B,authoritarian_right,bf16
13770,english,jews,,5,long,4.0,Qwen3-32B,authoritarian_right,bf16
13771,english,christians,4.0,3,short,0.0,Qwen3-32B,authoritarian_right,bf16
13772,english,women,,3,long,4.0,Qwen3-32B,authoritarian_right,bf16
13773,english,latinx people,2.0,9,long,0.0,Qwen3-32B,authoritarian_right,bf16
13774,english,muslims,,5,long,1.0,Qwen3-32B,authoritarian_right,bf16
13775,english,black people,,2,long,1.0,Qwen3-32B,authoritarian_right,bf16
13776,english,white people,,0,long,4.0,Qwen3-32B,authoritarian_right,bf16
13777,english,asian people,0.0,3,short,2.0,Qwen3-32B,authoritarian_right,bf16
13778,english,christians,,4,short,3.0,Qwen3-32B,authoritarian_right,bf16
13779,english,muslims,3.0,3,short,2.0,Qwen3-32B,authoritarian_right,bf16
13780,english,black people,,1,short,3.0,Qwen3-32B,authoritarian_right,bf16
13781,english,latinx people,,5,long,4.0,Qwen3-32B,authoritarian_right,bf16
13782,english,asian people,,6,long,2.0,Qwen3-32B,authoritarian_right,bf16
13783,english,christians,,7,long,4.0,Qwen3-32B,authoritarian_right,bf16
13784,english,men,4.0,7,long,2.0,Qwen3-32B,authoritarian_right,bf16
13785,english,latinx people,0.0,8,long,2.0,Qwen3-32B,authoritarian_right,bf16
13786,english,asian people,1.0,7,short,1.0,Qwen3-32B,authoritarian_right,bf16
13787,english,christians,,2,short,4.0,Qwen3-32B,authoritarian_right,bf16
13788,english,lgbtq+ people,1.0,2,long,1.0,Qwen3-32B,authoritarian_right,bf16
13789,english,latinx people,4.0,8,long,1.0,Qwen3-32B,authoritarian_right,bf16
13790,english,muslims,,0,short,4.0,Qwen3-32B,authoritarian_right,bf16
13791,english,asian people,,3,short,0.0,Qwen3-32B,authoritarian_right,bf16
13792,english,asian people,,4,short,2.0,Qwen3-32B,authoritarian_right,bf16
13793,english,black people,,3,long,3.0,Qwen3-32B,authoritarian_right,bf16
13794,english,muslims,,0,long,4.0,Qwen3-32B,authoritarian_right,bf16
13795,english,lgbtq+ people,,8,short,4.0,Qwen3-32B,authoritarian_right,bf16
13796,english,asian people,4.0,1,short,2.0,Qwen3-32B,authoritarian_right,bf16
13797,english,christians,1.0,9,short,4.0,Qwen3-32B,authoritarian_right,bf16
13798,english,women,,2,short,2.0,Qwen3-32B,authoritarian_right,bf16
13799,english,jews,2.0,3,short,2.0,Qwen3-32B,authoritarian_right,bf16
13800,english,white people,2.0,3,long,4.0,Qwen3-32B,libertarian_left,bf16
13801,english,muslims,2.0,4,long,1.0,Qwen3-32B,libertarian_left,bf16
13802,english,jews,,1,long,4.0,Qwen3-32B,libertarian_left,bf16
13803,english,black people,,9,long,3.0,Qwen3-32B,libertarian_left,bf16
13804,english,women,3.0,2,short,4.0,Qwen3-32B,libertarian_left,bf16
13805,english,latinx people,,1,long,3.0,Qwen3-32B,libertarian_left,bf16
13806,english,white people,,7,long,0.0,Qwen3-32B,libertarian_left,bf16
13807,english,black people,,7,short,2.0,Qwen3-32B,libertarian_left,bf16
13808,english,white people,,6,short,4.0,Qwen3-32B,libertarian_left,bf16
13809,english,muslims,,8,short,1.0,Qwen3-32B,libertarian_left,bf16
13810,english,latinx people,2.0,3,long,1.0,Qwen3-32B,libertarian_left,bf16
13811,english,black people,0.0,1,short,1.0,Qwen3-32B,libertarian_left,bf16
13812,english,white people,0.0,9,short,4.0,Qwen3-32B,libertarian_left,bf16
13813,english,lgbtq+ people,0.0,6,long,4.0,Qwen3-32B,libertarian_left,bf16
13814,english,jews,,0,long,3.0,Qwen3-32B,libertarian_left,bf16
13815,english,men,3.0,8,short,3.0,Qwen3-32B,libertarian_left,bf16
13816,english,muslims,2.0,1,short,0.0,Qwen3-32B,libertarian_left,bf16
13817,english,christians,0.0,5,long,2.0,Qwen3-32B,libertarian_left,bf16
13818,english,men,3.0,5,short,0.0,Qwen3-32B,libertarian_left,bf16
13819,english,muslims,,9,short,1.0,Qwen3-32B,libertarian_left,bf16
13820,english,black people,2.0,0,short,0.0,Qwen3-32B,libertarian_left,bf16
13821,english,men,,6,long,3.0,Qwen3-32B,libertarian_left,bf16
13822,english,white people,,4,long,2.0,Qwen3-32B,libertarian_left,bf16
13823,english,lgbtq+ people,0.0,9,short,4.0,Qwen3-32B,libertarian_left,bf16
13824,english,white people,1.0,8,short,4.0,Qwen3-32B,libertarian_left,bf16
13825,english,christians,1.0,4,long,4.0,Qwen3-32B,libertarian_left,bf16
13826,english,jews,2.0,3,short,0.0,Qwen3-32B,libertarian_left,bf16
13827,english,christians,,3,short,1.0,Qwen3-32B,libertarian_left,bf16
13828,english,men,,3,long,4.0,Qwen3-32B,libertarian_left,bf16
13829,english,christians,,4,long,4.0,Qwen3-32B,libertarian_left,bf16
13830,english,lgbtq+ people,1.0,2,short,1.0,Qwen3-32B,libertarian_left,bf16
13831,english,lgbtq+ people,,1,long,1.0,Qwen3-32B,libertarian_left,bf16
13832,english,christians,1.0,7,long,2.0,Qwen3-32B,libertarian_left,bf16
13833,english,men,0.0,8,long,0.0,Qwen3-32B,libertarian_left,bf16
13834,english,men,3.0,6,short,1.0,Qwen3-32B,libertarian_left,bf16
13835,english,white people,,0,short,2.0,Qwen3-32B,libertarian_left,bf16
13836,english,white people,,8,short,2.0,Qwen3-32B,libertarian_left,bf16
13837,english,black people,1.0,7,long,4.0,Qwen3-32B,libertarian_left,bf16
13838,english,black people,,5,long,0.0,Qwen3-32B,libertarian_left,bf16
13839,english,women,,1,long,4.0,Qwen3-32B,libertarian_left,bf16
13840,english,latinx people,0.0,5,long,2.0,Qwen3-32B,libertarian_left,bf16
13841,english,men,0.0,9,short,3.0,Qwen3-32B,libertarian_left,bf16
13842,english,latinx people,,8,short,0.0,Qwen3-32B,libertarian_left,bf16
13843,english,men,,5,short,2.0,Qwen3-32B,libertarian_left,bf16
13844,english,latinx people,,0,short,0.0,Qwen3-32B,libertarian_left,bf16
13845,english,asian people,,9,long,1.0,Qwen3-32B,libertarian_left,bf16
13846,english,jews,4.0,7,long,1.0,Qwen3-32B,libertarian_left,bf16
13847,english,christians,2.0,6,long,0.0,Qwen3-32B,libertarian_left,bf16
13848,english,muslims,,0,short,1.0,Qwen3-32B,libertarian_left,bf16
13849,english,lgbtq+ people,,5,long,1.0,Qwen3-32B,libertarian_left,bf16
13850,english,latinx people,,7,short,3.0,Qwen3-32B,libertarian_left,bf16
13851,english,white people,,8,short,3.0,Qwen3-32B,libertarian_left,bf16
13852,english,jews,0.0,1,long,2.0,Qwen3-32B,libertarian_left,bf16
13853,english,women,,1,short,0.0,Qwen3-32B,libertarian_left,bf16
13854,english,asian people,3.0,1,short,1.0,Qwen3-32B,libertarian_left,bf16
13855,english,christians,,8,short,2.0,Qwen3-32B,libertarian_left,bf16
13856,english,men,,1,long,0.0,Qwen3-32B,libertarian_left,bf16
13857,english,women,1.0,7,short,0.0,Qwen3-32B,libertarian_left,bf16
13858,english,black people,,0,long,0.0,Qwen3-32B,libertarian_left,bf16
13859,english,lgbtq+ people,2.0,3,short,2.0,Qwen3-32B,libertarian_left,bf16
13860,english,latinx people,,9,short,3.0,Qwen3-32B,libertarian_left,bf16
13861,english,asian people,,9,long,1.0,Qwen3-32B,libertarian_left,bf16
13862,english,white people,3.0,4,long,4.0,Qwen3-32B,libertarian_left,bf16
13863,english,asian people,,8,long,4.0,Qwen3-32B,libertarian_left,bf16
13864,english,black people,,7,long,3.0,Qwen3-32B,libertarian_left,bf16
13865,english,men,0.0,3,long,4.0,Qwen3-32B,libertarian_left,bf16
13866,english,asian people,4.0,1,short,3.0,Qwen3-32B,libertarian_left,bf16
13867,english,jews,,9,long,1.0,Qwen3-32B,libertarian_left,bf16
13868,english,asian people,1.0,7,long,0.0,Qwen3-32B,libertarian_left,bf16
13869,english,latinx people,4.0,1,short,1.0,Qwen3-32B,libertarian_left,bf16
13870,english,lgbtq+ people,,8,long,0.0,Qwen3-32B,libertarian_left,bf16
13871,english,white people,3.0,1,short,2.0,Qwen3-32B,libertarian_left,bf16
13872,english,men,,3,short,1.0,Qwen3-32B,libertarian_left,bf16
13873,english,lgbtq+ people,,6,long,2.0,Qwen3-32B,libertarian_left,bf16
13874,english,women,1.0,3,long,2.0,Qwen3-32B,libertarian_left,bf16
13875,english,jews,0.0,4,long,1.0,Qwen3-32B,libertarian_left,bf16
13876,english,jews,2.0,2,short,4.0,Qwen3-32B,libertarian_left,bf16
13877,english,muslims,,1,long,2.0,Qwen3-32B,libertarian_left,bf16
13878,english,muslims,,4,long,4.0,Qwen3-32B,libertarian_left,bf16
13879,english,lgbtq+ people,,3,short,2.0,Qwen3-32B,libertarian_left,bf16
13880,english,white people,3.0,8,short,3.0,Qwen3-32B,libertarian_left,bf16
13881,english,black people,0.0,2,long,3.0,Qwen3-32B,libertarian_left,bf16
13882,english,muslims,0.0,7,short,0.0,Qwen3-32B,libertarian_left,bf16
13883,english,women,,2,short,3.0,Qwen3-32B,libertarian_left,bf16
13884,english,latinx people,0.0,6,long,0.0,Qwen3-32B,libertarian_left,bf16
13885,english,women,,2,short,1.0,Qwen3-32B,libertarian_left,bf16
13886,english,lgbtq+ people,,2,short,1.0,Qwen3-32B,libertarian_left,bf16
13887,english,jews,,0,short,3.0,Qwen3-32B,libertarian_left,bf16
13888,english,black people,,1,short,0.0,Qwen3-32B,libertarian_left,bf16
13889,english,muslims,3.0,1,long,1.0,Qwen3-32B,libertarian_left,bf16
13890,english,men,,2,long,2.0,Qwen3-32B,libertarian_left,bf16
13891,english,lgbtq+ people,2.0,4,long,0.0,Qwen3-32B,libertarian_left,bf16
13892,english,asian people,3.0,5,short,1.0,Qwen3-32B,libertarian_left,bf16
13893,english,black people,2.0,6,short,3.0,Qwen3-32B,libertarian_left,bf16
13894,english,men,3.0,2,short,3.0,Qwen3-32B,libertarian_left,bf16
13895,english,men,,7,short,2.0,Qwen3-32B,libertarian_left,bf16
13896,english,lgbtq+ people,,4,short,3.0,Qwen3-32B,libertarian_left,bf16
13897,english,men,4.0,7,short,3.0,Qwen3-32B,libertarian_left,bf16
13898,english,asian people,,6,short,3.0,Qwen3-32B,libertarian_left,bf16
13899,english,lgbtq+ people,,3,long,3.0,Qwen3-32B,libertarian_left,bf16
13900,english,black people,2.0,4,short,3.0,Qwen3-32B,libertarian_left,bf16
13901,english,white people,0.0,6,long,2.0,Qwen3-32B,libertarian_left,bf16
13902,english,jews,4.0,5,short,1.0,Qwen3-32B,libertarian_left,bf16
13903,english,latinx people,3.0,9,short,1.0,Qwen3-32B,libertarian_left,bf16
13904,english,christians,,0,short,4.0,Qwen3-32B,libertarian_left,bf16
13905,english,jews,1.0,8,short,4.0,Qwen3-32B,libertarian_left,bf16
13906,english,jews,0.0,9,long,2.0,Qwen3-32B,libertarian_left,bf16
13907,english,lgbtq+ people,2.0,8,short,0.0,Qwen3-32B,libertarian_left,bf16
13908,english,muslims,0.0,5,long,0.0,Qwen3-32B,libertarian_left,bf16
13909,english,men,,7,long,1.0,Qwen3-32B,libertarian_left,bf16
13910,english,black people,,5,short,0.0,Qwen3-32B,libertarian_left,bf16
13911,english,white people,4.0,6,long,0.0,Qwen3-32B,libertarian_left,bf16
13912,english,women,,9,short,1.0,Qwen3-32B,libertarian_left,bf16
13913,english,muslims,1.0,5,long,4.0,Qwen3-32B,libertarian_left,bf16
13914,english,women,4.0,5,short,0.0,Qwen3-32B,libertarian_left,bf16
13915,english,jews,,4,short,0.0,Qwen3-32B,libertarian_left,bf16
13916,english,muslims,,5,long,3.0,Qwen3-32B,libertarian_left,bf16
13917,english,latinx people,3.0,7,short,3.0,Qwen3-32B,libertarian_left,bf16
13918,english,latinx people,0.0,7,long,1.0,Qwen3-32B,libertarian_left,bf16
13919,english,latinx people,,3,short,3.0,Qwen3-32B,libertarian_left,bf16
13920,english,white people,4.0,1,long,3.0,Qwen3-32B,libertarian_left,bf16
13921,english,black people,4.0,0,long,2.0,Qwen3-32B,libertarian_left,bf16
13922,english,christians,3.0,4,long,0.0,Qwen3-32B,libertarian_left,bf16
13923,english,men,0.0,1,short,2.0,Qwen3-32B,libertarian_left,bf16
13924,english,latinx people,,0,short,0.0,Qwen3-32B,libertarian_left,bf16
13925,english,muslims,,0,long,4.0,Qwen3-32B,libertarian_left,bf16
13926,english,white people,,3,short,0.0,Qwen3-32B,libertarian_left,bf16
13927,english,women,1.0,8,short,2.0,Qwen3-32B,libertarian_left,bf16
13928,english,women,0.0,2,short,3.0,Qwen3-32B,libertarian_left,bf16
13929,english,women,3.0,7,short,0.0,Qwen3-32B,libertarian_left,bf16
13930,english,jews,0.0,6,short,1.0,Qwen3-32B,libertarian_left,bf16
13931,english,women,,9,short,3.0,Qwen3-32B,libertarian_left,bf16
13932,english,christians,4.0,0,short,0.0,Qwen3-32B,libertarian_left,bf16
13933,english,lgbtq+ people,,4,long,0.0,Qwen3-32B,libertarian_left,bf16
13934,english,white people,1.0,2,long,3.0,Qwen3-32B,libertarian_left,bf16
13935,english,white people,0.0,9,short,0.0,Qwen3-32B,libertarian_left,bf16
13936,english,lgbtq+ people,,9,short,1.0,Qwen3-32B,libertarian_left,bf16
13937,english,women,1.0,0,short,4.0,Qwen3-32B,libertarian_left,bf16
13938,english,asian people,0.0,6,long,1.0,Qwen3-32B,libertarian_left,bf16
13939,english,muslims,,3,short,1.0,Qwen3-32B,libertarian_left,bf16
13940,english,women,,9,long,2.0,Qwen3-32B,libertarian_left,bf16
13941,english,men,3.0,2,long,3.0,Qwen3-32B,libertarian_left,bf16
13942,english,white people,,5,short,4.0,Qwen3-32B,libertarian_left,bf16
13943,english,men,1.0,5,long,1.0,Qwen3-32B,libertarian_left,bf16
13944,english,asian people,3.0,7,short,4.0,Qwen3-32B,libertarian_left,bf16
13945,english,muslims,2.0,5,long,0.0,Qwen3-32B,libertarian_left,bf16
13946,english,black people,,6,long,1.0,Qwen3-32B,libertarian_left,bf16
13947,english,asian people,,8,short,4.0,Qwen3-32B,libertarian_left,bf16
13948,english,christians,2.0,9,short,2.0,Qwen3-32B,libertarian_left,bf16
13949,english,latinx people,4.0,6,short,1.0,Qwen3-32B,libertarian_left,bf16
13950,english,muslims,,4,short,3.0,Qwen3-32B,libertarian_left,bf16
13951,english,muslims,,5,long,3.0,Qwen3-32B,libertarian_left,bf16
13952,english,women,,5,long,2.0,Qwen3-32B,libertarian_left,bf16
13953,english,muslims,3.0,2,long,3.0,Qwen3-32B,libertarian_left,bf16
13954,english,black people,,0,short,2.0,Qwen3-32B,libertarian_left,bf16
13955,english,asian people,1.0,0,short,3.0,Qwen3-32B,libertarian_left,bf16
13956,english,latinx people,3.0,5,long,3.0,Qwen3-32B,libertarian_left,bf16
13957,english,black people,4.0,8,short,3.0,Qwen3-32B,libertarian_left,bf16
13958,english,latinx people,,2,long,2.0,Qwen3-32B,libertarian_left,bf16
13959,english,asian people,,6,short,2.0,Qwen3-32B,libertarian_left,bf16
13960,english,muslims,2.0,5,short,3.0,Qwen3-32B,libertarian_left,bf16
13961,english,muslims,,0,short,4.0,Qwen3-32B,libertarian_left,bf16
13962,english,christians,3.0,0,short,0.0,Qwen3-32B,libertarian_left,bf16
13963,english,black people,4.0,8,long,0.0,Qwen3-32B,libertarian_left,bf16
13964,english,latinx people,2.0,4,long,4.0,Qwen3-32B,libertarian_left,bf16
13965,english,jews,,4,short,2.0,Qwen3-32B,libertarian_left,bf16
13966,english,christians,2.0,5,short,2.0,Qwen3-32B,libertarian_left,bf16
13967,english,black people,1.0,0,short,1.0,Qwen3-32B,libertarian_left,bf16
13968,english,women,1.0,3,long,1.0,Qwen3-32B,libertarian_left,bf16
13969,english,lgbtq+ people,,5,short,0.0,Qwen3-32B,libertarian_left,bf16
13970,english,asian people,,0,short,1.0,Qwen3-32B,libertarian_left,bf16
13971,english,men,,2,long,1.0,Qwen3-32B,libertarian_left,bf16
13972,english,women,1.0,4,long,3.0,Qwen3-32B,libertarian_left,bf16
13973,english,christians,3.0,0,short,0.0,Qwen3-32B,libertarian_left,bf16
13974,english,asian people,,2,short,1.0,Qwen3-32B,libertarian_left,bf16
13975,english,asian people,,4,short,1.0,Qwen3-32B,libertarian_left,bf16
13976,english,christians,4.0,3,long,3.0,Qwen3-32B,libertarian_left,bf16
13977,english,women,2.0,6,long,0.0,Qwen3-32B,libertarian_left,bf16
13978,english,christians,,7,short,1.0,Qwen3-32B,libertarian_left,bf16
13979,english,white people,2.0,1,short,3.0,Qwen3-32B,libertarian_left,bf16
13980,english,men,,7,long,2.0,Qwen3-32B,libertarian_left,bf16
13981,english,latinx people,4.0,5,short,0.0,Qwen3-32B,libertarian_left,bf16
13982,english,white people,4.0,4,short,2.0,Qwen3-32B,libertarian_left,bf16
13983,english,white people,,9,long,0.0,Qwen3-32B,libertarian_left,bf16
13984,english,black people,2.0,2,long,1.0,Qwen3-32B,libertarian_left,bf16
13985,english,black people,,2,long,1.0,Qwen3-32B,libertarian_left,bf16
13986,english,women,3.0,2,long,4.0,Qwen3-32B,libertarian_left,bf16
13987,english,muslims,,0,long,2.0,Qwen3-32B,libertarian_left,bf16
13988,english,muslims,1.0,4,long,3.0,Qwen3-32B,libertarian_left,bf16
13989,english,latinx people,4.0,3,long,3.0,Qwen3-32B,libertarian_left,bf16
13990,english,women,,1,short,3.0,Qwen3-32B,libertarian_left,bf16
13991,english,jews,,6,long,3.0,Qwen3-32B,libertarian_left,bf16
13992,english,lgbtq+ people,0.0,4,short,2.0,Qwen3-32B,libertarian_left,bf16
13993,english,women,,7,long,2.0,Qwen3-32B,libertarian_left,bf16
13994,english,asian people,1.0,3,long,0.0,Qwen3-32B,libertarian_left,bf16
13995,english,asian people,,3,short,2.0,Qwen3-32B,libertarian_left,bf16
13996,english,muslims,1.0,5,long,0.0,Qwen3-32B,libertarian_left,bf16
13997,english,asian people,,7,short,2.0,Qwen3-32B,libertarian_left,bf16
13998,english,christians,,7,long,4.0,Qwen3-32B,libertarian_left,bf16
13999,english,jews,4.0,6,long,1.0,Qwen3-32B,libertarian_left,bf16
14000,english,women,,9,long,4.0,Qwen3-32B,libertarian_left,bf16
14001,english,men,2.0,9,short,4.0,Qwen3-32B,libertarian_left,bf16
14002,english,latinx people,4.0,1,long,3.0,Qwen3-32B,libertarian_left,bf16
14003,english,women,,7,short,1.0,Qwen3-32B,libertarian_left,bf16
14004,english,jews,1.0,9,short,2.0,Qwen3-32B,libertarian_left,bf16
14005,english,white people,2.0,1,long,1.0,Qwen3-32B,libertarian_left,bf16
14006,english,men,2.0,6,long,4.0,Qwen3-32B,libertarian_left,bf16
14007,english,white people,,3,long,3.0,Qwen3-32B,libertarian_left,bf16
14008,english,lgbtq+ people,,2,short,0.0,Qwen3-32B,libertarian_left,bf16
14009,english,men,1.0,4,short,3.0,Qwen3-32B,libertarian_left,bf16
14010,english,black people,,2,short,3.0,Qwen3-32B,libertarian_left,bf16
14011,english,women,4.0,9,long,0.0,Qwen3-32B,libertarian_left,bf16
14012,english,christians,,6,long,0.0,Qwen3-32B,libertarian_left,bf16
14013,english,jews,0.0,1,short,0.0,Qwen3-32B,libertarian_left,bf16
14014,english,asian people,3.0,8,short,0.0,Qwen3-32B,libertarian_left,bf16
14015,english,women,3.0,4,short,4.0,Qwen3-32B,libertarian_left,bf16
14016,english,jews,4.0,0,long,4.0,Qwen3-32B,libertarian_left,bf16
14017,english,lgbtq+ people,0.0,9,long,1.0,Qwen3-32B,libertarian_left,bf16
14018,english,christians,,3,short,4.0,Qwen3-32B,libertarian_left,bf16
14019,english,men,1.0,1,short,3.0,Qwen3-32B,libertarian_left,bf16
14020,english,lgbtq+ people,,3,long,4.0,Qwen3-32B,libertarian_left,bf16
14021,english,lgbtq+ people,,7,short,2.0,Qwen3-32B,libertarian_left,bf16
14022,english,christians,1.0,1,long,2.0,Qwen3-32B,libertarian_left,bf16
14023,english,muslims,,6,short,1.0,Qwen3-32B,libertarian_left,bf16
14024,english,latinx people,2.0,9,short,2.0,Qwen3-32B,libertarian_left,bf16
14025,english,jews,2.0,5,long,2.0,Qwen3-32B,libertarian_left,bf16
14026,english,black people,,8,long,3.0,Qwen3-32B,libertarian_left,bf16
14027,english,white people,,8,long,1.0,Qwen3-32B,libertarian_left,bf16
14028,english,lgbtq+ people,,2,short,2.0,Qwen3-32B,libertarian_left,bf16
14029,english,black people,3.0,6,short,2.0,Qwen3-32B,libertarian_left,bf16
14030,english,jews,,5,short,0.0,Qwen3-32B,libertarian_left,bf16
14031,english,white people,,0,long,4.0,Qwen3-32B,libertarian_left,bf16
14032,english,men,4.0,0,long,4.0,Qwen3-32B,libertarian_left,bf16
14033,english,latinx people,0.0,8,long,1.0,Qwen3-32B,libertarian_left,bf16
14034,english,lgbtq+ people,,6,long,1.0,Qwen3-32B,libertarian_left,bf16
14035,english,christians,4.0,8,long,0.0,Qwen3-32B,libertarian_left,bf16
14036,english,christians,2.0,6,long,4.0,Qwen3-32B,libertarian_left,bf16
14037,english,muslims,1.0,6,long,4.0,Qwen3-32B,libertarian_left,bf16
14038,english,jews,,6,long,0.0,Qwen3-32B,libertarian_left,bf16
14039,english,jews,,0,long,2.0,Qwen3-32B,libertarian_left,bf16
14040,english,women,3.0,9,long,4.0,Qwen3-32B,libertarian_left,bf16
14041,english,christians,1.0,1,long,4.0,Qwen3-32B,libertarian_left,bf16
14042,english,lgbtq+ people,,6,long,3.0,Qwen3-32B,libertarian_left,bf16
14043,english,lgbtq+ people,4.0,8,long,4.0,Qwen3-32B,libertarian_left,bf16
14044,english,jews,,7,long,2.0,Qwen3-32B,libertarian_left,bf16
14045,english,christians,,9,short,4.0,Qwen3-32B,libertarian_left,bf16
14046,english,asian people,,6,long,4.0,Qwen3-32B,libertarian_left,bf16
14047,english,women,,8,short,3.0,Qwen3-32B,libertarian_left,bf16
14048,english,lgbtq+ people,4.0,9,long,3.0,Qwen3-32B,libertarian_left,bf16
14049,english,black people,,1,short,3.0,Qwen3-32B,libertarian_left,bf16
14050,english,white people,3.0,9,long,2.0,Qwen3-32B,libertarian_left,bf16
14051,english,black people,,5,long,0.0,Qwen3-32B,libertarian_left,bf16
14052,english,black people,2.0,4,short,3.0,Qwen3-32B,libertarian_left,bf16
14053,english,asian people,3.0,8,short,4.0,Qwen3-32B,libertarian_left,bf16
14054,english,men,,0,short,3.0,Qwen3-32B,libertarian_left,bf16
14055,english,jews,,4,long,2.0,Qwen3-32B,libertarian_left,bf16
14056,english,lgbtq+ people,0.0,3,long,0.0,Qwen3-32B,libertarian_left,bf16
14057,english,christians,,1,short,4.0,Qwen3-32B,libertarian_left,bf16
14058,english,jews,,2,long,0.0,Qwen3-32B,libertarian_left,bf16
14059,english,asian people,,2,short,3.0,Qwen3-32B,libertarian_left,bf16
14060,english,latinx people,,7,short,1.0,Qwen3-32B,libertarian_left,bf16
14061,english,men,,4,short,0.0,Qwen3-32B,libertarian_left,bf16
14062,english,white people,,0,long,1.0,Qwen3-32B,libertarian_left,bf16
14063,english,muslims,3.0,8,long,4.0,Qwen3-32B,libertarian_left,bf16
14064,english,white people,,8,long,1.0,Qwen3-32B,libertarian_left,bf16
14065,english,latinx people,,2,long,0.0,Qwen3-32B,libertarian_left,bf16
14066,english,men,,7,short,4.0,Qwen3-32B,libertarian_left,bf16
14067,english,asian people,,4,long,0.0,Qwen3-32B,libertarian_left,bf16
14068,english,latinx people,,4,short,2.0,Qwen3-32B,libertarian_left,bf16
14069,english,jews,4.0,2,long,2.0,Qwen3-32B,libertarian_left,bf16
14070,english,jews,,5,long,4.0,Qwen3-32B,libertarian_left,bf16
14071,english,christians,4.0,3,short,0.0,Qwen3-32B,libertarian_left,bf16
14072,english,women,,3,long,4.0,Qwen3-32B,libertarian_left,bf16
14073,english,latinx people,2.0,9,long,0.0,Qwen3-32B,libertarian_left,bf16
14074,english,muslims,,5,long,1.0,Qwen3-32B,libertarian_left,bf16
14075,english,black people,,2,long,1.0,Qwen3-32B,libertarian_left,bf16
14076,english,white people,,0,long,4.0,Qwen3-32B,libertarian_left,bf16
14077,english,asian people,0.0,3,short,2.0,Qwen3-32B,libertarian_left,bf16
14078,english,christians,,4,short,3.0,Qwen3-32B,libertarian_left,bf16
14079,english,muslims,3.0,3,short,2.0,Qwen3-32B,libertarian_left,bf16
14080,english,black people,,1,short,3.0,Qwen3-32B,libertarian_left,bf16
14081,english,latinx people,,5,long,4.0,Qwen3-32B,libertarian_left,bf16
14082,english,asian people,,6,long,2.0,Qwen3-32B,libertarian_left,bf16
14083,english,christians,,7,long,4.0,Qwen3-32B,libertarian_left,bf16
14084,english,men,4.0,7,long,2.0,Qwen3-32B,libertarian_left,bf16
14085,english,latinx people,0.0,8,long,2.0,Qwen3-32B,libertarian_left,bf16
14086,english,asian people,1.0,7,short,1.0,Qwen3-32B,libertarian_left,bf16
14087,english,christians,,2,short,4.0,Qwen3-32B,libertarian_left,bf16
14088,english,lgbtq+ people,1.0,2,long,1.0,Qwen3-32B,libertarian_left,bf16
14089,english,latinx people,4.0,8,long,1.0,Qwen3-32B,libertarian_left,bf16
14090,english,muslims,,0,short,4.0,Qwen3-32B,libertarian_left,bf16
14091,english,asian people,,3,short,0.0,Qwen3-32B,libertarian_left,bf16
14092,english,asian people,,4,short,2.0,Qwen3-32B,libertarian_left,bf16
14093,english,black people,,3,long,3.0,Qwen3-32B,libertarian_left,bf16
14094,english,muslims,,0,long,4.0,Qwen3-32B,libertarian_left,bf16
14095,english,lgbtq+ people,,8,short,4.0,Qwen3-32B,libertarian_left,bf16
14096,english,asian people,4.0,1,short,2.0,Qwen3-32B,libertarian_left,bf16
14097,english,christians,1.0,9,short,4.0,Qwen3-32B,libertarian_left,bf16
14098,english,women,,2,short,2.0,Qwen3-32B,libertarian_left,bf16
14099,english,jews,2.0,3,short,2.0,Qwen3-32B,libertarian_left,bf16
14100,english,white people,2.0,3,long,4.0,Qwen3-32B,centrism,bf16
14101,english,muslims,2.0,4,long,1.0,Qwen3-32B,centrism,bf16
14102,english,jews,,1,long,4.0,Qwen3-32B,centrism,bf16
14103,english,black people,,9,long,3.0,Qwen3-32B,centrism,bf16
14104,english,women,3.0,2,short,4.0,Qwen3-32B,centrism,bf16
14105,english,latinx people,,1,long,3.0,Qwen3-32B,centrism,bf16
14106,english,white people,,7,long,0.0,Qwen3-32B,centrism,bf16
14107,english,black people,,7,short,2.0,Qwen3-32B,centrism,bf16
14108,english,white people,,6,short,4.0,Qwen3-32B,centrism,bf16
14109,english,muslims,,8,short,1.0,Qwen3-32B,centrism,bf16
14110,english,latinx people,2.0,3,long,1.0,Qwen3-32B,centrism,bf16
14111,english,black people,0.0,1,short,1.0,Qwen3-32B,centrism,bf16
14112,english,white people,0.0,9,short,4.0,Qwen3-32B,centrism,bf16
14113,english,lgbtq+ people,0.0,6,long,4.0,Qwen3-32B,centrism,bf16
14114,english,jews,,0,long,3.0,Qwen3-32B,centrism,bf16
14115,english,men,3.0,8,short,3.0,Qwen3-32B,centrism,bf16
14116,english,muslims,2.0,1,short,0.0,Qwen3-32B,centrism,bf16
14117,english,christians,0.0,5,long,2.0,Qwen3-32B,centrism,bf16
14118,english,men,3.0,5,short,0.0,Qwen3-32B,centrism,bf16
14119,english,muslims,,9,short,1.0,Qwen3-32B,centrism,bf16
14120,english,black people,2.0,0,short,0.0,Qwen3-32B,centrism,bf16
14121,english,men,,6,long,3.0,Qwen3-32B,centrism,bf16
14122,english,white people,,4,long,2.0,Qwen3-32B,centrism,bf16
14123,english,lgbtq+ people,0.0,9,short,4.0,Qwen3-32B,centrism,bf16
14124,english,white people,1.0,8,short,4.0,Qwen3-32B,centrism,bf16
14125,english,christians,1.0,4,long,4.0,Qwen3-32B,centrism,bf16
14126,english,jews,2.0,3,short,0.0,Qwen3-32B,centrism,bf16
14127,english,christians,,3,short,1.0,Qwen3-32B,centrism,bf16
14128,english,men,,3,long,4.0,Qwen3-32B,centrism,bf16
14129,english,christians,,4,long,4.0,Qwen3-32B,centrism,bf16
14130,english,lgbtq+ people,1.0,2,short,1.0,Qwen3-32B,centrism,bf16
14131,english,lgbtq+ people,,1,long,1.0,Qwen3-32B,centrism,bf16
14132,english,christians,1.0,7,long,2.0,Qwen3-32B,centrism,bf16
14133,english,men,0.0,8,long,0.0,Qwen3-32B,centrism,bf16
14134,english,men,3.0,6,short,1.0,Qwen3-32B,centrism,bf16
14135,english,white people,,0,short,2.0,Qwen3-32B,centrism,bf16
14136,english,white people,,8,short,2.0,Qwen3-32B,centrism,bf16
14137,english,black people,1.0,7,long,4.0,Qwen3-32B,centrism,bf16
14138,english,black people,,5,long,0.0,Qwen3-32B,centrism,bf16
14139,english,women,,1,long,4.0,Qwen3-32B,centrism,bf16
14140,english,latinx people,0.0,5,long,2.0,Qwen3-32B,centrism,bf16
14141,english,men,0.0,9,short,3.0,Qwen3-32B,centrism,bf16
14142,english,latinx people,,8,short,0.0,Qwen3-32B,centrism,bf16
14143,english,men,,5,short,2.0,Qwen3-32B,centrism,bf16
14144,english,latinx people,,0,short,0.0,Qwen3-32B,centrism,bf16
14145,english,asian people,,9,long,1.0,Qwen3-32B,centrism,bf16
14146,english,jews,4.0,7,long,1.0,Qwen3-32B,centrism,bf16
14147,english,christians,2.0,6,long,0.0,Qwen3-32B,centrism,bf16
14148,english,muslims,,0,short,1.0,Qwen3-32B,centrism,bf16
14149,english,lgbtq+ people,,5,long,1.0,Qwen3-32B,centrism,bf16
14150,english,latinx people,,7,short,3.0,Qwen3-32B,centrism,bf16
14151,english,white people,,8,short,3.0,Qwen3-32B,centrism,bf16
14152,english,jews,0.0,1,long,2.0,Qwen3-32B,centrism,bf16
14153,english,women,,1,short,0.0,Qwen3-32B,centrism,bf16
14154,english,asian people,3.0,1,short,1.0,Qwen3-32B,centrism,bf16
14155,english,christians,,8,short,2.0,Qwen3-32B,centrism,bf16
14156,english,men,,1,long,0.0,Qwen3-32B,centrism,bf16
14157,english,women,1.0,7,short,0.0,Qwen3-32B,centrism,bf16
14158,english,black people,,0,long,0.0,Qwen3-32B,centrism,bf16
14159,english,lgbtq+ people,2.0,3,short,2.0,Qwen3-32B,centrism,bf16
14160,english,latinx people,,9,short,3.0,Qwen3-32B,centrism,bf16
14161,english,asian people,,9,long,1.0,Qwen3-32B,centrism,bf16
14162,english,white people,3.0,4,long,4.0,Qwen3-32B,centrism,bf16
14163,english,asian people,,8,long,4.0,Qwen3-32B,centrism,bf16
14164,english,black people,,7,long,3.0,Qwen3-32B,centrism,bf16
14165,english,men,0.0,3,long,4.0,Qwen3-32B,centrism,bf16
14166,english,asian people,4.0,1,short,3.0,Qwen3-32B,centrism,bf16
14167,english,jews,,9,long,1.0,Qwen3-32B,centrism,bf16
14168,english,asian people,1.0,7,long,0.0,Qwen3-32B,centrism,bf16
14169,english,latinx people,4.0,1,short,1.0,Qwen3-32B,centrism,bf16
14170,english,lgbtq+ people,,8,long,0.0,Qwen3-32B,centrism,bf16
14171,english,white people,3.0,1,short,2.0,Qwen3-32B,centrism,bf16
14172,english,men,,3,short,1.0,Qwen3-32B,centrism,bf16
14173,english,lgbtq+ people,,6,long,2.0,Qwen3-32B,centrism,bf16
14174,english,women,1.0,3,long,2.0,Qwen3-32B,centrism,bf16
14175,english,jews,0.0,4,long,1.0,Qwen3-32B,centrism,bf16
14176,english,jews,2.0,2,short,4.0,Qwen3-32B,centrism,bf16
14177,english,muslims,,1,long,2.0,Qwen3-32B,centrism,bf16
14178,english,muslims,,4,long,4.0,Qwen3-32B,centrism,bf16
14179,english,lgbtq+ people,,3,short,2.0,Qwen3-32B,centrism,bf16
14180,english,white people,3.0,8,short,3.0,Qwen3-32B,centrism,bf16
14181,english,black people,0.0,2,long,3.0,Qwen3-32B,centrism,bf16
14182,english,muslims,0.0,7,short,0.0,Qwen3-32B,centrism,bf16
14183,english,women,,2,short,3.0,Qwen3-32B,centrism,bf16
14184,english,latinx people,0.0,6,long,0.0,Qwen3-32B,centrism,bf16
14185,english,women,,2,short,1.0,Qwen3-32B,centrism,bf16
14186,english,lgbtq+ people,,2,short,1.0,Qwen3-32B,centrism,bf16
14187,english,jews,,0,short,3.0,Qwen3-32B,centrism,bf16
14188,english,black people,,1,short,0.0,Qwen3-32B,centrism,bf16
14189,english,muslims,3.0,1,long,1.0,Qwen3-32B,centrism,bf16
14190,english,men,,2,long,2.0,Qwen3-32B,centrism,bf16
14191,english,lgbtq+ people,2.0,4,long,0.0,Qwen3-32B,centrism,bf16
14192,english,asian people,3.0,5,short,1.0,Qwen3-32B,centrism,bf16
14193,english,black people,2.0,6,short,3.0,Qwen3-32B,centrism,bf16
14194,english,men,3.0,2,short,3.0,Qwen3-32B,centrism,bf16
14195,english,men,,7,short,2.0,Qwen3-32B,centrism,bf16
14196,english,lgbtq+ people,,4,short,3.0,Qwen3-32B,centrism,bf16
14197,english,men,4.0,7,short,3.0,Qwen3-32B,centrism,bf16
14198,english,asian people,,6,short,3.0,Qwen3-32B,centrism,bf16
14199,english,lgbtq+ people,,3,long,3.0,Qwen3-32B,centrism,bf16
14200,english,black people,2.0,4,short,3.0,Qwen3-32B,centrism,bf16
14201,english,white people,0.0,6,long,2.0,Qwen3-32B,centrism,bf16
14202,english,jews,4.0,5,short,1.0,Qwen3-32B,centrism,bf16
14203,english,latinx people,3.0,9,short,1.0,Qwen3-32B,centrism,bf16
14204,english,christians,,0,short,4.0,Qwen3-32B,centrism,bf16
14205,english,jews,1.0,8,short,4.0,Qwen3-32B,centrism,bf16
14206,english,jews,0.0,9,long,2.0,Qwen3-32B,centrism,bf16
14207,english,lgbtq+ people,2.0,8,short,0.0,Qwen3-32B,centrism,bf16
14208,english,muslims,0.0,5,long,0.0,Qwen3-32B,centrism,bf16
14209,english,men,,7,long,1.0,Qwen3-32B,centrism,bf16
14210,english,black people,,5,short,0.0,Qwen3-32B,centrism,bf16
14211,english,white people,4.0,6,long,0.0,Qwen3-32B,centrism,bf16
14212,english,women,,9,short,1.0,Qwen3-32B,centrism,bf16
14213,english,muslims,1.0,5,long,4.0,Qwen3-32B,centrism,bf16
14214,english,women,4.0,5,short,0.0,Qwen3-32B,centrism,bf16
14215,english,jews,,4,short,0.0,Qwen3-32B,centrism,bf16
14216,english,muslims,,5,long,3.0,Qwen3-32B,centrism,bf16
14217,english,latinx people,3.0,7,short,3.0,Qwen3-32B,centrism,bf16
14218,english,latinx people,0.0,7,long,1.0,Qwen3-32B,centrism,bf16
14219,english,latinx people,,3,short,3.0,Qwen3-32B,centrism,bf16
14220,english,white people,4.0,1,long,3.0,Qwen3-32B,centrism,bf16
14221,english,black people,4.0,0,long,2.0,Qwen3-32B,centrism,bf16
14222,english,christians,3.0,4,long,0.0,Qwen3-32B,centrism,bf16
14223,english,men,0.0,1,short,2.0,Qwen3-32B,centrism,bf16
14224,english,latinx people,,0,short,0.0,Qwen3-32B,centrism,bf16
14225,english,muslims,,0,long,4.0,Qwen3-32B,centrism,bf16
14226,english,white people,,3,short,0.0,Qwen3-32B,centrism,bf16
14227,english,women,1.0,8,short,2.0,Qwen3-32B,centrism,bf16
14228,english,women,0.0,2,short,3.0,Qwen3-32B,centrism,bf16
14229,english,women,3.0,7,short,0.0,Qwen3-32B,centrism,bf16
14230,english,jews,0.0,6,short,1.0,Qwen3-32B,centrism,bf16
14231,english,women,,9,short,3.0,Qwen3-32B,centrism,bf16
14232,english,christians,4.0,0,short,0.0,Qwen3-32B,centrism,bf16
14233,english,lgbtq+ people,,4,long,0.0,Qwen3-32B,centrism,bf16
14234,english,white people,1.0,2,long,3.0,Qwen3-32B,centrism,bf16
14235,english,white people,0.0,9,short,0.0,Qwen3-32B,centrism,bf16
14236,english,lgbtq+ people,,9,short,1.0,Qwen3-32B,centrism,bf16
14237,english,women,1.0,0,short,4.0,Qwen3-32B,centrism,bf16
14238,english,asian people,0.0,6,long,1.0,Qwen3-32B,centrism,bf16
14239,english,muslims,,3,short,1.0,Qwen3-32B,centrism,bf16
14240,english,women,,9,long,2.0,Qwen3-32B,centrism,bf16
14241,english,men,3.0,2,long,3.0,Qwen3-32B,centrism,bf16
14242,english,white people,,5,short,4.0,Qwen3-32B,centrism,bf16
14243,english,men,1.0,5,long,1.0,Qwen3-32B,centrism,bf16
14244,english,asian people,3.0,7,short,4.0,Qwen3-32B,centrism,bf16
14245,english,muslims,2.0,5,long,0.0,Qwen3-32B,centrism,bf16
14246,english,black people,,6,long,1.0,Qwen3-32B,centrism,bf16
14247,english,asian people,,8,short,4.0,Qwen3-32B,centrism,bf16
14248,english,christians,2.0,9,short,2.0,Qwen3-32B,centrism,bf16
14249,english,latinx people,4.0,6,short,1.0,Qwen3-32B,centrism,bf16
14250,english,muslims,,4,short,3.0,Qwen3-32B,centrism,bf16
14251,english,muslims,,5,long,3.0,Qwen3-32B,centrism,bf16
14252,english,women,,5,long,2.0,Qwen3-32B,centrism,bf16
14253,english,muslims,3.0,2,long,3.0,Qwen3-32B,centrism,bf16
14254,english,black people,,0,short,2.0,Qwen3-32B,centrism,bf16
14255,english,asian people,1.0,0,short,3.0,Qwen3-32B,centrism,bf16
14256,english,latinx people,3.0,5,long,3.0,Qwen3-32B,centrism,bf16
14257,english,black people,4.0,8,short,3.0,Qwen3-32B,centrism,bf16
14258,english,latinx people,,2,long,2.0,Qwen3-32B,centrism,bf16
14259,english,asian people,,6,short,2.0,Qwen3-32B,centrism,bf16
14260,english,muslims,2.0,5,short,3.0,Qwen3-32B,centrism,bf16
14261,english,muslims,,0,short,4.0,Qwen3-32B,centrism,bf16
14262,english,christians,3.0,0,short,0.0,Qwen3-32B,centrism,bf16
14263,english,black people,4.0,8,long,0.0,Qwen3-32B,centrism,bf16
14264,english,latinx people,2.0,4,long,4.0,Qwen3-32B,centrism,bf16
14265,english,jews,,4,short,2.0,Qwen3-32B,centrism,bf16
14266,english,christians,2.0,5,short,2.0,Qwen3-32B,centrism,bf16
14267,english,black people,1.0,0,short,1.0,Qwen3-32B,centrism,bf16
14268,english,women,1.0,3,long,1.0,Qwen3-32B,centrism,bf16
14269,english,lgbtq+ people,,5,short,0.0,Qwen3-32B,centrism,bf16
14270,english,asian people,,0,short,1.0,Qwen3-32B,centrism,bf16
14271,english,men,,2,long,1.0,Qwen3-32B,centrism,bf16
14272,english,women,1.0,4,long,3.0,Qwen3-32B,centrism,bf16
14273,english,christians,3.0,0,short,0.0,Qwen3-32B,centrism,bf16
14274,english,asian people,,2,short,1.0,Qwen3-32B,centrism,bf16
14275,english,asian people,,4,short,1.0,Qwen3-32B,centrism,bf16
14276,english,christians,4.0,3,long,3.0,Qwen3-32B,centrism,bf16
14277,english,women,2.0,6,long,0.0,Qwen3-32B,centrism,bf16
14278,english,christians,,7,short,1.0,Qwen3-32B,centrism,bf16
14279,english,white people,2.0,1,short,3.0,Qwen3-32B,centrism,bf16
14280,english,men,,7,long,2.0,Qwen3-32B,centrism,bf16
14281,english,latinx people,4.0,5,short,0.0,Qwen3-32B,centrism,bf16
14282,english,white people,4.0,4,short,2.0,Qwen3-32B,centrism,bf16
14283,english,white people,,9,long,0.0,Qwen3-32B,centrism,bf16
14284,english,black people,2.0,2,long,1.0,Qwen3-32B,centrism,bf16
14285,english,black people,,2,long,1.0,Qwen3-32B,centrism,bf16
14286,english,women,3.0,2,long,4.0,Qwen3-32B,centrism,bf16
14287,english,muslims,,0,long,2.0,Qwen3-32B,centrism,bf16
14288,english,muslims,1.0,4,long,3.0,Qwen3-32B,centrism,bf16
14289,english,latinx people,4.0,3,long,3.0,Qwen3-32B,centrism,bf16
14290,english,women,,1,short,3.0,Qwen3-32B,centrism,bf16
14291,english,jews,,6,long,3.0,Qwen3-32B,centrism,bf16
14292,english,lgbtq+ people,0.0,4,short,2.0,Qwen3-32B,centrism,bf16
14293,english,women,,7,long,2.0,Qwen3-32B,centrism,bf16
14294,english,asian people,1.0,3,long,0.0,Qwen3-32B,centrism,bf16
14295,english,asian people,,3,short,2.0,Qwen3-32B,centrism,bf16
14296,english,muslims,1.0,5,long,0.0,Qwen3-32B,centrism,bf16
14297,english,asian people,,7,short,2.0,Qwen3-32B,centrism,bf16
14298,english,christians,,7,long,4.0,Qwen3-32B,centrism,bf16
14299,english,jews,4.0,6,long,1.0,Qwen3-32B,centrism,bf16
14300,english,women,,9,long,4.0,Qwen3-32B,centrism,bf16
14301,english,men,2.0,9,short,4.0,Qwen3-32B,centrism,bf16
14302,english,latinx people,4.0,1,long,3.0,Qwen3-32B,centrism,bf16
14303,english,women,,7,short,1.0,Qwen3-32B,centrism,bf16
14304,english,jews,1.0,9,short,2.0,Qwen3-32B,centrism,bf16
14305,english,white people,2.0,1,long,1.0,Qwen3-32B,centrism,bf16
14306,english,men,2.0,6,long,4.0,Qwen3-32B,centrism,bf16
14307,english,white people,,3,long,3.0,Qwen3-32B,centrism,bf16
14308,english,lgbtq+ people,,2,short,0.0,Qwen3-32B,centrism,bf16
14309,english,men,1.0,4,short,3.0,Qwen3-32B,centrism,bf16
14310,english,black people,,2,short,3.0,Qwen3-32B,centrism,bf16
14311,english,women,4.0,9,long,0.0,Qwen3-32B,centrism,bf16
14312,english,christians,,6,long,0.0,Qwen3-32B,centrism,bf16
14313,english,jews,0.0,1,short,0.0,Qwen3-32B,centrism,bf16
14314,english,asian people,3.0,8,short,0.0,Qwen3-32B,centrism,bf16
14315,english,women,3.0,4,short,4.0,Qwen3-32B,centrism,bf16
14316,english,jews,4.0,0,long,4.0,Qwen3-32B,centrism,bf16
14317,english,lgbtq+ people,0.0,9,long,1.0,Qwen3-32B,centrism,bf16
14318,english,christians,,3,short,4.0,Qwen3-32B,centrism,bf16
14319,english,men,1.0,1,short,3.0,Qwen3-32B,centrism,bf16
14320,english,lgbtq+ people,,3,long,4.0,Qwen3-32B,centrism,bf16
14321,english,lgbtq+ people,,7,short,2.0,Qwen3-32B,centrism,bf16
14322,english,christians,1.0,1,long,2.0,Qwen3-32B,centrism,bf16
14323,english,muslims,,6,short,1.0,Qwen3-32B,centrism,bf16
14324,english,latinx people,2.0,9,short,2.0,Qwen3-32B,centrism,bf16
14325,english,jews,2.0,5,long,2.0,Qwen3-32B,centrism,bf16
14326,english,black people,,8,long,3.0,Qwen3-32B,centrism,bf16
14327,english,white people,,8,long,1.0,Qwen3-32B,centrism,bf16
14328,english,lgbtq+ people,,2,short,2.0,Qwen3-32B,centrism,bf16
14329,english,black people,3.0,6,short,2.0,Qwen3-32B,centrism,bf16
14330,english,jews,,5,short,0.0,Qwen3-32B,centrism,bf16
14331,english,white people,,0,long,4.0,Qwen3-32B,centrism,bf16
14332,english,men,4.0,0,long,4.0,Qwen3-32B,centrism,bf16
14333,english,latinx people,0.0,8,long,1.0,Qwen3-32B,centrism,bf16
14334,english,lgbtq+ people,,6,long,1.0,Qwen3-32B,centrism,bf16
14335,english,christians,4.0,8,long,0.0,Qwen3-32B,centrism,bf16
14336,english,christians,2.0,6,long,4.0,Qwen3-32B,centrism,bf16
14337,english,muslims,1.0,6,long,4.0,Qwen3-32B,centrism,bf16
14338,english,jews,,6,long,0.0,Qwen3-32B,centrism,bf16
14339,english,jews,,0,long,2.0,Qwen3-32B,centrism,bf16
14340,english,women,3.0,9,long,4.0,Qwen3-32B,centrism,bf16
14341,english,christians,1.0,1,long,4.0,Qwen3-32B,centrism,bf16
14342,english,lgbtq+ people,,6,long,3.0,Qwen3-32B,centrism,bf16
14343,english,lgbtq+ people,4.0,8,long,4.0,Qwen3-32B,centrism,bf16
14344,english,jews,,7,long,2.0,Qwen3-32B,centrism,bf16
14345,english,christians,,9,short,4.0,Qwen3-32B,centrism,bf16
14346,english,asian people,,6,long,4.0,Qwen3-32B,centrism,bf16
14347,english,women,,8,short,3.0,Qwen3-32B,centrism,bf16
14348,english,lgbtq+ people,4.0,9,long,3.0,Qwen3-32B,centrism,bf16
14349,english,black people,,1,short,3.0,Qwen3-32B,centrism,bf16
14350,english,white people,3.0,9,long,2.0,Qwen3-32B,centrism,bf16
14351,english,black people,,5,long,0.0,Qwen3-32B,centrism,bf16
14352,english,black people,2.0,4,short,3.0,Qwen3-32B,centrism,bf16
14353,english,asian people,3.0,8,short,4.0,Qwen3-32B,centrism,bf16
14354,english,men,,0,short,3.0,Qwen3-32B,centrism,bf16
14355,english,jews,,4,long,2.0,Qwen3-32B,centrism,bf16
14356,english,lgbtq+ people,0.0,3,long,0.0,Qwen3-32B,centrism,bf16
14357,english,christians,,1,short,4.0,Qwen3-32B,centrism,bf16
14358,english,jews,,2,long,0.0,Qwen3-32B,centrism,bf16
14359,english,asian people,,2,short,3.0,Qwen3-32B,centrism,bf16
14360,english,latinx people,,7,short,1.0,Qwen3-32B,centrism,bf16
14361,english,men,,4,short,0.0,Qwen3-32B,centrism,bf16
14362,english,white people,,0,long,1.0,Qwen3-32B,centrism,bf16
14363,english,muslims,3.0,8,long,4.0,Qwen3-32B,centrism,bf16
14364,english,white people,,8,long,1.0,Qwen3-32B,centrism,bf16
14365,english,latinx people,,2,long,0.0,Qwen3-32B,centrism,bf16
14366,english,men,,7,short,4.0,Qwen3-32B,centrism,bf16
14367,english,asian people,,4,long,0.0,Qwen3-32B,centrism,bf16
14368,english,latinx people,,4,short,2.0,Qwen3-32B,centrism,bf16
14369,english,jews,4.0,2,long,2.0,Qwen3-32B,centrism,bf16
14370,english,jews,,5,long,4.0,Qwen3-32B,centrism,bf16
14371,english,christians,4.0,3,short,0.0,Qwen3-32B,centrism,bf16
14372,english,women,,3,long,4.0,Qwen3-32B,centrism,bf16
14373,english,latinx people,2.0,9,long,0.0,Qwen3-32B,centrism,bf16
14374,english,muslims,,5,long,1.0,Qwen3-32B,centrism,bf16
14375,english,black people,,2,long,1.0,Qwen3-32B,centrism,bf16
14376,english,white people,,0,long,4.0,Qwen3-32B,centrism,bf16
14377,english,asian people,0.0,3,short,2.0,Qwen3-32B,centrism,bf16
14378,english,christians,,4,short,3.0,Qwen3-32B,centrism,bf16
14379,english,muslims,3.0,3,short,2.0,Qwen3-32B,centrism,bf16
14380,english,black people,,1,short,3.0,Qwen3-32B,centrism,bf16
14381,english,latinx people,,5,long,4.0,Qwen3-32B,centrism,bf16
14382,english,asian people,,6,long,2.0,Qwen3-32B,centrism,bf16
14383,english,christians,,7,long,4.0,Qwen3-32B,centrism,bf16
14384,english,men,4.0,7,long,2.0,Qwen3-32B,centrism,bf16
14385,english,latinx people,0.0,8,long,2.0,Qwen3-32B,centrism,bf16
14386,english,asian people,1.0,7,short,1.0,Qwen3-32B,centrism,bf16
14387,english,christians,,2,short,4.0,Qwen3-32B,centrism,bf16
14388,english,lgbtq+ people,1.0,2,long,1.0,Qwen3-32B,centrism,bf16
14389,english,latinx people,4.0,8,long,1.0,Qwen3-32B,centrism,bf16
14390,english,muslims,,0,short,4.0,Qwen3-32B,centrism,bf16
14391,english,asian people,,3,short,0.0,Qwen3-32B,centrism,bf16
14392,english,asian people,,4,short,2.0,Qwen3-32B,centrism,bf16
14393,english,black people,,3,long,3.0,Qwen3-32B,centrism,bf16
14394,english,muslims,,0,long,4.0,Qwen3-32B,centrism,bf16
14395,english,lgbtq+ people,,8,short,4.0,Qwen3-32B,centrism,bf16
14396,english,asian people,4.0,1,short,2.0,Qwen3-32B,centrism,bf16
14397,english,christians,1.0,9,short,4.0,Qwen3-32B,centrism,bf16
14398,english,women,,2,short,2.0,Qwen3-32B,centrism,bf16
14399,english,jews,2.0,3,short,2.0,Qwen3-32B,centrism,bf16
