language,target,context_id,instr_idx,persona_class,persona_idx,model,ideology,config_id
english,asian people,4,8,,,google/gemma-3-12b-it,base,0
english,women,,1,,,google/gemma-3-12b-it,base,1
english,women,2,8,,,google/gemma-3-12b-it,base,2
english,asian people,,7,,,google/gemma-3-12b-it,base,3
english,women,2,6,,,google/gemma-3-12b-it,base,4
english,christians,,8,,,google/gemma-3-12b-it,base,5
english,men,4,5,,,google/gemma-3-12b-it,base,6
english,christians,,6,,,google/gemma-3-12b-it,base,7
english,jews,1,2,,,google/gemma-3-12b-it,base,8
english,women,,1,,,google/gemma-3-12b-it,base,9
english,christians,0,0,,,google/gemma-3-12b-it,base,10
english,jews,,4,,,google/gemma-3-12b-it,base,11
english,lgbtq+ people,4,6,,,google/gemma-3-12b-it,base,12
english,lgbtq+ people,0,1,,,google/gemma-3-12b-it,base,13
english,latinx people,,1,,,google/gemma-3-12b-it,base,14
english,latinx people,1,8,,,google/gemma-3-12b-it,base,15
english,asian people,,2,,,google/gemma-3-12b-it,base,16
english,christians,,4,,,google/gemma-3-12b-it,base,17
english,white people,3,5,,,google/gemma-3-12b-it,base,18
english,lgbtq+ people,,4,,,google/gemma-3-12b-it,base,19
english,asian people,,3,,,google/gemma-3-12b-it,base,20
english,white people,,8,,,google/gemma-3-12b-it,base,21
english,asian people,4,3,,,google/gemma-3-12b-it,base,22
english,white people,,0,,,google/gemma-3-12b-it,base,23
english,white people,1,7,,,google/gemma-3-12b-it,base,24
english,men,,5,,,google/gemma-3-12b-it,base,25
english,latinx people,,4,,,google/gemma-3-12b-it,base,26
english,white people,,1,,,google/gemma-3-12b-it,base,27
english,christians,1,7,,,google/gemma-3-12b-it,base,28
english,lgbtq+ people,4,3,,,google/gemma-3-12b-it,base,29
english,christians,,4,,,google/gemma-3-12b-it,base,30
english,lgbtq+ people,,5,,,google/gemma-3-12b-it,base,31
english,asian people,2,9,,,google/gemma-3-12b-it,base,32
english,black people,,1,,,google/gemma-3-12b-it,base,33
english,white people,,5,,,google/gemma-3-12b-it,base,34
english,lgbtq+ people,3,8,,,google/gemma-3-12b-it,base,35
english,black people,2,6,,,google/gemma-3-12b-it,base,36
english,latinx people,0,2,,,google/gemma-3-12b-it,base,37
english,latinx people,4,9,,,google/gemma-3-12b-it,base,38
english,lgbtq+ people,3,1,,,google/gemma-3-12b-it,base,39
english,men,4,2,,,google/gemma-3-12b-it,base,40
english,muslims,,2,,,google/gemma-3-12b-it,base,41
english,women,3,2,,,google/gemma-3-12b-it,base,42
english,latinx people,,3,,,google/gemma-3-12b-it,base,43
english,asian people,,3,,,google/gemma-3-12b-it,base,44
english,black people,,6,,,google/gemma-3-12b-it,base,45
english,lgbtq+ people,0,8,,,google/gemma-3-12b-it,base,46
english,asian people,,3,,,google/gemma-3-12b-it,base,47
english,latinx people,3,0,,,google/gemma-3-12b-it,base,48
english,women,,3,,,google/gemma-3-12b-it,base,49
english,asian people,1,3,,,google/gemma-3-12b-it,base,50
english,latinx people,,3,,,google/gemma-3-12b-it,base,51
english,white people,,7,,,google/gemma-3-12b-it,base,52
english,women,0,7,,,google/gemma-3-12b-it,base,53
english,men,,6,,,google/gemma-3-12b-it,base,54
english,lgbtq+ people,,4,,,google/gemma-3-12b-it,base,55
english,women,0,4,,,google/gemma-3-12b-it,base,56
english,muslims,,1,,,google/gemma-3-12b-it,base,57
english,jews,,0,,,google/gemma-3-12b-it,base,58
english,women,3,7,,,google/gemma-3-12b-it,base,59
english,men,,9,,,google/gemma-3-12b-it,base,60
english,latinx people,3,1,,,google/gemma-3-12b-it,base,61
english,asian people,3,2,,,google/gemma-3-12b-it,base,62
english,women,,0,,,google/gemma-3-12b-it,base,63
english,men,,5,,,google/gemma-3-12b-it,base,64
english,black people,1,2,,,google/gemma-3-12b-it,base,65
english,asian people,,0,,,google/gemma-3-12b-it,base,66
english,men,1,9,,,google/gemma-3-12b-it,base,67
english,lgbtq+ people,2,1,,,google/gemma-3-12b-it,base,68
english,muslims,,0,,,google/gemma-3-12b-it,base,69
english,muslims,1,5,,,google/gemma-3-12b-it,base,70
english,black people,,7,,,google/gemma-3-12b-it,base,71
english,christians,0,7,,,google/gemma-3-12b-it,base,72
english,muslims,1,1,,,google/gemma-3-12b-it,base,73
english,women,,6,,,google/gemma-3-12b-it,base,74
english,christians,,1,,,google/gemma-3-12b-it,base,75
english,lgbtq+ people,2,5,,,google/gemma-3-12b-it,base,76
english,christians,,3,,,google/gemma-3-12b-it,base,77
english,muslims,2,6,,,google/gemma-3-12b-it,base,78
english,jews,,3,,,google/gemma-3-12b-it,base,79
english,latinx people,,2,,,google/gemma-3-12b-it,base,80
english,women,3,0,,,google/gemma-3-12b-it,base,81
english,men,4,8,,,google/gemma-3-12b-it,base,82
english,christians,,3,,,google/gemma-3-12b-it,base,83
english,muslims,,5,,,google/gemma-3-12b-it,base,84
english,christians,,4,,,google/gemma-3-12b-it,base,85
english,lgbtq+ people,,9,,,google/gemma-3-12b-it,base,86
english,jews,,6,,,google/gemma-3-12b-it,base,87
english,white people,,8,,,google/gemma-3-12b-it,base,88
english,white people,2,7,,,google/gemma-3-12b-it,base,89
english,jews,,4,,,google/gemma-3-12b-it,base,90
english,muslims,4,4,,,google/gemma-3-12b-it,base,91
english,jews,,5,,,google/gemma-3-12b-it,base,92
english,jews,1,0,,,google/gemma-3-12b-it,base,93
english,black people,,3,,,google/gemma-3-12b-it,base,94
english,men,3,0,,,google/gemma-3-12b-it,base,95
english,men,,5,,,google/gemma-3-12b-it,base,96
english,asian people,,9,,,google/gemma-3-12b-it,base,97
english,muslims,0,8,,,google/gemma-3-12b-it,base,98
english,jews,,9,,,google/gemma-3-12b-it,base,99
english,latinx people,0,6,,,google/gemma-3-12b-it,base,100
english,black people,,6,,,google/gemma-3-12b-it,base,101
english,black people,,3,,,google/gemma-3-12b-it,base,102
english,women,3,0,,,google/gemma-3-12b-it,base,103
english,white people,3,2,,,google/gemma-3-12b-it,base,104
english,men,,6,,,google/gemma-3-12b-it,base,105
english,men,4,9,,,google/gemma-3-12b-it,base,106
english,men,,4,,,google/gemma-3-12b-it,base,107
english,asian people,,9,,,google/gemma-3-12b-it,base,108
english,white people,1,8,,,google/gemma-3-12b-it,base,109
english,black people,2,3,,,google/gemma-3-12b-it,base,110
english,white people,,1,,,google/gemma-3-12b-it,base,111
english,muslims,,9,,,google/gemma-3-12b-it,base,112
english,christians,0,1,,,google/gemma-3-12b-it,base,113
english,black people,4,8,,,google/gemma-3-12b-it,base,114
english,white people,,1,,,google/gemma-3-12b-it,base,115
english,asian people,4,4,,,google/gemma-3-12b-it,base,116
english,muslims,3,3,,,google/gemma-3-12b-it,base,117
english,jews,,7,,,google/gemma-3-12b-it,base,118
english,latinx people,0,3,,,google/gemma-3-12b-it,base,119
english,asian people,,7,,,google/gemma-3-12b-it,base,120
english,jews,2,9,,,google/gemma-3-12b-it,base,121
english,asian people,,2,,,google/gemma-3-12b-it,base,122
english,jews,,0,,,google/gemma-3-12b-it,base,123
english,lgbtq+ people,3,2,,,google/gemma-3-12b-it,base,124
english,women,,8,,,google/gemma-3-12b-it,base,125
english,latinx people,,4,,,google/gemma-3-12b-it,base,126
english,asian people,,9,,,google/gemma-3-12b-it,base,127
english,black people,0,7,,,google/gemma-3-12b-it,base,128
english,latinx people,,2,,,google/gemma-3-12b-it,base,129
english,jews,3,9,,,google/gemma-3-12b-it,base,130
english,women,,4,,,google/gemma-3-12b-it,base,131
english,men,0,6,,,google/gemma-3-12b-it,base,132
english,muslims,,8,,,google/gemma-3-12b-it,base,133
english,white people,,9,,,google/gemma-3-12b-it,base,134
english,lgbtq+ people,2,5,,,google/gemma-3-12b-it,base,135
english,asian people,,7,,,google/gemma-3-12b-it,base,136
english,muslims,1,8,,,google/gemma-3-12b-it,base,137
english,muslims,4,6,,,google/gemma-3-12b-it,base,138
english,men,1,7,,,google/gemma-3-12b-it,base,139
english,women,,2,,,google/gemma-3-12b-it,base,140
english,black people,4,3,,,google/gemma-3-12b-it,base,141
english,men,4,9,,,google/gemma-3-12b-it,base,142
english,men,3,7,,,google/gemma-3-12b-it,base,143
english,latinx people,4,6,,,google/gemma-3-12b-it,base,144
english,muslims,4,9,,,google/gemma-3-12b-it,base,145
english,latinx people,,6,,,google/gemma-3-12b-it,base,146
english,lgbtq+ people,3,8,,,google/gemma-3-12b-it,base,147
english,latinx people,,5,,,google/gemma-3-12b-it,base,148
english,asian people,,2,,,google/gemma-3-12b-it,base,149
english,women,4,5,,,google/gemma-3-12b-it,base,150
english,men,,6,,,google/gemma-3-12b-it,base,151
english,men,3,7,,,google/gemma-3-12b-it,base,152
english,black people,,5,,,google/gemma-3-12b-it,base,153
english,latinx people,,3,,,google/gemma-3-12b-it,base,154
english,black people,2,8,,,google/gemma-3-12b-it,base,155
english,jews,2,9,,,google/gemma-3-12b-it,base,156
english,asian people,0,2,,,google/gemma-3-12b-it,base,157
english,white people,,4,,,google/gemma-3-12b-it,base,158
english,latinx people,3,8,,,google/gemma-3-12b-it,base,159
english,white people,,3,,,google/gemma-3-12b-it,base,160
english,black people,,8,,,google/gemma-3-12b-it,base,161
english,women,,1,,,google/gemma-3-12b-it,base,162
english,white people,1,4,,,google/gemma-3-12b-it,base,163
english,christians,0,6,,,google/gemma-3-12b-it,base,164
english,muslims,,6,,,google/gemma-3-12b-it,base,165
english,asian people,3,7,,,google/gemma-3-12b-it,base,166
english,black people,,0,,,google/gemma-3-12b-it,base,167
english,white people,,0,,,google/gemma-3-12b-it,base,168
english,lgbtq+ people,1,1,,,google/gemma-3-12b-it,base,169
english,black people,4,5,,,google/gemma-3-12b-it,base,170
english,christians,4,1,,,google/gemma-3-12b-it,base,171
english,christians,,3,,,google/gemma-3-12b-it,base,172
english,muslims,0,6,,,google/gemma-3-12b-it,base,173
english,muslims,,3,,,google/gemma-3-12b-it,base,174
english,asian people,,6,,,google/gemma-3-12b-it,base,175
english,christians,,4,,,google/gemma-3-12b-it,base,176
english,christians,1,6,,,google/gemma-3-12b-it,base,177
english,asian people,0,0,,,google/gemma-3-12b-it,base,178
english,men,,7,,,google/gemma-3-12b-it,base,179
english,jews,3,3,,,google/gemma-3-12b-it,base,180
english,asian people,,2,,,google/gemma-3-12b-it,base,181
english,latinx people,2,0,,,google/gemma-3-12b-it,base,182
english,jews,,9,,,google/gemma-3-12b-it,base,183
english,christians,0,6,,,google/gemma-3-12b-it,base,184
english,women,,2,,,google/gemma-3-12b-it,base,185
english,jews,,2,,,google/gemma-3-12b-it,base,186
english,lgbtq+ people,,7,,,google/gemma-3-12b-it,base,187
english,lgbtq+ people,,0,,,google/gemma-3-12b-it,base,188
english,women,3,5,,,google/gemma-3-12b-it,base,189
english,women,4,1,,,google/gemma-3-12b-it,base,190
english,white people,2,9,,,google/gemma-3-12b-it,base,191
english,muslims,1,2,,,google/gemma-3-12b-it,base,192
english,lgbtq+ people,,5,,,google/gemma-3-12b-it,base,193
english,asian people,,0,,,google/gemma-3-12b-it,base,194
english,jews,,3,,,google/gemma-3-12b-it,base,195
english,jews,3,8,,,google/gemma-3-12b-it,base,196
english,men,,4,,,google/gemma-3-12b-it,base,197
english,muslims,0,8,,,google/gemma-3-12b-it,base,198
english,jews,2,2,,,google/gemma-3-12b-it,base,199
english,muslims,2,5,,,google/gemma-3-12b-it,base,200
english,jews,3,9,,,google/gemma-3-12b-it,base,201
english,women,1,2,,,google/gemma-3-12b-it,base,202
english,latinx people,,0,,,google/gemma-3-12b-it,base,203
english,latinx people,,9,,,google/gemma-3-12b-it,base,204
english,asian people,0,0,,,google/gemma-3-12b-it,base,205
english,men,0,1,,,google/gemma-3-12b-it,base,206
english,jews,,8,,,google/gemma-3-12b-it,base,207
english,white people,,2,,,google/gemma-3-12b-it,base,208
english,lgbtq+ people,,2,,,google/gemma-3-12b-it,base,209
english,christians,,8,,,google/gemma-3-12b-it,base,210
english,latinx people,2,1,,,google/gemma-3-12b-it,base,211
english,muslims,,0,,,google/gemma-3-12b-it,base,212
english,women,,6,,,google/gemma-3-12b-it,base,213
english,women,0,1,,,google/gemma-3-12b-it,base,214
english,men,,5,,,google/gemma-3-12b-it,base,215
english,muslims,4,5,,,google/gemma-3-12b-it,base,216
english,men,1,4,,,google/gemma-3-12b-it,base,217
english,white people,4,4,,,google/gemma-3-12b-it,base,218
english,christians,,0,,,google/gemma-3-12b-it,base,219
english,black people,,4,,,google/gemma-3-12b-it,base,220
english,black people,,2,,,google/gemma-3-12b-it,base,221
english,white people,2,2,,,google/gemma-3-12b-it,base,222
english,women,4,4,,,google/gemma-3-12b-it,base,223
english,asian people,2,0,,,google/gemma-3-12b-it,base,224
english,jews,,1,,,google/gemma-3-12b-it,base,225
english,white people,1,7,,,google/gemma-3-12b-it,base,226
english,women,4,1,,,google/gemma-3-12b-it,base,227
english,lgbtq+ people,,8,,,google/gemma-3-12b-it,base,228
english,jews,2,7,,,google/gemma-3-12b-it,base,229
english,asian people,1,4,,,google/gemma-3-12b-it,base,230
english,jews,3,3,,,google/gemma-3-12b-it,base,231
english,christians,0,5,,,google/gemma-3-12b-it,base,232
english,latinx people,,8,,,google/gemma-3-12b-it,base,233
english,black people,4,9,,,google/gemma-3-12b-it,base,234
english,christians,3,3,,,google/gemma-3-12b-it,base,235
english,black people,4,5,,,google/gemma-3-12b-it,base,236
english,asian people,3,7,,,google/gemma-3-12b-it,base,237
english,women,,7,,,google/gemma-3-12b-it,base,238
english,lgbtq+ people,1,1,,,google/gemma-3-12b-it,base,239
english,muslims,,2,,,google/gemma-3-12b-it,base,240
english,white people,,6,,,google/gemma-3-12b-it,base,241
english,white people,1,1,,,google/gemma-3-12b-it,base,242
english,women,,8,,,google/gemma-3-12b-it,base,243
english,black people,1,9,,,google/gemma-3-12b-it,base,244
english,white people,,7,,,google/gemma-3-12b-it,base,245
english,black people,0,5,,,google/gemma-3-12b-it,base,246
english,women,3,0,,,google/gemma-3-12b-it,base,247
english,jews,0,1,,,google/gemma-3-12b-it,base,248
english,muslims,4,1,,,google/gemma-3-12b-it,base,249
english,jews,,0,,,google/gemma-3-12b-it,base,250
english,christians,,4,,,google/gemma-3-12b-it,base,251
english,white people,,4,,,google/gemma-3-12b-it,base,252
english,black people,,7,,,google/gemma-3-12b-it,base,253
english,christians,4,2,,,google/gemma-3-12b-it,base,254
english,men,,9,,,google/gemma-3-12b-it,base,255
english,jews,,0,,,google/gemma-3-12b-it,base,256
english,white people,2,5,,,google/gemma-3-12b-it,base,257
english,lgbtq+ people,1,8,,,google/gemma-3-12b-it,base,258
english,jews,,4,,,google/gemma-3-12b-it,base,259
english,muslims,,8,,,google/gemma-3-12b-it,base,260
english,white people,2,2,,,google/gemma-3-12b-it,base,261
english,muslims,0,4,,,google/gemma-3-12b-it,base,262
english,men,,7,,,google/gemma-3-12b-it,base,263
english,black people,,7,,,google/gemma-3-12b-it,base,264
english,christians,0,0,,,google/gemma-3-12b-it,base,265
english,lgbtq+ people,3,5,,,google/gemma-3-12b-it,base,266
english,christians,,2,,,google/gemma-3-12b-it,base,267
english,men,,5,,,google/gemma-3-12b-it,base,268
english,black people,,3,,,google/gemma-3-12b-it,base,269
english,lgbtq+ people,,3,,,google/gemma-3-12b-it,base,270
english,black people,0,6,,,google/gemma-3-12b-it,base,271
english,christians,1,9,,,google/gemma-3-12b-it,base,272
english,white people,,9,,,google/gemma-3-12b-it,base,273
english,lgbtq+ people,3,4,,,google/gemma-3-12b-it,base,274
english,black people,2,3,,,google/gemma-3-12b-it,base,275
english,latinx people,0,9,,,google/gemma-3-12b-it,base,276
english,men,,7,,,google/gemma-3-12b-it,base,277
english,muslims,1,1,,,google/gemma-3-12b-it,base,278
english,christians,2,8,,,google/gemma-3-12b-it,base,279
english,christians,0,5,,,google/gemma-3-12b-it,base,280
english,latinx people,,6,,,google/gemma-3-12b-it,base,281
english,lgbtq+ people,,4,,,google/gemma-3-12b-it,base,282
english,muslims,,7,,,google/gemma-3-12b-it,base,283
english,men,,5,,,google/gemma-3-12b-it,base,284
english,jews,1,7,,,google/gemma-3-12b-it,base,285
english,christians,2,8,,,google/gemma-3-12b-it,base,286
english,lgbtq+ people,,5,,,google/gemma-3-12b-it,base,287
english,men,,0,,,google/gemma-3-12b-it,base,288
english,latinx people,,1,,,google/gemma-3-12b-it,base,289
english,latinx people,,9,,,google/gemma-3-12b-it,base,290
english,black people,4,9,,,google/gemma-3-12b-it,base,291
english,women,2,6,,,google/gemma-3-12b-it,base,292
english,latinx people,,6,,,google/gemma-3-12b-it,base,293
english,asian people,1,9,,,google/gemma-3-12b-it,base,294
english,lgbtq+ people,1,0,,,google/gemma-3-12b-it,base,295
english,lgbtq+ people,2,6,,,google/gemma-3-12b-it,base,296
english,latinx people,2,3,,,google/gemma-3-12b-it,base,297
english,muslims,,0,,,google/gemma-3-12b-it,base,298
english,black people,2,4,,,google/gemma-3-12b-it,base,299
english,asian people,4,8,short,4,google/gemma-3-12b-it,libertarian_right,300
english,women,,1,long,3,google/gemma-3-12b-it,libertarian_right,301
english,women,2,8,long,2,google/gemma-3-12b-it,libertarian_right,302
english,asian people,,7,long,2,google/gemma-3-12b-it,libertarian_right,303
english,women,2,6,short,0,google/gemma-3-12b-it,libertarian_right,304
english,christians,,8,long,3,google/gemma-3-12b-it,libertarian_right,305
english,men,4,5,long,0,google/gemma-3-12b-it,libertarian_right,306
english,christians,,6,short,4,google/gemma-3-12b-it,libertarian_right,307
english,jews,1,2,short,0,google/gemma-3-12b-it,libertarian_right,308
english,women,,1,short,0,google/gemma-3-12b-it,libertarian_right,309
english,christians,0,0,short,1,google/gemma-3-12b-it,libertarian_right,310
english,jews,,4,short,4,google/gemma-3-12b-it,libertarian_right,311
english,lgbtq+ people,4,6,long,3,google/gemma-3-12b-it,libertarian_right,312
english,lgbtq+ people,0,1,short,4,google/gemma-3-12b-it,libertarian_right,313
english,latinx people,,1,short,3,google/gemma-3-12b-it,libertarian_right,314
english,latinx people,1,8,long,0,google/gemma-3-12b-it,libertarian_right,315
english,asian people,,2,short,0,google/gemma-3-12b-it,libertarian_right,316
english,christians,,4,short,2,google/gemma-3-12b-it,libertarian_right,317
english,white people,3,5,long,4,google/gemma-3-12b-it,libertarian_right,318
english,lgbtq+ people,,4,long,0,google/gemma-3-12b-it,libertarian_right,319
english,asian people,,3,short,1,google/gemma-3-12b-it,libertarian_right,320
english,white people,,8,long,4,google/gemma-3-12b-it,libertarian_right,321
english,asian people,4,3,long,1,google/gemma-3-12b-it,libertarian_right,322
english,white people,,0,short,0,google/gemma-3-12b-it,libertarian_right,323
english,white people,1,7,short,4,google/gemma-3-12b-it,libertarian_right,324
english,men,,5,long,1,google/gemma-3-12b-it,libertarian_right,325
english,latinx people,,4,long,2,google/gemma-3-12b-it,libertarian_right,326
english,white people,,1,short,2,google/gemma-3-12b-it,libertarian_right,327
english,christians,1,7,short,4,google/gemma-3-12b-it,libertarian_right,328
english,lgbtq+ people,4,3,long,3,google/gemma-3-12b-it,libertarian_right,329
english,christians,,4,short,2,google/gemma-3-12b-it,libertarian_right,330
english,lgbtq+ people,,5,short,0,google/gemma-3-12b-it,libertarian_right,331
english,asian people,2,9,short,4,google/gemma-3-12b-it,libertarian_right,332
english,black people,,1,short,0,google/gemma-3-12b-it,libertarian_right,333
english,white people,,5,short,3,google/gemma-3-12b-it,libertarian_right,334
english,lgbtq+ people,3,8,long,1,google/gemma-3-12b-it,libertarian_right,335
english,black people,2,6,long,1,google/gemma-3-12b-it,libertarian_right,336
english,latinx people,0,2,long,3,google/gemma-3-12b-it,libertarian_right,337
english,latinx people,4,9,short,4,google/gemma-3-12b-it,libertarian_right,338
english,lgbtq+ people,3,1,short,4,google/gemma-3-12b-it,libertarian_right,339
english,men,4,2,long,1,google/gemma-3-12b-it,libertarian_right,340
english,muslims,,2,long,0,google/gemma-3-12b-it,libertarian_right,341
english,women,3,2,long,2,google/gemma-3-12b-it,libertarian_right,342
english,latinx people,,3,short,1,google/gemma-3-12b-it,libertarian_right,343
english,asian people,,3,long,2,google/gemma-3-12b-it,libertarian_right,344
english,black people,,6,long,1,google/gemma-3-12b-it,libertarian_right,345
english,lgbtq+ people,0,8,short,4,google/gemma-3-12b-it,libertarian_right,346
english,asian people,,3,long,1,google/gemma-3-12b-it,libertarian_right,347
english,latinx people,3,0,long,4,google/gemma-3-12b-it,libertarian_right,348
english,women,,3,short,4,google/gemma-3-12b-it,libertarian_right,349
english,asian people,1,3,short,3,google/gemma-3-12b-it,libertarian_right,350
english,latinx people,,3,long,1,google/gemma-3-12b-it,libertarian_right,351
english,white people,,7,short,4,google/gemma-3-12b-it,libertarian_right,352
english,women,0,7,long,2,google/gemma-3-12b-it,libertarian_right,353
english,men,,6,short,3,google/gemma-3-12b-it,libertarian_right,354
english,lgbtq+ people,,4,long,0,google/gemma-3-12b-it,libertarian_right,355
english,women,0,4,long,1,google/gemma-3-12b-it,libertarian_right,356
english,muslims,,1,long,3,google/gemma-3-12b-it,libertarian_right,357
english,jews,,0,short,1,google/gemma-3-12b-it,libertarian_right,358
english,women,3,7,short,1,google/gemma-3-12b-it,libertarian_right,359
english,men,,9,short,2,google/gemma-3-12b-it,libertarian_right,360
english,latinx people,3,1,long,2,google/gemma-3-12b-it,libertarian_right,361
english,asian people,3,2,short,2,google/gemma-3-12b-it,libertarian_right,362
english,women,,0,long,2,google/gemma-3-12b-it,libertarian_right,363
english,men,,5,long,1,google/gemma-3-12b-it,libertarian_right,364
english,black people,1,2,short,3,google/gemma-3-12b-it,libertarian_right,365
english,asian people,,0,short,0,google/gemma-3-12b-it,libertarian_right,366
english,men,1,9,short,2,google/gemma-3-12b-it,libertarian_right,367
english,lgbtq+ people,2,1,long,3,google/gemma-3-12b-it,libertarian_right,368
english,muslims,,0,short,3,google/gemma-3-12b-it,libertarian_right,369
english,muslims,1,5,short,2,google/gemma-3-12b-it,libertarian_right,370
english,black people,,7,long,3,google/gemma-3-12b-it,libertarian_right,371
english,christians,0,7,long,4,google/gemma-3-12b-it,libertarian_right,372
english,muslims,1,1,short,2,google/gemma-3-12b-it,libertarian_right,373
english,women,,6,short,0,google/gemma-3-12b-it,libertarian_right,374
english,christians,,1,long,3,google/gemma-3-12b-it,libertarian_right,375
english,lgbtq+ people,2,5,short,3,google/gemma-3-12b-it,libertarian_right,376
english,christians,,3,short,2,google/gemma-3-12b-it,libertarian_right,377
english,muslims,2,6,long,0,google/gemma-3-12b-it,libertarian_right,378
english,jews,,3,long,0,google/gemma-3-12b-it,libertarian_right,379
english,latinx people,,2,long,3,google/gemma-3-12b-it,libertarian_right,380
english,women,3,0,short,2,google/gemma-3-12b-it,libertarian_right,381
english,men,4,8,short,1,google/gemma-3-12b-it,libertarian_right,382
english,christians,,3,short,3,google/gemma-3-12b-it,libertarian_right,383
english,muslims,,5,long,2,google/gemma-3-12b-it,libertarian_right,384
english,christians,,4,long,0,google/gemma-3-12b-it,libertarian_right,385
english,lgbtq+ people,,9,long,4,google/gemma-3-12b-it,libertarian_right,386
english,jews,,6,long,3,google/gemma-3-12b-it,libertarian_right,387
english,white people,,8,long,4,google/gemma-3-12b-it,libertarian_right,388
english,white people,2,7,short,0,google/gemma-3-12b-it,libertarian_right,389
english,jews,,4,short,4,google/gemma-3-12b-it,libertarian_right,390
english,muslims,4,4,long,3,google/gemma-3-12b-it,libertarian_right,391
english,jews,,5,long,1,google/gemma-3-12b-it,libertarian_right,392
english,jews,1,0,long,2,google/gemma-3-12b-it,libertarian_right,393
english,black people,,3,short,2,google/gemma-3-12b-it,libertarian_right,394
english,men,3,0,short,4,google/gemma-3-12b-it,libertarian_right,395
english,men,,5,long,1,google/gemma-3-12b-it,libertarian_right,396
english,asian people,,9,short,2,google/gemma-3-12b-it,libertarian_right,397
english,muslims,0,8,long,0,google/gemma-3-12b-it,libertarian_right,398
english,jews,,9,short,4,google/gemma-3-12b-it,libertarian_right,399
english,latinx people,0,6,long,3,google/gemma-3-12b-it,libertarian_right,400
english,black people,,6,long,3,google/gemma-3-12b-it,libertarian_right,401
english,black people,,3,short,0,google/gemma-3-12b-it,libertarian_right,402
english,women,3,0,short,3,google/gemma-3-12b-it,libertarian_right,403
english,white people,3,2,short,3,google/gemma-3-12b-it,libertarian_right,404
english,men,,6,long,1,google/gemma-3-12b-it,libertarian_right,405
english,men,4,9,long,2,google/gemma-3-12b-it,libertarian_right,406
english,men,,4,long,1,google/gemma-3-12b-it,libertarian_right,407
english,asian people,,9,long,3,google/gemma-3-12b-it,libertarian_right,408
english,white people,1,8,long,0,google/gemma-3-12b-it,libertarian_right,409
english,black people,2,3,long,2,google/gemma-3-12b-it,libertarian_right,410
english,white people,,1,short,2,google/gemma-3-12b-it,libertarian_right,411
english,muslims,,9,long,1,google/gemma-3-12b-it,libertarian_right,412
english,christians,0,1,long,0,google/gemma-3-12b-it,libertarian_right,413
english,black people,4,8,short,4,google/gemma-3-12b-it,libertarian_right,414
english,white people,,1,long,0,google/gemma-3-12b-it,libertarian_right,415
english,asian people,4,4,long,0,google/gemma-3-12b-it,libertarian_right,416
english,muslims,3,3,long,4,google/gemma-3-12b-it,libertarian_right,417
english,jews,,7,long,1,google/gemma-3-12b-it,libertarian_right,418
english,latinx people,0,3,short,3,google/gemma-3-12b-it,libertarian_right,419
english,asian people,,7,short,2,google/gemma-3-12b-it,libertarian_right,420
english,jews,2,9,short,2,google/gemma-3-12b-it,libertarian_right,421
english,asian people,,2,short,3,google/gemma-3-12b-it,libertarian_right,422
english,jews,,0,long,2,google/gemma-3-12b-it,libertarian_right,423
english,lgbtq+ people,3,2,short,4,google/gemma-3-12b-it,libertarian_right,424
english,women,,8,short,4,google/gemma-3-12b-it,libertarian_right,425
english,latinx people,,4,long,4,google/gemma-3-12b-it,libertarian_right,426
english,asian people,,9,long,3,google/gemma-3-12b-it,libertarian_right,427
english,black people,0,7,short,0,google/gemma-3-12b-it,libertarian_right,428
english,latinx people,,2,short,4,google/gemma-3-12b-it,libertarian_right,429
english,jews,3,9,short,1,google/gemma-3-12b-it,libertarian_right,430
english,women,,4,long,2,google/gemma-3-12b-it,libertarian_right,431
english,men,0,6,long,4,google/gemma-3-12b-it,libertarian_right,432
english,muslims,,8,short,3,google/gemma-3-12b-it,libertarian_right,433
english,white people,,9,short,1,google/gemma-3-12b-it,libertarian_right,434
english,lgbtq+ people,2,5,long,0,google/gemma-3-12b-it,libertarian_right,435
english,asian people,,7,short,1,google/gemma-3-12b-it,libertarian_right,436
english,muslims,1,8,long,1,google/gemma-3-12b-it,libertarian_right,437
english,muslims,4,6,long,3,google/gemma-3-12b-it,libertarian_right,438
english,men,1,7,long,0,google/gemma-3-12b-it,libertarian_right,439
english,women,,2,long,2,google/gemma-3-12b-it,libertarian_right,440
english,black people,4,3,long,3,google/gemma-3-12b-it,libertarian_right,441
english,men,4,9,long,4,google/gemma-3-12b-it,libertarian_right,442
english,men,3,7,long,0,google/gemma-3-12b-it,libertarian_right,443
english,latinx people,4,6,short,0,google/gemma-3-12b-it,libertarian_right,444
english,muslims,4,9,short,1,google/gemma-3-12b-it,libertarian_right,445
english,latinx people,,6,short,2,google/gemma-3-12b-it,libertarian_right,446
english,lgbtq+ people,3,8,short,4,google/gemma-3-12b-it,libertarian_right,447
english,latinx people,,5,long,3,google/gemma-3-12b-it,libertarian_right,448
english,asian people,,2,long,3,google/gemma-3-12b-it,libertarian_right,449
english,women,4,5,long,2,google/gemma-3-12b-it,libertarian_right,450
english,men,,6,short,3,google/gemma-3-12b-it,libertarian_right,451
english,men,3,7,long,0,google/gemma-3-12b-it,libertarian_right,452
english,black people,,5,short,3,google/gemma-3-12b-it,libertarian_right,453
english,latinx people,,3,long,4,google/gemma-3-12b-it,libertarian_right,454
english,black people,2,8,short,4,google/gemma-3-12b-it,libertarian_right,455
english,jews,2,9,long,4,google/gemma-3-12b-it,libertarian_right,456
english,asian people,0,2,long,4,google/gemma-3-12b-it,libertarian_right,457
english,white people,,4,short,1,google/gemma-3-12b-it,libertarian_right,458
english,latinx people,3,8,short,1,google/gemma-3-12b-it,libertarian_right,459
english,white people,,3,long,3,google/gemma-3-12b-it,libertarian_right,460
english,black people,,8,long,2,google/gemma-3-12b-it,libertarian_right,461
english,women,,1,short,3,google/gemma-3-12b-it,libertarian_right,462
english,white people,1,4,long,2,google/gemma-3-12b-it,libertarian_right,463
english,christians,0,6,short,2,google/gemma-3-12b-it,libertarian_right,464
english,muslims,,6,long,0,google/gemma-3-12b-it,libertarian_right,465
english,asian people,3,7,short,4,google/gemma-3-12b-it,libertarian_right,466
english,black people,,0,long,2,google/gemma-3-12b-it,libertarian_right,467
english,white people,,0,long,0,google/gemma-3-12b-it,libertarian_right,468
english,lgbtq+ people,1,1,short,1,google/gemma-3-12b-it,libertarian_right,469
english,black people,4,5,short,4,google/gemma-3-12b-it,libertarian_right,470
english,christians,4,1,long,1,google/gemma-3-12b-it,libertarian_right,471
english,christians,,3,long,3,google/gemma-3-12b-it,libertarian_right,472
english,muslims,0,6,long,4,google/gemma-3-12b-it,libertarian_right,473
english,muslims,,3,short,2,google/gemma-3-12b-it,libertarian_right,474
english,asian people,,6,short,1,google/gemma-3-12b-it,libertarian_right,475
english,christians,,4,long,2,google/gemma-3-12b-it,libertarian_right,476
english,christians,1,6,short,1,google/gemma-3-12b-it,libertarian_right,477
english,asian people,0,0,long,0,google/gemma-3-12b-it,libertarian_right,478
english,men,,7,short,0,google/gemma-3-12b-it,libertarian_right,479
english,jews,3,3,long,2,google/gemma-3-12b-it,libertarian_right,480
english,asian people,,2,short,2,google/gemma-3-12b-it,libertarian_right,481
english,latinx people,2,0,short,0,google/gemma-3-12b-it,libertarian_right,482
english,jews,,9,short,2,google/gemma-3-12b-it,libertarian_right,483
english,christians,0,6,short,1,google/gemma-3-12b-it,libertarian_right,484
english,women,,2,long,3,google/gemma-3-12b-it,libertarian_right,485
english,jews,,2,long,3,google/gemma-3-12b-it,libertarian_right,486
english,lgbtq+ people,,7,short,0,google/gemma-3-12b-it,libertarian_right,487
english,lgbtq+ people,,0,short,0,google/gemma-3-12b-it,libertarian_right,488
english,women,3,5,short,4,google/gemma-3-12b-it,libertarian_right,489
english,women,4,1,short,1,google/gemma-3-12b-it,libertarian_right,490
english,white people,2,9,long,3,google/gemma-3-12b-it,libertarian_right,491
english,muslims,1,2,long,2,google/gemma-3-12b-it,libertarian_right,492
english,lgbtq+ people,,5,short,2,google/gemma-3-12b-it,libertarian_right,493
english,asian people,,0,long,3,google/gemma-3-12b-it,libertarian_right,494
english,jews,,3,short,1,google/gemma-3-12b-it,libertarian_right,495
english,jews,3,8,short,1,google/gemma-3-12b-it,libertarian_right,496
english,men,,4,short,4,google/gemma-3-12b-it,libertarian_right,497
english,muslims,0,8,long,3,google/gemma-3-12b-it,libertarian_right,498
english,jews,2,2,long,3,google/gemma-3-12b-it,libertarian_right,499
english,muslims,2,5,short,0,google/gemma-3-12b-it,libertarian_right,500
english,jews,3,9,short,4,google/gemma-3-12b-it,libertarian_right,501
english,women,1,2,short,3,google/gemma-3-12b-it,libertarian_right,502
english,latinx people,,0,short,1,google/gemma-3-12b-it,libertarian_right,503
english,latinx people,,9,short,1,google/gemma-3-12b-it,libertarian_right,504
english,asian people,0,0,short,1,google/gemma-3-12b-it,libertarian_right,505
english,men,0,1,short,3,google/gemma-3-12b-it,libertarian_right,506
english,jews,,8,long,3,google/gemma-3-12b-it,libertarian_right,507
english,white people,,2,long,1,google/gemma-3-12b-it,libertarian_right,508
english,lgbtq+ people,,2,short,1,google/gemma-3-12b-it,libertarian_right,509
english,christians,,8,long,3,google/gemma-3-12b-it,libertarian_right,510
english,latinx people,2,1,long,1,google/gemma-3-12b-it,libertarian_right,511
english,muslims,,0,long,4,google/gemma-3-12b-it,libertarian_right,512
english,women,,6,short,2,google/gemma-3-12b-it,libertarian_right,513
english,women,0,1,long,0,google/gemma-3-12b-it,libertarian_right,514
english,men,,5,short,3,google/gemma-3-12b-it,libertarian_right,515
english,muslims,4,5,short,3,google/gemma-3-12b-it,libertarian_right,516
english,men,1,4,short,1,google/gemma-3-12b-it,libertarian_right,517
english,white people,4,4,long,3,google/gemma-3-12b-it,libertarian_right,518
english,christians,,0,short,0,google/gemma-3-12b-it,libertarian_right,519
english,black people,,4,short,2,google/gemma-3-12b-it,libertarian_right,520
english,black people,,2,long,1,google/gemma-3-12b-it,libertarian_right,521
english,white people,2,2,short,0,google/gemma-3-12b-it,libertarian_right,522
english,women,4,4,long,4,google/gemma-3-12b-it,libertarian_right,523
english,asian people,2,0,short,2,google/gemma-3-12b-it,libertarian_right,524
english,jews,,1,long,4,google/gemma-3-12b-it,libertarian_right,525
english,white people,1,7,short,4,google/gemma-3-12b-it,libertarian_right,526
english,women,4,1,long,0,google/gemma-3-12b-it,libertarian_right,527
english,lgbtq+ people,,8,short,1,google/gemma-3-12b-it,libertarian_right,528
english,jews,2,7,short,2,google/gemma-3-12b-it,libertarian_right,529
english,asian people,1,4,long,3,google/gemma-3-12b-it,libertarian_right,530
english,jews,3,3,short,4,google/gemma-3-12b-it,libertarian_right,531
english,christians,0,5,long,3,google/gemma-3-12b-it,libertarian_right,532
english,latinx people,,8,long,4,google/gemma-3-12b-it,libertarian_right,533
english,black people,4,9,long,3,google/gemma-3-12b-it,libertarian_right,534
english,christians,3,3,long,2,google/gemma-3-12b-it,libertarian_right,535
english,black people,4,5,long,2,google/gemma-3-12b-it,libertarian_right,536
english,asian people,3,7,short,1,google/gemma-3-12b-it,libertarian_right,537
english,women,,7,short,2,google/gemma-3-12b-it,libertarian_right,538
english,lgbtq+ people,1,1,short,0,google/gemma-3-12b-it,libertarian_right,539
english,muslims,,2,long,4,google/gemma-3-12b-it,libertarian_right,540
english,white people,,6,short,1,google/gemma-3-12b-it,libertarian_right,541
english,white people,1,1,long,4,google/gemma-3-12b-it,libertarian_right,542
english,women,,8,long,0,google/gemma-3-12b-it,libertarian_right,543
english,black people,1,9,long,0,google/gemma-3-12b-it,libertarian_right,544
english,white people,,7,long,2,google/gemma-3-12b-it,libertarian_right,545
english,black people,0,5,short,1,google/gemma-3-12b-it,libertarian_right,546
english,women,3,0,long,2,google/gemma-3-12b-it,libertarian_right,547
english,jews,0,1,long,1,google/gemma-3-12b-it,libertarian_right,548
english,muslims,4,1,long,1,google/gemma-3-12b-it,libertarian_right,549
english,jews,,0,short,2,google/gemma-3-12b-it,libertarian_right,550
english,christians,,4,short,0,google/gemma-3-12b-it,libertarian_right,551
english,white people,,4,long,0,google/gemma-3-12b-it,libertarian_right,552
english,black people,,7,short,2,google/gemma-3-12b-it,libertarian_right,553
english,christians,4,2,long,1,google/gemma-3-12b-it,libertarian_right,554
english,men,,9,short,4,google/gemma-3-12b-it,libertarian_right,555
english,jews,,0,short,0,google/gemma-3-12b-it,libertarian_right,556
english,white people,2,5,long,0,google/gemma-3-12b-it,libertarian_right,557
english,lgbtq+ people,1,8,long,1,google/gemma-3-12b-it,libertarian_right,558
english,jews,,4,short,0,google/gemma-3-12b-it,libertarian_right,559
english,muslims,,8,long,0,google/gemma-3-12b-it,libertarian_right,560
english,white people,2,2,long,4,google/gemma-3-12b-it,libertarian_right,561
english,muslims,0,4,long,0,google/gemma-3-12b-it,libertarian_right,562
english,men,,7,short,0,google/gemma-3-12b-it,libertarian_right,563
english,black people,,7,short,4,google/gemma-3-12b-it,libertarian_right,564
english,christians,0,0,long,3,google/gemma-3-12b-it,libertarian_right,565
english,lgbtq+ people,3,5,short,4,google/gemma-3-12b-it,libertarian_right,566
english,christians,,2,short,4,google/gemma-3-12b-it,libertarian_right,567
english,men,,5,short,0,google/gemma-3-12b-it,libertarian_right,568
english,black people,,3,long,2,google/gemma-3-12b-it,libertarian_right,569
english,lgbtq+ people,,3,short,2,google/gemma-3-12b-it,libertarian_right,570
english,black people,0,6,long,1,google/gemma-3-12b-it,libertarian_right,571
english,christians,1,9,long,4,google/gemma-3-12b-it,libertarian_right,572
english,white people,,9,short,1,google/gemma-3-12b-it,libertarian_right,573
english,lgbtq+ people,3,4,long,2,google/gemma-3-12b-it,libertarian_right,574
english,black people,2,3,short,3,google/gemma-3-12b-it,libertarian_right,575
english,latinx people,0,9,short,2,google/gemma-3-12b-it,libertarian_right,576
english,men,,7,short,2,google/gemma-3-12b-it,libertarian_right,577
english,muslims,1,1,short,0,google/gemma-3-12b-it,libertarian_right,578
english,christians,2,8,long,3,google/gemma-3-12b-it,libertarian_right,579
english,christians,0,5,short,3,google/gemma-3-12b-it,libertarian_right,580
english,latinx people,,6,long,4,google/gemma-3-12b-it,libertarian_right,581
english,lgbtq+ people,,4,long,0,google/gemma-3-12b-it,libertarian_right,582
english,muslims,,7,long,3,google/gemma-3-12b-it,libertarian_right,583
english,men,,5,short,4,google/gemma-3-12b-it,libertarian_right,584
english,jews,1,7,long,0,google/gemma-3-12b-it,libertarian_right,585
english,christians,2,8,long,4,google/gemma-3-12b-it,libertarian_right,586
english,lgbtq+ people,,5,short,4,google/gemma-3-12b-it,libertarian_right,587
english,men,,0,short,1,google/gemma-3-12b-it,libertarian_right,588
english,latinx people,,1,short,0,google/gemma-3-12b-it,libertarian_right,589
english,latinx people,,9,long,2,google/gemma-3-12b-it,libertarian_right,590
english,black people,4,9,long,4,google/gemma-3-12b-it,libertarian_right,591
english,women,2,6,short,4,google/gemma-3-12b-it,libertarian_right,592
english,latinx people,,6,short,0,google/gemma-3-12b-it,libertarian_right,593
english,asian people,1,9,short,1,google/gemma-3-12b-it,libertarian_right,594
english,lgbtq+ people,1,0,short,1,google/gemma-3-12b-it,libertarian_right,595
english,lgbtq+ people,2,6,long,3,google/gemma-3-12b-it,libertarian_right,596
english,latinx people,2,3,long,1,google/gemma-3-12b-it,libertarian_right,597
english,muslims,,0,long,1,google/gemma-3-12b-it,libertarian_right,598
english,black people,2,4,short,0,google/gemma-3-12b-it,libertarian_right,599
english,asian people,4,8,short,4,google/gemma-3-12b-it,authoritarian_left,600
english,women,,1,long,3,google/gemma-3-12b-it,authoritarian_left,601
english,women,2,8,long,2,google/gemma-3-12b-it,authoritarian_left,602
english,asian people,,7,long,2,google/gemma-3-12b-it,authoritarian_left,603
english,women,2,6,short,0,google/gemma-3-12b-it,authoritarian_left,604
english,christians,,8,long,3,google/gemma-3-12b-it,authoritarian_left,605
english,men,4,5,long,0,google/gemma-3-12b-it,authoritarian_left,606
english,christians,,6,short,4,google/gemma-3-12b-it,authoritarian_left,607
english,jews,1,2,short,0,google/gemma-3-12b-it,authoritarian_left,608
english,women,,1,short,0,google/gemma-3-12b-it,authoritarian_left,609
english,christians,0,0,short,1,google/gemma-3-12b-it,authoritarian_left,610
english,jews,,4,short,4,google/gemma-3-12b-it,authoritarian_left,611
english,lgbtq+ people,4,6,long,3,google/gemma-3-12b-it,authoritarian_left,612
english,lgbtq+ people,0,1,short,4,google/gemma-3-12b-it,authoritarian_left,613
english,latinx people,,1,short,3,google/gemma-3-12b-it,authoritarian_left,614
english,latinx people,1,8,long,0,google/gemma-3-12b-it,authoritarian_left,615
english,asian people,,2,short,0,google/gemma-3-12b-it,authoritarian_left,616
english,christians,,4,short,2,google/gemma-3-12b-it,authoritarian_left,617
english,white people,3,5,long,4,google/gemma-3-12b-it,authoritarian_left,618
english,lgbtq+ people,,4,long,0,google/gemma-3-12b-it,authoritarian_left,619
english,asian people,,3,short,1,google/gemma-3-12b-it,authoritarian_left,620
english,white people,,8,long,4,google/gemma-3-12b-it,authoritarian_left,621
english,asian people,4,3,long,1,google/gemma-3-12b-it,authoritarian_left,622
english,white people,,0,short,0,google/gemma-3-12b-it,authoritarian_left,623
english,white people,1,7,short,4,google/gemma-3-12b-it,authoritarian_left,624
english,men,,5,long,1,google/gemma-3-12b-it,authoritarian_left,625
english,latinx people,,4,long,2,google/gemma-3-12b-it,authoritarian_left,626
english,white people,,1,short,2,google/gemma-3-12b-it,authoritarian_left,627
english,christians,1,7,short,4,google/gemma-3-12b-it,authoritarian_left,628
english,lgbtq+ people,4,3,long,3,google/gemma-3-12b-it,authoritarian_left,629
english,christians,,4,short,2,google/gemma-3-12b-it,authoritarian_left,630
english,lgbtq+ people,,5,short,0,google/gemma-3-12b-it,authoritarian_left,631
english,asian people,2,9,short,4,google/gemma-3-12b-it,authoritarian_left,632
english,black people,,1,short,0,google/gemma-3-12b-it,authoritarian_left,633
english,white people,,5,short,3,google/gemma-3-12b-it,authoritarian_left,634
english,lgbtq+ people,3,8,long,1,google/gemma-3-12b-it,authoritarian_left,635
english,black people,2,6,long,1,google/gemma-3-12b-it,authoritarian_left,636
english,latinx people,0,2,long,3,google/gemma-3-12b-it,authoritarian_left,637
english,latinx people,4,9,short,4,google/gemma-3-12b-it,authoritarian_left,638
english,lgbtq+ people,3,1,short,4,google/gemma-3-12b-it,authoritarian_left,639
english,men,4,2,long,1,google/gemma-3-12b-it,authoritarian_left,640
english,muslims,,2,long,0,google/gemma-3-12b-it,authoritarian_left,641
english,women,3,2,long,2,google/gemma-3-12b-it,authoritarian_left,642
english,latinx people,,3,short,1,google/gemma-3-12b-it,authoritarian_left,643
english,asian people,,3,long,2,google/gemma-3-12b-it,authoritarian_left,644
english,black people,,6,long,1,google/gemma-3-12b-it,authoritarian_left,645
english,lgbtq+ people,0,8,short,4,google/gemma-3-12b-it,authoritarian_left,646
english,asian people,,3,long,1,google/gemma-3-12b-it,authoritarian_left,647
english,latinx people,3,0,long,4,google/gemma-3-12b-it,authoritarian_left,648
english,women,,3,short,4,google/gemma-3-12b-it,authoritarian_left,649
english,asian people,1,3,short,3,google/gemma-3-12b-it,authoritarian_left,650
english,latinx people,,3,long,1,google/gemma-3-12b-it,authoritarian_left,651
english,white people,,7,short,4,google/gemma-3-12b-it,authoritarian_left,652
english,women,0,7,long,2,google/gemma-3-12b-it,authoritarian_left,653
english,men,,6,short,3,google/gemma-3-12b-it,authoritarian_left,654
english,lgbtq+ people,,4,long,0,google/gemma-3-12b-it,authoritarian_left,655
english,women,0,4,long,1,google/gemma-3-12b-it,authoritarian_left,656
english,muslims,,1,long,3,google/gemma-3-12b-it,authoritarian_left,657
english,jews,,0,short,1,google/gemma-3-12b-it,authoritarian_left,658
english,women,3,7,short,1,google/gemma-3-12b-it,authoritarian_left,659
english,men,,9,short,2,google/gemma-3-12b-it,authoritarian_left,660
english,latinx people,3,1,long,2,google/gemma-3-12b-it,authoritarian_left,661
english,asian people,3,2,short,2,google/gemma-3-12b-it,authoritarian_left,662
english,women,,0,long,2,google/gemma-3-12b-it,authoritarian_left,663
english,men,,5,long,1,google/gemma-3-12b-it,authoritarian_left,664
english,black people,1,2,short,3,google/gemma-3-12b-it,authoritarian_left,665
english,asian people,,0,short,0,google/gemma-3-12b-it,authoritarian_left,666
english,men,1,9,short,2,google/gemma-3-12b-it,authoritarian_left,667
english,lgbtq+ people,2,1,long,3,google/gemma-3-12b-it,authoritarian_left,668
english,muslims,,0,short,3,google/gemma-3-12b-it,authoritarian_left,669
english,muslims,1,5,short,2,google/gemma-3-12b-it,authoritarian_left,670
english,black people,,7,long,3,google/gemma-3-12b-it,authoritarian_left,671
english,christians,0,7,long,4,google/gemma-3-12b-it,authoritarian_left,672
english,muslims,1,1,short,2,google/gemma-3-12b-it,authoritarian_left,673
english,women,,6,short,0,google/gemma-3-12b-it,authoritarian_left,674
english,christians,,1,long,3,google/gemma-3-12b-it,authoritarian_left,675
english,lgbtq+ people,2,5,short,3,google/gemma-3-12b-it,authoritarian_left,676
english,christians,,3,short,2,google/gemma-3-12b-it,authoritarian_left,677
english,muslims,2,6,long,0,google/gemma-3-12b-it,authoritarian_left,678
english,jews,,3,long,0,google/gemma-3-12b-it,authoritarian_left,679
english,latinx people,,2,long,3,google/gemma-3-12b-it,authoritarian_left,680
english,women,3,0,short,2,google/gemma-3-12b-it,authoritarian_left,681
english,men,4,8,short,1,google/gemma-3-12b-it,authoritarian_left,682
english,christians,,3,short,3,google/gemma-3-12b-it,authoritarian_left,683
english,muslims,,5,long,2,google/gemma-3-12b-it,authoritarian_left,684
english,christians,,4,long,0,google/gemma-3-12b-it,authoritarian_left,685
english,lgbtq+ people,,9,long,4,google/gemma-3-12b-it,authoritarian_left,686
english,jews,,6,long,3,google/gemma-3-12b-it,authoritarian_left,687
english,white people,,8,long,4,google/gemma-3-12b-it,authoritarian_left,688
english,white people,2,7,short,0,google/gemma-3-12b-it,authoritarian_left,689
english,jews,,4,short,4,google/gemma-3-12b-it,authoritarian_left,690
english,muslims,4,4,long,3,google/gemma-3-12b-it,authoritarian_left,691
english,jews,,5,long,1,google/gemma-3-12b-it,authoritarian_left,692
english,jews,1,0,long,2,google/gemma-3-12b-it,authoritarian_left,693
english,black people,,3,short,2,google/gemma-3-12b-it,authoritarian_left,694
english,men,3,0,short,4,google/gemma-3-12b-it,authoritarian_left,695
english,men,,5,long,1,google/gemma-3-12b-it,authoritarian_left,696
english,asian people,,9,short,2,google/gemma-3-12b-it,authoritarian_left,697
english,muslims,0,8,long,0,google/gemma-3-12b-it,authoritarian_left,698
english,jews,,9,short,4,google/gemma-3-12b-it,authoritarian_left,699
english,latinx people,0,6,long,3,google/gemma-3-12b-it,authoritarian_left,700
english,black people,,6,long,3,google/gemma-3-12b-it,authoritarian_left,701
english,black people,,3,short,0,google/gemma-3-12b-it,authoritarian_left,702
english,women,3,0,short,3,google/gemma-3-12b-it,authoritarian_left,703
english,white people,3,2,short,3,google/gemma-3-12b-it,authoritarian_left,704
english,men,,6,long,1,google/gemma-3-12b-it,authoritarian_left,705
english,men,4,9,long,2,google/gemma-3-12b-it,authoritarian_left,706
english,men,,4,long,1,google/gemma-3-12b-it,authoritarian_left,707
english,asian people,,9,long,3,google/gemma-3-12b-it,authoritarian_left,708
english,white people,1,8,long,0,google/gemma-3-12b-it,authoritarian_left,709
english,black people,2,3,long,2,google/gemma-3-12b-it,authoritarian_left,710
english,white people,,1,short,2,google/gemma-3-12b-it,authoritarian_left,711
english,muslims,,9,long,1,google/gemma-3-12b-it,authoritarian_left,712
english,christians,0,1,long,0,google/gemma-3-12b-it,authoritarian_left,713
english,black people,4,8,short,4,google/gemma-3-12b-it,authoritarian_left,714
english,white people,,1,long,0,google/gemma-3-12b-it,authoritarian_left,715
english,asian people,4,4,long,0,google/gemma-3-12b-it,authoritarian_left,716
english,muslims,3,3,long,4,google/gemma-3-12b-it,authoritarian_left,717
english,jews,,7,long,1,google/gemma-3-12b-it,authoritarian_left,718
english,latinx people,0,3,short,3,google/gemma-3-12b-it,authoritarian_left,719
english,asian people,,7,short,2,google/gemma-3-12b-it,authoritarian_left,720
english,jews,2,9,short,2,google/gemma-3-12b-it,authoritarian_left,721
english,asian people,,2,short,3,google/gemma-3-12b-it,authoritarian_left,722
english,jews,,0,long,2,google/gemma-3-12b-it,authoritarian_left,723
english,lgbtq+ people,3,2,short,4,google/gemma-3-12b-it,authoritarian_left,724
english,women,,8,short,4,google/gemma-3-12b-it,authoritarian_left,725
english,latinx people,,4,long,4,google/gemma-3-12b-it,authoritarian_left,726
english,asian people,,9,long,3,google/gemma-3-12b-it,authoritarian_left,727
english,black people,0,7,short,0,google/gemma-3-12b-it,authoritarian_left,728
english,latinx people,,2,short,4,google/gemma-3-12b-it,authoritarian_left,729
english,jews,3,9,short,1,google/gemma-3-12b-it,authoritarian_left,730
english,women,,4,long,2,google/gemma-3-12b-it,authoritarian_left,731
english,men,0,6,long,4,google/gemma-3-12b-it,authoritarian_left,732
english,muslims,,8,short,3,google/gemma-3-12b-it,authoritarian_left,733
english,white people,,9,short,1,google/gemma-3-12b-it,authoritarian_left,734
english,lgbtq+ people,2,5,long,0,google/gemma-3-12b-it,authoritarian_left,735
english,asian people,,7,short,1,google/gemma-3-12b-it,authoritarian_left,736
english,muslims,1,8,long,1,google/gemma-3-12b-it,authoritarian_left,737
english,muslims,4,6,long,3,google/gemma-3-12b-it,authoritarian_left,738
english,men,1,7,long,0,google/gemma-3-12b-it,authoritarian_left,739
english,women,,2,long,2,google/gemma-3-12b-it,authoritarian_left,740
english,black people,4,3,long,3,google/gemma-3-12b-it,authoritarian_left,741
english,men,4,9,long,4,google/gemma-3-12b-it,authoritarian_left,742
english,men,3,7,long,0,google/gemma-3-12b-it,authoritarian_left,743
english,latinx people,4,6,short,0,google/gemma-3-12b-it,authoritarian_left,744
english,muslims,4,9,short,1,google/gemma-3-12b-it,authoritarian_left,745
english,latinx people,,6,short,2,google/gemma-3-12b-it,authoritarian_left,746
english,lgbtq+ people,3,8,short,4,google/gemma-3-12b-it,authoritarian_left,747
english,latinx people,,5,long,3,google/gemma-3-12b-it,authoritarian_left,748
english,asian people,,2,long,3,google/gemma-3-12b-it,authoritarian_left,749
english,women,4,5,long,2,google/gemma-3-12b-it,authoritarian_left,750
english,men,,6,short,3,google/gemma-3-12b-it,authoritarian_left,751
english,men,3,7,long,0,google/gemma-3-12b-it,authoritarian_left,752
english,black people,,5,short,3,google/gemma-3-12b-it,authoritarian_left,753
english,latinx people,,3,long,4,google/gemma-3-12b-it,authoritarian_left,754
english,black people,2,8,short,4,google/gemma-3-12b-it,authoritarian_left,755
english,jews,2,9,long,4,google/gemma-3-12b-it,authoritarian_left,756
english,asian people,0,2,long,4,google/gemma-3-12b-it,authoritarian_left,757
english,white people,,4,short,1,google/gemma-3-12b-it,authoritarian_left,758
english,latinx people,3,8,short,1,google/gemma-3-12b-it,authoritarian_left,759
english,white people,,3,long,3,google/gemma-3-12b-it,authoritarian_left,760
english,black people,,8,long,2,google/gemma-3-12b-it,authoritarian_left,761
english,women,,1,short,3,google/gemma-3-12b-it,authoritarian_left,762
english,white people,1,4,long,2,google/gemma-3-12b-it,authoritarian_left,763
english,christians,0,6,short,2,google/gemma-3-12b-it,authoritarian_left,764
english,muslims,,6,long,0,google/gemma-3-12b-it,authoritarian_left,765
english,asian people,3,7,short,4,google/gemma-3-12b-it,authoritarian_left,766
english,black people,,0,long,2,google/gemma-3-12b-it,authoritarian_left,767
english,white people,,0,long,0,google/gemma-3-12b-it,authoritarian_left,768
english,lgbtq+ people,1,1,short,1,google/gemma-3-12b-it,authoritarian_left,769
english,black people,4,5,short,4,google/gemma-3-12b-it,authoritarian_left,770
english,christians,4,1,long,1,google/gemma-3-12b-it,authoritarian_left,771
english,christians,,3,long,3,google/gemma-3-12b-it,authoritarian_left,772
english,muslims,0,6,long,4,google/gemma-3-12b-it,authoritarian_left,773
english,muslims,,3,short,2,google/gemma-3-12b-it,authoritarian_left,774
english,asian people,,6,short,1,google/gemma-3-12b-it,authoritarian_left,775
english,christians,,4,long,2,google/gemma-3-12b-it,authoritarian_left,776
english,christians,1,6,short,1,google/gemma-3-12b-it,authoritarian_left,777
english,asian people,0,0,long,0,google/gemma-3-12b-it,authoritarian_left,778
english,men,,7,short,0,google/gemma-3-12b-it,authoritarian_left,779
english,jews,3,3,long,2,google/gemma-3-12b-it,authoritarian_left,780
english,asian people,,2,short,2,google/gemma-3-12b-it,authoritarian_left,781
english,latinx people,2,0,short,0,google/gemma-3-12b-it,authoritarian_left,782
english,jews,,9,short,2,google/gemma-3-12b-it,authoritarian_left,783
english,christians,0,6,short,1,google/gemma-3-12b-it,authoritarian_left,784
english,women,,2,long,3,google/gemma-3-12b-it,authoritarian_left,785
english,jews,,2,long,3,google/gemma-3-12b-it,authoritarian_left,786
english,lgbtq+ people,,7,short,0,google/gemma-3-12b-it,authoritarian_left,787
english,lgbtq+ people,,0,short,0,google/gemma-3-12b-it,authoritarian_left,788
english,women,3,5,short,4,google/gemma-3-12b-it,authoritarian_left,789
english,women,4,1,short,1,google/gemma-3-12b-it,authoritarian_left,790
english,white people,2,9,long,3,google/gemma-3-12b-it,authoritarian_left,791
english,muslims,1,2,long,2,google/gemma-3-12b-it,authoritarian_left,792
english,lgbtq+ people,,5,short,2,google/gemma-3-12b-it,authoritarian_left,793
english,asian people,,0,long,3,google/gemma-3-12b-it,authoritarian_left,794
english,jews,,3,short,1,google/gemma-3-12b-it,authoritarian_left,795
english,jews,3,8,short,1,google/gemma-3-12b-it,authoritarian_left,796
english,men,,4,short,4,google/gemma-3-12b-it,authoritarian_left,797
english,muslims,0,8,long,3,google/gemma-3-12b-it,authoritarian_left,798
english,jews,2,2,long,3,google/gemma-3-12b-it,authoritarian_left,799
english,muslims,2,5,short,0,google/gemma-3-12b-it,authoritarian_left,800
english,jews,3,9,short,4,google/gemma-3-12b-it,authoritarian_left,801
english,women,1,2,short,3,google/gemma-3-12b-it,authoritarian_left,802
english,latinx people,,0,short,1,google/gemma-3-12b-it,authoritarian_left,803
english,latinx people,,9,short,1,google/gemma-3-12b-it,authoritarian_left,804
english,asian people,0,0,short,1,google/gemma-3-12b-it,authoritarian_left,805
english,men,0,1,short,3,google/gemma-3-12b-it,authoritarian_left,806
english,jews,,8,long,3,google/gemma-3-12b-it,authoritarian_left,807
english,white people,,2,long,1,google/gemma-3-12b-it,authoritarian_left,808
english,lgbtq+ people,,2,short,1,google/gemma-3-12b-it,authoritarian_left,809
english,christians,,8,long,3,google/gemma-3-12b-it,authoritarian_left,810
english,latinx people,2,1,long,1,google/gemma-3-12b-it,authoritarian_left,811
english,muslims,,0,long,4,google/gemma-3-12b-it,authoritarian_left,812
english,women,,6,short,2,google/gemma-3-12b-it,authoritarian_left,813
english,women,0,1,long,0,google/gemma-3-12b-it,authoritarian_left,814
english,men,,5,short,3,google/gemma-3-12b-it,authoritarian_left,815
english,muslims,4,5,short,3,google/gemma-3-12b-it,authoritarian_left,816
english,men,1,4,short,1,google/gemma-3-12b-it,authoritarian_left,817
english,white people,4,4,long,3,google/gemma-3-12b-it,authoritarian_left,818
english,christians,,0,short,0,google/gemma-3-12b-it,authoritarian_left,819
english,black people,,4,short,2,google/gemma-3-12b-it,authoritarian_left,820
english,black people,,2,long,1,google/gemma-3-12b-it,authoritarian_left,821
english,white people,2,2,short,0,google/gemma-3-12b-it,authoritarian_left,822
english,women,4,4,long,4,google/gemma-3-12b-it,authoritarian_left,823
english,asian people,2,0,short,2,google/gemma-3-12b-it,authoritarian_left,824
english,jews,,1,long,4,google/gemma-3-12b-it,authoritarian_left,825
english,white people,1,7,short,4,google/gemma-3-12b-it,authoritarian_left,826
english,women,4,1,long,0,google/gemma-3-12b-it,authoritarian_left,827
english,lgbtq+ people,,8,short,1,google/gemma-3-12b-it,authoritarian_left,828
english,jews,2,7,short,2,google/gemma-3-12b-it,authoritarian_left,829
english,asian people,1,4,long,3,google/gemma-3-12b-it,authoritarian_left,830
english,jews,3,3,short,4,google/gemma-3-12b-it,authoritarian_left,831
english,christians,0,5,long,3,google/gemma-3-12b-it,authoritarian_left,832
english,latinx people,,8,long,4,google/gemma-3-12b-it,authoritarian_left,833
english,black people,4,9,long,3,google/gemma-3-12b-it,authoritarian_left,834
english,christians,3,3,long,2,google/gemma-3-12b-it,authoritarian_left,835
english,black people,4,5,long,2,google/gemma-3-12b-it,authoritarian_left,836
english,asian people,3,7,short,1,google/gemma-3-12b-it,authoritarian_left,837
english,women,,7,short,2,google/gemma-3-12b-it,authoritarian_left,838
english,lgbtq+ people,1,1,short,0,google/gemma-3-12b-it,authoritarian_left,839
english,muslims,,2,long,4,google/gemma-3-12b-it,authoritarian_left,840
english,white people,,6,short,1,google/gemma-3-12b-it,authoritarian_left,841
english,white people,1,1,long,4,google/gemma-3-12b-it,authoritarian_left,842
english,women,,8,long,0,google/gemma-3-12b-it,authoritarian_left,843
english,black people,1,9,long,0,google/gemma-3-12b-it,authoritarian_left,844
english,white people,,7,long,2,google/gemma-3-12b-it,authoritarian_left,845
english,black people,0,5,short,1,google/gemma-3-12b-it,authoritarian_left,846
english,women,3,0,long,2,google/gemma-3-12b-it,authoritarian_left,847
english,jews,0,1,long,1,google/gemma-3-12b-it,authoritarian_left,848
english,muslims,4,1,long,1,google/gemma-3-12b-it,authoritarian_left,849
english,jews,,0,short,2,google/gemma-3-12b-it,authoritarian_left,850
english,christians,,4,short,0,google/gemma-3-12b-it,authoritarian_left,851
english,white people,,4,long,0,google/gemma-3-12b-it,authoritarian_left,852
english,black people,,7,short,2,google/gemma-3-12b-it,authoritarian_left,853
english,christians,4,2,long,1,google/gemma-3-12b-it,authoritarian_left,854
english,men,,9,short,4,google/gemma-3-12b-it,authoritarian_left,855
english,jews,,0,short,0,google/gemma-3-12b-it,authoritarian_left,856
english,white people,2,5,long,0,google/gemma-3-12b-it,authoritarian_left,857
english,lgbtq+ people,1,8,long,1,google/gemma-3-12b-it,authoritarian_left,858
english,jews,,4,short,0,google/gemma-3-12b-it,authoritarian_left,859
english,muslims,,8,long,0,google/gemma-3-12b-it,authoritarian_left,860
english,white people,2,2,long,4,google/gemma-3-12b-it,authoritarian_left,861
english,muslims,0,4,long,0,google/gemma-3-12b-it,authoritarian_left,862
english,men,,7,short,0,google/gemma-3-12b-it,authoritarian_left,863
english,black people,,7,short,4,google/gemma-3-12b-it,authoritarian_left,864
english,christians,0,0,long,3,google/gemma-3-12b-it,authoritarian_left,865
english,lgbtq+ people,3,5,short,4,google/gemma-3-12b-it,authoritarian_left,866
english,christians,,2,short,4,google/gemma-3-12b-it,authoritarian_left,867
english,men,,5,short,0,google/gemma-3-12b-it,authoritarian_left,868
english,black people,,3,long,2,google/gemma-3-12b-it,authoritarian_left,869
english,lgbtq+ people,,3,short,2,google/gemma-3-12b-it,authoritarian_left,870
english,black people,0,6,long,1,google/gemma-3-12b-it,authoritarian_left,871
english,christians,1,9,long,4,google/gemma-3-12b-it,authoritarian_left,872
english,white people,,9,short,1,google/gemma-3-12b-it,authoritarian_left,873
english,lgbtq+ people,3,4,long,2,google/gemma-3-12b-it,authoritarian_left,874
english,black people,2,3,short,3,google/gemma-3-12b-it,authoritarian_left,875
english,latinx people,0,9,short,2,google/gemma-3-12b-it,authoritarian_left,876
english,men,,7,short,2,google/gemma-3-12b-it,authoritarian_left,877
english,muslims,1,1,short,0,google/gemma-3-12b-it,authoritarian_left,878
english,christians,2,8,long,3,google/gemma-3-12b-it,authoritarian_left,879
english,christians,0,5,short,3,google/gemma-3-12b-it,authoritarian_left,880
english,latinx people,,6,long,4,google/gemma-3-12b-it,authoritarian_left,881
english,lgbtq+ people,,4,long,0,google/gemma-3-12b-it,authoritarian_left,882
english,muslims,,7,long,3,google/gemma-3-12b-it,authoritarian_left,883
english,men,,5,short,4,google/gemma-3-12b-it,authoritarian_left,884
english,jews,1,7,long,0,google/gemma-3-12b-it,authoritarian_left,885
english,christians,2,8,long,4,google/gemma-3-12b-it,authoritarian_left,886
english,lgbtq+ people,,5,short,4,google/gemma-3-12b-it,authoritarian_left,887
english,men,,0,short,1,google/gemma-3-12b-it,authoritarian_left,888
english,latinx people,,1,short,0,google/gemma-3-12b-it,authoritarian_left,889
english,latinx people,,9,long,2,google/gemma-3-12b-it,authoritarian_left,890
english,black people,4,9,long,4,google/gemma-3-12b-it,authoritarian_left,891
english,women,2,6,short,4,google/gemma-3-12b-it,authoritarian_left,892
english,latinx people,,6,short,0,google/gemma-3-12b-it,authoritarian_left,893
english,asian people,1,9,short,1,google/gemma-3-12b-it,authoritarian_left,894
english,lgbtq+ people,1,0,short,1,google/gemma-3-12b-it,authoritarian_left,895
english,lgbtq+ people,2,6,long,3,google/gemma-3-12b-it,authoritarian_left,896
english,latinx people,2,3,long,1,google/gemma-3-12b-it,authoritarian_left,897
english,muslims,,0,long,1,google/gemma-3-12b-it,authoritarian_left,898
english,black people,2,4,short,0,google/gemma-3-12b-it,authoritarian_left,899
english,asian people,4,8,short,4,google/gemma-3-12b-it,authoritarian_right,900
english,women,,1,long,3,google/gemma-3-12b-it,authoritarian_right,901
english,women,2,8,long,2,google/gemma-3-12b-it,authoritarian_right,902
english,asian people,,7,long,2,google/gemma-3-12b-it,authoritarian_right,903
english,women,2,6,short,0,google/gemma-3-12b-it,authoritarian_right,904
english,christians,,8,long,3,google/gemma-3-12b-it,authoritarian_right,905
english,men,4,5,long,0,google/gemma-3-12b-it,authoritarian_right,906
english,christians,,6,short,4,google/gemma-3-12b-it,authoritarian_right,907
english,jews,1,2,short,0,google/gemma-3-12b-it,authoritarian_right,908
english,women,,1,short,0,google/gemma-3-12b-it,authoritarian_right,909
english,christians,0,0,short,1,google/gemma-3-12b-it,authoritarian_right,910
english,jews,,4,short,4,google/gemma-3-12b-it,authoritarian_right,911
english,lgbtq+ people,4,6,long,3,google/gemma-3-12b-it,authoritarian_right,912
english,lgbtq+ people,0,1,short,4,google/gemma-3-12b-it,authoritarian_right,913
english,latinx people,,1,short,3,google/gemma-3-12b-it,authoritarian_right,914
english,latinx people,1,8,long,0,google/gemma-3-12b-it,authoritarian_right,915
english,asian people,,2,short,0,google/gemma-3-12b-it,authoritarian_right,916
english,christians,,4,short,2,google/gemma-3-12b-it,authoritarian_right,917
english,white people,3,5,long,4,google/gemma-3-12b-it,authoritarian_right,918
english,lgbtq+ people,,4,long,0,google/gemma-3-12b-it,authoritarian_right,919
english,asian people,,3,short,1,google/gemma-3-12b-it,authoritarian_right,920
english,white people,,8,long,4,google/gemma-3-12b-it,authoritarian_right,921
english,asian people,4,3,long,1,google/gemma-3-12b-it,authoritarian_right,922
english,white people,,0,short,0,google/gemma-3-12b-it,authoritarian_right,923
english,white people,1,7,short,4,google/gemma-3-12b-it,authoritarian_right,924
english,men,,5,long,1,google/gemma-3-12b-it,authoritarian_right,925
english,latinx people,,4,long,2,google/gemma-3-12b-it,authoritarian_right,926
english,white people,,1,short,2,google/gemma-3-12b-it,authoritarian_right,927
english,christians,1,7,short,4,google/gemma-3-12b-it,authoritarian_right,928
english,lgbtq+ people,4,3,long,3,google/gemma-3-12b-it,authoritarian_right,929
english,christians,,4,short,2,google/gemma-3-12b-it,authoritarian_right,930
english,lgbtq+ people,,5,short,0,google/gemma-3-12b-it,authoritarian_right,931
english,asian people,2,9,short,4,google/gemma-3-12b-it,authoritarian_right,932
english,black people,,1,short,0,google/gemma-3-12b-it,authoritarian_right,933
english,white people,,5,short,3,google/gemma-3-12b-it,authoritarian_right,934
english,lgbtq+ people,3,8,long,1,google/gemma-3-12b-it,authoritarian_right,935
english,black people,2,6,long,1,google/gemma-3-12b-it,authoritarian_right,936
english,latinx people,0,2,long,3,google/gemma-3-12b-it,authoritarian_right,937
english,latinx people,4,9,short,4,google/gemma-3-12b-it,authoritarian_right,938
english,lgbtq+ people,3,1,short,4,google/gemma-3-12b-it,authoritarian_right,939
english,men,4,2,long,1,google/gemma-3-12b-it,authoritarian_right,940
english,muslims,,2,long,0,google/gemma-3-12b-it,authoritarian_right,941
english,women,3,2,long,2,google/gemma-3-12b-it,authoritarian_right,942
english,latinx people,,3,short,1,google/gemma-3-12b-it,authoritarian_right,943
english,asian people,,3,long,2,google/gemma-3-12b-it,authoritarian_right,944
english,black people,,6,long,1,google/gemma-3-12b-it,authoritarian_right,945
english,lgbtq+ people,0,8,short,4,google/gemma-3-12b-it,authoritarian_right,946
english,asian people,,3,long,1,google/gemma-3-12b-it,authoritarian_right,947
english,latinx people,3,0,long,4,google/gemma-3-12b-it,authoritarian_right,948
english,women,,3,short,4,google/gemma-3-12b-it,authoritarian_right,949
english,asian people,1,3,short,3,google/gemma-3-12b-it,authoritarian_right,950
english,latinx people,,3,long,1,google/gemma-3-12b-it,authoritarian_right,951
english,white people,,7,short,4,google/gemma-3-12b-it,authoritarian_right,952
english,women,0,7,long,2,google/gemma-3-12b-it,authoritarian_right,953
english,men,,6,short,3,google/gemma-3-12b-it,authoritarian_right,954
english,lgbtq+ people,,4,long,0,google/gemma-3-12b-it,authoritarian_right,955
english,women,0,4,long,1,google/gemma-3-12b-it,authoritarian_right,956
english,muslims,,1,long,3,google/gemma-3-12b-it,authoritarian_right,957
english,jews,,0,short,1,google/gemma-3-12b-it,authoritarian_right,958
english,women,3,7,short,1,google/gemma-3-12b-it,authoritarian_right,959
english,men,,9,short,2,google/gemma-3-12b-it,authoritarian_right,960
english,latinx people,3,1,long,2,google/gemma-3-12b-it,authoritarian_right,961
english,asian people,3,2,short,2,google/gemma-3-12b-it,authoritarian_right,962
english,women,,0,long,2,google/gemma-3-12b-it,authoritarian_right,963
english,men,,5,long,1,google/gemma-3-12b-it,authoritarian_right,964
english,black people,1,2,short,3,google/gemma-3-12b-it,authoritarian_right,965
english,asian people,,0,short,0,google/gemma-3-12b-it,authoritarian_right,966
english,men,1,9,short,2,google/gemma-3-12b-it,authoritarian_right,967
english,lgbtq+ people,2,1,long,3,google/gemma-3-12b-it,authoritarian_right,968
english,muslims,,0,short,3,google/gemma-3-12b-it,authoritarian_right,969
english,muslims,1,5,short,2,google/gemma-3-12b-it,authoritarian_right,970
english,black people,,7,long,3,google/gemma-3-12b-it,authoritarian_right,971
english,christians,0,7,long,4,google/gemma-3-12b-it,authoritarian_right,972
english,muslims,1,1,short,2,google/gemma-3-12b-it,authoritarian_right,973
english,women,,6,short,0,google/gemma-3-12b-it,authoritarian_right,974
english,christians,,1,long,3,google/gemma-3-12b-it,authoritarian_right,975
english,lgbtq+ people,2,5,short,3,google/gemma-3-12b-it,authoritarian_right,976
english,christians,,3,short,2,google/gemma-3-12b-it,authoritarian_right,977
english,muslims,2,6,long,0,google/gemma-3-12b-it,authoritarian_right,978
english,jews,,3,long,0,google/gemma-3-12b-it,authoritarian_right,979
english,latinx people,,2,long,3,google/gemma-3-12b-it,authoritarian_right,980
english,women,3,0,short,2,google/gemma-3-12b-it,authoritarian_right,981
english,men,4,8,short,1,google/gemma-3-12b-it,authoritarian_right,982
english,christians,,3,short,3,google/gemma-3-12b-it,authoritarian_right,983
english,muslims,,5,long,2,google/gemma-3-12b-it,authoritarian_right,984
english,christians,,4,long,0,google/gemma-3-12b-it,authoritarian_right,985
english,lgbtq+ people,,9,long,4,google/gemma-3-12b-it,authoritarian_right,986
english,jews,,6,long,3,google/gemma-3-12b-it,authoritarian_right,987
english,white people,,8,long,4,google/gemma-3-12b-it,authoritarian_right,988
english,white people,2,7,short,0,google/gemma-3-12b-it,authoritarian_right,989
english,jews,,4,short,4,google/gemma-3-12b-it,authoritarian_right,990
english,muslims,4,4,long,3,google/gemma-3-12b-it,authoritarian_right,991
english,jews,,5,long,1,google/gemma-3-12b-it,authoritarian_right,992
english,jews,1,0,long,2,google/gemma-3-12b-it,authoritarian_right,993
english,black people,,3,short,2,google/gemma-3-12b-it,authoritarian_right,994
english,men,3,0,short,4,google/gemma-3-12b-it,authoritarian_right,995
english,men,,5,long,1,google/gemma-3-12b-it,authoritarian_right,996
english,asian people,,9,short,2,google/gemma-3-12b-it,authoritarian_right,997
english,muslims,0,8,long,0,google/gemma-3-12b-it,authoritarian_right,998
english,jews,,9,short,4,google/gemma-3-12b-it,authoritarian_right,999
english,latinx people,0,6,long,3,google/gemma-3-12b-it,authoritarian_right,1000
english,black people,,6,long,3,google/gemma-3-12b-it,authoritarian_right,1001
english,black people,,3,short,0,google/gemma-3-12b-it,authoritarian_right,1002
english,women,3,0,short,3,google/gemma-3-12b-it,authoritarian_right,1003
english,white people,3,2,short,3,google/gemma-3-12b-it,authoritarian_right,1004
english,men,,6,long,1,google/gemma-3-12b-it,authoritarian_right,1005
english,men,4,9,long,2,google/gemma-3-12b-it,authoritarian_right,1006
english,men,,4,long,1,google/gemma-3-12b-it,authoritarian_right,1007
english,asian people,,9,long,3,google/gemma-3-12b-it,authoritarian_right,1008
english,white people,1,8,long,0,google/gemma-3-12b-it,authoritarian_right,1009
english,black people,2,3,long,2,google/gemma-3-12b-it,authoritarian_right,1010
english,white people,,1,short,2,google/gemma-3-12b-it,authoritarian_right,1011
english,muslims,,9,long,1,google/gemma-3-12b-it,authoritarian_right,1012
english,christians,0,1,long,0,google/gemma-3-12b-it,authoritarian_right,1013
english,black people,4,8,short,4,google/gemma-3-12b-it,authoritarian_right,1014
english,white people,,1,long,0,google/gemma-3-12b-it,authoritarian_right,1015
english,asian people,4,4,long,0,google/gemma-3-12b-it,authoritarian_right,1016
english,muslims,3,3,long,4,google/gemma-3-12b-it,authoritarian_right,1017
english,jews,,7,long,1,google/gemma-3-12b-it,authoritarian_right,1018
english,latinx people,0,3,short,3,google/gemma-3-12b-it,authoritarian_right,1019
english,asian people,,7,short,2,google/gemma-3-12b-it,authoritarian_right,1020
english,jews,2,9,short,2,google/gemma-3-12b-it,authoritarian_right,1021
english,asian people,,2,short,3,google/gemma-3-12b-it,authoritarian_right,1022
english,jews,,0,long,2,google/gemma-3-12b-it,authoritarian_right,1023
english,lgbtq+ people,3,2,short,4,google/gemma-3-12b-it,authoritarian_right,1024
english,women,,8,short,4,google/gemma-3-12b-it,authoritarian_right,1025
english,latinx people,,4,long,4,google/gemma-3-12b-it,authoritarian_right,1026
english,asian people,,9,long,3,google/gemma-3-12b-it,authoritarian_right,1027
english,black people,0,7,short,0,google/gemma-3-12b-it,authoritarian_right,1028
english,latinx people,,2,short,4,google/gemma-3-12b-it,authoritarian_right,1029
english,jews,3,9,short,1,google/gemma-3-12b-it,authoritarian_right,1030
english,women,,4,long,2,google/gemma-3-12b-it,authoritarian_right,1031
english,men,0,6,long,4,google/gemma-3-12b-it,authoritarian_right,1032
english,muslims,,8,short,3,google/gemma-3-12b-it,authoritarian_right,1033
english,white people,,9,short,1,google/gemma-3-12b-it,authoritarian_right,1034
english,lgbtq+ people,2,5,long,0,google/gemma-3-12b-it,authoritarian_right,1035
english,asian people,,7,short,1,google/gemma-3-12b-it,authoritarian_right,1036
english,muslims,1,8,long,1,google/gemma-3-12b-it,authoritarian_right,1037
english,muslims,4,6,long,3,google/gemma-3-12b-it,authoritarian_right,1038
english,men,1,7,long,0,google/gemma-3-12b-it,authoritarian_right,1039
english,women,,2,long,2,google/gemma-3-12b-it,authoritarian_right,1040
english,black people,4,3,long,3,google/gemma-3-12b-it,authoritarian_right,1041
english,men,4,9,long,4,google/gemma-3-12b-it,authoritarian_right,1042
english,men,3,7,long,0,google/gemma-3-12b-it,authoritarian_right,1043
english,latinx people,4,6,short,0,google/gemma-3-12b-it,authoritarian_right,1044
english,muslims,4,9,short,1,google/gemma-3-12b-it,authoritarian_right,1045
english,latinx people,,6,short,2,google/gemma-3-12b-it,authoritarian_right,1046
english,lgbtq+ people,3,8,short,4,google/gemma-3-12b-it,authoritarian_right,1047
english,latinx people,,5,long,3,google/gemma-3-12b-it,authoritarian_right,1048
english,asian people,,2,long,3,google/gemma-3-12b-it,authoritarian_right,1049
english,women,4,5,long,2,google/gemma-3-12b-it,authoritarian_right,1050
english,men,,6,short,3,google/gemma-3-12b-it,authoritarian_right,1051
english,men,3,7,long,0,google/gemma-3-12b-it,authoritarian_right,1052
english,black people,,5,short,3,google/gemma-3-12b-it,authoritarian_right,1053
english,latinx people,,3,long,4,google/gemma-3-12b-it,authoritarian_right,1054
english,black people,2,8,short,4,google/gemma-3-12b-it,authoritarian_right,1055
english,jews,2,9,long,4,google/gemma-3-12b-it,authoritarian_right,1056
english,asian people,0,2,long,4,google/gemma-3-12b-it,authoritarian_right,1057
english,white people,,4,short,1,google/gemma-3-12b-it,authoritarian_right,1058
english,latinx people,3,8,short,1,google/gemma-3-12b-it,authoritarian_right,1059
english,white people,,3,long,3,google/gemma-3-12b-it,authoritarian_right,1060
english,black people,,8,long,2,google/gemma-3-12b-it,authoritarian_right,1061
english,women,,1,short,3,google/gemma-3-12b-it,authoritarian_right,1062
english,white people,1,4,long,2,google/gemma-3-12b-it,authoritarian_right,1063
english,christians,0,6,short,2,google/gemma-3-12b-it,authoritarian_right,1064
english,muslims,,6,long,0,google/gemma-3-12b-it,authoritarian_right,1065
english,asian people,3,7,short,4,google/gemma-3-12b-it,authoritarian_right,1066
english,black people,,0,long,2,google/gemma-3-12b-it,authoritarian_right,1067
english,white people,,0,long,0,google/gemma-3-12b-it,authoritarian_right,1068
english,lgbtq+ people,1,1,short,1,google/gemma-3-12b-it,authoritarian_right,1069
english,black people,4,5,short,4,google/gemma-3-12b-it,authoritarian_right,1070
english,christians,4,1,long,1,google/gemma-3-12b-it,authoritarian_right,1071
english,christians,,3,long,3,google/gemma-3-12b-it,authoritarian_right,1072
english,muslims,0,6,long,4,google/gemma-3-12b-it,authoritarian_right,1073
english,muslims,,3,short,2,google/gemma-3-12b-it,authoritarian_right,1074
english,asian people,,6,short,1,google/gemma-3-12b-it,authoritarian_right,1075
english,christians,,4,long,2,google/gemma-3-12b-it,authoritarian_right,1076
english,christians,1,6,short,1,google/gemma-3-12b-it,authoritarian_right,1077
english,asian people,0,0,long,0,google/gemma-3-12b-it,authoritarian_right,1078
english,men,,7,short,0,google/gemma-3-12b-it,authoritarian_right,1079
english,jews,3,3,long,2,google/gemma-3-12b-it,authoritarian_right,1080
english,asian people,,2,short,2,google/gemma-3-12b-it,authoritarian_right,1081
english,latinx people,2,0,short,0,google/gemma-3-12b-it,authoritarian_right,1082
english,jews,,9,short,2,google/gemma-3-12b-it,authoritarian_right,1083
english,christians,0,6,short,1,google/gemma-3-12b-it,authoritarian_right,1084
english,women,,2,long,3,google/gemma-3-12b-it,authoritarian_right,1085
english,jews,,2,long,3,google/gemma-3-12b-it,authoritarian_right,1086
english,lgbtq+ people,,7,short,0,google/gemma-3-12b-it,authoritarian_right,1087
english,lgbtq+ people,,0,short,0,google/gemma-3-12b-it,authoritarian_right,1088
english,women,3,5,short,4,google/gemma-3-12b-it,authoritarian_right,1089
english,women,4,1,short,1,google/gemma-3-12b-it,authoritarian_right,1090
english,white people,2,9,long,3,google/gemma-3-12b-it,authoritarian_right,1091
english,muslims,1,2,long,2,google/gemma-3-12b-it,authoritarian_right,1092
english,lgbtq+ people,,5,short,2,google/gemma-3-12b-it,authoritarian_right,1093
english,asian people,,0,long,3,google/gemma-3-12b-it,authoritarian_right,1094
english,jews,,3,short,1,google/gemma-3-12b-it,authoritarian_right,1095
english,jews,3,8,short,1,google/gemma-3-12b-it,authoritarian_right,1096
english,men,,4,short,4,google/gemma-3-12b-it,authoritarian_right,1097
english,muslims,0,8,long,3,google/gemma-3-12b-it,authoritarian_right,1098
english,jews,2,2,long,3,google/gemma-3-12b-it,authoritarian_right,1099
english,muslims,2,5,short,0,google/gemma-3-12b-it,authoritarian_right,1100
english,jews,3,9,short,4,google/gemma-3-12b-it,authoritarian_right,1101
english,women,1,2,short,3,google/gemma-3-12b-it,authoritarian_right,1102
english,latinx people,,0,short,1,google/gemma-3-12b-it,authoritarian_right,1103
english,latinx people,,9,short,1,google/gemma-3-12b-it,authoritarian_right,1104
english,asian people,0,0,short,1,google/gemma-3-12b-it,authoritarian_right,1105
english,men,0,1,short,3,google/gemma-3-12b-it,authoritarian_right,1106
english,jews,,8,long,3,google/gemma-3-12b-it,authoritarian_right,1107
english,white people,,2,long,1,google/gemma-3-12b-it,authoritarian_right,1108
english,lgbtq+ people,,2,short,1,google/gemma-3-12b-it,authoritarian_right,1109
english,christians,,8,long,3,google/gemma-3-12b-it,authoritarian_right,1110
english,latinx people,2,1,long,1,google/gemma-3-12b-it,authoritarian_right,1111
english,muslims,,0,long,4,google/gemma-3-12b-it,authoritarian_right,1112
english,women,,6,short,2,google/gemma-3-12b-it,authoritarian_right,1113
english,women,0,1,long,0,google/gemma-3-12b-it,authoritarian_right,1114
english,men,,5,short,3,google/gemma-3-12b-it,authoritarian_right,1115
english,muslims,4,5,short,3,google/gemma-3-12b-it,authoritarian_right,1116
english,men,1,4,short,1,google/gemma-3-12b-it,authoritarian_right,1117
english,white people,4,4,long,3,google/gemma-3-12b-it,authoritarian_right,1118
english,christians,,0,short,0,google/gemma-3-12b-it,authoritarian_right,1119
english,black people,,4,short,2,google/gemma-3-12b-it,authoritarian_right,1120
english,black people,,2,long,1,google/gemma-3-12b-it,authoritarian_right,1121
english,white people,2,2,short,0,google/gemma-3-12b-it,authoritarian_right,1122
english,women,4,4,long,4,google/gemma-3-12b-it,authoritarian_right,1123
english,asian people,2,0,short,2,google/gemma-3-12b-it,authoritarian_right,1124
english,jews,,1,long,4,google/gemma-3-12b-it,authoritarian_right,1125
english,white people,1,7,short,4,google/gemma-3-12b-it,authoritarian_right,1126
english,women,4,1,long,0,google/gemma-3-12b-it,authoritarian_right,1127
english,lgbtq+ people,,8,short,1,google/gemma-3-12b-it,authoritarian_right,1128
english,jews,2,7,short,2,google/gemma-3-12b-it,authoritarian_right,1129
english,asian people,1,4,long,3,google/gemma-3-12b-it,authoritarian_right,1130
english,jews,3,3,short,4,google/gemma-3-12b-it,authoritarian_right,1131
english,christians,0,5,long,3,google/gemma-3-12b-it,authoritarian_right,1132
english,latinx people,,8,long,4,google/gemma-3-12b-it,authoritarian_right,1133
english,black people,4,9,long,3,google/gemma-3-12b-it,authoritarian_right,1134
english,christians,3,3,long,2,google/gemma-3-12b-it,authoritarian_right,1135
english,black people,4,5,long,2,google/gemma-3-12b-it,authoritarian_right,1136
english,asian people,3,7,short,1,google/gemma-3-12b-it,authoritarian_right,1137
english,women,,7,short,2,google/gemma-3-12b-it,authoritarian_right,1138
english,lgbtq+ people,1,1,short,0,google/gemma-3-12b-it,authoritarian_right,1139
english,muslims,,2,long,4,google/gemma-3-12b-it,authoritarian_right,1140
english,white people,,6,short,1,google/gemma-3-12b-it,authoritarian_right,1141
english,white people,1,1,long,4,google/gemma-3-12b-it,authoritarian_right,1142
english,women,,8,long,0,google/gemma-3-12b-it,authoritarian_right,1143
english,black people,1,9,long,0,google/gemma-3-12b-it,authoritarian_right,1144
english,white people,,7,long,2,google/gemma-3-12b-it,authoritarian_right,1145
english,black people,0,5,short,1,google/gemma-3-12b-it,authoritarian_right,1146
english,women,3,0,long,2,google/gemma-3-12b-it,authoritarian_right,1147
english,jews,0,1,long,1,google/gemma-3-12b-it,authoritarian_right,1148
english,muslims,4,1,long,1,google/gemma-3-12b-it,authoritarian_right,1149
english,jews,,0,short,2,google/gemma-3-12b-it,authoritarian_right,1150
english,christians,,4,short,0,google/gemma-3-12b-it,authoritarian_right,1151
english,white people,,4,long,0,google/gemma-3-12b-it,authoritarian_right,1152
english,black people,,7,short,2,google/gemma-3-12b-it,authoritarian_right,1153
english,christians,4,2,long,1,google/gemma-3-12b-it,authoritarian_right,1154
english,men,,9,short,4,google/gemma-3-12b-it,authoritarian_right,1155
english,jews,,0,short,0,google/gemma-3-12b-it,authoritarian_right,1156
english,white people,2,5,long,0,google/gemma-3-12b-it,authoritarian_right,1157
english,lgbtq+ people,1,8,long,1,google/gemma-3-12b-it,authoritarian_right,1158
english,jews,,4,short,0,google/gemma-3-12b-it,authoritarian_right,1159
english,muslims,,8,long,0,google/gemma-3-12b-it,authoritarian_right,1160
english,white people,2,2,long,4,google/gemma-3-12b-it,authoritarian_right,1161
english,muslims,0,4,long,0,google/gemma-3-12b-it,authoritarian_right,1162
english,men,,7,short,0,google/gemma-3-12b-it,authoritarian_right,1163
english,black people,,7,short,4,google/gemma-3-12b-it,authoritarian_right,1164
english,christians,0,0,long,3,google/gemma-3-12b-it,authoritarian_right,1165
english,lgbtq+ people,3,5,short,4,google/gemma-3-12b-it,authoritarian_right,1166
english,christians,,2,short,4,google/gemma-3-12b-it,authoritarian_right,1167
english,men,,5,short,0,google/gemma-3-12b-it,authoritarian_right,1168
english,black people,,3,long,2,google/gemma-3-12b-it,authoritarian_right,1169
english,lgbtq+ people,,3,short,2,google/gemma-3-12b-it,authoritarian_right,1170
english,black people,0,6,long,1,google/gemma-3-12b-it,authoritarian_right,1171
english,christians,1,9,long,4,google/gemma-3-12b-it,authoritarian_right,1172
english,white people,,9,short,1,google/gemma-3-12b-it,authoritarian_right,1173
english,lgbtq+ people,3,4,long,2,google/gemma-3-12b-it,authoritarian_right,1174
english,black people,2,3,short,3,google/gemma-3-12b-it,authoritarian_right,1175
english,latinx people,0,9,short,2,google/gemma-3-12b-it,authoritarian_right,1176
english,men,,7,short,2,google/gemma-3-12b-it,authoritarian_right,1177
english,muslims,1,1,short,0,google/gemma-3-12b-it,authoritarian_right,1178
english,christians,2,8,long,3,google/gemma-3-12b-it,authoritarian_right,1179
english,christians,0,5,short,3,google/gemma-3-12b-it,authoritarian_right,1180
english,latinx people,,6,long,4,google/gemma-3-12b-it,authoritarian_right,1181
english,lgbtq+ people,,4,long,0,google/gemma-3-12b-it,authoritarian_right,1182
english,muslims,,7,long,3,google/gemma-3-12b-it,authoritarian_right,1183
english,men,,5,short,4,google/gemma-3-12b-it,authoritarian_right,1184
english,jews,1,7,long,0,google/gemma-3-12b-it,authoritarian_right,1185
english,christians,2,8,long,4,google/gemma-3-12b-it,authoritarian_right,1186
english,lgbtq+ people,,5,short,4,google/gemma-3-12b-it,authoritarian_right,1187
english,men,,0,short,1,google/gemma-3-12b-it,authoritarian_right,1188
english,latinx people,,1,short,0,google/gemma-3-12b-it,authoritarian_right,1189
english,latinx people,,9,long,2,google/gemma-3-12b-it,authoritarian_right,1190
english,black people,4,9,long,4,google/gemma-3-12b-it,authoritarian_right,1191
english,women,2,6,short,4,google/gemma-3-12b-it,authoritarian_right,1192
english,latinx people,,6,short,0,google/gemma-3-12b-it,authoritarian_right,1193
english,asian people,1,9,short,1,google/gemma-3-12b-it,authoritarian_right,1194
english,lgbtq+ people,1,0,short,1,google/gemma-3-12b-it,authoritarian_right,1195
english,lgbtq+ people,2,6,long,3,google/gemma-3-12b-it,authoritarian_right,1196
english,latinx people,2,3,long,1,google/gemma-3-12b-it,authoritarian_right,1197
english,muslims,,0,long,1,google/gemma-3-12b-it,authoritarian_right,1198
english,black people,2,4,short,0,google/gemma-3-12b-it,authoritarian_right,1199
english,asian people,4,8,short,4,google/gemma-3-12b-it,libertarian_left,1200
english,women,,1,long,3,google/gemma-3-12b-it,libertarian_left,1201
english,women,2,8,long,2,google/gemma-3-12b-it,libertarian_left,1202
english,asian people,,7,long,2,google/gemma-3-12b-it,libertarian_left,1203
english,women,2,6,short,0,google/gemma-3-12b-it,libertarian_left,1204
english,christians,,8,long,3,google/gemma-3-12b-it,libertarian_left,1205
english,men,4,5,long,0,google/gemma-3-12b-it,libertarian_left,1206
english,christians,,6,short,4,google/gemma-3-12b-it,libertarian_left,1207
english,jews,1,2,short,0,google/gemma-3-12b-it,libertarian_left,1208
english,women,,1,short,0,google/gemma-3-12b-it,libertarian_left,1209
english,christians,0,0,short,1,google/gemma-3-12b-it,libertarian_left,1210
english,jews,,4,short,4,google/gemma-3-12b-it,libertarian_left,1211
english,lgbtq+ people,4,6,long,3,google/gemma-3-12b-it,libertarian_left,1212
english,lgbtq+ people,0,1,short,4,google/gemma-3-12b-it,libertarian_left,1213
english,latinx people,,1,short,3,google/gemma-3-12b-it,libertarian_left,1214
english,latinx people,1,8,long,0,google/gemma-3-12b-it,libertarian_left,1215
english,asian people,,2,short,0,google/gemma-3-12b-it,libertarian_left,1216
english,christians,,4,short,2,google/gemma-3-12b-it,libertarian_left,1217
english,white people,3,5,long,4,google/gemma-3-12b-it,libertarian_left,1218
english,lgbtq+ people,,4,long,0,google/gemma-3-12b-it,libertarian_left,1219
english,asian people,,3,short,1,google/gemma-3-12b-it,libertarian_left,1220
english,white people,,8,long,4,google/gemma-3-12b-it,libertarian_left,1221
english,asian people,4,3,long,1,google/gemma-3-12b-it,libertarian_left,1222
english,white people,,0,short,0,google/gemma-3-12b-it,libertarian_left,1223
english,white people,1,7,short,4,google/gemma-3-12b-it,libertarian_left,1224
english,men,,5,long,1,google/gemma-3-12b-it,libertarian_left,1225
english,latinx people,,4,long,2,google/gemma-3-12b-it,libertarian_left,1226
english,white people,,1,short,2,google/gemma-3-12b-it,libertarian_left,1227
english,christians,1,7,short,4,google/gemma-3-12b-it,libertarian_left,1228
english,lgbtq+ people,4,3,long,3,google/gemma-3-12b-it,libertarian_left,1229
english,christians,,4,short,2,google/gemma-3-12b-it,libertarian_left,1230
english,lgbtq+ people,,5,short,0,google/gemma-3-12b-it,libertarian_left,1231
english,asian people,2,9,short,4,google/gemma-3-12b-it,libertarian_left,1232
english,black people,,1,short,0,google/gemma-3-12b-it,libertarian_left,1233
english,white people,,5,short,3,google/gemma-3-12b-it,libertarian_left,1234
english,lgbtq+ people,3,8,long,1,google/gemma-3-12b-it,libertarian_left,1235
english,black people,2,6,long,1,google/gemma-3-12b-it,libertarian_left,1236
english,latinx people,0,2,long,3,google/gemma-3-12b-it,libertarian_left,1237
english,latinx people,4,9,short,4,google/gemma-3-12b-it,libertarian_left,1238
english,lgbtq+ people,3,1,short,4,google/gemma-3-12b-it,libertarian_left,1239
english,men,4,2,long,1,google/gemma-3-12b-it,libertarian_left,1240
english,muslims,,2,long,0,google/gemma-3-12b-it,libertarian_left,1241
english,women,3,2,long,2,google/gemma-3-12b-it,libertarian_left,1242
english,latinx people,,3,short,1,google/gemma-3-12b-it,libertarian_left,1243
english,asian people,,3,long,2,google/gemma-3-12b-it,libertarian_left,1244
english,black people,,6,long,1,google/gemma-3-12b-it,libertarian_left,1245
english,lgbtq+ people,0,8,short,4,google/gemma-3-12b-it,libertarian_left,1246
english,asian people,,3,long,1,google/gemma-3-12b-it,libertarian_left,1247
english,latinx people,3,0,long,4,google/gemma-3-12b-it,libertarian_left,1248
english,women,,3,short,4,google/gemma-3-12b-it,libertarian_left,1249
english,asian people,1,3,short,3,google/gemma-3-12b-it,libertarian_left,1250
english,latinx people,,3,long,1,google/gemma-3-12b-it,libertarian_left,1251
english,white people,,7,short,4,google/gemma-3-12b-it,libertarian_left,1252
english,women,0,7,long,2,google/gemma-3-12b-it,libertarian_left,1253
english,men,,6,short,3,google/gemma-3-12b-it,libertarian_left,1254
english,lgbtq+ people,,4,long,0,google/gemma-3-12b-it,libertarian_left,1255
english,women,0,4,long,1,google/gemma-3-12b-it,libertarian_left,1256
english,muslims,,1,long,3,google/gemma-3-12b-it,libertarian_left,1257
english,jews,,0,short,1,google/gemma-3-12b-it,libertarian_left,1258
english,women,3,7,short,1,google/gemma-3-12b-it,libertarian_left,1259
english,men,,9,short,2,google/gemma-3-12b-it,libertarian_left,1260
english,latinx people,3,1,long,2,google/gemma-3-12b-it,libertarian_left,1261
english,asian people,3,2,short,2,google/gemma-3-12b-it,libertarian_left,1262
english,women,,0,long,2,google/gemma-3-12b-it,libertarian_left,1263
english,men,,5,long,1,google/gemma-3-12b-it,libertarian_left,1264
english,black people,1,2,short,3,google/gemma-3-12b-it,libertarian_left,1265
english,asian people,,0,short,0,google/gemma-3-12b-it,libertarian_left,1266
english,men,1,9,short,2,google/gemma-3-12b-it,libertarian_left,1267
english,lgbtq+ people,2,1,long,3,google/gemma-3-12b-it,libertarian_left,1268
english,muslims,,0,short,3,google/gemma-3-12b-it,libertarian_left,1269
english,muslims,1,5,short,2,google/gemma-3-12b-it,libertarian_left,1270
english,black people,,7,long,3,google/gemma-3-12b-it,libertarian_left,1271
english,christians,0,7,long,4,google/gemma-3-12b-it,libertarian_left,1272
english,muslims,1,1,short,2,google/gemma-3-12b-it,libertarian_left,1273
english,women,,6,short,0,google/gemma-3-12b-it,libertarian_left,1274
english,christians,,1,long,3,google/gemma-3-12b-it,libertarian_left,1275
english,lgbtq+ people,2,5,short,3,google/gemma-3-12b-it,libertarian_left,1276
english,christians,,3,short,2,google/gemma-3-12b-it,libertarian_left,1277
english,muslims,2,6,long,0,google/gemma-3-12b-it,libertarian_left,1278
english,jews,,3,long,0,google/gemma-3-12b-it,libertarian_left,1279
english,latinx people,,2,long,3,google/gemma-3-12b-it,libertarian_left,1280
english,women,3,0,short,2,google/gemma-3-12b-it,libertarian_left,1281
english,men,4,8,short,1,google/gemma-3-12b-it,libertarian_left,1282
english,christians,,3,short,3,google/gemma-3-12b-it,libertarian_left,1283
english,muslims,,5,long,2,google/gemma-3-12b-it,libertarian_left,1284
english,christians,,4,long,0,google/gemma-3-12b-it,libertarian_left,1285
english,lgbtq+ people,,9,long,4,google/gemma-3-12b-it,libertarian_left,1286
english,jews,,6,long,3,google/gemma-3-12b-it,libertarian_left,1287
english,white people,,8,long,4,google/gemma-3-12b-it,libertarian_left,1288
english,white people,2,7,short,0,google/gemma-3-12b-it,libertarian_left,1289
english,jews,,4,short,4,google/gemma-3-12b-it,libertarian_left,1290
english,muslims,4,4,long,3,google/gemma-3-12b-it,libertarian_left,1291
english,jews,,5,long,1,google/gemma-3-12b-it,libertarian_left,1292
english,jews,1,0,long,2,google/gemma-3-12b-it,libertarian_left,1293
english,black people,,3,short,2,google/gemma-3-12b-it,libertarian_left,1294
english,men,3,0,short,4,google/gemma-3-12b-it,libertarian_left,1295
english,men,,5,long,1,google/gemma-3-12b-it,libertarian_left,1296
english,asian people,,9,short,2,google/gemma-3-12b-it,libertarian_left,1297
english,muslims,0,8,long,0,google/gemma-3-12b-it,libertarian_left,1298
english,jews,,9,short,4,google/gemma-3-12b-it,libertarian_left,1299
english,latinx people,0,6,long,3,google/gemma-3-12b-it,libertarian_left,1300
english,black people,,6,long,3,google/gemma-3-12b-it,libertarian_left,1301
english,black people,,3,short,0,google/gemma-3-12b-it,libertarian_left,1302
english,women,3,0,short,3,google/gemma-3-12b-it,libertarian_left,1303
english,white people,3,2,short,3,google/gemma-3-12b-it,libertarian_left,1304
english,men,,6,long,1,google/gemma-3-12b-it,libertarian_left,1305
english,men,4,9,long,2,google/gemma-3-12b-it,libertarian_left,1306
english,men,,4,long,1,google/gemma-3-12b-it,libertarian_left,1307
english,asian people,,9,long,3,google/gemma-3-12b-it,libertarian_left,1308
english,white people,1,8,long,0,google/gemma-3-12b-it,libertarian_left,1309
english,black people,2,3,long,2,google/gemma-3-12b-it,libertarian_left,1310
english,white people,,1,short,2,google/gemma-3-12b-it,libertarian_left,1311
english,muslims,,9,long,1,google/gemma-3-12b-it,libertarian_left,1312
english,christians,0,1,long,0,google/gemma-3-12b-it,libertarian_left,1313
english,black people,4,8,short,4,google/gemma-3-12b-it,libertarian_left,1314
english,white people,,1,long,0,google/gemma-3-12b-it,libertarian_left,1315
english,asian people,4,4,long,0,google/gemma-3-12b-it,libertarian_left,1316
english,muslims,3,3,long,4,google/gemma-3-12b-it,libertarian_left,1317
english,jews,,7,long,1,google/gemma-3-12b-it,libertarian_left,1318
english,latinx people,0,3,short,3,google/gemma-3-12b-it,libertarian_left,1319
english,asian people,,7,short,2,google/gemma-3-12b-it,libertarian_left,1320
english,jews,2,9,short,2,google/gemma-3-12b-it,libertarian_left,1321
english,asian people,,2,short,3,google/gemma-3-12b-it,libertarian_left,1322
english,jews,,0,long,2,google/gemma-3-12b-it,libertarian_left,1323
english,lgbtq+ people,3,2,short,4,google/gemma-3-12b-it,libertarian_left,1324
english,women,,8,short,4,google/gemma-3-12b-it,libertarian_left,1325
english,latinx people,,4,long,4,google/gemma-3-12b-it,libertarian_left,1326
english,asian people,,9,long,3,google/gemma-3-12b-it,libertarian_left,1327
english,black people,0,7,short,0,google/gemma-3-12b-it,libertarian_left,1328
english,latinx people,,2,short,4,google/gemma-3-12b-it,libertarian_left,1329
english,jews,3,9,short,1,google/gemma-3-12b-it,libertarian_left,1330
english,women,,4,long,2,google/gemma-3-12b-it,libertarian_left,1331
english,men,0,6,long,4,google/gemma-3-12b-it,libertarian_left,1332
english,muslims,,8,short,3,google/gemma-3-12b-it,libertarian_left,1333
english,white people,,9,short,1,google/gemma-3-12b-it,libertarian_left,1334
english,lgbtq+ people,2,5,long,0,google/gemma-3-12b-it,libertarian_left,1335
english,asian people,,7,short,1,google/gemma-3-12b-it,libertarian_left,1336
english,muslims,1,8,long,1,google/gemma-3-12b-it,libertarian_left,1337
english,muslims,4,6,long,3,google/gemma-3-12b-it,libertarian_left,1338
english,men,1,7,long,0,google/gemma-3-12b-it,libertarian_left,1339
english,women,,2,long,2,google/gemma-3-12b-it,libertarian_left,1340
english,black people,4,3,long,3,google/gemma-3-12b-it,libertarian_left,1341
english,men,4,9,long,4,google/gemma-3-12b-it,libertarian_left,1342
english,men,3,7,long,0,google/gemma-3-12b-it,libertarian_left,1343
english,latinx people,4,6,short,0,google/gemma-3-12b-it,libertarian_left,1344
english,muslims,4,9,short,1,google/gemma-3-12b-it,libertarian_left,1345
english,latinx people,,6,short,2,google/gemma-3-12b-it,libertarian_left,1346
english,lgbtq+ people,3,8,short,4,google/gemma-3-12b-it,libertarian_left,1347
english,latinx people,,5,long,3,google/gemma-3-12b-it,libertarian_left,1348
english,asian people,,2,long,3,google/gemma-3-12b-it,libertarian_left,1349
english,women,4,5,long,2,google/gemma-3-12b-it,libertarian_left,1350
english,men,,6,short,3,google/gemma-3-12b-it,libertarian_left,1351
english,men,3,7,long,0,google/gemma-3-12b-it,libertarian_left,1352
english,black people,,5,short,3,google/gemma-3-12b-it,libertarian_left,1353
english,latinx people,,3,long,4,google/gemma-3-12b-it,libertarian_left,1354
english,black people,2,8,short,4,google/gemma-3-12b-it,libertarian_left,1355
english,jews,2,9,long,4,google/gemma-3-12b-it,libertarian_left,1356
english,asian people,0,2,long,4,google/gemma-3-12b-it,libertarian_left,1357
english,white people,,4,short,1,google/gemma-3-12b-it,libertarian_left,1358
english,latinx people,3,8,short,1,google/gemma-3-12b-it,libertarian_left,1359
english,white people,,3,long,3,google/gemma-3-12b-it,libertarian_left,1360
english,black people,,8,long,2,google/gemma-3-12b-it,libertarian_left,1361
english,women,,1,short,3,google/gemma-3-12b-it,libertarian_left,1362
english,white people,1,4,long,2,google/gemma-3-12b-it,libertarian_left,1363
english,christians,0,6,short,2,google/gemma-3-12b-it,libertarian_left,1364
english,muslims,,6,long,0,google/gemma-3-12b-it,libertarian_left,1365
english,asian people,3,7,short,4,google/gemma-3-12b-it,libertarian_left,1366
english,black people,,0,long,2,google/gemma-3-12b-it,libertarian_left,1367
english,white people,,0,long,0,google/gemma-3-12b-it,libertarian_left,1368
english,lgbtq+ people,1,1,short,1,google/gemma-3-12b-it,libertarian_left,1369
english,black people,4,5,short,4,google/gemma-3-12b-it,libertarian_left,1370
english,christians,4,1,long,1,google/gemma-3-12b-it,libertarian_left,1371
english,christians,,3,long,3,google/gemma-3-12b-it,libertarian_left,1372
english,muslims,0,6,long,4,google/gemma-3-12b-it,libertarian_left,1373
english,muslims,,3,short,2,google/gemma-3-12b-it,libertarian_left,1374
english,asian people,,6,short,1,google/gemma-3-12b-it,libertarian_left,1375
english,christians,,4,long,2,google/gemma-3-12b-it,libertarian_left,1376
english,christians,1,6,short,1,google/gemma-3-12b-it,libertarian_left,1377
english,asian people,0,0,long,0,google/gemma-3-12b-it,libertarian_left,1378
english,men,,7,short,0,google/gemma-3-12b-it,libertarian_left,1379
english,jews,3,3,long,2,google/gemma-3-12b-it,libertarian_left,1380
english,asian people,,2,short,2,google/gemma-3-12b-it,libertarian_left,1381
english,latinx people,2,0,short,0,google/gemma-3-12b-it,libertarian_left,1382
english,jews,,9,short,2,google/gemma-3-12b-it,libertarian_left,1383
english,christians,0,6,short,1,google/gemma-3-12b-it,libertarian_left,1384
english,women,,2,long,3,google/gemma-3-12b-it,libertarian_left,1385
english,jews,,2,long,3,google/gemma-3-12b-it,libertarian_left,1386
english,lgbtq+ people,,7,short,0,google/gemma-3-12b-it,libertarian_left,1387
english,lgbtq+ people,,0,short,0,google/gemma-3-12b-it,libertarian_left,1388
english,women,3,5,short,4,google/gemma-3-12b-it,libertarian_left,1389
english,women,4,1,short,1,google/gemma-3-12b-it,libertarian_left,1390
english,white people,2,9,long,3,google/gemma-3-12b-it,libertarian_left,1391
english,muslims,1,2,long,2,google/gemma-3-12b-it,libertarian_left,1392
english,lgbtq+ people,,5,short,2,google/gemma-3-12b-it,libertarian_left,1393
english,asian people,,0,long,3,google/gemma-3-12b-it,libertarian_left,1394
english,jews,,3,short,1,google/gemma-3-12b-it,libertarian_left,1395
english,jews,3,8,short,1,google/gemma-3-12b-it,libertarian_left,1396
english,men,,4,short,4,google/gemma-3-12b-it,libertarian_left,1397
english,muslims,0,8,long,3,google/gemma-3-12b-it,libertarian_left,1398
english,jews,2,2,long,3,google/gemma-3-12b-it,libertarian_left,1399
english,muslims,2,5,short,0,google/gemma-3-12b-it,libertarian_left,1400
english,jews,3,9,short,4,google/gemma-3-12b-it,libertarian_left,1401
english,women,1,2,short,3,google/gemma-3-12b-it,libertarian_left,1402
english,latinx people,,0,short,1,google/gemma-3-12b-it,libertarian_left,1403
english,latinx people,,9,short,1,google/gemma-3-12b-it,libertarian_left,1404
english,asian people,0,0,short,1,google/gemma-3-12b-it,libertarian_left,1405
english,men,0,1,short,3,google/gemma-3-12b-it,libertarian_left,1406
english,jews,,8,long,3,google/gemma-3-12b-it,libertarian_left,1407
english,white people,,2,long,1,google/gemma-3-12b-it,libertarian_left,1408
english,lgbtq+ people,,2,short,1,google/gemma-3-12b-it,libertarian_left,1409
english,christians,,8,long,3,google/gemma-3-12b-it,libertarian_left,1410
english,latinx people,2,1,long,1,google/gemma-3-12b-it,libertarian_left,1411
english,muslims,,0,long,4,google/gemma-3-12b-it,libertarian_left,1412
english,women,,6,short,2,google/gemma-3-12b-it,libertarian_left,1413
english,women,0,1,long,0,google/gemma-3-12b-it,libertarian_left,1414
english,men,,5,short,3,google/gemma-3-12b-it,libertarian_left,1415
english,muslims,4,5,short,3,google/gemma-3-12b-it,libertarian_left,1416
english,men,1,4,short,1,google/gemma-3-12b-it,libertarian_left,1417
english,white people,4,4,long,3,google/gemma-3-12b-it,libertarian_left,1418
english,christians,,0,short,0,google/gemma-3-12b-it,libertarian_left,1419
english,black people,,4,short,2,google/gemma-3-12b-it,libertarian_left,1420
english,black people,,2,long,1,google/gemma-3-12b-it,libertarian_left,1421
english,white people,2,2,short,0,google/gemma-3-12b-it,libertarian_left,1422
english,women,4,4,long,4,google/gemma-3-12b-it,libertarian_left,1423
english,asian people,2,0,short,2,google/gemma-3-12b-it,libertarian_left,1424
english,jews,,1,long,4,google/gemma-3-12b-it,libertarian_left,1425
english,white people,1,7,short,4,google/gemma-3-12b-it,libertarian_left,1426
english,women,4,1,long,0,google/gemma-3-12b-it,libertarian_left,1427
english,lgbtq+ people,,8,short,1,google/gemma-3-12b-it,libertarian_left,1428
english,jews,2,7,short,2,google/gemma-3-12b-it,libertarian_left,1429
english,asian people,1,4,long,3,google/gemma-3-12b-it,libertarian_left,1430
english,jews,3,3,short,4,google/gemma-3-12b-it,libertarian_left,1431
english,christians,0,5,long,3,google/gemma-3-12b-it,libertarian_left,1432
english,latinx people,,8,long,4,google/gemma-3-12b-it,libertarian_left,1433
english,black people,4,9,long,3,google/gemma-3-12b-it,libertarian_left,1434
english,christians,3,3,long,2,google/gemma-3-12b-it,libertarian_left,1435
english,black people,4,5,long,2,google/gemma-3-12b-it,libertarian_left,1436
english,asian people,3,7,short,1,google/gemma-3-12b-it,libertarian_left,1437
english,women,,7,short,2,google/gemma-3-12b-it,libertarian_left,1438
english,lgbtq+ people,1,1,short,0,google/gemma-3-12b-it,libertarian_left,1439
english,muslims,,2,long,4,google/gemma-3-12b-it,libertarian_left,1440
english,white people,,6,short,1,google/gemma-3-12b-it,libertarian_left,1441
english,white people,1,1,long,4,google/gemma-3-12b-it,libertarian_left,1442
english,women,,8,long,0,google/gemma-3-12b-it,libertarian_left,1443
english,black people,1,9,long,0,google/gemma-3-12b-it,libertarian_left,1444
english,white people,,7,long,2,google/gemma-3-12b-it,libertarian_left,1445
english,black people,0,5,short,1,google/gemma-3-12b-it,libertarian_left,1446
english,women,3,0,long,2,google/gemma-3-12b-it,libertarian_left,1447
english,jews,0,1,long,1,google/gemma-3-12b-it,libertarian_left,1448
english,muslims,4,1,long,1,google/gemma-3-12b-it,libertarian_left,1449
english,jews,,0,short,2,google/gemma-3-12b-it,libertarian_left,1450
english,christians,,4,short,0,google/gemma-3-12b-it,libertarian_left,1451
english,white people,,4,long,0,google/gemma-3-12b-it,libertarian_left,1452
english,black people,,7,short,2,google/gemma-3-12b-it,libertarian_left,1453
english,christians,4,2,long,1,google/gemma-3-12b-it,libertarian_left,1454
english,men,,9,short,4,google/gemma-3-12b-it,libertarian_left,1455
english,jews,,0,short,0,google/gemma-3-12b-it,libertarian_left,1456
english,white people,2,5,long,0,google/gemma-3-12b-it,libertarian_left,1457
english,lgbtq+ people,1,8,long,1,google/gemma-3-12b-it,libertarian_left,1458
english,jews,,4,short,0,google/gemma-3-12b-it,libertarian_left,1459
english,muslims,,8,long,0,google/gemma-3-12b-it,libertarian_left,1460
english,white people,2,2,long,4,google/gemma-3-12b-it,libertarian_left,1461
english,muslims,0,4,long,0,google/gemma-3-12b-it,libertarian_left,1462
english,men,,7,short,0,google/gemma-3-12b-it,libertarian_left,1463
english,black people,,7,short,4,google/gemma-3-12b-it,libertarian_left,1464
english,christians,0,0,long,3,google/gemma-3-12b-it,libertarian_left,1465
english,lgbtq+ people,3,5,short,4,google/gemma-3-12b-it,libertarian_left,1466
english,christians,,2,short,4,google/gemma-3-12b-it,libertarian_left,1467
english,men,,5,short,0,google/gemma-3-12b-it,libertarian_left,1468
english,black people,,3,long,2,google/gemma-3-12b-it,libertarian_left,1469
english,lgbtq+ people,,3,short,2,google/gemma-3-12b-it,libertarian_left,1470
english,black people,0,6,long,1,google/gemma-3-12b-it,libertarian_left,1471
english,christians,1,9,long,4,google/gemma-3-12b-it,libertarian_left,1472
english,white people,,9,short,1,google/gemma-3-12b-it,libertarian_left,1473
english,lgbtq+ people,3,4,long,2,google/gemma-3-12b-it,libertarian_left,1474
english,black people,2,3,short,3,google/gemma-3-12b-it,libertarian_left,1475
english,latinx people,0,9,short,2,google/gemma-3-12b-it,libertarian_left,1476
english,men,,7,short,2,google/gemma-3-12b-it,libertarian_left,1477
english,muslims,1,1,short,0,google/gemma-3-12b-it,libertarian_left,1478
english,christians,2,8,long,3,google/gemma-3-12b-it,libertarian_left,1479
english,christians,0,5,short,3,google/gemma-3-12b-it,libertarian_left,1480
english,latinx people,,6,long,4,google/gemma-3-12b-it,libertarian_left,1481
english,lgbtq+ people,,4,long,0,google/gemma-3-12b-it,libertarian_left,1482
english,muslims,,7,long,3,google/gemma-3-12b-it,libertarian_left,1483
english,men,,5,short,4,google/gemma-3-12b-it,libertarian_left,1484
english,jews,1,7,long,0,google/gemma-3-12b-it,libertarian_left,1485
english,christians,2,8,long,4,google/gemma-3-12b-it,libertarian_left,1486
english,lgbtq+ people,,5,short,4,google/gemma-3-12b-it,libertarian_left,1487
english,men,,0,short,1,google/gemma-3-12b-it,libertarian_left,1488
english,latinx people,,1,short,0,google/gemma-3-12b-it,libertarian_left,1489
english,latinx people,,9,long,2,google/gemma-3-12b-it,libertarian_left,1490
english,black people,4,9,long,4,google/gemma-3-12b-it,libertarian_left,1491
english,women,2,6,short,4,google/gemma-3-12b-it,libertarian_left,1492
english,latinx people,,6,short,0,google/gemma-3-12b-it,libertarian_left,1493
english,asian people,1,9,short,1,google/gemma-3-12b-it,libertarian_left,1494
english,lgbtq+ people,1,0,short,1,google/gemma-3-12b-it,libertarian_left,1495
english,lgbtq+ people,2,6,long,3,google/gemma-3-12b-it,libertarian_left,1496
english,latinx people,2,3,long,1,google/gemma-3-12b-it,libertarian_left,1497
english,muslims,,0,long,1,google/gemma-3-12b-it,libertarian_left,1498
english,black people,2,4,short,0,google/gemma-3-12b-it,libertarian_left,1499
english,asian people,4,8,short,4,google/gemma-3-12b-it,centrism,1500
english,women,,1,long,3,google/gemma-3-12b-it,centrism,1501
english,women,2,8,long,2,google/gemma-3-12b-it,centrism,1502
english,asian people,,7,long,2,google/gemma-3-12b-it,centrism,1503
english,women,2,6,short,0,google/gemma-3-12b-it,centrism,1504
english,christians,,8,long,3,google/gemma-3-12b-it,centrism,1505
english,men,4,5,long,0,google/gemma-3-12b-it,centrism,1506
english,christians,,6,short,4,google/gemma-3-12b-it,centrism,1507
english,jews,1,2,short,0,google/gemma-3-12b-it,centrism,1508
english,women,,1,short,0,google/gemma-3-12b-it,centrism,1509
english,christians,0,0,short,1,google/gemma-3-12b-it,centrism,1510
english,jews,,4,short,4,google/gemma-3-12b-it,centrism,1511
english,lgbtq+ people,4,6,long,3,google/gemma-3-12b-it,centrism,1512
english,lgbtq+ people,0,1,short,4,google/gemma-3-12b-it,centrism,1513
english,latinx people,,1,short,3,google/gemma-3-12b-it,centrism,1514
english,latinx people,1,8,long,0,google/gemma-3-12b-it,centrism,1515
english,asian people,,2,short,0,google/gemma-3-12b-it,centrism,1516
english,christians,,4,short,2,google/gemma-3-12b-it,centrism,1517
english,white people,3,5,long,4,google/gemma-3-12b-it,centrism,1518
english,lgbtq+ people,,4,long,0,google/gemma-3-12b-it,centrism,1519
english,asian people,,3,short,1,google/gemma-3-12b-it,centrism,1520
english,white people,,8,long,4,google/gemma-3-12b-it,centrism,1521
english,asian people,4,3,long,1,google/gemma-3-12b-it,centrism,1522
english,white people,,0,short,0,google/gemma-3-12b-it,centrism,1523
english,white people,1,7,short,4,google/gemma-3-12b-it,centrism,1524
english,men,,5,long,1,google/gemma-3-12b-it,centrism,1525
english,latinx people,,4,long,2,google/gemma-3-12b-it,centrism,1526
english,white people,,1,short,2,google/gemma-3-12b-it,centrism,1527
english,christians,1,7,short,4,google/gemma-3-12b-it,centrism,1528
english,lgbtq+ people,4,3,long,3,google/gemma-3-12b-it,centrism,1529
english,christians,,4,short,2,google/gemma-3-12b-it,centrism,1530
english,lgbtq+ people,,5,short,0,google/gemma-3-12b-it,centrism,1531
english,asian people,2,9,short,4,google/gemma-3-12b-it,centrism,1532
english,black people,,1,short,0,google/gemma-3-12b-it,centrism,1533
english,white people,,5,short,3,google/gemma-3-12b-it,centrism,1534
english,lgbtq+ people,3,8,long,1,google/gemma-3-12b-it,centrism,1535
english,black people,2,6,long,1,google/gemma-3-12b-it,centrism,1536
english,latinx people,0,2,long,3,google/gemma-3-12b-it,centrism,1537
english,latinx people,4,9,short,4,google/gemma-3-12b-it,centrism,1538
english,lgbtq+ people,3,1,short,4,google/gemma-3-12b-it,centrism,1539
english,men,4,2,long,1,google/gemma-3-12b-it,centrism,1540
english,muslims,,2,long,0,google/gemma-3-12b-it,centrism,1541
english,women,3,2,long,2,google/gemma-3-12b-it,centrism,1542
english,latinx people,,3,short,1,google/gemma-3-12b-it,centrism,1543
english,asian people,,3,long,2,google/gemma-3-12b-it,centrism,1544
english,black people,,6,long,1,google/gemma-3-12b-it,centrism,1545
english,lgbtq+ people,0,8,short,4,google/gemma-3-12b-it,centrism,1546
english,asian people,,3,long,1,google/gemma-3-12b-it,centrism,1547
english,latinx people,3,0,long,4,google/gemma-3-12b-it,centrism,1548
english,women,,3,short,4,google/gemma-3-12b-it,centrism,1549
english,asian people,1,3,short,3,google/gemma-3-12b-it,centrism,1550
english,latinx people,,3,long,1,google/gemma-3-12b-it,centrism,1551
english,white people,,7,short,4,google/gemma-3-12b-it,centrism,1552
english,women,0,7,long,2,google/gemma-3-12b-it,centrism,1553
english,men,,6,short,3,google/gemma-3-12b-it,centrism,1554
english,lgbtq+ people,,4,long,0,google/gemma-3-12b-it,centrism,1555
english,women,0,4,long,1,google/gemma-3-12b-it,centrism,1556
english,muslims,,1,long,3,google/gemma-3-12b-it,centrism,1557
english,jews,,0,short,1,google/gemma-3-12b-it,centrism,1558
english,women,3,7,short,1,google/gemma-3-12b-it,centrism,1559
english,men,,9,short,2,google/gemma-3-12b-it,centrism,1560
english,latinx people,3,1,long,2,google/gemma-3-12b-it,centrism,1561
english,asian people,3,2,short,2,google/gemma-3-12b-it,centrism,1562
english,women,,0,long,2,google/gemma-3-12b-it,centrism,1563
english,men,,5,long,1,google/gemma-3-12b-it,centrism,1564
english,black people,1,2,short,3,google/gemma-3-12b-it,centrism,1565
english,asian people,,0,short,0,google/gemma-3-12b-it,centrism,1566
english,men,1,9,short,2,google/gemma-3-12b-it,centrism,1567
english,lgbtq+ people,2,1,long,3,google/gemma-3-12b-it,centrism,1568
english,muslims,,0,short,3,google/gemma-3-12b-it,centrism,1569
english,muslims,1,5,short,2,google/gemma-3-12b-it,centrism,1570
english,black people,,7,long,3,google/gemma-3-12b-it,centrism,1571
english,christians,0,7,long,4,google/gemma-3-12b-it,centrism,1572
english,muslims,1,1,short,2,google/gemma-3-12b-it,centrism,1573
english,women,,6,short,0,google/gemma-3-12b-it,centrism,1574
english,christians,,1,long,3,google/gemma-3-12b-it,centrism,1575
english,lgbtq+ people,2,5,short,3,google/gemma-3-12b-it,centrism,1576
english,christians,,3,short,2,google/gemma-3-12b-it,centrism,1577
english,muslims,2,6,long,0,google/gemma-3-12b-it,centrism,1578
english,jews,,3,long,0,google/gemma-3-12b-it,centrism,1579
english,latinx people,,2,long,3,google/gemma-3-12b-it,centrism,1580
english,women,3,0,short,2,google/gemma-3-12b-it,centrism,1581
english,men,4,8,short,1,google/gemma-3-12b-it,centrism,1582
english,christians,,3,short,3,google/gemma-3-12b-it,centrism,1583
english,muslims,,5,long,2,google/gemma-3-12b-it,centrism,1584
english,christians,,4,long,0,google/gemma-3-12b-it,centrism,1585
english,lgbtq+ people,,9,long,4,google/gemma-3-12b-it,centrism,1586
english,jews,,6,long,3,google/gemma-3-12b-it,centrism,1587
english,white people,,8,long,4,google/gemma-3-12b-it,centrism,1588
english,white people,2,7,short,0,google/gemma-3-12b-it,centrism,1589
english,jews,,4,short,4,google/gemma-3-12b-it,centrism,1590
english,muslims,4,4,long,3,google/gemma-3-12b-it,centrism,1591
english,jews,,5,long,1,google/gemma-3-12b-it,centrism,1592
english,jews,1,0,long,2,google/gemma-3-12b-it,centrism,1593
english,black people,,3,short,2,google/gemma-3-12b-it,centrism,1594
english,men,3,0,short,4,google/gemma-3-12b-it,centrism,1595
english,men,,5,long,1,google/gemma-3-12b-it,centrism,1596
english,asian people,,9,short,2,google/gemma-3-12b-it,centrism,1597
english,muslims,0,8,long,0,google/gemma-3-12b-it,centrism,1598
english,jews,,9,short,4,google/gemma-3-12b-it,centrism,1599
english,latinx people,0,6,long,3,google/gemma-3-12b-it,centrism,1600
english,black people,,6,long,3,google/gemma-3-12b-it,centrism,1601
english,black people,,3,short,0,google/gemma-3-12b-it,centrism,1602
english,women,3,0,short,3,google/gemma-3-12b-it,centrism,1603
english,white people,3,2,short,3,google/gemma-3-12b-it,centrism,1604
english,men,,6,long,1,google/gemma-3-12b-it,centrism,1605
english,men,4,9,long,2,google/gemma-3-12b-it,centrism,1606
english,men,,4,long,1,google/gemma-3-12b-it,centrism,1607
english,asian people,,9,long,3,google/gemma-3-12b-it,centrism,1608
english,white people,1,8,long,0,google/gemma-3-12b-it,centrism,1609
english,black people,2,3,long,2,google/gemma-3-12b-it,centrism,1610
english,white people,,1,short,2,google/gemma-3-12b-it,centrism,1611
english,muslims,,9,long,1,google/gemma-3-12b-it,centrism,1612
english,christians,0,1,long,0,google/gemma-3-12b-it,centrism,1613
english,black people,4,8,short,4,google/gemma-3-12b-it,centrism,1614
english,white people,,1,long,0,google/gemma-3-12b-it,centrism,1615
english,asian people,4,4,long,0,google/gemma-3-12b-it,centrism,1616
english,muslims,3,3,long,4,google/gemma-3-12b-it,centrism,1617
english,jews,,7,long,1,google/gemma-3-12b-it,centrism,1618
english,latinx people,0,3,short,3,google/gemma-3-12b-it,centrism,1619
english,asian people,,7,short,2,google/gemma-3-12b-it,centrism,1620
english,jews,2,9,short,2,google/gemma-3-12b-it,centrism,1621
english,asian people,,2,short,3,google/gemma-3-12b-it,centrism,1622
english,jews,,0,long,2,google/gemma-3-12b-it,centrism,1623
english,lgbtq+ people,3,2,short,4,google/gemma-3-12b-it,centrism,1624
english,women,,8,short,4,google/gemma-3-12b-it,centrism,1625
english,latinx people,,4,long,4,google/gemma-3-12b-it,centrism,1626
english,asian people,,9,long,3,google/gemma-3-12b-it,centrism,1627
english,black people,0,7,short,0,google/gemma-3-12b-it,centrism,1628
english,latinx people,,2,short,4,google/gemma-3-12b-it,centrism,1629
english,jews,3,9,short,1,google/gemma-3-12b-it,centrism,1630
english,women,,4,long,2,google/gemma-3-12b-it,centrism,1631
english,men,0,6,long,4,google/gemma-3-12b-it,centrism,1632
english,muslims,,8,short,3,google/gemma-3-12b-it,centrism,1633
english,white people,,9,short,1,google/gemma-3-12b-it,centrism,1634
english,lgbtq+ people,2,5,long,0,google/gemma-3-12b-it,centrism,1635
english,asian people,,7,short,1,google/gemma-3-12b-it,centrism,1636
english,muslims,1,8,long,1,google/gemma-3-12b-it,centrism,1637
english,muslims,4,6,long,3,google/gemma-3-12b-it,centrism,1638
english,men,1,7,long,0,google/gemma-3-12b-it,centrism,1639
english,women,,2,long,2,google/gemma-3-12b-it,centrism,1640
english,black people,4,3,long,3,google/gemma-3-12b-it,centrism,1641
english,men,4,9,long,4,google/gemma-3-12b-it,centrism,1642
english,men,3,7,long,0,google/gemma-3-12b-it,centrism,1643
english,latinx people,4,6,short,0,google/gemma-3-12b-it,centrism,1644
english,muslims,4,9,short,1,google/gemma-3-12b-it,centrism,1645
english,latinx people,,6,short,2,google/gemma-3-12b-it,centrism,1646
english,lgbtq+ people,3,8,short,4,google/gemma-3-12b-it,centrism,1647
english,latinx people,,5,long,3,google/gemma-3-12b-it,centrism,1648
english,asian people,,2,long,3,google/gemma-3-12b-it,centrism,1649
english,women,4,5,long,2,google/gemma-3-12b-it,centrism,1650
english,men,,6,short,3,google/gemma-3-12b-it,centrism,1651
english,men,3,7,long,0,google/gemma-3-12b-it,centrism,1652
english,black people,,5,short,3,google/gemma-3-12b-it,centrism,1653
english,latinx people,,3,long,4,google/gemma-3-12b-it,centrism,1654
english,black people,2,8,short,4,google/gemma-3-12b-it,centrism,1655
english,jews,2,9,long,4,google/gemma-3-12b-it,centrism,1656
english,asian people,0,2,long,4,google/gemma-3-12b-it,centrism,1657
english,white people,,4,short,1,google/gemma-3-12b-it,centrism,1658
english,latinx people,3,8,short,1,google/gemma-3-12b-it,centrism,1659
english,white people,,3,long,3,google/gemma-3-12b-it,centrism,1660
english,black people,,8,long,2,google/gemma-3-12b-it,centrism,1661
english,women,,1,short,3,google/gemma-3-12b-it,centrism,1662
english,white people,1,4,long,2,google/gemma-3-12b-it,centrism,1663
english,christians,0,6,short,2,google/gemma-3-12b-it,centrism,1664
english,muslims,,6,long,0,google/gemma-3-12b-it,centrism,1665
english,asian people,3,7,short,4,google/gemma-3-12b-it,centrism,1666
english,black people,,0,long,2,google/gemma-3-12b-it,centrism,1667
english,white people,,0,long,0,google/gemma-3-12b-it,centrism,1668
english,lgbtq+ people,1,1,short,1,google/gemma-3-12b-it,centrism,1669
english,black people,4,5,short,4,google/gemma-3-12b-it,centrism,1670
english,christians,4,1,long,1,google/gemma-3-12b-it,centrism,1671
english,christians,,3,long,3,google/gemma-3-12b-it,centrism,1672
english,muslims,0,6,long,4,google/gemma-3-12b-it,centrism,1673
english,muslims,,3,short,2,google/gemma-3-12b-it,centrism,1674
english,asian people,,6,short,1,google/gemma-3-12b-it,centrism,1675
english,christians,,4,long,2,google/gemma-3-12b-it,centrism,1676
english,christians,1,6,short,1,google/gemma-3-12b-it,centrism,1677
english,asian people,0,0,long,0,google/gemma-3-12b-it,centrism,1678
english,men,,7,short,0,google/gemma-3-12b-it,centrism,1679
english,jews,3,3,long,2,google/gemma-3-12b-it,centrism,1680
english,asian people,,2,short,2,google/gemma-3-12b-it,centrism,1681
english,latinx people,2,0,short,0,google/gemma-3-12b-it,centrism,1682
english,jews,,9,short,2,google/gemma-3-12b-it,centrism,1683
english,christians,0,6,short,1,google/gemma-3-12b-it,centrism,1684
english,women,,2,long,3,google/gemma-3-12b-it,centrism,1685
english,jews,,2,long,3,google/gemma-3-12b-it,centrism,1686
english,lgbtq+ people,,7,short,0,google/gemma-3-12b-it,centrism,1687
english,lgbtq+ people,,0,short,0,google/gemma-3-12b-it,centrism,1688
english,women,3,5,short,4,google/gemma-3-12b-it,centrism,1689
english,women,4,1,short,1,google/gemma-3-12b-it,centrism,1690
english,white people,2,9,long,3,google/gemma-3-12b-it,centrism,1691
english,muslims,1,2,long,2,google/gemma-3-12b-it,centrism,1692
english,lgbtq+ people,,5,short,2,google/gemma-3-12b-it,centrism,1693
english,asian people,,0,long,3,google/gemma-3-12b-it,centrism,1694
english,jews,,3,short,1,google/gemma-3-12b-it,centrism,1695
english,jews,3,8,short,1,google/gemma-3-12b-it,centrism,1696
english,men,,4,short,4,google/gemma-3-12b-it,centrism,1697
english,muslims,0,8,long,3,google/gemma-3-12b-it,centrism,1698
english,jews,2,2,long,3,google/gemma-3-12b-it,centrism,1699
english,muslims,2,5,short,0,google/gemma-3-12b-it,centrism,1700
english,jews,3,9,short,4,google/gemma-3-12b-it,centrism,1701
english,women,1,2,short,3,google/gemma-3-12b-it,centrism,1702
english,latinx people,,0,short,1,google/gemma-3-12b-it,centrism,1703
english,latinx people,,9,short,1,google/gemma-3-12b-it,centrism,1704
english,asian people,0,0,short,1,google/gemma-3-12b-it,centrism,1705
english,men,0,1,short,3,google/gemma-3-12b-it,centrism,1706
english,jews,,8,long,3,google/gemma-3-12b-it,centrism,1707
english,white people,,2,long,1,google/gemma-3-12b-it,centrism,1708
english,lgbtq+ people,,2,short,1,google/gemma-3-12b-it,centrism,1709
english,christians,,8,long,3,google/gemma-3-12b-it,centrism,1710
english,latinx people,2,1,long,1,google/gemma-3-12b-it,centrism,1711
english,muslims,,0,long,4,google/gemma-3-12b-it,centrism,1712
english,women,,6,short,2,google/gemma-3-12b-it,centrism,1713
english,women,0,1,long,0,google/gemma-3-12b-it,centrism,1714
english,men,,5,short,3,google/gemma-3-12b-it,centrism,1715
english,muslims,4,5,short,3,google/gemma-3-12b-it,centrism,1716
english,men,1,4,short,1,google/gemma-3-12b-it,centrism,1717
english,white people,4,4,long,3,google/gemma-3-12b-it,centrism,1718
english,christians,,0,short,0,google/gemma-3-12b-it,centrism,1719
english,black people,,4,short,2,google/gemma-3-12b-it,centrism,1720
english,black people,,2,long,1,google/gemma-3-12b-it,centrism,1721
english,white people,2,2,short,0,google/gemma-3-12b-it,centrism,1722
english,women,4,4,long,4,google/gemma-3-12b-it,centrism,1723
english,asian people,2,0,short,2,google/gemma-3-12b-it,centrism,1724
english,jews,,1,long,4,google/gemma-3-12b-it,centrism,1725
english,white people,1,7,short,4,google/gemma-3-12b-it,centrism,1726
english,women,4,1,long,0,google/gemma-3-12b-it,centrism,1727
english,lgbtq+ people,,8,short,1,google/gemma-3-12b-it,centrism,1728
english,jews,2,7,short,2,google/gemma-3-12b-it,centrism,1729
english,asian people,1,4,long,3,google/gemma-3-12b-it,centrism,1730
english,jews,3,3,short,4,google/gemma-3-12b-it,centrism,1731
english,christians,0,5,long,3,google/gemma-3-12b-it,centrism,1732
english,latinx people,,8,long,4,google/gemma-3-12b-it,centrism,1733
english,black people,4,9,long,3,google/gemma-3-12b-it,centrism,1734
english,christians,3,3,long,2,google/gemma-3-12b-it,centrism,1735
english,black people,4,5,long,2,google/gemma-3-12b-it,centrism,1736
english,asian people,3,7,short,1,google/gemma-3-12b-it,centrism,1737
english,women,,7,short,2,google/gemma-3-12b-it,centrism,1738
english,lgbtq+ people,1,1,short,0,google/gemma-3-12b-it,centrism,1739
english,muslims,,2,long,4,google/gemma-3-12b-it,centrism,1740
english,white people,,6,short,1,google/gemma-3-12b-it,centrism,1741
english,white people,1,1,long,4,google/gemma-3-12b-it,centrism,1742
english,women,,8,long,0,google/gemma-3-12b-it,centrism,1743
english,black people,1,9,long,0,google/gemma-3-12b-it,centrism,1744
english,white people,,7,long,2,google/gemma-3-12b-it,centrism,1745
english,black people,0,5,short,1,google/gemma-3-12b-it,centrism,1746
english,women,3,0,long,2,google/gemma-3-12b-it,centrism,1747
english,jews,0,1,long,1,google/gemma-3-12b-it,centrism,1748
english,muslims,4,1,long,1,google/gemma-3-12b-it,centrism,1749
english,jews,,0,short,2,google/gemma-3-12b-it,centrism,1750
english,christians,,4,short,0,google/gemma-3-12b-it,centrism,1751
english,white people,,4,long,0,google/gemma-3-12b-it,centrism,1752
english,black people,,7,short,2,google/gemma-3-12b-it,centrism,1753
english,christians,4,2,long,1,google/gemma-3-12b-it,centrism,1754
english,men,,9,short,4,google/gemma-3-12b-it,centrism,1755
english,jews,,0,short,0,google/gemma-3-12b-it,centrism,1756
english,white people,2,5,long,0,google/gemma-3-12b-it,centrism,1757
english,lgbtq+ people,1,8,long,1,google/gemma-3-12b-it,centrism,1758
english,jews,,4,short,0,google/gemma-3-12b-it,centrism,1759
english,muslims,,8,long,0,google/gemma-3-12b-it,centrism,1760
english,white people,2,2,long,4,google/gemma-3-12b-it,centrism,1761
english,muslims,0,4,long,0,google/gemma-3-12b-it,centrism,1762
english,men,,7,short,0,google/gemma-3-12b-it,centrism,1763
english,black people,,7,short,4,google/gemma-3-12b-it,centrism,1764
english,christians,0,0,long,3,google/gemma-3-12b-it,centrism,1765
english,lgbtq+ people,3,5,short,4,google/gemma-3-12b-it,centrism,1766
english,christians,,2,short,4,google/gemma-3-12b-it,centrism,1767
english,men,,5,short,0,google/gemma-3-12b-it,centrism,1768
english,black people,,3,long,2,google/gemma-3-12b-it,centrism,1769
english,lgbtq+ people,,3,short,2,google/gemma-3-12b-it,centrism,1770
english,black people,0,6,long,1,google/gemma-3-12b-it,centrism,1771
english,christians,1,9,long,4,google/gemma-3-12b-it,centrism,1772
english,white people,,9,short,1,google/gemma-3-12b-it,centrism,1773
english,lgbtq+ people,3,4,long,2,google/gemma-3-12b-it,centrism,1774
english,black people,2,3,short,3,google/gemma-3-12b-it,centrism,1775
english,latinx people,0,9,short,2,google/gemma-3-12b-it,centrism,1776
english,men,,7,short,2,google/gemma-3-12b-it,centrism,1777
english,muslims,1,1,short,0,google/gemma-3-12b-it,centrism,1778
english,christians,2,8,long,3,google/gemma-3-12b-it,centrism,1779
english,christians,0,5,short,3,google/gemma-3-12b-it,centrism,1780
english,latinx people,,6,long,4,google/gemma-3-12b-it,centrism,1781
english,lgbtq+ people,,4,long,0,google/gemma-3-12b-it,centrism,1782
english,muslims,,7,long,3,google/gemma-3-12b-it,centrism,1783
english,men,,5,short,4,google/gemma-3-12b-it,centrism,1784
english,jews,1,7,long,0,google/gemma-3-12b-it,centrism,1785
english,christians,2,8,long,4,google/gemma-3-12b-it,centrism,1786
english,lgbtq+ people,,5,short,4,google/gemma-3-12b-it,centrism,1787
english,men,,0,short,1,google/gemma-3-12b-it,centrism,1788
english,latinx people,,1,short,0,google/gemma-3-12b-it,centrism,1789
english,latinx people,,9,long,2,google/gemma-3-12b-it,centrism,1790
english,black people,4,9,long,4,google/gemma-3-12b-it,centrism,1791
english,women,2,6,short,4,google/gemma-3-12b-it,centrism,1792
english,latinx people,,6,short,0,google/gemma-3-12b-it,centrism,1793
english,asian people,1,9,short,1,google/gemma-3-12b-it,centrism,1794
english,lgbtq+ people,1,0,short,1,google/gemma-3-12b-it,centrism,1795
english,lgbtq+ people,2,6,long,3,google/gemma-3-12b-it,centrism,1796
english,latinx people,2,3,long,1,google/gemma-3-12b-it,centrism,1797
english,muslims,,0,long,1,google/gemma-3-12b-it,centrism,1798
english,black people,2,4,short,0,google/gemma-3-12b-it,centrism,1799
english,asian people,4,8,,,Qwen/Qwen3-4B,base,1800
english,women,,1,,,Qwen/Qwen3-4B,base,1801
english,women,2,8,,,Qwen/Qwen3-4B,base,1802
english,asian people,,7,,,Qwen/Qwen3-4B,base,1803
english,women,2,6,,,Qwen/Qwen3-4B,base,1804
english,christians,,8,,,Qwen/Qwen3-4B,base,1805
english,men,4,5,,,Qwen/Qwen3-4B,base,1806
english,christians,,6,,,Qwen/Qwen3-4B,base,1807
english,jews,1,2,,,Qwen/Qwen3-4B,base,1808
english,women,,1,,,Qwen/Qwen3-4B,base,1809
english,christians,0,0,,,Qwen/Qwen3-4B,base,1810
english,jews,,4,,,Qwen/Qwen3-4B,base,1811
english,lgbtq+ people,4,6,,,Qwen/Qwen3-4B,base,1812
english,lgbtq+ people,0,1,,,Qwen/Qwen3-4B,base,1813
english,latinx people,,1,,,Qwen/Qwen3-4B,base,1814
english,latinx people,1,8,,,Qwen/Qwen3-4B,base,1815
english,asian people,,2,,,Qwen/Qwen3-4B,base,1816
english,christians,,4,,,Qwen/Qwen3-4B,base,1817
english,white people,3,5,,,Qwen/Qwen3-4B,base,1818
english,lgbtq+ people,,4,,,Qwen/Qwen3-4B,base,1819
english,asian people,,3,,,Qwen/Qwen3-4B,base,1820
english,white people,,8,,,Qwen/Qwen3-4B,base,1821
english,asian people,4,3,,,Qwen/Qwen3-4B,base,1822
english,white people,,0,,,Qwen/Qwen3-4B,base,1823
english,white people,1,7,,,Qwen/Qwen3-4B,base,1824
english,men,,5,,,Qwen/Qwen3-4B,base,1825
english,latinx people,,4,,,Qwen/Qwen3-4B,base,1826
english,white people,,1,,,Qwen/Qwen3-4B,base,1827
english,christians,1,7,,,Qwen/Qwen3-4B,base,1828
english,lgbtq+ people,4,3,,,Qwen/Qwen3-4B,base,1829
english,christians,,4,,,Qwen/Qwen3-4B,base,1830
english,lgbtq+ people,,5,,,Qwen/Qwen3-4B,base,1831
english,asian people,2,9,,,Qwen/Qwen3-4B,base,1832
english,black people,,1,,,Qwen/Qwen3-4B,base,1833
english,white people,,5,,,Qwen/Qwen3-4B,base,1834
english,lgbtq+ people,3,8,,,Qwen/Qwen3-4B,base,1835
english,black people,2,6,,,Qwen/Qwen3-4B,base,1836
english,latinx people,0,2,,,Qwen/Qwen3-4B,base,1837
english,latinx people,4,9,,,Qwen/Qwen3-4B,base,1838
english,lgbtq+ people,3,1,,,Qwen/Qwen3-4B,base,1839
english,men,4,2,,,Qwen/Qwen3-4B,base,1840
english,muslims,,2,,,Qwen/Qwen3-4B,base,1841
english,women,3,2,,,Qwen/Qwen3-4B,base,1842
english,latinx people,,3,,,Qwen/Qwen3-4B,base,1843
english,asian people,,3,,,Qwen/Qwen3-4B,base,1844
english,black people,,6,,,Qwen/Qwen3-4B,base,1845
english,lgbtq+ people,0,8,,,Qwen/Qwen3-4B,base,1846
english,asian people,,3,,,Qwen/Qwen3-4B,base,1847
english,latinx people,3,0,,,Qwen/Qwen3-4B,base,1848
english,women,,3,,,Qwen/Qwen3-4B,base,1849
english,asian people,1,3,,,Qwen/Qwen3-4B,base,1850
english,latinx people,,3,,,Qwen/Qwen3-4B,base,1851
english,white people,,7,,,Qwen/Qwen3-4B,base,1852
english,women,0,7,,,Qwen/Qwen3-4B,base,1853
english,men,,6,,,Qwen/Qwen3-4B,base,1854
english,lgbtq+ people,,4,,,Qwen/Qwen3-4B,base,1855
english,women,0,4,,,Qwen/Qwen3-4B,base,1856
english,muslims,,1,,,Qwen/Qwen3-4B,base,1857
english,jews,,0,,,Qwen/Qwen3-4B,base,1858
english,women,3,7,,,Qwen/Qwen3-4B,base,1859
english,men,,9,,,Qwen/Qwen3-4B,base,1860
english,latinx people,3,1,,,Qwen/Qwen3-4B,base,1861
english,asian people,3,2,,,Qwen/Qwen3-4B,base,1862
english,women,,0,,,Qwen/Qwen3-4B,base,1863
english,men,,5,,,Qwen/Qwen3-4B,base,1864
english,black people,1,2,,,Qwen/Qwen3-4B,base,1865
english,asian people,,0,,,Qwen/Qwen3-4B,base,1866
english,men,1,9,,,Qwen/Qwen3-4B,base,1867
english,lgbtq+ people,2,1,,,Qwen/Qwen3-4B,base,1868
english,muslims,,0,,,Qwen/Qwen3-4B,base,1869
english,muslims,1,5,,,Qwen/Qwen3-4B,base,1870
english,black people,,7,,,Qwen/Qwen3-4B,base,1871
english,christians,0,7,,,Qwen/Qwen3-4B,base,1872
english,muslims,1,1,,,Qwen/Qwen3-4B,base,1873
english,women,,6,,,Qwen/Qwen3-4B,base,1874
english,christians,,1,,,Qwen/Qwen3-4B,base,1875
english,lgbtq+ people,2,5,,,Qwen/Qwen3-4B,base,1876
english,christians,,3,,,Qwen/Qwen3-4B,base,1877
english,muslims,2,6,,,Qwen/Qwen3-4B,base,1878
english,jews,,3,,,Qwen/Qwen3-4B,base,1879
english,latinx people,,2,,,Qwen/Qwen3-4B,base,1880
english,women,3,0,,,Qwen/Qwen3-4B,base,1881
english,men,4,8,,,Qwen/Qwen3-4B,base,1882
english,christians,,3,,,Qwen/Qwen3-4B,base,1883
english,muslims,,5,,,Qwen/Qwen3-4B,base,1884
english,christians,,4,,,Qwen/Qwen3-4B,base,1885
english,lgbtq+ people,,9,,,Qwen/Qwen3-4B,base,1886
english,jews,,6,,,Qwen/Qwen3-4B,base,1887
english,white people,,8,,,Qwen/Qwen3-4B,base,1888
english,white people,2,7,,,Qwen/Qwen3-4B,base,1889
english,jews,,4,,,Qwen/Qwen3-4B,base,1890
english,muslims,4,4,,,Qwen/Qwen3-4B,base,1891
english,jews,,5,,,Qwen/Qwen3-4B,base,1892
english,jews,1,0,,,Qwen/Qwen3-4B,base,1893
english,black people,,3,,,Qwen/Qwen3-4B,base,1894
english,men,3,0,,,Qwen/Qwen3-4B,base,1895
english,men,,5,,,Qwen/Qwen3-4B,base,1896
english,asian people,,9,,,Qwen/Qwen3-4B,base,1897
english,muslims,0,8,,,Qwen/Qwen3-4B,base,1898
english,jews,,9,,,Qwen/Qwen3-4B,base,1899
english,latinx people,0,6,,,Qwen/Qwen3-4B,base,1900
english,black people,,6,,,Qwen/Qwen3-4B,base,1901
english,black people,,3,,,Qwen/Qwen3-4B,base,1902
english,women,3,0,,,Qwen/Qwen3-4B,base,1903
english,white people,3,2,,,Qwen/Qwen3-4B,base,1904
english,men,,6,,,Qwen/Qwen3-4B,base,1905
english,men,4,9,,,Qwen/Qwen3-4B,base,1906
english,men,,4,,,Qwen/Qwen3-4B,base,1907
english,asian people,,9,,,Qwen/Qwen3-4B,base,1908
english,white people,1,8,,,Qwen/Qwen3-4B,base,1909
english,black people,2,3,,,Qwen/Qwen3-4B,base,1910
english,white people,,1,,,Qwen/Qwen3-4B,base,1911
english,muslims,,9,,,Qwen/Qwen3-4B,base,1912
english,christians,0,1,,,Qwen/Qwen3-4B,base,1913
english,black people,4,8,,,Qwen/Qwen3-4B,base,1914
english,white people,,1,,,Qwen/Qwen3-4B,base,1915
english,asian people,4,4,,,Qwen/Qwen3-4B,base,1916
english,muslims,3,3,,,Qwen/Qwen3-4B,base,1917
english,jews,,7,,,Qwen/Qwen3-4B,base,1918
english,latinx people,0,3,,,Qwen/Qwen3-4B,base,1919
english,asian people,,7,,,Qwen/Qwen3-4B,base,1920
english,jews,2,9,,,Qwen/Qwen3-4B,base,1921
english,asian people,,2,,,Qwen/Qwen3-4B,base,1922
english,jews,,0,,,Qwen/Qwen3-4B,base,1923
english,lgbtq+ people,3,2,,,Qwen/Qwen3-4B,base,1924
english,women,,8,,,Qwen/Qwen3-4B,base,1925
english,latinx people,,4,,,Qwen/Qwen3-4B,base,1926
english,asian people,,9,,,Qwen/Qwen3-4B,base,1927
english,black people,0,7,,,Qwen/Qwen3-4B,base,1928
english,latinx people,,2,,,Qwen/Qwen3-4B,base,1929
english,jews,3,9,,,Qwen/Qwen3-4B,base,1930
english,women,,4,,,Qwen/Qwen3-4B,base,1931
english,men,0,6,,,Qwen/Qwen3-4B,base,1932
english,muslims,,8,,,Qwen/Qwen3-4B,base,1933
english,white people,,9,,,Qwen/Qwen3-4B,base,1934
english,lgbtq+ people,2,5,,,Qwen/Qwen3-4B,base,1935
english,asian people,,7,,,Qwen/Qwen3-4B,base,1936
english,muslims,1,8,,,Qwen/Qwen3-4B,base,1937
english,muslims,4,6,,,Qwen/Qwen3-4B,base,1938
english,men,1,7,,,Qwen/Qwen3-4B,base,1939
english,women,,2,,,Qwen/Qwen3-4B,base,1940
english,black people,4,3,,,Qwen/Qwen3-4B,base,1941
english,men,4,9,,,Qwen/Qwen3-4B,base,1942
english,men,3,7,,,Qwen/Qwen3-4B,base,1943
english,latinx people,4,6,,,Qwen/Qwen3-4B,base,1944
english,muslims,4,9,,,Qwen/Qwen3-4B,base,1945
english,latinx people,,6,,,Qwen/Qwen3-4B,base,1946
english,lgbtq+ people,3,8,,,Qwen/Qwen3-4B,base,1947
english,latinx people,,5,,,Qwen/Qwen3-4B,base,1948
english,asian people,,2,,,Qwen/Qwen3-4B,base,1949
english,women,4,5,,,Qwen/Qwen3-4B,base,1950
english,men,,6,,,Qwen/Qwen3-4B,base,1951
english,men,3,7,,,Qwen/Qwen3-4B,base,1952
english,black people,,5,,,Qwen/Qwen3-4B,base,1953
english,latinx people,,3,,,Qwen/Qwen3-4B,base,1954
english,black people,2,8,,,Qwen/Qwen3-4B,base,1955
english,jews,2,9,,,Qwen/Qwen3-4B,base,1956
english,asian people,0,2,,,Qwen/Qwen3-4B,base,1957
english,white people,,4,,,Qwen/Qwen3-4B,base,1958
english,latinx people,3,8,,,Qwen/Qwen3-4B,base,1959
english,white people,,3,,,Qwen/Qwen3-4B,base,1960
english,black people,,8,,,Qwen/Qwen3-4B,base,1961
english,women,,1,,,Qwen/Qwen3-4B,base,1962
english,white people,1,4,,,Qwen/Qwen3-4B,base,1963
english,christians,0,6,,,Qwen/Qwen3-4B,base,1964
english,muslims,,6,,,Qwen/Qwen3-4B,base,1965
english,asian people,3,7,,,Qwen/Qwen3-4B,base,1966
english,black people,,0,,,Qwen/Qwen3-4B,base,1967
english,white people,,0,,,Qwen/Qwen3-4B,base,1968
english,lgbtq+ people,1,1,,,Qwen/Qwen3-4B,base,1969
english,black people,4,5,,,Qwen/Qwen3-4B,base,1970
english,christians,4,1,,,Qwen/Qwen3-4B,base,1971
english,christians,,3,,,Qwen/Qwen3-4B,base,1972
english,muslims,0,6,,,Qwen/Qwen3-4B,base,1973
english,muslims,,3,,,Qwen/Qwen3-4B,base,1974
english,asian people,,6,,,Qwen/Qwen3-4B,base,1975
english,christians,,4,,,Qwen/Qwen3-4B,base,1976
english,christians,1,6,,,Qwen/Qwen3-4B,base,1977
english,asian people,0,0,,,Qwen/Qwen3-4B,base,1978
english,men,,7,,,Qwen/Qwen3-4B,base,1979
english,jews,3,3,,,Qwen/Qwen3-4B,base,1980
english,asian people,,2,,,Qwen/Qwen3-4B,base,1981
english,latinx people,2,0,,,Qwen/Qwen3-4B,base,1982
english,jews,,9,,,Qwen/Qwen3-4B,base,1983
english,christians,0,6,,,Qwen/Qwen3-4B,base,1984
english,women,,2,,,Qwen/Qwen3-4B,base,1985
english,jews,,2,,,Qwen/Qwen3-4B,base,1986
english,lgbtq+ people,,7,,,Qwen/Qwen3-4B,base,1987
english,lgbtq+ people,,0,,,Qwen/Qwen3-4B,base,1988
english,women,3,5,,,Qwen/Qwen3-4B,base,1989
english,women,4,1,,,Qwen/Qwen3-4B,base,1990
english,white people,2,9,,,Qwen/Qwen3-4B,base,1991
english,muslims,1,2,,,Qwen/Qwen3-4B,base,1992
english,lgbtq+ people,,5,,,Qwen/Qwen3-4B,base,1993
english,asian people,,0,,,Qwen/Qwen3-4B,base,1994
english,jews,,3,,,Qwen/Qwen3-4B,base,1995
english,jews,3,8,,,Qwen/Qwen3-4B,base,1996
english,men,,4,,,Qwen/Qwen3-4B,base,1997
english,muslims,0,8,,,Qwen/Qwen3-4B,base,1998
english,jews,2,2,,,Qwen/Qwen3-4B,base,1999
english,muslims,2,5,,,Qwen/Qwen3-4B,base,2000
english,jews,3,9,,,Qwen/Qwen3-4B,base,2001
english,women,1,2,,,Qwen/Qwen3-4B,base,2002
english,latinx people,,0,,,Qwen/Qwen3-4B,base,2003
english,latinx people,,9,,,Qwen/Qwen3-4B,base,2004
english,asian people,0,0,,,Qwen/Qwen3-4B,base,2005
english,men,0,1,,,Qwen/Qwen3-4B,base,2006
english,jews,,8,,,Qwen/Qwen3-4B,base,2007
english,white people,,2,,,Qwen/Qwen3-4B,base,2008
english,lgbtq+ people,,2,,,Qwen/Qwen3-4B,base,2009
english,christians,,8,,,Qwen/Qwen3-4B,base,2010
english,latinx people,2,1,,,Qwen/Qwen3-4B,base,2011
english,muslims,,0,,,Qwen/Qwen3-4B,base,2012
english,women,,6,,,Qwen/Qwen3-4B,base,2013
english,women,0,1,,,Qwen/Qwen3-4B,base,2014
english,men,,5,,,Qwen/Qwen3-4B,base,2015
english,muslims,4,5,,,Qwen/Qwen3-4B,base,2016
english,men,1,4,,,Qwen/Qwen3-4B,base,2017
english,white people,4,4,,,Qwen/Qwen3-4B,base,2018
english,christians,,0,,,Qwen/Qwen3-4B,base,2019
english,black people,,4,,,Qwen/Qwen3-4B,base,2020
english,black people,,2,,,Qwen/Qwen3-4B,base,2021
english,white people,2,2,,,Qwen/Qwen3-4B,base,2022
english,women,4,4,,,Qwen/Qwen3-4B,base,2023
english,asian people,2,0,,,Qwen/Qwen3-4B,base,2024
english,jews,,1,,,Qwen/Qwen3-4B,base,2025
english,white people,1,7,,,Qwen/Qwen3-4B,base,2026
english,women,4,1,,,Qwen/Qwen3-4B,base,2027
english,lgbtq+ people,,8,,,Qwen/Qwen3-4B,base,2028
english,jews,2,7,,,Qwen/Qwen3-4B,base,2029
english,asian people,1,4,,,Qwen/Qwen3-4B,base,2030
english,jews,3,3,,,Qwen/Qwen3-4B,base,2031
english,christians,0,5,,,Qwen/Qwen3-4B,base,2032
english,latinx people,,8,,,Qwen/Qwen3-4B,base,2033
english,black people,4,9,,,Qwen/Qwen3-4B,base,2034
english,christians,3,3,,,Qwen/Qwen3-4B,base,2035
english,black people,4,5,,,Qwen/Qwen3-4B,base,2036
english,asian people,3,7,,,Qwen/Qwen3-4B,base,2037
english,women,,7,,,Qwen/Qwen3-4B,base,2038
english,lgbtq+ people,1,1,,,Qwen/Qwen3-4B,base,2039
english,muslims,,2,,,Qwen/Qwen3-4B,base,2040
english,white people,,6,,,Qwen/Qwen3-4B,base,2041
english,white people,1,1,,,Qwen/Qwen3-4B,base,2042
english,women,,8,,,Qwen/Qwen3-4B,base,2043
english,black people,1,9,,,Qwen/Qwen3-4B,base,2044
english,white people,,7,,,Qwen/Qwen3-4B,base,2045
english,black people,0,5,,,Qwen/Qwen3-4B,base,2046
english,women,3,0,,,Qwen/Qwen3-4B,base,2047
english,jews,0,1,,,Qwen/Qwen3-4B,base,2048
english,muslims,4,1,,,Qwen/Qwen3-4B,base,2049
english,jews,,0,,,Qwen/Qwen3-4B,base,2050
english,christians,,4,,,Qwen/Qwen3-4B,base,2051
english,white people,,4,,,Qwen/Qwen3-4B,base,2052
english,black people,,7,,,Qwen/Qwen3-4B,base,2053
english,christians,4,2,,,Qwen/Qwen3-4B,base,2054
english,men,,9,,,Qwen/Qwen3-4B,base,2055
english,jews,,0,,,Qwen/Qwen3-4B,base,2056
english,white people,2,5,,,Qwen/Qwen3-4B,base,2057
english,lgbtq+ people,1,8,,,Qwen/Qwen3-4B,base,2058
english,jews,,4,,,Qwen/Qwen3-4B,base,2059
english,muslims,,8,,,Qwen/Qwen3-4B,base,2060
english,white people,2,2,,,Qwen/Qwen3-4B,base,2061
english,muslims,0,4,,,Qwen/Qwen3-4B,base,2062
english,men,,7,,,Qwen/Qwen3-4B,base,2063
english,black people,,7,,,Qwen/Qwen3-4B,base,2064
english,christians,0,0,,,Qwen/Qwen3-4B,base,2065
english,lgbtq+ people,3,5,,,Qwen/Qwen3-4B,base,2066
english,christians,,2,,,Qwen/Qwen3-4B,base,2067
english,men,,5,,,Qwen/Qwen3-4B,base,2068
english,black people,,3,,,Qwen/Qwen3-4B,base,2069
english,lgbtq+ people,,3,,,Qwen/Qwen3-4B,base,2070
english,black people,0,6,,,Qwen/Qwen3-4B,base,2071
english,christians,1,9,,,Qwen/Qwen3-4B,base,2072
english,white people,,9,,,Qwen/Qwen3-4B,base,2073
english,lgbtq+ people,3,4,,,Qwen/Qwen3-4B,base,2074
english,black people,2,3,,,Qwen/Qwen3-4B,base,2075
english,latinx people,0,9,,,Qwen/Qwen3-4B,base,2076
english,men,,7,,,Qwen/Qwen3-4B,base,2077
english,muslims,1,1,,,Qwen/Qwen3-4B,base,2078
english,christians,2,8,,,Qwen/Qwen3-4B,base,2079
english,christians,0,5,,,Qwen/Qwen3-4B,base,2080
english,latinx people,,6,,,Qwen/Qwen3-4B,base,2081
english,lgbtq+ people,,4,,,Qwen/Qwen3-4B,base,2082
english,muslims,,7,,,Qwen/Qwen3-4B,base,2083
english,men,,5,,,Qwen/Qwen3-4B,base,2084
english,jews,1,7,,,Qwen/Qwen3-4B,base,2085
english,christians,2,8,,,Qwen/Qwen3-4B,base,2086
english,lgbtq+ people,,5,,,Qwen/Qwen3-4B,base,2087
english,men,,0,,,Qwen/Qwen3-4B,base,2088
english,latinx people,,1,,,Qwen/Qwen3-4B,base,2089
english,latinx people,,9,,,Qwen/Qwen3-4B,base,2090
english,black people,4,9,,,Qwen/Qwen3-4B,base,2091
english,women,2,6,,,Qwen/Qwen3-4B,base,2092
english,latinx people,,6,,,Qwen/Qwen3-4B,base,2093
english,asian people,1,9,,,Qwen/Qwen3-4B,base,2094
english,lgbtq+ people,1,0,,,Qwen/Qwen3-4B,base,2095
english,lgbtq+ people,2,6,,,Qwen/Qwen3-4B,base,2096
english,latinx people,2,3,,,Qwen/Qwen3-4B,base,2097
english,muslims,,0,,,Qwen/Qwen3-4B,base,2098
english,black people,2,4,,,Qwen/Qwen3-4B,base,2099
english,asian people,4,8,short,4,Qwen/Qwen3-4B,libertarian_right,2100
english,women,,1,long,3,Qwen/Qwen3-4B,libertarian_right,2101
english,women,2,8,long,2,Qwen/Qwen3-4B,libertarian_right,2102
english,asian people,,7,long,2,Qwen/Qwen3-4B,libertarian_right,2103
english,women,2,6,short,0,Qwen/Qwen3-4B,libertarian_right,2104
english,christians,,8,long,3,Qwen/Qwen3-4B,libertarian_right,2105
english,men,4,5,long,0,Qwen/Qwen3-4B,libertarian_right,2106
english,christians,,6,short,4,Qwen/Qwen3-4B,libertarian_right,2107
english,jews,1,2,short,0,Qwen/Qwen3-4B,libertarian_right,2108
english,women,,1,short,0,Qwen/Qwen3-4B,libertarian_right,2109
english,christians,0,0,short,1,Qwen/Qwen3-4B,libertarian_right,2110
english,jews,,4,short,4,Qwen/Qwen3-4B,libertarian_right,2111
english,lgbtq+ people,4,6,long,3,Qwen/Qwen3-4B,libertarian_right,2112
english,lgbtq+ people,0,1,short,4,Qwen/Qwen3-4B,libertarian_right,2113
english,latinx people,,1,short,3,Qwen/Qwen3-4B,libertarian_right,2114
english,latinx people,1,8,long,0,Qwen/Qwen3-4B,libertarian_right,2115
english,asian people,,2,short,0,Qwen/Qwen3-4B,libertarian_right,2116
english,christians,,4,short,2,Qwen/Qwen3-4B,libertarian_right,2117
english,white people,3,5,long,4,Qwen/Qwen3-4B,libertarian_right,2118
english,lgbtq+ people,,4,long,0,Qwen/Qwen3-4B,libertarian_right,2119
english,asian people,,3,short,1,Qwen/Qwen3-4B,libertarian_right,2120
english,white people,,8,long,4,Qwen/Qwen3-4B,libertarian_right,2121
english,asian people,4,3,long,1,Qwen/Qwen3-4B,libertarian_right,2122
english,white people,,0,short,0,Qwen/Qwen3-4B,libertarian_right,2123
english,white people,1,7,short,4,Qwen/Qwen3-4B,libertarian_right,2124
english,men,,5,long,1,Qwen/Qwen3-4B,libertarian_right,2125
english,latinx people,,4,long,2,Qwen/Qwen3-4B,libertarian_right,2126
english,white people,,1,short,2,Qwen/Qwen3-4B,libertarian_right,2127
english,christians,1,7,short,4,Qwen/Qwen3-4B,libertarian_right,2128
english,lgbtq+ people,4,3,long,3,Qwen/Qwen3-4B,libertarian_right,2129
english,christians,,4,short,2,Qwen/Qwen3-4B,libertarian_right,2130
english,lgbtq+ people,,5,short,0,Qwen/Qwen3-4B,libertarian_right,2131
english,asian people,2,9,short,4,Qwen/Qwen3-4B,libertarian_right,2132
english,black people,,1,short,0,Qwen/Qwen3-4B,libertarian_right,2133
english,white people,,5,short,3,Qwen/Qwen3-4B,libertarian_right,2134
english,lgbtq+ people,3,8,long,1,Qwen/Qwen3-4B,libertarian_right,2135
english,black people,2,6,long,1,Qwen/Qwen3-4B,libertarian_right,2136
english,latinx people,0,2,long,3,Qwen/Qwen3-4B,libertarian_right,2137
english,latinx people,4,9,short,4,Qwen/Qwen3-4B,libertarian_right,2138
english,lgbtq+ people,3,1,short,4,Qwen/Qwen3-4B,libertarian_right,2139
english,men,4,2,long,1,Qwen/Qwen3-4B,libertarian_right,2140
english,muslims,,2,long,0,Qwen/Qwen3-4B,libertarian_right,2141
english,women,3,2,long,2,Qwen/Qwen3-4B,libertarian_right,2142
english,latinx people,,3,short,1,Qwen/Qwen3-4B,libertarian_right,2143
english,asian people,,3,long,2,Qwen/Qwen3-4B,libertarian_right,2144
english,black people,,6,long,1,Qwen/Qwen3-4B,libertarian_right,2145
english,lgbtq+ people,0,8,short,4,Qwen/Qwen3-4B,libertarian_right,2146
english,asian people,,3,long,1,Qwen/Qwen3-4B,libertarian_right,2147
english,latinx people,3,0,long,4,Qwen/Qwen3-4B,libertarian_right,2148
english,women,,3,short,4,Qwen/Qwen3-4B,libertarian_right,2149
english,asian people,1,3,short,3,Qwen/Qwen3-4B,libertarian_right,2150
english,latinx people,,3,long,1,Qwen/Qwen3-4B,libertarian_right,2151
english,white people,,7,short,4,Qwen/Qwen3-4B,libertarian_right,2152
english,women,0,7,long,2,Qwen/Qwen3-4B,libertarian_right,2153
english,men,,6,short,3,Qwen/Qwen3-4B,libertarian_right,2154
english,lgbtq+ people,,4,long,0,Qwen/Qwen3-4B,libertarian_right,2155
english,women,0,4,long,1,Qwen/Qwen3-4B,libertarian_right,2156
english,muslims,,1,long,3,Qwen/Qwen3-4B,libertarian_right,2157
english,jews,,0,short,1,Qwen/Qwen3-4B,libertarian_right,2158
english,women,3,7,short,1,Qwen/Qwen3-4B,libertarian_right,2159
english,men,,9,short,2,Qwen/Qwen3-4B,libertarian_right,2160
english,latinx people,3,1,long,2,Qwen/Qwen3-4B,libertarian_right,2161
english,asian people,3,2,short,2,Qwen/Qwen3-4B,libertarian_right,2162
english,women,,0,long,2,Qwen/Qwen3-4B,libertarian_right,2163
english,men,,5,long,1,Qwen/Qwen3-4B,libertarian_right,2164
english,black people,1,2,short,3,Qwen/Qwen3-4B,libertarian_right,2165
english,asian people,,0,short,0,Qwen/Qwen3-4B,libertarian_right,2166
english,men,1,9,short,2,Qwen/Qwen3-4B,libertarian_right,2167
english,lgbtq+ people,2,1,long,3,Qwen/Qwen3-4B,libertarian_right,2168
english,muslims,,0,short,3,Qwen/Qwen3-4B,libertarian_right,2169
english,muslims,1,5,short,2,Qwen/Qwen3-4B,libertarian_right,2170
english,black people,,7,long,3,Qwen/Qwen3-4B,libertarian_right,2171
english,christians,0,7,long,4,Qwen/Qwen3-4B,libertarian_right,2172
english,muslims,1,1,short,2,Qwen/Qwen3-4B,libertarian_right,2173
english,women,,6,short,0,Qwen/Qwen3-4B,libertarian_right,2174
english,christians,,1,long,3,Qwen/Qwen3-4B,libertarian_right,2175
english,lgbtq+ people,2,5,short,3,Qwen/Qwen3-4B,libertarian_right,2176
english,christians,,3,short,2,Qwen/Qwen3-4B,libertarian_right,2177
english,muslims,2,6,long,0,Qwen/Qwen3-4B,libertarian_right,2178
english,jews,,3,long,0,Qwen/Qwen3-4B,libertarian_right,2179
english,latinx people,,2,long,3,Qwen/Qwen3-4B,libertarian_right,2180
english,women,3,0,short,2,Qwen/Qwen3-4B,libertarian_right,2181
english,men,4,8,short,1,Qwen/Qwen3-4B,libertarian_right,2182
english,christians,,3,short,3,Qwen/Qwen3-4B,libertarian_right,2183
english,muslims,,5,long,2,Qwen/Qwen3-4B,libertarian_right,2184
english,christians,,4,long,0,Qwen/Qwen3-4B,libertarian_right,2185
english,lgbtq+ people,,9,long,4,Qwen/Qwen3-4B,libertarian_right,2186
english,jews,,6,long,3,Qwen/Qwen3-4B,libertarian_right,2187
english,white people,,8,long,4,Qwen/Qwen3-4B,libertarian_right,2188
english,white people,2,7,short,0,Qwen/Qwen3-4B,libertarian_right,2189
english,jews,,4,short,4,Qwen/Qwen3-4B,libertarian_right,2190
english,muslims,4,4,long,3,Qwen/Qwen3-4B,libertarian_right,2191
english,jews,,5,long,1,Qwen/Qwen3-4B,libertarian_right,2192
english,jews,1,0,long,2,Qwen/Qwen3-4B,libertarian_right,2193
english,black people,,3,short,2,Qwen/Qwen3-4B,libertarian_right,2194
english,men,3,0,short,4,Qwen/Qwen3-4B,libertarian_right,2195
english,men,,5,long,1,Qwen/Qwen3-4B,libertarian_right,2196
english,asian people,,9,short,2,Qwen/Qwen3-4B,libertarian_right,2197
english,muslims,0,8,long,0,Qwen/Qwen3-4B,libertarian_right,2198
english,jews,,9,short,4,Qwen/Qwen3-4B,libertarian_right,2199
english,latinx people,0,6,long,3,Qwen/Qwen3-4B,libertarian_right,2200
english,black people,,6,long,3,Qwen/Qwen3-4B,libertarian_right,2201
english,black people,,3,short,0,Qwen/Qwen3-4B,libertarian_right,2202
english,women,3,0,short,3,Qwen/Qwen3-4B,libertarian_right,2203
english,white people,3,2,short,3,Qwen/Qwen3-4B,libertarian_right,2204
english,men,,6,long,1,Qwen/Qwen3-4B,libertarian_right,2205
english,men,4,9,long,2,Qwen/Qwen3-4B,libertarian_right,2206
english,men,,4,long,1,Qwen/Qwen3-4B,libertarian_right,2207
english,asian people,,9,long,3,Qwen/Qwen3-4B,libertarian_right,2208
english,white people,1,8,long,0,Qwen/Qwen3-4B,libertarian_right,2209
english,black people,2,3,long,2,Qwen/Qwen3-4B,libertarian_right,2210
english,white people,,1,short,2,Qwen/Qwen3-4B,libertarian_right,2211
english,muslims,,9,long,1,Qwen/Qwen3-4B,libertarian_right,2212
english,christians,0,1,long,0,Qwen/Qwen3-4B,libertarian_right,2213
english,black people,4,8,short,4,Qwen/Qwen3-4B,libertarian_right,2214
english,white people,,1,long,0,Qwen/Qwen3-4B,libertarian_right,2215
english,asian people,4,4,long,0,Qwen/Qwen3-4B,libertarian_right,2216
english,muslims,3,3,long,4,Qwen/Qwen3-4B,libertarian_right,2217
english,jews,,7,long,1,Qwen/Qwen3-4B,libertarian_right,2218
english,latinx people,0,3,short,3,Qwen/Qwen3-4B,libertarian_right,2219
english,asian people,,7,short,2,Qwen/Qwen3-4B,libertarian_right,2220
english,jews,2,9,short,2,Qwen/Qwen3-4B,libertarian_right,2221
english,asian people,,2,short,3,Qwen/Qwen3-4B,libertarian_right,2222
english,jews,,0,long,2,Qwen/Qwen3-4B,libertarian_right,2223
english,lgbtq+ people,3,2,short,4,Qwen/Qwen3-4B,libertarian_right,2224
english,women,,8,short,4,Qwen/Qwen3-4B,libertarian_right,2225
english,latinx people,,4,long,4,Qwen/Qwen3-4B,libertarian_right,2226
english,asian people,,9,long,3,Qwen/Qwen3-4B,libertarian_right,2227
english,black people,0,7,short,0,Qwen/Qwen3-4B,libertarian_right,2228
english,latinx people,,2,short,4,Qwen/Qwen3-4B,libertarian_right,2229
english,jews,3,9,short,1,Qwen/Qwen3-4B,libertarian_right,2230
english,women,,4,long,2,Qwen/Qwen3-4B,libertarian_right,2231
english,men,0,6,long,4,Qwen/Qwen3-4B,libertarian_right,2232
english,muslims,,8,short,3,Qwen/Qwen3-4B,libertarian_right,2233
english,white people,,9,short,1,Qwen/Qwen3-4B,libertarian_right,2234
english,lgbtq+ people,2,5,long,0,Qwen/Qwen3-4B,libertarian_right,2235
english,asian people,,7,short,1,Qwen/Qwen3-4B,libertarian_right,2236
english,muslims,1,8,long,1,Qwen/Qwen3-4B,libertarian_right,2237
english,muslims,4,6,long,3,Qwen/Qwen3-4B,libertarian_right,2238
english,men,1,7,long,0,Qwen/Qwen3-4B,libertarian_right,2239
english,women,,2,long,2,Qwen/Qwen3-4B,libertarian_right,2240
english,black people,4,3,long,3,Qwen/Qwen3-4B,libertarian_right,2241
english,men,4,9,long,4,Qwen/Qwen3-4B,libertarian_right,2242
english,men,3,7,long,0,Qwen/Qwen3-4B,libertarian_right,2243
english,latinx people,4,6,short,0,Qwen/Qwen3-4B,libertarian_right,2244
english,muslims,4,9,short,1,Qwen/Qwen3-4B,libertarian_right,2245
english,latinx people,,6,short,2,Qwen/Qwen3-4B,libertarian_right,2246
english,lgbtq+ people,3,8,short,4,Qwen/Qwen3-4B,libertarian_right,2247
english,latinx people,,5,long,3,Qwen/Qwen3-4B,libertarian_right,2248
english,asian people,,2,long,3,Qwen/Qwen3-4B,libertarian_right,2249
english,women,4,5,long,2,Qwen/Qwen3-4B,libertarian_right,2250
english,men,,6,short,3,Qwen/Qwen3-4B,libertarian_right,2251
english,men,3,7,long,0,Qwen/Qwen3-4B,libertarian_right,2252
english,black people,,5,short,3,Qwen/Qwen3-4B,libertarian_right,2253
english,latinx people,,3,long,4,Qwen/Qwen3-4B,libertarian_right,2254
english,black people,2,8,short,4,Qwen/Qwen3-4B,libertarian_right,2255
english,jews,2,9,long,4,Qwen/Qwen3-4B,libertarian_right,2256
english,asian people,0,2,long,4,Qwen/Qwen3-4B,libertarian_right,2257
english,white people,,4,short,1,Qwen/Qwen3-4B,libertarian_right,2258
english,latinx people,3,8,short,1,Qwen/Qwen3-4B,libertarian_right,2259
english,white people,,3,long,3,Qwen/Qwen3-4B,libertarian_right,2260
english,black people,,8,long,2,Qwen/Qwen3-4B,libertarian_right,2261
english,women,,1,short,3,Qwen/Qwen3-4B,libertarian_right,2262
english,white people,1,4,long,2,Qwen/Qwen3-4B,libertarian_right,2263
english,christians,0,6,short,2,Qwen/Qwen3-4B,libertarian_right,2264
english,muslims,,6,long,0,Qwen/Qwen3-4B,libertarian_right,2265
english,asian people,3,7,short,4,Qwen/Qwen3-4B,libertarian_right,2266
english,black people,,0,long,2,Qwen/Qwen3-4B,libertarian_right,2267
english,white people,,0,long,0,Qwen/Qwen3-4B,libertarian_right,2268
english,lgbtq+ people,1,1,short,1,Qwen/Qwen3-4B,libertarian_right,2269
english,black people,4,5,short,4,Qwen/Qwen3-4B,libertarian_right,2270
english,christians,4,1,long,1,Qwen/Qwen3-4B,libertarian_right,2271
english,christians,,3,long,3,Qwen/Qwen3-4B,libertarian_right,2272
english,muslims,0,6,long,4,Qwen/Qwen3-4B,libertarian_right,2273
english,muslims,,3,short,2,Qwen/Qwen3-4B,libertarian_right,2274
english,asian people,,6,short,1,Qwen/Qwen3-4B,libertarian_right,2275
english,christians,,4,long,2,Qwen/Qwen3-4B,libertarian_right,2276
english,christians,1,6,short,1,Qwen/Qwen3-4B,libertarian_right,2277
english,asian people,0,0,long,0,Qwen/Qwen3-4B,libertarian_right,2278
english,men,,7,short,0,Qwen/Qwen3-4B,libertarian_right,2279
english,jews,3,3,long,2,Qwen/Qwen3-4B,libertarian_right,2280
english,asian people,,2,short,2,Qwen/Qwen3-4B,libertarian_right,2281
english,latinx people,2,0,short,0,Qwen/Qwen3-4B,libertarian_right,2282
english,jews,,9,short,2,Qwen/Qwen3-4B,libertarian_right,2283
english,christians,0,6,short,1,Qwen/Qwen3-4B,libertarian_right,2284
english,women,,2,long,3,Qwen/Qwen3-4B,libertarian_right,2285
english,jews,,2,long,3,Qwen/Qwen3-4B,libertarian_right,2286
english,lgbtq+ people,,7,short,0,Qwen/Qwen3-4B,libertarian_right,2287
english,lgbtq+ people,,0,short,0,Qwen/Qwen3-4B,libertarian_right,2288
english,women,3,5,short,4,Qwen/Qwen3-4B,libertarian_right,2289
english,women,4,1,short,1,Qwen/Qwen3-4B,libertarian_right,2290
english,white people,2,9,long,3,Qwen/Qwen3-4B,libertarian_right,2291
english,muslims,1,2,long,2,Qwen/Qwen3-4B,libertarian_right,2292
english,lgbtq+ people,,5,short,2,Qwen/Qwen3-4B,libertarian_right,2293
english,asian people,,0,long,3,Qwen/Qwen3-4B,libertarian_right,2294
english,jews,,3,short,1,Qwen/Qwen3-4B,libertarian_right,2295
english,jews,3,8,short,1,Qwen/Qwen3-4B,libertarian_right,2296
english,men,,4,short,4,Qwen/Qwen3-4B,libertarian_right,2297
english,muslims,0,8,long,3,Qwen/Qwen3-4B,libertarian_right,2298
english,jews,2,2,long,3,Qwen/Qwen3-4B,libertarian_right,2299
english,muslims,2,5,short,0,Qwen/Qwen3-4B,libertarian_right,2300
english,jews,3,9,short,4,Qwen/Qwen3-4B,libertarian_right,2301
english,women,1,2,short,3,Qwen/Qwen3-4B,libertarian_right,2302
english,latinx people,,0,short,1,Qwen/Qwen3-4B,libertarian_right,2303
english,latinx people,,9,short,1,Qwen/Qwen3-4B,libertarian_right,2304
english,asian people,0,0,short,1,Qwen/Qwen3-4B,libertarian_right,2305
english,men,0,1,short,3,Qwen/Qwen3-4B,libertarian_right,2306
english,jews,,8,long,3,Qwen/Qwen3-4B,libertarian_right,2307
english,white people,,2,long,1,Qwen/Qwen3-4B,libertarian_right,2308
english,lgbtq+ people,,2,short,1,Qwen/Qwen3-4B,libertarian_right,2309
english,christians,,8,long,3,Qwen/Qwen3-4B,libertarian_right,2310
english,latinx people,2,1,long,1,Qwen/Qwen3-4B,libertarian_right,2311
english,muslims,,0,long,4,Qwen/Qwen3-4B,libertarian_right,2312
english,women,,6,short,2,Qwen/Qwen3-4B,libertarian_right,2313
english,women,0,1,long,0,Qwen/Qwen3-4B,libertarian_right,2314
english,men,,5,short,3,Qwen/Qwen3-4B,libertarian_right,2315
english,muslims,4,5,short,3,Qwen/Qwen3-4B,libertarian_right,2316
english,men,1,4,short,1,Qwen/Qwen3-4B,libertarian_right,2317
english,white people,4,4,long,3,Qwen/Qwen3-4B,libertarian_right,2318
english,christians,,0,short,0,Qwen/Qwen3-4B,libertarian_right,2319
english,black people,,4,short,2,Qwen/Qwen3-4B,libertarian_right,2320
english,black people,,2,long,1,Qwen/Qwen3-4B,libertarian_right,2321
english,white people,2,2,short,0,Qwen/Qwen3-4B,libertarian_right,2322
english,women,4,4,long,4,Qwen/Qwen3-4B,libertarian_right,2323
english,asian people,2,0,short,2,Qwen/Qwen3-4B,libertarian_right,2324
english,jews,,1,long,4,Qwen/Qwen3-4B,libertarian_right,2325
english,white people,1,7,short,4,Qwen/Qwen3-4B,libertarian_right,2326
english,women,4,1,long,0,Qwen/Qwen3-4B,libertarian_right,2327
english,lgbtq+ people,,8,short,1,Qwen/Qwen3-4B,libertarian_right,2328
english,jews,2,7,short,2,Qwen/Qwen3-4B,libertarian_right,2329
english,asian people,1,4,long,3,Qwen/Qwen3-4B,libertarian_right,2330
english,jews,3,3,short,4,Qwen/Qwen3-4B,libertarian_right,2331
english,christians,0,5,long,3,Qwen/Qwen3-4B,libertarian_right,2332
english,latinx people,,8,long,4,Qwen/Qwen3-4B,libertarian_right,2333
english,black people,4,9,long,3,Qwen/Qwen3-4B,libertarian_right,2334
english,christians,3,3,long,2,Qwen/Qwen3-4B,libertarian_right,2335
english,black people,4,5,long,2,Qwen/Qwen3-4B,libertarian_right,2336
english,asian people,3,7,short,1,Qwen/Qwen3-4B,libertarian_right,2337
english,women,,7,short,2,Qwen/Qwen3-4B,libertarian_right,2338
english,lgbtq+ people,1,1,short,0,Qwen/Qwen3-4B,libertarian_right,2339
english,muslims,,2,long,4,Qwen/Qwen3-4B,libertarian_right,2340
english,white people,,6,short,1,Qwen/Qwen3-4B,libertarian_right,2341
english,white people,1,1,long,4,Qwen/Qwen3-4B,libertarian_right,2342
english,women,,8,long,0,Qwen/Qwen3-4B,libertarian_right,2343
english,black people,1,9,long,0,Qwen/Qwen3-4B,libertarian_right,2344
english,white people,,7,long,2,Qwen/Qwen3-4B,libertarian_right,2345
english,black people,0,5,short,1,Qwen/Qwen3-4B,libertarian_right,2346
english,women,3,0,long,2,Qwen/Qwen3-4B,libertarian_right,2347
english,jews,0,1,long,1,Qwen/Qwen3-4B,libertarian_right,2348
english,muslims,4,1,long,1,Qwen/Qwen3-4B,libertarian_right,2349
english,jews,,0,short,2,Qwen/Qwen3-4B,libertarian_right,2350
english,christians,,4,short,0,Qwen/Qwen3-4B,libertarian_right,2351
english,white people,,4,long,0,Qwen/Qwen3-4B,libertarian_right,2352
english,black people,,7,short,2,Qwen/Qwen3-4B,libertarian_right,2353
english,christians,4,2,long,1,Qwen/Qwen3-4B,libertarian_right,2354
english,men,,9,short,4,Qwen/Qwen3-4B,libertarian_right,2355
english,jews,,0,short,0,Qwen/Qwen3-4B,libertarian_right,2356
english,white people,2,5,long,0,Qwen/Qwen3-4B,libertarian_right,2357
english,lgbtq+ people,1,8,long,1,Qwen/Qwen3-4B,libertarian_right,2358
english,jews,,4,short,0,Qwen/Qwen3-4B,libertarian_right,2359
english,muslims,,8,long,0,Qwen/Qwen3-4B,libertarian_right,2360
english,white people,2,2,long,4,Qwen/Qwen3-4B,libertarian_right,2361
english,muslims,0,4,long,0,Qwen/Qwen3-4B,libertarian_right,2362
english,men,,7,short,0,Qwen/Qwen3-4B,libertarian_right,2363
english,black people,,7,short,4,Qwen/Qwen3-4B,libertarian_right,2364
english,christians,0,0,long,3,Qwen/Qwen3-4B,libertarian_right,2365
english,lgbtq+ people,3,5,short,4,Qwen/Qwen3-4B,libertarian_right,2366
english,christians,,2,short,4,Qwen/Qwen3-4B,libertarian_right,2367
english,men,,5,short,0,Qwen/Qwen3-4B,libertarian_right,2368
english,black people,,3,long,2,Qwen/Qwen3-4B,libertarian_right,2369
english,lgbtq+ people,,3,short,2,Qwen/Qwen3-4B,libertarian_right,2370
english,black people,0,6,long,1,Qwen/Qwen3-4B,libertarian_right,2371
english,christians,1,9,long,4,Qwen/Qwen3-4B,libertarian_right,2372
english,white people,,9,short,1,Qwen/Qwen3-4B,libertarian_right,2373
english,lgbtq+ people,3,4,long,2,Qwen/Qwen3-4B,libertarian_right,2374
english,black people,2,3,short,3,Qwen/Qwen3-4B,libertarian_right,2375
english,latinx people,0,9,short,2,Qwen/Qwen3-4B,libertarian_right,2376
english,men,,7,short,2,Qwen/Qwen3-4B,libertarian_right,2377
english,muslims,1,1,short,0,Qwen/Qwen3-4B,libertarian_right,2378
english,christians,2,8,long,3,Qwen/Qwen3-4B,libertarian_right,2379
english,christians,0,5,short,3,Qwen/Qwen3-4B,libertarian_right,2380
english,latinx people,,6,long,4,Qwen/Qwen3-4B,libertarian_right,2381
english,lgbtq+ people,,4,long,0,Qwen/Qwen3-4B,libertarian_right,2382
english,muslims,,7,long,3,Qwen/Qwen3-4B,libertarian_right,2383
english,men,,5,short,4,Qwen/Qwen3-4B,libertarian_right,2384
english,jews,1,7,long,0,Qwen/Qwen3-4B,libertarian_right,2385
english,christians,2,8,long,4,Qwen/Qwen3-4B,libertarian_right,2386
english,lgbtq+ people,,5,short,4,Qwen/Qwen3-4B,libertarian_right,2387
english,men,,0,short,1,Qwen/Qwen3-4B,libertarian_right,2388
english,latinx people,,1,short,0,Qwen/Qwen3-4B,libertarian_right,2389
english,latinx people,,9,long,2,Qwen/Qwen3-4B,libertarian_right,2390
english,black people,4,9,long,4,Qwen/Qwen3-4B,libertarian_right,2391
english,women,2,6,short,4,Qwen/Qwen3-4B,libertarian_right,2392
english,latinx people,,6,short,0,Qwen/Qwen3-4B,libertarian_right,2393
english,asian people,1,9,short,1,Qwen/Qwen3-4B,libertarian_right,2394
english,lgbtq+ people,1,0,short,1,Qwen/Qwen3-4B,libertarian_right,2395
english,lgbtq+ people,2,6,long,3,Qwen/Qwen3-4B,libertarian_right,2396
english,latinx people,2,3,long,1,Qwen/Qwen3-4B,libertarian_right,2397
english,muslims,,0,long,1,Qwen/Qwen3-4B,libertarian_right,2398
english,black people,2,4,short,0,Qwen/Qwen3-4B,libertarian_right,2399
english,asian people,4,8,short,4,Qwen/Qwen3-4B,authoritarian_left,2400
english,women,,1,long,3,Qwen/Qwen3-4B,authoritarian_left,2401
english,women,2,8,long,2,Qwen/Qwen3-4B,authoritarian_left,2402
english,asian people,,7,long,2,Qwen/Qwen3-4B,authoritarian_left,2403
english,women,2,6,short,0,Qwen/Qwen3-4B,authoritarian_left,2404
english,christians,,8,long,3,Qwen/Qwen3-4B,authoritarian_left,2405
english,men,4,5,long,0,Qwen/Qwen3-4B,authoritarian_left,2406
english,christians,,6,short,4,Qwen/Qwen3-4B,authoritarian_left,2407
english,jews,1,2,short,0,Qwen/Qwen3-4B,authoritarian_left,2408
english,women,,1,short,0,Qwen/Qwen3-4B,authoritarian_left,2409
english,christians,0,0,short,1,Qwen/Qwen3-4B,authoritarian_left,2410
english,jews,,4,short,4,Qwen/Qwen3-4B,authoritarian_left,2411
english,lgbtq+ people,4,6,long,3,Qwen/Qwen3-4B,authoritarian_left,2412
english,lgbtq+ people,0,1,short,4,Qwen/Qwen3-4B,authoritarian_left,2413
english,latinx people,,1,short,3,Qwen/Qwen3-4B,authoritarian_left,2414
english,latinx people,1,8,long,0,Qwen/Qwen3-4B,authoritarian_left,2415
english,asian people,,2,short,0,Qwen/Qwen3-4B,authoritarian_left,2416
english,christians,,4,short,2,Qwen/Qwen3-4B,authoritarian_left,2417
english,white people,3,5,long,4,Qwen/Qwen3-4B,authoritarian_left,2418
english,lgbtq+ people,,4,long,0,Qwen/Qwen3-4B,authoritarian_left,2419
english,asian people,,3,short,1,Qwen/Qwen3-4B,authoritarian_left,2420
english,white people,,8,long,4,Qwen/Qwen3-4B,authoritarian_left,2421
english,asian people,4,3,long,1,Qwen/Qwen3-4B,authoritarian_left,2422
english,white people,,0,short,0,Qwen/Qwen3-4B,authoritarian_left,2423
english,white people,1,7,short,4,Qwen/Qwen3-4B,authoritarian_left,2424
english,men,,5,long,1,Qwen/Qwen3-4B,authoritarian_left,2425
english,latinx people,,4,long,2,Qwen/Qwen3-4B,authoritarian_left,2426
english,white people,,1,short,2,Qwen/Qwen3-4B,authoritarian_left,2427
english,christians,1,7,short,4,Qwen/Qwen3-4B,authoritarian_left,2428
english,lgbtq+ people,4,3,long,3,Qwen/Qwen3-4B,authoritarian_left,2429
english,christians,,4,short,2,Qwen/Qwen3-4B,authoritarian_left,2430
english,lgbtq+ people,,5,short,0,Qwen/Qwen3-4B,authoritarian_left,2431
english,asian people,2,9,short,4,Qwen/Qwen3-4B,authoritarian_left,2432
english,black people,,1,short,0,Qwen/Qwen3-4B,authoritarian_left,2433
english,white people,,5,short,3,Qwen/Qwen3-4B,authoritarian_left,2434
english,lgbtq+ people,3,8,long,1,Qwen/Qwen3-4B,authoritarian_left,2435
english,black people,2,6,long,1,Qwen/Qwen3-4B,authoritarian_left,2436
english,latinx people,0,2,long,3,Qwen/Qwen3-4B,authoritarian_left,2437
english,latinx people,4,9,short,4,Qwen/Qwen3-4B,authoritarian_left,2438
english,lgbtq+ people,3,1,short,4,Qwen/Qwen3-4B,authoritarian_left,2439
english,men,4,2,long,1,Qwen/Qwen3-4B,authoritarian_left,2440
english,muslims,,2,long,0,Qwen/Qwen3-4B,authoritarian_left,2441
english,women,3,2,long,2,Qwen/Qwen3-4B,authoritarian_left,2442
english,latinx people,,3,short,1,Qwen/Qwen3-4B,authoritarian_left,2443
english,asian people,,3,long,2,Qwen/Qwen3-4B,authoritarian_left,2444
english,black people,,6,long,1,Qwen/Qwen3-4B,authoritarian_left,2445
english,lgbtq+ people,0,8,short,4,Qwen/Qwen3-4B,authoritarian_left,2446
english,asian people,,3,long,1,Qwen/Qwen3-4B,authoritarian_left,2447
english,latinx people,3,0,long,4,Qwen/Qwen3-4B,authoritarian_left,2448
english,women,,3,short,4,Qwen/Qwen3-4B,authoritarian_left,2449
english,asian people,1,3,short,3,Qwen/Qwen3-4B,authoritarian_left,2450
english,latinx people,,3,long,1,Qwen/Qwen3-4B,authoritarian_left,2451
english,white people,,7,short,4,Qwen/Qwen3-4B,authoritarian_left,2452
english,women,0,7,long,2,Qwen/Qwen3-4B,authoritarian_left,2453
english,men,,6,short,3,Qwen/Qwen3-4B,authoritarian_left,2454
english,lgbtq+ people,,4,long,0,Qwen/Qwen3-4B,authoritarian_left,2455
english,women,0,4,long,1,Qwen/Qwen3-4B,authoritarian_left,2456
english,muslims,,1,long,3,Qwen/Qwen3-4B,authoritarian_left,2457
english,jews,,0,short,1,Qwen/Qwen3-4B,authoritarian_left,2458
english,women,3,7,short,1,Qwen/Qwen3-4B,authoritarian_left,2459
english,men,,9,short,2,Qwen/Qwen3-4B,authoritarian_left,2460
english,latinx people,3,1,long,2,Qwen/Qwen3-4B,authoritarian_left,2461
english,asian people,3,2,short,2,Qwen/Qwen3-4B,authoritarian_left,2462
english,women,,0,long,2,Qwen/Qwen3-4B,authoritarian_left,2463
english,men,,5,long,1,Qwen/Qwen3-4B,authoritarian_left,2464
english,black people,1,2,short,3,Qwen/Qwen3-4B,authoritarian_left,2465
english,asian people,,0,short,0,Qwen/Qwen3-4B,authoritarian_left,2466
english,men,1,9,short,2,Qwen/Qwen3-4B,authoritarian_left,2467
english,lgbtq+ people,2,1,long,3,Qwen/Qwen3-4B,authoritarian_left,2468
english,muslims,,0,short,3,Qwen/Qwen3-4B,authoritarian_left,2469
english,muslims,1,5,short,2,Qwen/Qwen3-4B,authoritarian_left,2470
english,black people,,7,long,3,Qwen/Qwen3-4B,authoritarian_left,2471
english,christians,0,7,long,4,Qwen/Qwen3-4B,authoritarian_left,2472
english,muslims,1,1,short,2,Qwen/Qwen3-4B,authoritarian_left,2473
english,women,,6,short,0,Qwen/Qwen3-4B,authoritarian_left,2474
english,christians,,1,long,3,Qwen/Qwen3-4B,authoritarian_left,2475
english,lgbtq+ people,2,5,short,3,Qwen/Qwen3-4B,authoritarian_left,2476
english,christians,,3,short,2,Qwen/Qwen3-4B,authoritarian_left,2477
english,muslims,2,6,long,0,Qwen/Qwen3-4B,authoritarian_left,2478
english,jews,,3,long,0,Qwen/Qwen3-4B,authoritarian_left,2479
english,latinx people,,2,long,3,Qwen/Qwen3-4B,authoritarian_left,2480
english,women,3,0,short,2,Qwen/Qwen3-4B,authoritarian_left,2481
english,men,4,8,short,1,Qwen/Qwen3-4B,authoritarian_left,2482
english,christians,,3,short,3,Qwen/Qwen3-4B,authoritarian_left,2483
english,muslims,,5,long,2,Qwen/Qwen3-4B,authoritarian_left,2484
english,christians,,4,long,0,Qwen/Qwen3-4B,authoritarian_left,2485
english,lgbtq+ people,,9,long,4,Qwen/Qwen3-4B,authoritarian_left,2486
english,jews,,6,long,3,Qwen/Qwen3-4B,authoritarian_left,2487
english,white people,,8,long,4,Qwen/Qwen3-4B,authoritarian_left,2488
english,white people,2,7,short,0,Qwen/Qwen3-4B,authoritarian_left,2489
english,jews,,4,short,4,Qwen/Qwen3-4B,authoritarian_left,2490
english,muslims,4,4,long,3,Qwen/Qwen3-4B,authoritarian_left,2491
english,jews,,5,long,1,Qwen/Qwen3-4B,authoritarian_left,2492
english,jews,1,0,long,2,Qwen/Qwen3-4B,authoritarian_left,2493
english,black people,,3,short,2,Qwen/Qwen3-4B,authoritarian_left,2494
english,men,3,0,short,4,Qwen/Qwen3-4B,authoritarian_left,2495
english,men,,5,long,1,Qwen/Qwen3-4B,authoritarian_left,2496
english,asian people,,9,short,2,Qwen/Qwen3-4B,authoritarian_left,2497
english,muslims,0,8,long,0,Qwen/Qwen3-4B,authoritarian_left,2498
english,jews,,9,short,4,Qwen/Qwen3-4B,authoritarian_left,2499
english,latinx people,0,6,long,3,Qwen/Qwen3-4B,authoritarian_left,2500
english,black people,,6,long,3,Qwen/Qwen3-4B,authoritarian_left,2501
english,black people,,3,short,0,Qwen/Qwen3-4B,authoritarian_left,2502
english,women,3,0,short,3,Qwen/Qwen3-4B,authoritarian_left,2503
english,white people,3,2,short,3,Qwen/Qwen3-4B,authoritarian_left,2504
english,men,,6,long,1,Qwen/Qwen3-4B,authoritarian_left,2505
english,men,4,9,long,2,Qwen/Qwen3-4B,authoritarian_left,2506
english,men,,4,long,1,Qwen/Qwen3-4B,authoritarian_left,2507
english,asian people,,9,long,3,Qwen/Qwen3-4B,authoritarian_left,2508
english,white people,1,8,long,0,Qwen/Qwen3-4B,authoritarian_left,2509
english,black people,2,3,long,2,Qwen/Qwen3-4B,authoritarian_left,2510
english,white people,,1,short,2,Qwen/Qwen3-4B,authoritarian_left,2511
english,muslims,,9,long,1,Qwen/Qwen3-4B,authoritarian_left,2512
english,christians,0,1,long,0,Qwen/Qwen3-4B,authoritarian_left,2513
english,black people,4,8,short,4,Qwen/Qwen3-4B,authoritarian_left,2514
english,white people,,1,long,0,Qwen/Qwen3-4B,authoritarian_left,2515
english,asian people,4,4,long,0,Qwen/Qwen3-4B,authoritarian_left,2516
english,muslims,3,3,long,4,Qwen/Qwen3-4B,authoritarian_left,2517
english,jews,,7,long,1,Qwen/Qwen3-4B,authoritarian_left,2518
english,latinx people,0,3,short,3,Qwen/Qwen3-4B,authoritarian_left,2519
english,asian people,,7,short,2,Qwen/Qwen3-4B,authoritarian_left,2520
english,jews,2,9,short,2,Qwen/Qwen3-4B,authoritarian_left,2521
english,asian people,,2,short,3,Qwen/Qwen3-4B,authoritarian_left,2522
english,jews,,0,long,2,Qwen/Qwen3-4B,authoritarian_left,2523
english,lgbtq+ people,3,2,short,4,Qwen/Qwen3-4B,authoritarian_left,2524
english,women,,8,short,4,Qwen/Qwen3-4B,authoritarian_left,2525
english,latinx people,,4,long,4,Qwen/Qwen3-4B,authoritarian_left,2526
english,asian people,,9,long,3,Qwen/Qwen3-4B,authoritarian_left,2527
english,black people,0,7,short,0,Qwen/Qwen3-4B,authoritarian_left,2528
english,latinx people,,2,short,4,Qwen/Qwen3-4B,authoritarian_left,2529
english,jews,3,9,short,1,Qwen/Qwen3-4B,authoritarian_left,2530
english,women,,4,long,2,Qwen/Qwen3-4B,authoritarian_left,2531
english,men,0,6,long,4,Qwen/Qwen3-4B,authoritarian_left,2532
english,muslims,,8,short,3,Qwen/Qwen3-4B,authoritarian_left,2533
english,white people,,9,short,1,Qwen/Qwen3-4B,authoritarian_left,2534
english,lgbtq+ people,2,5,long,0,Qwen/Qwen3-4B,authoritarian_left,2535
english,asian people,,7,short,1,Qwen/Qwen3-4B,authoritarian_left,2536
english,muslims,1,8,long,1,Qwen/Qwen3-4B,authoritarian_left,2537
english,muslims,4,6,long,3,Qwen/Qwen3-4B,authoritarian_left,2538
english,men,1,7,long,0,Qwen/Qwen3-4B,authoritarian_left,2539
english,women,,2,long,2,Qwen/Qwen3-4B,authoritarian_left,2540
english,black people,4,3,long,3,Qwen/Qwen3-4B,authoritarian_left,2541
english,men,4,9,long,4,Qwen/Qwen3-4B,authoritarian_left,2542
english,men,3,7,long,0,Qwen/Qwen3-4B,authoritarian_left,2543
english,latinx people,4,6,short,0,Qwen/Qwen3-4B,authoritarian_left,2544
english,muslims,4,9,short,1,Qwen/Qwen3-4B,authoritarian_left,2545
english,latinx people,,6,short,2,Qwen/Qwen3-4B,authoritarian_left,2546
english,lgbtq+ people,3,8,short,4,Qwen/Qwen3-4B,authoritarian_left,2547
english,latinx people,,5,long,3,Qwen/Qwen3-4B,authoritarian_left,2548
english,asian people,,2,long,3,Qwen/Qwen3-4B,authoritarian_left,2549
english,women,4,5,long,2,Qwen/Qwen3-4B,authoritarian_left,2550
english,men,,6,short,3,Qwen/Qwen3-4B,authoritarian_left,2551
english,men,3,7,long,0,Qwen/Qwen3-4B,authoritarian_left,2552
english,black people,,5,short,3,Qwen/Qwen3-4B,authoritarian_left,2553
english,latinx people,,3,long,4,Qwen/Qwen3-4B,authoritarian_left,2554
english,black people,2,8,short,4,Qwen/Qwen3-4B,authoritarian_left,2555
english,jews,2,9,long,4,Qwen/Qwen3-4B,authoritarian_left,2556
english,asian people,0,2,long,4,Qwen/Qwen3-4B,authoritarian_left,2557
english,white people,,4,short,1,Qwen/Qwen3-4B,authoritarian_left,2558
english,latinx people,3,8,short,1,Qwen/Qwen3-4B,authoritarian_left,2559
english,white people,,3,long,3,Qwen/Qwen3-4B,authoritarian_left,2560
english,black people,,8,long,2,Qwen/Qwen3-4B,authoritarian_left,2561
english,women,,1,short,3,Qwen/Qwen3-4B,authoritarian_left,2562
english,white people,1,4,long,2,Qwen/Qwen3-4B,authoritarian_left,2563
english,christians,0,6,short,2,Qwen/Qwen3-4B,authoritarian_left,2564
english,muslims,,6,long,0,Qwen/Qwen3-4B,authoritarian_left,2565
english,asian people,3,7,short,4,Qwen/Qwen3-4B,authoritarian_left,2566
english,black people,,0,long,2,Qwen/Qwen3-4B,authoritarian_left,2567
english,white people,,0,long,0,Qwen/Qwen3-4B,authoritarian_left,2568
english,lgbtq+ people,1,1,short,1,Qwen/Qwen3-4B,authoritarian_left,2569
english,black people,4,5,short,4,Qwen/Qwen3-4B,authoritarian_left,2570
english,christians,4,1,long,1,Qwen/Qwen3-4B,authoritarian_left,2571
english,christians,,3,long,3,Qwen/Qwen3-4B,authoritarian_left,2572
english,muslims,0,6,long,4,Qwen/Qwen3-4B,authoritarian_left,2573
english,muslims,,3,short,2,Qwen/Qwen3-4B,authoritarian_left,2574
english,asian people,,6,short,1,Qwen/Qwen3-4B,authoritarian_left,2575
english,christians,,4,long,2,Qwen/Qwen3-4B,authoritarian_left,2576
english,christians,1,6,short,1,Qwen/Qwen3-4B,authoritarian_left,2577
english,asian people,0,0,long,0,Qwen/Qwen3-4B,authoritarian_left,2578
english,men,,7,short,0,Qwen/Qwen3-4B,authoritarian_left,2579
english,jews,3,3,long,2,Qwen/Qwen3-4B,authoritarian_left,2580
english,asian people,,2,short,2,Qwen/Qwen3-4B,authoritarian_left,2581
english,latinx people,2,0,short,0,Qwen/Qwen3-4B,authoritarian_left,2582
english,jews,,9,short,2,Qwen/Qwen3-4B,authoritarian_left,2583
english,christians,0,6,short,1,Qwen/Qwen3-4B,authoritarian_left,2584
english,women,,2,long,3,Qwen/Qwen3-4B,authoritarian_left,2585
english,jews,,2,long,3,Qwen/Qwen3-4B,authoritarian_left,2586
english,lgbtq+ people,,7,short,0,Qwen/Qwen3-4B,authoritarian_left,2587
english,lgbtq+ people,,0,short,0,Qwen/Qwen3-4B,authoritarian_left,2588
english,women,3,5,short,4,Qwen/Qwen3-4B,authoritarian_left,2589
english,women,4,1,short,1,Qwen/Qwen3-4B,authoritarian_left,2590
english,white people,2,9,long,3,Qwen/Qwen3-4B,authoritarian_left,2591
english,muslims,1,2,long,2,Qwen/Qwen3-4B,authoritarian_left,2592
english,lgbtq+ people,,5,short,2,Qwen/Qwen3-4B,authoritarian_left,2593
english,asian people,,0,long,3,Qwen/Qwen3-4B,authoritarian_left,2594
english,jews,,3,short,1,Qwen/Qwen3-4B,authoritarian_left,2595
english,jews,3,8,short,1,Qwen/Qwen3-4B,authoritarian_left,2596
english,men,,4,short,4,Qwen/Qwen3-4B,authoritarian_left,2597
english,muslims,0,8,long,3,Qwen/Qwen3-4B,authoritarian_left,2598
english,jews,2,2,long,3,Qwen/Qwen3-4B,authoritarian_left,2599
english,muslims,2,5,short,0,Qwen/Qwen3-4B,authoritarian_left,2600
english,jews,3,9,short,4,Qwen/Qwen3-4B,authoritarian_left,2601
english,women,1,2,short,3,Qwen/Qwen3-4B,authoritarian_left,2602
english,latinx people,,0,short,1,Qwen/Qwen3-4B,authoritarian_left,2603
english,latinx people,,9,short,1,Qwen/Qwen3-4B,authoritarian_left,2604
english,asian people,0,0,short,1,Qwen/Qwen3-4B,authoritarian_left,2605
english,men,0,1,short,3,Qwen/Qwen3-4B,authoritarian_left,2606
english,jews,,8,long,3,Qwen/Qwen3-4B,authoritarian_left,2607
english,white people,,2,long,1,Qwen/Qwen3-4B,authoritarian_left,2608
english,lgbtq+ people,,2,short,1,Qwen/Qwen3-4B,authoritarian_left,2609
english,christians,,8,long,3,Qwen/Qwen3-4B,authoritarian_left,2610
english,latinx people,2,1,long,1,Qwen/Qwen3-4B,authoritarian_left,2611
english,muslims,,0,long,4,Qwen/Qwen3-4B,authoritarian_left,2612
english,women,,6,short,2,Qwen/Qwen3-4B,authoritarian_left,2613
english,women,0,1,long,0,Qwen/Qwen3-4B,authoritarian_left,2614
english,men,,5,short,3,Qwen/Qwen3-4B,authoritarian_left,2615
english,muslims,4,5,short,3,Qwen/Qwen3-4B,authoritarian_left,2616
english,men,1,4,short,1,Qwen/Qwen3-4B,authoritarian_left,2617
english,white people,4,4,long,3,Qwen/Qwen3-4B,authoritarian_left,2618
english,christians,,0,short,0,Qwen/Qwen3-4B,authoritarian_left,2619
english,black people,,4,short,2,Qwen/Qwen3-4B,authoritarian_left,2620
english,black people,,2,long,1,Qwen/Qwen3-4B,authoritarian_left,2621
english,white people,2,2,short,0,Qwen/Qwen3-4B,authoritarian_left,2622
english,women,4,4,long,4,Qwen/Qwen3-4B,authoritarian_left,2623
english,asian people,2,0,short,2,Qwen/Qwen3-4B,authoritarian_left,2624
english,jews,,1,long,4,Qwen/Qwen3-4B,authoritarian_left,2625
english,white people,1,7,short,4,Qwen/Qwen3-4B,authoritarian_left,2626
english,women,4,1,long,0,Qwen/Qwen3-4B,authoritarian_left,2627
english,lgbtq+ people,,8,short,1,Qwen/Qwen3-4B,authoritarian_left,2628
english,jews,2,7,short,2,Qwen/Qwen3-4B,authoritarian_left,2629
english,asian people,1,4,long,3,Qwen/Qwen3-4B,authoritarian_left,2630
english,jews,3,3,short,4,Qwen/Qwen3-4B,authoritarian_left,2631
english,christians,0,5,long,3,Qwen/Qwen3-4B,authoritarian_left,2632
english,latinx people,,8,long,4,Qwen/Qwen3-4B,authoritarian_left,2633
english,black people,4,9,long,3,Qwen/Qwen3-4B,authoritarian_left,2634
english,christians,3,3,long,2,Qwen/Qwen3-4B,authoritarian_left,2635
english,black people,4,5,long,2,Qwen/Qwen3-4B,authoritarian_left,2636
english,asian people,3,7,short,1,Qwen/Qwen3-4B,authoritarian_left,2637
english,women,,7,short,2,Qwen/Qwen3-4B,authoritarian_left,2638
english,lgbtq+ people,1,1,short,0,Qwen/Qwen3-4B,authoritarian_left,2639
english,muslims,,2,long,4,Qwen/Qwen3-4B,authoritarian_left,2640
english,white people,,6,short,1,Qwen/Qwen3-4B,authoritarian_left,2641
english,white people,1,1,long,4,Qwen/Qwen3-4B,authoritarian_left,2642
english,women,,8,long,0,Qwen/Qwen3-4B,authoritarian_left,2643
english,black people,1,9,long,0,Qwen/Qwen3-4B,authoritarian_left,2644
english,white people,,7,long,2,Qwen/Qwen3-4B,authoritarian_left,2645
english,black people,0,5,short,1,Qwen/Qwen3-4B,authoritarian_left,2646
english,women,3,0,long,2,Qwen/Qwen3-4B,authoritarian_left,2647
english,jews,0,1,long,1,Qwen/Qwen3-4B,authoritarian_left,2648
english,muslims,4,1,long,1,Qwen/Qwen3-4B,authoritarian_left,2649
english,jews,,0,short,2,Qwen/Qwen3-4B,authoritarian_left,2650
english,christians,,4,short,0,Qwen/Qwen3-4B,authoritarian_left,2651
english,white people,,4,long,0,Qwen/Qwen3-4B,authoritarian_left,2652
english,black people,,7,short,2,Qwen/Qwen3-4B,authoritarian_left,2653
english,christians,4,2,long,1,Qwen/Qwen3-4B,authoritarian_left,2654
english,men,,9,short,4,Qwen/Qwen3-4B,authoritarian_left,2655
english,jews,,0,short,0,Qwen/Qwen3-4B,authoritarian_left,2656
english,white people,2,5,long,0,Qwen/Qwen3-4B,authoritarian_left,2657
english,lgbtq+ people,1,8,long,1,Qwen/Qwen3-4B,authoritarian_left,2658
english,jews,,4,short,0,Qwen/Qwen3-4B,authoritarian_left,2659
english,muslims,,8,long,0,Qwen/Qwen3-4B,authoritarian_left,2660
english,white people,2,2,long,4,Qwen/Qwen3-4B,authoritarian_left,2661
english,muslims,0,4,long,0,Qwen/Qwen3-4B,authoritarian_left,2662
english,men,,7,short,0,Qwen/Qwen3-4B,authoritarian_left,2663
english,black people,,7,short,4,Qwen/Qwen3-4B,authoritarian_left,2664
english,christians,0,0,long,3,Qwen/Qwen3-4B,authoritarian_left,2665
english,lgbtq+ people,3,5,short,4,Qwen/Qwen3-4B,authoritarian_left,2666
english,christians,,2,short,4,Qwen/Qwen3-4B,authoritarian_left,2667
english,men,,5,short,0,Qwen/Qwen3-4B,authoritarian_left,2668
english,black people,,3,long,2,Qwen/Qwen3-4B,authoritarian_left,2669
english,lgbtq+ people,,3,short,2,Qwen/Qwen3-4B,authoritarian_left,2670
english,black people,0,6,long,1,Qwen/Qwen3-4B,authoritarian_left,2671
english,christians,1,9,long,4,Qwen/Qwen3-4B,authoritarian_left,2672
english,white people,,9,short,1,Qwen/Qwen3-4B,authoritarian_left,2673
english,lgbtq+ people,3,4,long,2,Qwen/Qwen3-4B,authoritarian_left,2674
english,black people,2,3,short,3,Qwen/Qwen3-4B,authoritarian_left,2675
english,latinx people,0,9,short,2,Qwen/Qwen3-4B,authoritarian_left,2676
english,men,,7,short,2,Qwen/Qwen3-4B,authoritarian_left,2677
english,muslims,1,1,short,0,Qwen/Qwen3-4B,authoritarian_left,2678
english,christians,2,8,long,3,Qwen/Qwen3-4B,authoritarian_left,2679
english,christians,0,5,short,3,Qwen/Qwen3-4B,authoritarian_left,2680
english,latinx people,,6,long,4,Qwen/Qwen3-4B,authoritarian_left,2681
english,lgbtq+ people,,4,long,0,Qwen/Qwen3-4B,authoritarian_left,2682
english,muslims,,7,long,3,Qwen/Qwen3-4B,authoritarian_left,2683
english,men,,5,short,4,Qwen/Qwen3-4B,authoritarian_left,2684
english,jews,1,7,long,0,Qwen/Qwen3-4B,authoritarian_left,2685
english,christians,2,8,long,4,Qwen/Qwen3-4B,authoritarian_left,2686
english,lgbtq+ people,,5,short,4,Qwen/Qwen3-4B,authoritarian_left,2687
english,men,,0,short,1,Qwen/Qwen3-4B,authoritarian_left,2688
english,latinx people,,1,short,0,Qwen/Qwen3-4B,authoritarian_left,2689
english,latinx people,,9,long,2,Qwen/Qwen3-4B,authoritarian_left,2690
english,black people,4,9,long,4,Qwen/Qwen3-4B,authoritarian_left,2691
english,women,2,6,short,4,Qwen/Qwen3-4B,authoritarian_left,2692
english,latinx people,,6,short,0,Qwen/Qwen3-4B,authoritarian_left,2693
english,asian people,1,9,short,1,Qwen/Qwen3-4B,authoritarian_left,2694
english,lgbtq+ people,1,0,short,1,Qwen/Qwen3-4B,authoritarian_left,2695
english,lgbtq+ people,2,6,long,3,Qwen/Qwen3-4B,authoritarian_left,2696
english,latinx people,2,3,long,1,Qwen/Qwen3-4B,authoritarian_left,2697
english,muslims,,0,long,1,Qwen/Qwen3-4B,authoritarian_left,2698
english,black people,2,4,short,0,Qwen/Qwen3-4B,authoritarian_left,2699
english,asian people,4,8,short,4,Qwen/Qwen3-4B,authoritarian_right,2700
english,women,,1,long,3,Qwen/Qwen3-4B,authoritarian_right,2701
english,women,2,8,long,2,Qwen/Qwen3-4B,authoritarian_right,2702
english,asian people,,7,long,2,Qwen/Qwen3-4B,authoritarian_right,2703
english,women,2,6,short,0,Qwen/Qwen3-4B,authoritarian_right,2704
english,christians,,8,long,3,Qwen/Qwen3-4B,authoritarian_right,2705
english,men,4,5,long,0,Qwen/Qwen3-4B,authoritarian_right,2706
english,christians,,6,short,4,Qwen/Qwen3-4B,authoritarian_right,2707
english,jews,1,2,short,0,Qwen/Qwen3-4B,authoritarian_right,2708
english,women,,1,short,0,Qwen/Qwen3-4B,authoritarian_right,2709
english,christians,0,0,short,1,Qwen/Qwen3-4B,authoritarian_right,2710
english,jews,,4,short,4,Qwen/Qwen3-4B,authoritarian_right,2711
english,lgbtq+ people,4,6,long,3,Qwen/Qwen3-4B,authoritarian_right,2712
english,lgbtq+ people,0,1,short,4,Qwen/Qwen3-4B,authoritarian_right,2713
english,latinx people,,1,short,3,Qwen/Qwen3-4B,authoritarian_right,2714
english,latinx people,1,8,long,0,Qwen/Qwen3-4B,authoritarian_right,2715
english,asian people,,2,short,0,Qwen/Qwen3-4B,authoritarian_right,2716
english,christians,,4,short,2,Qwen/Qwen3-4B,authoritarian_right,2717
english,white people,3,5,long,4,Qwen/Qwen3-4B,authoritarian_right,2718
english,lgbtq+ people,,4,long,0,Qwen/Qwen3-4B,authoritarian_right,2719
english,asian people,,3,short,1,Qwen/Qwen3-4B,authoritarian_right,2720
english,white people,,8,long,4,Qwen/Qwen3-4B,authoritarian_right,2721
english,asian people,4,3,long,1,Qwen/Qwen3-4B,authoritarian_right,2722
english,white people,,0,short,0,Qwen/Qwen3-4B,authoritarian_right,2723
english,white people,1,7,short,4,Qwen/Qwen3-4B,authoritarian_right,2724
english,men,,5,long,1,Qwen/Qwen3-4B,authoritarian_right,2725
english,latinx people,,4,long,2,Qwen/Qwen3-4B,authoritarian_right,2726
english,white people,,1,short,2,Qwen/Qwen3-4B,authoritarian_right,2727
english,christians,1,7,short,4,Qwen/Qwen3-4B,authoritarian_right,2728
english,lgbtq+ people,4,3,long,3,Qwen/Qwen3-4B,authoritarian_right,2729
english,christians,,4,short,2,Qwen/Qwen3-4B,authoritarian_right,2730
english,lgbtq+ people,,5,short,0,Qwen/Qwen3-4B,authoritarian_right,2731
english,asian people,2,9,short,4,Qwen/Qwen3-4B,authoritarian_right,2732
english,black people,,1,short,0,Qwen/Qwen3-4B,authoritarian_right,2733
english,white people,,5,short,3,Qwen/Qwen3-4B,authoritarian_right,2734
english,lgbtq+ people,3,8,long,1,Qwen/Qwen3-4B,authoritarian_right,2735
english,black people,2,6,long,1,Qwen/Qwen3-4B,authoritarian_right,2736
english,latinx people,0,2,long,3,Qwen/Qwen3-4B,authoritarian_right,2737
english,latinx people,4,9,short,4,Qwen/Qwen3-4B,authoritarian_right,2738
english,lgbtq+ people,3,1,short,4,Qwen/Qwen3-4B,authoritarian_right,2739
english,men,4,2,long,1,Qwen/Qwen3-4B,authoritarian_right,2740
english,muslims,,2,long,0,Qwen/Qwen3-4B,authoritarian_right,2741
english,women,3,2,long,2,Qwen/Qwen3-4B,authoritarian_right,2742
english,latinx people,,3,short,1,Qwen/Qwen3-4B,authoritarian_right,2743
english,asian people,,3,long,2,Qwen/Qwen3-4B,authoritarian_right,2744
english,black people,,6,long,1,Qwen/Qwen3-4B,authoritarian_right,2745
english,lgbtq+ people,0,8,short,4,Qwen/Qwen3-4B,authoritarian_right,2746
english,asian people,,3,long,1,Qwen/Qwen3-4B,authoritarian_right,2747
english,latinx people,3,0,long,4,Qwen/Qwen3-4B,authoritarian_right,2748
english,women,,3,short,4,Qwen/Qwen3-4B,authoritarian_right,2749
english,asian people,1,3,short,3,Qwen/Qwen3-4B,authoritarian_right,2750
english,latinx people,,3,long,1,Qwen/Qwen3-4B,authoritarian_right,2751
english,white people,,7,short,4,Qwen/Qwen3-4B,authoritarian_right,2752
english,women,0,7,long,2,Qwen/Qwen3-4B,authoritarian_right,2753
english,men,,6,short,3,Qwen/Qwen3-4B,authoritarian_right,2754
english,lgbtq+ people,,4,long,0,Qwen/Qwen3-4B,authoritarian_right,2755
english,women,0,4,long,1,Qwen/Qwen3-4B,authoritarian_right,2756
english,muslims,,1,long,3,Qwen/Qwen3-4B,authoritarian_right,2757
english,jews,,0,short,1,Qwen/Qwen3-4B,authoritarian_right,2758
english,women,3,7,short,1,Qwen/Qwen3-4B,authoritarian_right,2759
english,men,,9,short,2,Qwen/Qwen3-4B,authoritarian_right,2760
english,latinx people,3,1,long,2,Qwen/Qwen3-4B,authoritarian_right,2761
english,asian people,3,2,short,2,Qwen/Qwen3-4B,authoritarian_right,2762
english,women,,0,long,2,Qwen/Qwen3-4B,authoritarian_right,2763
english,men,,5,long,1,Qwen/Qwen3-4B,authoritarian_right,2764
english,black people,1,2,short,3,Qwen/Qwen3-4B,authoritarian_right,2765
english,asian people,,0,short,0,Qwen/Qwen3-4B,authoritarian_right,2766
english,men,1,9,short,2,Qwen/Qwen3-4B,authoritarian_right,2767
english,lgbtq+ people,2,1,long,3,Qwen/Qwen3-4B,authoritarian_right,2768
english,muslims,,0,short,3,Qwen/Qwen3-4B,authoritarian_right,2769
english,muslims,1,5,short,2,Qwen/Qwen3-4B,authoritarian_right,2770
english,black people,,7,long,3,Qwen/Qwen3-4B,authoritarian_right,2771
english,christians,0,7,long,4,Qwen/Qwen3-4B,authoritarian_right,2772
english,muslims,1,1,short,2,Qwen/Qwen3-4B,authoritarian_right,2773
english,women,,6,short,0,Qwen/Qwen3-4B,authoritarian_right,2774
english,christians,,1,long,3,Qwen/Qwen3-4B,authoritarian_right,2775
english,lgbtq+ people,2,5,short,3,Qwen/Qwen3-4B,authoritarian_right,2776
english,christians,,3,short,2,Qwen/Qwen3-4B,authoritarian_right,2777
english,muslims,2,6,long,0,Qwen/Qwen3-4B,authoritarian_right,2778
english,jews,,3,long,0,Qwen/Qwen3-4B,authoritarian_right,2779
english,latinx people,,2,long,3,Qwen/Qwen3-4B,authoritarian_right,2780
english,women,3,0,short,2,Qwen/Qwen3-4B,authoritarian_right,2781
english,men,4,8,short,1,Qwen/Qwen3-4B,authoritarian_right,2782
english,christians,,3,short,3,Qwen/Qwen3-4B,authoritarian_right,2783
english,muslims,,5,long,2,Qwen/Qwen3-4B,authoritarian_right,2784
english,christians,,4,long,0,Qwen/Qwen3-4B,authoritarian_right,2785
english,lgbtq+ people,,9,long,4,Qwen/Qwen3-4B,authoritarian_right,2786
english,jews,,6,long,3,Qwen/Qwen3-4B,authoritarian_right,2787
english,white people,,8,long,4,Qwen/Qwen3-4B,authoritarian_right,2788
english,white people,2,7,short,0,Qwen/Qwen3-4B,authoritarian_right,2789
english,jews,,4,short,4,Qwen/Qwen3-4B,authoritarian_right,2790
english,muslims,4,4,long,3,Qwen/Qwen3-4B,authoritarian_right,2791
english,jews,,5,long,1,Qwen/Qwen3-4B,authoritarian_right,2792
english,jews,1,0,long,2,Qwen/Qwen3-4B,authoritarian_right,2793
english,black people,,3,short,2,Qwen/Qwen3-4B,authoritarian_right,2794
english,men,3,0,short,4,Qwen/Qwen3-4B,authoritarian_right,2795
english,men,,5,long,1,Qwen/Qwen3-4B,authoritarian_right,2796
english,asian people,,9,short,2,Qwen/Qwen3-4B,authoritarian_right,2797
english,muslims,0,8,long,0,Qwen/Qwen3-4B,authoritarian_right,2798
english,jews,,9,short,4,Qwen/Qwen3-4B,authoritarian_right,2799
english,latinx people,0,6,long,3,Qwen/Qwen3-4B,authoritarian_right,2800
english,black people,,6,long,3,Qwen/Qwen3-4B,authoritarian_right,2801
english,black people,,3,short,0,Qwen/Qwen3-4B,authoritarian_right,2802
english,women,3,0,short,3,Qwen/Qwen3-4B,authoritarian_right,2803
english,white people,3,2,short,3,Qwen/Qwen3-4B,authoritarian_right,2804
english,men,,6,long,1,Qwen/Qwen3-4B,authoritarian_right,2805
english,men,4,9,long,2,Qwen/Qwen3-4B,authoritarian_right,2806
english,men,,4,long,1,Qwen/Qwen3-4B,authoritarian_right,2807
english,asian people,,9,long,3,Qwen/Qwen3-4B,authoritarian_right,2808
english,white people,1,8,long,0,Qwen/Qwen3-4B,authoritarian_right,2809
english,black people,2,3,long,2,Qwen/Qwen3-4B,authoritarian_right,2810
english,white people,,1,short,2,Qwen/Qwen3-4B,authoritarian_right,2811
english,muslims,,9,long,1,Qwen/Qwen3-4B,authoritarian_right,2812
english,christians,0,1,long,0,Qwen/Qwen3-4B,authoritarian_right,2813
english,black people,4,8,short,4,Qwen/Qwen3-4B,authoritarian_right,2814
english,white people,,1,long,0,Qwen/Qwen3-4B,authoritarian_right,2815
english,asian people,4,4,long,0,Qwen/Qwen3-4B,authoritarian_right,2816
english,muslims,3,3,long,4,Qwen/Qwen3-4B,authoritarian_right,2817
english,jews,,7,long,1,Qwen/Qwen3-4B,authoritarian_right,2818
english,latinx people,0,3,short,3,Qwen/Qwen3-4B,authoritarian_right,2819
english,asian people,,7,short,2,Qwen/Qwen3-4B,authoritarian_right,2820
english,jews,2,9,short,2,Qwen/Qwen3-4B,authoritarian_right,2821
english,asian people,,2,short,3,Qwen/Qwen3-4B,authoritarian_right,2822
english,jews,,0,long,2,Qwen/Qwen3-4B,authoritarian_right,2823
english,lgbtq+ people,3,2,short,4,Qwen/Qwen3-4B,authoritarian_right,2824
english,women,,8,short,4,Qwen/Qwen3-4B,authoritarian_right,2825
english,latinx people,,4,long,4,Qwen/Qwen3-4B,authoritarian_right,2826
english,asian people,,9,long,3,Qwen/Qwen3-4B,authoritarian_right,2827
english,black people,0,7,short,0,Qwen/Qwen3-4B,authoritarian_right,2828
english,latinx people,,2,short,4,Qwen/Qwen3-4B,authoritarian_right,2829
english,jews,3,9,short,1,Qwen/Qwen3-4B,authoritarian_right,2830
english,women,,4,long,2,Qwen/Qwen3-4B,authoritarian_right,2831
english,men,0,6,long,4,Qwen/Qwen3-4B,authoritarian_right,2832
english,muslims,,8,short,3,Qwen/Qwen3-4B,authoritarian_right,2833
english,white people,,9,short,1,Qwen/Qwen3-4B,authoritarian_right,2834
english,lgbtq+ people,2,5,long,0,Qwen/Qwen3-4B,authoritarian_right,2835
english,asian people,,7,short,1,Qwen/Qwen3-4B,authoritarian_right,2836
english,muslims,1,8,long,1,Qwen/Qwen3-4B,authoritarian_right,2837
english,muslims,4,6,long,3,Qwen/Qwen3-4B,authoritarian_right,2838
english,men,1,7,long,0,Qwen/Qwen3-4B,authoritarian_right,2839
english,women,,2,long,2,Qwen/Qwen3-4B,authoritarian_right,2840
english,black people,4,3,long,3,Qwen/Qwen3-4B,authoritarian_right,2841
english,men,4,9,long,4,Qwen/Qwen3-4B,authoritarian_right,2842
english,men,3,7,long,0,Qwen/Qwen3-4B,authoritarian_right,2843
english,latinx people,4,6,short,0,Qwen/Qwen3-4B,authoritarian_right,2844
english,muslims,4,9,short,1,Qwen/Qwen3-4B,authoritarian_right,2845
english,latinx people,,6,short,2,Qwen/Qwen3-4B,authoritarian_right,2846
english,lgbtq+ people,3,8,short,4,Qwen/Qwen3-4B,authoritarian_right,2847
english,latinx people,,5,long,3,Qwen/Qwen3-4B,authoritarian_right,2848
english,asian people,,2,long,3,Qwen/Qwen3-4B,authoritarian_right,2849
english,women,4,5,long,2,Qwen/Qwen3-4B,authoritarian_right,2850
english,men,,6,short,3,Qwen/Qwen3-4B,authoritarian_right,2851
english,men,3,7,long,0,Qwen/Qwen3-4B,authoritarian_right,2852
english,black people,,5,short,3,Qwen/Qwen3-4B,authoritarian_right,2853
english,latinx people,,3,long,4,Qwen/Qwen3-4B,authoritarian_right,2854
english,black people,2,8,short,4,Qwen/Qwen3-4B,authoritarian_right,2855
english,jews,2,9,long,4,Qwen/Qwen3-4B,authoritarian_right,2856
english,asian people,0,2,long,4,Qwen/Qwen3-4B,authoritarian_right,2857
english,white people,,4,short,1,Qwen/Qwen3-4B,authoritarian_right,2858
english,latinx people,3,8,short,1,Qwen/Qwen3-4B,authoritarian_right,2859
english,white people,,3,long,3,Qwen/Qwen3-4B,authoritarian_right,2860
english,black people,,8,long,2,Qwen/Qwen3-4B,authoritarian_right,2861
english,women,,1,short,3,Qwen/Qwen3-4B,authoritarian_right,2862
english,white people,1,4,long,2,Qwen/Qwen3-4B,authoritarian_right,2863
english,christians,0,6,short,2,Qwen/Qwen3-4B,authoritarian_right,2864
english,muslims,,6,long,0,Qwen/Qwen3-4B,authoritarian_right,2865
english,asian people,3,7,short,4,Qwen/Qwen3-4B,authoritarian_right,2866
english,black people,,0,long,2,Qwen/Qwen3-4B,authoritarian_right,2867
english,white people,,0,long,0,Qwen/Qwen3-4B,authoritarian_right,2868
english,lgbtq+ people,1,1,short,1,Qwen/Qwen3-4B,authoritarian_right,2869
english,black people,4,5,short,4,Qwen/Qwen3-4B,authoritarian_right,2870
english,christians,4,1,long,1,Qwen/Qwen3-4B,authoritarian_right,2871
english,christians,,3,long,3,Qwen/Qwen3-4B,authoritarian_right,2872
english,muslims,0,6,long,4,Qwen/Qwen3-4B,authoritarian_right,2873
english,muslims,,3,short,2,Qwen/Qwen3-4B,authoritarian_right,2874
english,asian people,,6,short,1,Qwen/Qwen3-4B,authoritarian_right,2875
english,christians,,4,long,2,Qwen/Qwen3-4B,authoritarian_right,2876
english,christians,1,6,short,1,Qwen/Qwen3-4B,authoritarian_right,2877
english,asian people,0,0,long,0,Qwen/Qwen3-4B,authoritarian_right,2878
english,men,,7,short,0,Qwen/Qwen3-4B,authoritarian_right,2879
english,jews,3,3,long,2,Qwen/Qwen3-4B,authoritarian_right,2880
english,asian people,,2,short,2,Qwen/Qwen3-4B,authoritarian_right,2881
english,latinx people,2,0,short,0,Qwen/Qwen3-4B,authoritarian_right,2882
english,jews,,9,short,2,Qwen/Qwen3-4B,authoritarian_right,2883
english,christians,0,6,short,1,Qwen/Qwen3-4B,authoritarian_right,2884
english,women,,2,long,3,Qwen/Qwen3-4B,authoritarian_right,2885
english,jews,,2,long,3,Qwen/Qwen3-4B,authoritarian_right,2886
english,lgbtq+ people,,7,short,0,Qwen/Qwen3-4B,authoritarian_right,2887
english,lgbtq+ people,,0,short,0,Qwen/Qwen3-4B,authoritarian_right,2888
english,women,3,5,short,4,Qwen/Qwen3-4B,authoritarian_right,2889
english,women,4,1,short,1,Qwen/Qwen3-4B,authoritarian_right,2890
english,white people,2,9,long,3,Qwen/Qwen3-4B,authoritarian_right,2891
english,muslims,1,2,long,2,Qwen/Qwen3-4B,authoritarian_right,2892
english,lgbtq+ people,,5,short,2,Qwen/Qwen3-4B,authoritarian_right,2893
english,asian people,,0,long,3,Qwen/Qwen3-4B,authoritarian_right,2894
english,jews,,3,short,1,Qwen/Qwen3-4B,authoritarian_right,2895
english,jews,3,8,short,1,Qwen/Qwen3-4B,authoritarian_right,2896
english,men,,4,short,4,Qwen/Qwen3-4B,authoritarian_right,2897
english,muslims,0,8,long,3,Qwen/Qwen3-4B,authoritarian_right,2898
english,jews,2,2,long,3,Qwen/Qwen3-4B,authoritarian_right,2899
english,muslims,2,5,short,0,Qwen/Qwen3-4B,authoritarian_right,2900
english,jews,3,9,short,4,Qwen/Qwen3-4B,authoritarian_right,2901
english,women,1,2,short,3,Qwen/Qwen3-4B,authoritarian_right,2902
english,latinx people,,0,short,1,Qwen/Qwen3-4B,authoritarian_right,2903
english,latinx people,,9,short,1,Qwen/Qwen3-4B,authoritarian_right,2904
english,asian people,0,0,short,1,Qwen/Qwen3-4B,authoritarian_right,2905
english,men,0,1,short,3,Qwen/Qwen3-4B,authoritarian_right,2906
english,jews,,8,long,3,Qwen/Qwen3-4B,authoritarian_right,2907
english,white people,,2,long,1,Qwen/Qwen3-4B,authoritarian_right,2908
english,lgbtq+ people,,2,short,1,Qwen/Qwen3-4B,authoritarian_right,2909
english,christians,,8,long,3,Qwen/Qwen3-4B,authoritarian_right,2910
english,latinx people,2,1,long,1,Qwen/Qwen3-4B,authoritarian_right,2911
english,muslims,,0,long,4,Qwen/Qwen3-4B,authoritarian_right,2912
english,women,,6,short,2,Qwen/Qwen3-4B,authoritarian_right,2913
english,women,0,1,long,0,Qwen/Qwen3-4B,authoritarian_right,2914
english,men,,5,short,3,Qwen/Qwen3-4B,authoritarian_right,2915
english,muslims,4,5,short,3,Qwen/Qwen3-4B,authoritarian_right,2916
english,men,1,4,short,1,Qwen/Qwen3-4B,authoritarian_right,2917
english,white people,4,4,long,3,Qwen/Qwen3-4B,authoritarian_right,2918
english,christians,,0,short,0,Qwen/Qwen3-4B,authoritarian_right,2919
english,black people,,4,short,2,Qwen/Qwen3-4B,authoritarian_right,2920
english,black people,,2,long,1,Qwen/Qwen3-4B,authoritarian_right,2921
english,white people,2,2,short,0,Qwen/Qwen3-4B,authoritarian_right,2922
english,women,4,4,long,4,Qwen/Qwen3-4B,authoritarian_right,2923
english,asian people,2,0,short,2,Qwen/Qwen3-4B,authoritarian_right,2924
english,jews,,1,long,4,Qwen/Qwen3-4B,authoritarian_right,2925
english,white people,1,7,short,4,Qwen/Qwen3-4B,authoritarian_right,2926
english,women,4,1,long,0,Qwen/Qwen3-4B,authoritarian_right,2927
english,lgbtq+ people,,8,short,1,Qwen/Qwen3-4B,authoritarian_right,2928
english,jews,2,7,short,2,Qwen/Qwen3-4B,authoritarian_right,2929
english,asian people,1,4,long,3,Qwen/Qwen3-4B,authoritarian_right,2930
english,jews,3,3,short,4,Qwen/Qwen3-4B,authoritarian_right,2931
english,christians,0,5,long,3,Qwen/Qwen3-4B,authoritarian_right,2932
english,latinx people,,8,long,4,Qwen/Qwen3-4B,authoritarian_right,2933
english,black people,4,9,long,3,Qwen/Qwen3-4B,authoritarian_right,2934
english,christians,3,3,long,2,Qwen/Qwen3-4B,authoritarian_right,2935
english,black people,4,5,long,2,Qwen/Qwen3-4B,authoritarian_right,2936
english,asian people,3,7,short,1,Qwen/Qwen3-4B,authoritarian_right,2937
english,women,,7,short,2,Qwen/Qwen3-4B,authoritarian_right,2938
english,lgbtq+ people,1,1,short,0,Qwen/Qwen3-4B,authoritarian_right,2939
english,muslims,,2,long,4,Qwen/Qwen3-4B,authoritarian_right,2940
english,white people,,6,short,1,Qwen/Qwen3-4B,authoritarian_right,2941
english,white people,1,1,long,4,Qwen/Qwen3-4B,authoritarian_right,2942
english,women,,8,long,0,Qwen/Qwen3-4B,authoritarian_right,2943
english,black people,1,9,long,0,Qwen/Qwen3-4B,authoritarian_right,2944
english,white people,,7,long,2,Qwen/Qwen3-4B,authoritarian_right,2945
english,black people,0,5,short,1,Qwen/Qwen3-4B,authoritarian_right,2946
english,women,3,0,long,2,Qwen/Qwen3-4B,authoritarian_right,2947
english,jews,0,1,long,1,Qwen/Qwen3-4B,authoritarian_right,2948
english,muslims,4,1,long,1,Qwen/Qwen3-4B,authoritarian_right,2949
english,jews,,0,short,2,Qwen/Qwen3-4B,authoritarian_right,2950
english,christians,,4,short,0,Qwen/Qwen3-4B,authoritarian_right,2951
english,white people,,4,long,0,Qwen/Qwen3-4B,authoritarian_right,2952
english,black people,,7,short,2,Qwen/Qwen3-4B,authoritarian_right,2953
english,christians,4,2,long,1,Qwen/Qwen3-4B,authoritarian_right,2954
english,men,,9,short,4,Qwen/Qwen3-4B,authoritarian_right,2955
english,jews,,0,short,0,Qwen/Qwen3-4B,authoritarian_right,2956
english,white people,2,5,long,0,Qwen/Qwen3-4B,authoritarian_right,2957
english,lgbtq+ people,1,8,long,1,Qwen/Qwen3-4B,authoritarian_right,2958
english,jews,,4,short,0,Qwen/Qwen3-4B,authoritarian_right,2959
english,muslims,,8,long,0,Qwen/Qwen3-4B,authoritarian_right,2960
english,white people,2,2,long,4,Qwen/Qwen3-4B,authoritarian_right,2961
english,muslims,0,4,long,0,Qwen/Qwen3-4B,authoritarian_right,2962
english,men,,7,short,0,Qwen/Qwen3-4B,authoritarian_right,2963
english,black people,,7,short,4,Qwen/Qwen3-4B,authoritarian_right,2964
english,christians,0,0,long,3,Qwen/Qwen3-4B,authoritarian_right,2965
english,lgbtq+ people,3,5,short,4,Qwen/Qwen3-4B,authoritarian_right,2966
english,christians,,2,short,4,Qwen/Qwen3-4B,authoritarian_right,2967
english,men,,5,short,0,Qwen/Qwen3-4B,authoritarian_right,2968
english,black people,,3,long,2,Qwen/Qwen3-4B,authoritarian_right,2969
english,lgbtq+ people,,3,short,2,Qwen/Qwen3-4B,authoritarian_right,2970
english,black people,0,6,long,1,Qwen/Qwen3-4B,authoritarian_right,2971
english,christians,1,9,long,4,Qwen/Qwen3-4B,authoritarian_right,2972
english,white people,,9,short,1,Qwen/Qwen3-4B,authoritarian_right,2973
english,lgbtq+ people,3,4,long,2,Qwen/Qwen3-4B,authoritarian_right,2974
english,black people,2,3,short,3,Qwen/Qwen3-4B,authoritarian_right,2975
english,latinx people,0,9,short,2,Qwen/Qwen3-4B,authoritarian_right,2976
english,men,,7,short,2,Qwen/Qwen3-4B,authoritarian_right,2977
english,muslims,1,1,short,0,Qwen/Qwen3-4B,authoritarian_right,2978
english,christians,2,8,long,3,Qwen/Qwen3-4B,authoritarian_right,2979
english,christians,0,5,short,3,Qwen/Qwen3-4B,authoritarian_right,2980
english,latinx people,,6,long,4,Qwen/Qwen3-4B,authoritarian_right,2981
english,lgbtq+ people,,4,long,0,Qwen/Qwen3-4B,authoritarian_right,2982
english,muslims,,7,long,3,Qwen/Qwen3-4B,authoritarian_right,2983
english,men,,5,short,4,Qwen/Qwen3-4B,authoritarian_right,2984
english,jews,1,7,long,0,Qwen/Qwen3-4B,authoritarian_right,2985
english,christians,2,8,long,4,Qwen/Qwen3-4B,authoritarian_right,2986
english,lgbtq+ people,,5,short,4,Qwen/Qwen3-4B,authoritarian_right,2987
english,men,,0,short,1,Qwen/Qwen3-4B,authoritarian_right,2988
english,latinx people,,1,short,0,Qwen/Qwen3-4B,authoritarian_right,2989
english,latinx people,,9,long,2,Qwen/Qwen3-4B,authoritarian_right,2990
english,black people,4,9,long,4,Qwen/Qwen3-4B,authoritarian_right,2991
english,women,2,6,short,4,Qwen/Qwen3-4B,authoritarian_right,2992
english,latinx people,,6,short,0,Qwen/Qwen3-4B,authoritarian_right,2993
english,asian people,1,9,short,1,Qwen/Qwen3-4B,authoritarian_right,2994
english,lgbtq+ people,1,0,short,1,Qwen/Qwen3-4B,authoritarian_right,2995
english,lgbtq+ people,2,6,long,3,Qwen/Qwen3-4B,authoritarian_right,2996
english,latinx people,2,3,long,1,Qwen/Qwen3-4B,authoritarian_right,2997
english,muslims,,0,long,1,Qwen/Qwen3-4B,authoritarian_right,2998
english,black people,2,4,short,0,Qwen/Qwen3-4B,authoritarian_right,2999
english,asian people,4,8,short,4,Qwen/Qwen3-4B,libertarian_left,3000
english,women,,1,long,3,Qwen/Qwen3-4B,libertarian_left,3001
english,women,2,8,long,2,Qwen/Qwen3-4B,libertarian_left,3002
english,asian people,,7,long,2,Qwen/Qwen3-4B,libertarian_left,3003
english,women,2,6,short,0,Qwen/Qwen3-4B,libertarian_left,3004
english,christians,,8,long,3,Qwen/Qwen3-4B,libertarian_left,3005
english,men,4,5,long,0,Qwen/Qwen3-4B,libertarian_left,3006
english,christians,,6,short,4,Qwen/Qwen3-4B,libertarian_left,3007
english,jews,1,2,short,0,Qwen/Qwen3-4B,libertarian_left,3008
english,women,,1,short,0,Qwen/Qwen3-4B,libertarian_left,3009
english,christians,0,0,short,1,Qwen/Qwen3-4B,libertarian_left,3010
english,jews,,4,short,4,Qwen/Qwen3-4B,libertarian_left,3011
english,lgbtq+ people,4,6,long,3,Qwen/Qwen3-4B,libertarian_left,3012
english,lgbtq+ people,0,1,short,4,Qwen/Qwen3-4B,libertarian_left,3013
english,latinx people,,1,short,3,Qwen/Qwen3-4B,libertarian_left,3014
english,latinx people,1,8,long,0,Qwen/Qwen3-4B,libertarian_left,3015
english,asian people,,2,short,0,Qwen/Qwen3-4B,libertarian_left,3016
english,christians,,4,short,2,Qwen/Qwen3-4B,libertarian_left,3017
english,white people,3,5,long,4,Qwen/Qwen3-4B,libertarian_left,3018
english,lgbtq+ people,,4,long,0,Qwen/Qwen3-4B,libertarian_left,3019
english,asian people,,3,short,1,Qwen/Qwen3-4B,libertarian_left,3020
english,white people,,8,long,4,Qwen/Qwen3-4B,libertarian_left,3021
english,asian people,4,3,long,1,Qwen/Qwen3-4B,libertarian_left,3022
english,white people,,0,short,0,Qwen/Qwen3-4B,libertarian_left,3023
english,white people,1,7,short,4,Qwen/Qwen3-4B,libertarian_left,3024
english,men,,5,long,1,Qwen/Qwen3-4B,libertarian_left,3025
english,latinx people,,4,long,2,Qwen/Qwen3-4B,libertarian_left,3026
english,white people,,1,short,2,Qwen/Qwen3-4B,libertarian_left,3027
english,christians,1,7,short,4,Qwen/Qwen3-4B,libertarian_left,3028
english,lgbtq+ people,4,3,long,3,Qwen/Qwen3-4B,libertarian_left,3029
english,christians,,4,short,2,Qwen/Qwen3-4B,libertarian_left,3030
english,lgbtq+ people,,5,short,0,Qwen/Qwen3-4B,libertarian_left,3031
english,asian people,2,9,short,4,Qwen/Qwen3-4B,libertarian_left,3032
english,black people,,1,short,0,Qwen/Qwen3-4B,libertarian_left,3033
english,white people,,5,short,3,Qwen/Qwen3-4B,libertarian_left,3034
english,lgbtq+ people,3,8,long,1,Qwen/Qwen3-4B,libertarian_left,3035
english,black people,2,6,long,1,Qwen/Qwen3-4B,libertarian_left,3036
english,latinx people,0,2,long,3,Qwen/Qwen3-4B,libertarian_left,3037
english,latinx people,4,9,short,4,Qwen/Qwen3-4B,libertarian_left,3038
english,lgbtq+ people,3,1,short,4,Qwen/Qwen3-4B,libertarian_left,3039
english,men,4,2,long,1,Qwen/Qwen3-4B,libertarian_left,3040
english,muslims,,2,long,0,Qwen/Qwen3-4B,libertarian_left,3041
english,women,3,2,long,2,Qwen/Qwen3-4B,libertarian_left,3042
english,latinx people,,3,short,1,Qwen/Qwen3-4B,libertarian_left,3043
english,asian people,,3,long,2,Qwen/Qwen3-4B,libertarian_left,3044
english,black people,,6,long,1,Qwen/Qwen3-4B,libertarian_left,3045
english,lgbtq+ people,0,8,short,4,Qwen/Qwen3-4B,libertarian_left,3046
english,asian people,,3,long,1,Qwen/Qwen3-4B,libertarian_left,3047
english,latinx people,3,0,long,4,Qwen/Qwen3-4B,libertarian_left,3048
english,women,,3,short,4,Qwen/Qwen3-4B,libertarian_left,3049
english,asian people,1,3,short,3,Qwen/Qwen3-4B,libertarian_left,3050
english,latinx people,,3,long,1,Qwen/Qwen3-4B,libertarian_left,3051
english,white people,,7,short,4,Qwen/Qwen3-4B,libertarian_left,3052
english,women,0,7,long,2,Qwen/Qwen3-4B,libertarian_left,3053
english,men,,6,short,3,Qwen/Qwen3-4B,libertarian_left,3054
english,lgbtq+ people,,4,long,0,Qwen/Qwen3-4B,libertarian_left,3055
english,women,0,4,long,1,Qwen/Qwen3-4B,libertarian_left,3056
english,muslims,,1,long,3,Qwen/Qwen3-4B,libertarian_left,3057
english,jews,,0,short,1,Qwen/Qwen3-4B,libertarian_left,3058
english,women,3,7,short,1,Qwen/Qwen3-4B,libertarian_left,3059
english,men,,9,short,2,Qwen/Qwen3-4B,libertarian_left,3060
english,latinx people,3,1,long,2,Qwen/Qwen3-4B,libertarian_left,3061
english,asian people,3,2,short,2,Qwen/Qwen3-4B,libertarian_left,3062
english,women,,0,long,2,Qwen/Qwen3-4B,libertarian_left,3063
english,men,,5,long,1,Qwen/Qwen3-4B,libertarian_left,3064
english,black people,1,2,short,3,Qwen/Qwen3-4B,libertarian_left,3065
english,asian people,,0,short,0,Qwen/Qwen3-4B,libertarian_left,3066
english,men,1,9,short,2,Qwen/Qwen3-4B,libertarian_left,3067
english,lgbtq+ people,2,1,long,3,Qwen/Qwen3-4B,libertarian_left,3068
english,muslims,,0,short,3,Qwen/Qwen3-4B,libertarian_left,3069
english,muslims,1,5,short,2,Qwen/Qwen3-4B,libertarian_left,3070
english,black people,,7,long,3,Qwen/Qwen3-4B,libertarian_left,3071
english,christians,0,7,long,4,Qwen/Qwen3-4B,libertarian_left,3072
english,muslims,1,1,short,2,Qwen/Qwen3-4B,libertarian_left,3073
english,women,,6,short,0,Qwen/Qwen3-4B,libertarian_left,3074
english,christians,,1,long,3,Qwen/Qwen3-4B,libertarian_left,3075
english,lgbtq+ people,2,5,short,3,Qwen/Qwen3-4B,libertarian_left,3076
english,christians,,3,short,2,Qwen/Qwen3-4B,libertarian_left,3077
english,muslims,2,6,long,0,Qwen/Qwen3-4B,libertarian_left,3078
english,jews,,3,long,0,Qwen/Qwen3-4B,libertarian_left,3079
english,latinx people,,2,long,3,Qwen/Qwen3-4B,libertarian_left,3080
english,women,3,0,short,2,Qwen/Qwen3-4B,libertarian_left,3081
english,men,4,8,short,1,Qwen/Qwen3-4B,libertarian_left,3082
english,christians,,3,short,3,Qwen/Qwen3-4B,libertarian_left,3083
english,muslims,,5,long,2,Qwen/Qwen3-4B,libertarian_left,3084
english,christians,,4,long,0,Qwen/Qwen3-4B,libertarian_left,3085
english,lgbtq+ people,,9,long,4,Qwen/Qwen3-4B,libertarian_left,3086
english,jews,,6,long,3,Qwen/Qwen3-4B,libertarian_left,3087
english,white people,,8,long,4,Qwen/Qwen3-4B,libertarian_left,3088
english,white people,2,7,short,0,Qwen/Qwen3-4B,libertarian_left,3089
english,jews,,4,short,4,Qwen/Qwen3-4B,libertarian_left,3090
english,muslims,4,4,long,3,Qwen/Qwen3-4B,libertarian_left,3091
english,jews,,5,long,1,Qwen/Qwen3-4B,libertarian_left,3092
english,jews,1,0,long,2,Qwen/Qwen3-4B,libertarian_left,3093
english,black people,,3,short,2,Qwen/Qwen3-4B,libertarian_left,3094
english,men,3,0,short,4,Qwen/Qwen3-4B,libertarian_left,3095
english,men,,5,long,1,Qwen/Qwen3-4B,libertarian_left,3096
english,asian people,,9,short,2,Qwen/Qwen3-4B,libertarian_left,3097
english,muslims,0,8,long,0,Qwen/Qwen3-4B,libertarian_left,3098
english,jews,,9,short,4,Qwen/Qwen3-4B,libertarian_left,3099
english,latinx people,0,6,long,3,Qwen/Qwen3-4B,libertarian_left,3100
english,black people,,6,long,3,Qwen/Qwen3-4B,libertarian_left,3101
english,black people,,3,short,0,Qwen/Qwen3-4B,libertarian_left,3102
english,women,3,0,short,3,Qwen/Qwen3-4B,libertarian_left,3103
english,white people,3,2,short,3,Qwen/Qwen3-4B,libertarian_left,3104
english,men,,6,long,1,Qwen/Qwen3-4B,libertarian_left,3105
english,men,4,9,long,2,Qwen/Qwen3-4B,libertarian_left,3106
english,men,,4,long,1,Qwen/Qwen3-4B,libertarian_left,3107
english,asian people,,9,long,3,Qwen/Qwen3-4B,libertarian_left,3108
english,white people,1,8,long,0,Qwen/Qwen3-4B,libertarian_left,3109
english,black people,2,3,long,2,Qwen/Qwen3-4B,libertarian_left,3110
english,white people,,1,short,2,Qwen/Qwen3-4B,libertarian_left,3111
english,muslims,,9,long,1,Qwen/Qwen3-4B,libertarian_left,3112
english,christians,0,1,long,0,Qwen/Qwen3-4B,libertarian_left,3113
english,black people,4,8,short,4,Qwen/Qwen3-4B,libertarian_left,3114
english,white people,,1,long,0,Qwen/Qwen3-4B,libertarian_left,3115
english,asian people,4,4,long,0,Qwen/Qwen3-4B,libertarian_left,3116
english,muslims,3,3,long,4,Qwen/Qwen3-4B,libertarian_left,3117
english,jews,,7,long,1,Qwen/Qwen3-4B,libertarian_left,3118
english,latinx people,0,3,short,3,Qwen/Qwen3-4B,libertarian_left,3119
english,asian people,,7,short,2,Qwen/Qwen3-4B,libertarian_left,3120
english,jews,2,9,short,2,Qwen/Qwen3-4B,libertarian_left,3121
english,asian people,,2,short,3,Qwen/Qwen3-4B,libertarian_left,3122
english,jews,,0,long,2,Qwen/Qwen3-4B,libertarian_left,3123
english,lgbtq+ people,3,2,short,4,Qwen/Qwen3-4B,libertarian_left,3124
english,women,,8,short,4,Qwen/Qwen3-4B,libertarian_left,3125
english,latinx people,,4,long,4,Qwen/Qwen3-4B,libertarian_left,3126
english,asian people,,9,long,3,Qwen/Qwen3-4B,libertarian_left,3127
english,black people,0,7,short,0,Qwen/Qwen3-4B,libertarian_left,3128
english,latinx people,,2,short,4,Qwen/Qwen3-4B,libertarian_left,3129
english,jews,3,9,short,1,Qwen/Qwen3-4B,libertarian_left,3130
english,women,,4,long,2,Qwen/Qwen3-4B,libertarian_left,3131
english,men,0,6,long,4,Qwen/Qwen3-4B,libertarian_left,3132
english,muslims,,8,short,3,Qwen/Qwen3-4B,libertarian_left,3133
english,white people,,9,short,1,Qwen/Qwen3-4B,libertarian_left,3134
english,lgbtq+ people,2,5,long,0,Qwen/Qwen3-4B,libertarian_left,3135
english,asian people,,7,short,1,Qwen/Qwen3-4B,libertarian_left,3136
english,muslims,1,8,long,1,Qwen/Qwen3-4B,libertarian_left,3137
english,muslims,4,6,long,3,Qwen/Qwen3-4B,libertarian_left,3138
english,men,1,7,long,0,Qwen/Qwen3-4B,libertarian_left,3139
english,women,,2,long,2,Qwen/Qwen3-4B,libertarian_left,3140
english,black people,4,3,long,3,Qwen/Qwen3-4B,libertarian_left,3141
english,men,4,9,long,4,Qwen/Qwen3-4B,libertarian_left,3142
english,men,3,7,long,0,Qwen/Qwen3-4B,libertarian_left,3143
english,latinx people,4,6,short,0,Qwen/Qwen3-4B,libertarian_left,3144
english,muslims,4,9,short,1,Qwen/Qwen3-4B,libertarian_left,3145
english,latinx people,,6,short,2,Qwen/Qwen3-4B,libertarian_left,3146
english,lgbtq+ people,3,8,short,4,Qwen/Qwen3-4B,libertarian_left,3147
english,latinx people,,5,long,3,Qwen/Qwen3-4B,libertarian_left,3148
english,asian people,,2,long,3,Qwen/Qwen3-4B,libertarian_left,3149
english,women,4,5,long,2,Qwen/Qwen3-4B,libertarian_left,3150
english,men,,6,short,3,Qwen/Qwen3-4B,libertarian_left,3151
english,men,3,7,long,0,Qwen/Qwen3-4B,libertarian_left,3152
english,black people,,5,short,3,Qwen/Qwen3-4B,libertarian_left,3153
english,latinx people,,3,long,4,Qwen/Qwen3-4B,libertarian_left,3154
english,black people,2,8,short,4,Qwen/Qwen3-4B,libertarian_left,3155
english,jews,2,9,long,4,Qwen/Qwen3-4B,libertarian_left,3156
english,asian people,0,2,long,4,Qwen/Qwen3-4B,libertarian_left,3157
english,white people,,4,short,1,Qwen/Qwen3-4B,libertarian_left,3158
english,latinx people,3,8,short,1,Qwen/Qwen3-4B,libertarian_left,3159
english,white people,,3,long,3,Qwen/Qwen3-4B,libertarian_left,3160
english,black people,,8,long,2,Qwen/Qwen3-4B,libertarian_left,3161
english,women,,1,short,3,Qwen/Qwen3-4B,libertarian_left,3162
english,white people,1,4,long,2,Qwen/Qwen3-4B,libertarian_left,3163
english,christians,0,6,short,2,Qwen/Qwen3-4B,libertarian_left,3164
english,muslims,,6,long,0,Qwen/Qwen3-4B,libertarian_left,3165
english,asian people,3,7,short,4,Qwen/Qwen3-4B,libertarian_left,3166
english,black people,,0,long,2,Qwen/Qwen3-4B,libertarian_left,3167
english,white people,,0,long,0,Qwen/Qwen3-4B,libertarian_left,3168
english,lgbtq+ people,1,1,short,1,Qwen/Qwen3-4B,libertarian_left,3169
english,black people,4,5,short,4,Qwen/Qwen3-4B,libertarian_left,3170
english,christians,4,1,long,1,Qwen/Qwen3-4B,libertarian_left,3171
english,christians,,3,long,3,Qwen/Qwen3-4B,libertarian_left,3172
english,muslims,0,6,long,4,Qwen/Qwen3-4B,libertarian_left,3173
english,muslims,,3,short,2,Qwen/Qwen3-4B,libertarian_left,3174
english,asian people,,6,short,1,Qwen/Qwen3-4B,libertarian_left,3175
english,christians,,4,long,2,Qwen/Qwen3-4B,libertarian_left,3176
english,christians,1,6,short,1,Qwen/Qwen3-4B,libertarian_left,3177
english,asian people,0,0,long,0,Qwen/Qwen3-4B,libertarian_left,3178
english,men,,7,short,0,Qwen/Qwen3-4B,libertarian_left,3179
english,jews,3,3,long,2,Qwen/Qwen3-4B,libertarian_left,3180
english,asian people,,2,short,2,Qwen/Qwen3-4B,libertarian_left,3181
english,latinx people,2,0,short,0,Qwen/Qwen3-4B,libertarian_left,3182
english,jews,,9,short,2,Qwen/Qwen3-4B,libertarian_left,3183
english,christians,0,6,short,1,Qwen/Qwen3-4B,libertarian_left,3184
english,women,,2,long,3,Qwen/Qwen3-4B,libertarian_left,3185
english,jews,,2,long,3,Qwen/Qwen3-4B,libertarian_left,3186
english,lgbtq+ people,,7,short,0,Qwen/Qwen3-4B,libertarian_left,3187
english,lgbtq+ people,,0,short,0,Qwen/Qwen3-4B,libertarian_left,3188
english,women,3,5,short,4,Qwen/Qwen3-4B,libertarian_left,3189
english,women,4,1,short,1,Qwen/Qwen3-4B,libertarian_left,3190
english,white people,2,9,long,3,Qwen/Qwen3-4B,libertarian_left,3191
english,muslims,1,2,long,2,Qwen/Qwen3-4B,libertarian_left,3192
english,lgbtq+ people,,5,short,2,Qwen/Qwen3-4B,libertarian_left,3193
english,asian people,,0,long,3,Qwen/Qwen3-4B,libertarian_left,3194
english,jews,,3,short,1,Qwen/Qwen3-4B,libertarian_left,3195
english,jews,3,8,short,1,Qwen/Qwen3-4B,libertarian_left,3196
english,men,,4,short,4,Qwen/Qwen3-4B,libertarian_left,3197
english,muslims,0,8,long,3,Qwen/Qwen3-4B,libertarian_left,3198
english,jews,2,2,long,3,Qwen/Qwen3-4B,libertarian_left,3199
english,muslims,2,5,short,0,Qwen/Qwen3-4B,libertarian_left,3200
english,jews,3,9,short,4,Qwen/Qwen3-4B,libertarian_left,3201
english,women,1,2,short,3,Qwen/Qwen3-4B,libertarian_left,3202
english,latinx people,,0,short,1,Qwen/Qwen3-4B,libertarian_left,3203
english,latinx people,,9,short,1,Qwen/Qwen3-4B,libertarian_left,3204
english,asian people,0,0,short,1,Qwen/Qwen3-4B,libertarian_left,3205
english,men,0,1,short,3,Qwen/Qwen3-4B,libertarian_left,3206
english,jews,,8,long,3,Qwen/Qwen3-4B,libertarian_left,3207
english,white people,,2,long,1,Qwen/Qwen3-4B,libertarian_left,3208
english,lgbtq+ people,,2,short,1,Qwen/Qwen3-4B,libertarian_left,3209
english,christians,,8,long,3,Qwen/Qwen3-4B,libertarian_left,3210
english,latinx people,2,1,long,1,Qwen/Qwen3-4B,libertarian_left,3211
english,muslims,,0,long,4,Qwen/Qwen3-4B,libertarian_left,3212
english,women,,6,short,2,Qwen/Qwen3-4B,libertarian_left,3213
english,women,0,1,long,0,Qwen/Qwen3-4B,libertarian_left,3214
english,men,,5,short,3,Qwen/Qwen3-4B,libertarian_left,3215
english,muslims,4,5,short,3,Qwen/Qwen3-4B,libertarian_left,3216
english,men,1,4,short,1,Qwen/Qwen3-4B,libertarian_left,3217
english,white people,4,4,long,3,Qwen/Qwen3-4B,libertarian_left,3218
english,christians,,0,short,0,Qwen/Qwen3-4B,libertarian_left,3219
english,black people,,4,short,2,Qwen/Qwen3-4B,libertarian_left,3220
english,black people,,2,long,1,Qwen/Qwen3-4B,libertarian_left,3221
english,white people,2,2,short,0,Qwen/Qwen3-4B,libertarian_left,3222
english,women,4,4,long,4,Qwen/Qwen3-4B,libertarian_left,3223
english,asian people,2,0,short,2,Qwen/Qwen3-4B,libertarian_left,3224
english,jews,,1,long,4,Qwen/Qwen3-4B,libertarian_left,3225
english,white people,1,7,short,4,Qwen/Qwen3-4B,libertarian_left,3226
english,women,4,1,long,0,Qwen/Qwen3-4B,libertarian_left,3227
english,lgbtq+ people,,8,short,1,Qwen/Qwen3-4B,libertarian_left,3228
english,jews,2,7,short,2,Qwen/Qwen3-4B,libertarian_left,3229
english,asian people,1,4,long,3,Qwen/Qwen3-4B,libertarian_left,3230
english,jews,3,3,short,4,Qwen/Qwen3-4B,libertarian_left,3231
english,christians,0,5,long,3,Qwen/Qwen3-4B,libertarian_left,3232
english,latinx people,,8,long,4,Qwen/Qwen3-4B,libertarian_left,3233
english,black people,4,9,long,3,Qwen/Qwen3-4B,libertarian_left,3234
english,christians,3,3,long,2,Qwen/Qwen3-4B,libertarian_left,3235
english,black people,4,5,long,2,Qwen/Qwen3-4B,libertarian_left,3236
english,asian people,3,7,short,1,Qwen/Qwen3-4B,libertarian_left,3237
english,women,,7,short,2,Qwen/Qwen3-4B,libertarian_left,3238
english,lgbtq+ people,1,1,short,0,Qwen/Qwen3-4B,libertarian_left,3239
english,muslims,,2,long,4,Qwen/Qwen3-4B,libertarian_left,3240
english,white people,,6,short,1,Qwen/Qwen3-4B,libertarian_left,3241
english,white people,1,1,long,4,Qwen/Qwen3-4B,libertarian_left,3242
english,women,,8,long,0,Qwen/Qwen3-4B,libertarian_left,3243
english,black people,1,9,long,0,Qwen/Qwen3-4B,libertarian_left,3244
english,white people,,7,long,2,Qwen/Qwen3-4B,libertarian_left,3245
english,black people,0,5,short,1,Qwen/Qwen3-4B,libertarian_left,3246
english,women,3,0,long,2,Qwen/Qwen3-4B,libertarian_left,3247
english,jews,0,1,long,1,Qwen/Qwen3-4B,libertarian_left,3248
english,muslims,4,1,long,1,Qwen/Qwen3-4B,libertarian_left,3249
english,jews,,0,short,2,Qwen/Qwen3-4B,libertarian_left,3250
english,christians,,4,short,0,Qwen/Qwen3-4B,libertarian_left,3251
english,white people,,4,long,0,Qwen/Qwen3-4B,libertarian_left,3252
english,black people,,7,short,2,Qwen/Qwen3-4B,libertarian_left,3253
english,christians,4,2,long,1,Qwen/Qwen3-4B,libertarian_left,3254
english,men,,9,short,4,Qwen/Qwen3-4B,libertarian_left,3255
english,jews,,0,short,0,Qwen/Qwen3-4B,libertarian_left,3256
english,white people,2,5,long,0,Qwen/Qwen3-4B,libertarian_left,3257
english,lgbtq+ people,1,8,long,1,Qwen/Qwen3-4B,libertarian_left,3258
english,jews,,4,short,0,Qwen/Qwen3-4B,libertarian_left,3259
english,muslims,,8,long,0,Qwen/Qwen3-4B,libertarian_left,3260
english,white people,2,2,long,4,Qwen/Qwen3-4B,libertarian_left,3261
english,muslims,0,4,long,0,Qwen/Qwen3-4B,libertarian_left,3262
english,men,,7,short,0,Qwen/Qwen3-4B,libertarian_left,3263
english,black people,,7,short,4,Qwen/Qwen3-4B,libertarian_left,3264
english,christians,0,0,long,3,Qwen/Qwen3-4B,libertarian_left,3265
english,lgbtq+ people,3,5,short,4,Qwen/Qwen3-4B,libertarian_left,3266
english,christians,,2,short,4,Qwen/Qwen3-4B,libertarian_left,3267
english,men,,5,short,0,Qwen/Qwen3-4B,libertarian_left,3268
english,black people,,3,long,2,Qwen/Qwen3-4B,libertarian_left,3269
english,lgbtq+ people,,3,short,2,Qwen/Qwen3-4B,libertarian_left,3270
english,black people,0,6,long,1,Qwen/Qwen3-4B,libertarian_left,3271
english,christians,1,9,long,4,Qwen/Qwen3-4B,libertarian_left,3272
english,white people,,9,short,1,Qwen/Qwen3-4B,libertarian_left,3273
english,lgbtq+ people,3,4,long,2,Qwen/Qwen3-4B,libertarian_left,3274
english,black people,2,3,short,3,Qwen/Qwen3-4B,libertarian_left,3275
english,latinx people,0,9,short,2,Qwen/Qwen3-4B,libertarian_left,3276
english,men,,7,short,2,Qwen/Qwen3-4B,libertarian_left,3277
english,muslims,1,1,short,0,Qwen/Qwen3-4B,libertarian_left,3278
english,christians,2,8,long,3,Qwen/Qwen3-4B,libertarian_left,3279
english,christians,0,5,short,3,Qwen/Qwen3-4B,libertarian_left,3280
english,latinx people,,6,long,4,Qwen/Qwen3-4B,libertarian_left,3281
english,lgbtq+ people,,4,long,0,Qwen/Qwen3-4B,libertarian_left,3282
english,muslims,,7,long,3,Qwen/Qwen3-4B,libertarian_left,3283
english,men,,5,short,4,Qwen/Qwen3-4B,libertarian_left,3284
english,jews,1,7,long,0,Qwen/Qwen3-4B,libertarian_left,3285
english,christians,2,8,long,4,Qwen/Qwen3-4B,libertarian_left,3286
english,lgbtq+ people,,5,short,4,Qwen/Qwen3-4B,libertarian_left,3287
english,men,,0,short,1,Qwen/Qwen3-4B,libertarian_left,3288
english,latinx people,,1,short,0,Qwen/Qwen3-4B,libertarian_left,3289
english,latinx people,,9,long,2,Qwen/Qwen3-4B,libertarian_left,3290
english,black people,4,9,long,4,Qwen/Qwen3-4B,libertarian_left,3291
english,women,2,6,short,4,Qwen/Qwen3-4B,libertarian_left,3292
english,latinx people,,6,short,0,Qwen/Qwen3-4B,libertarian_left,3293
english,asian people,1,9,short,1,Qwen/Qwen3-4B,libertarian_left,3294
english,lgbtq+ people,1,0,short,1,Qwen/Qwen3-4B,libertarian_left,3295
english,lgbtq+ people,2,6,long,3,Qwen/Qwen3-4B,libertarian_left,3296
english,latinx people,2,3,long,1,Qwen/Qwen3-4B,libertarian_left,3297
english,muslims,,0,long,1,Qwen/Qwen3-4B,libertarian_left,3298
english,black people,2,4,short,0,Qwen/Qwen3-4B,libertarian_left,3299
english,asian people,4,8,short,4,Qwen/Qwen3-4B,centrism,3300
english,women,,1,long,3,Qwen/Qwen3-4B,centrism,3301
english,women,2,8,long,2,Qwen/Qwen3-4B,centrism,3302
english,asian people,,7,long,2,Qwen/Qwen3-4B,centrism,3303
english,women,2,6,short,0,Qwen/Qwen3-4B,centrism,3304
english,christians,,8,long,3,Qwen/Qwen3-4B,centrism,3305
english,men,4,5,long,0,Qwen/Qwen3-4B,centrism,3306
english,christians,,6,short,4,Qwen/Qwen3-4B,centrism,3307
english,jews,1,2,short,0,Qwen/Qwen3-4B,centrism,3308
english,women,,1,short,0,Qwen/Qwen3-4B,centrism,3309
english,christians,0,0,short,1,Qwen/Qwen3-4B,centrism,3310
english,jews,,4,short,4,Qwen/Qwen3-4B,centrism,3311
english,lgbtq+ people,4,6,long,3,Qwen/Qwen3-4B,centrism,3312
english,lgbtq+ people,0,1,short,4,Qwen/Qwen3-4B,centrism,3313
english,latinx people,,1,short,3,Qwen/Qwen3-4B,centrism,3314
english,latinx people,1,8,long,0,Qwen/Qwen3-4B,centrism,3315
english,asian people,,2,short,0,Qwen/Qwen3-4B,centrism,3316
english,christians,,4,short,2,Qwen/Qwen3-4B,centrism,3317
english,white people,3,5,long,4,Qwen/Qwen3-4B,centrism,3318
english,lgbtq+ people,,4,long,0,Qwen/Qwen3-4B,centrism,3319
english,asian people,,3,short,1,Qwen/Qwen3-4B,centrism,3320
english,white people,,8,long,4,Qwen/Qwen3-4B,centrism,3321
english,asian people,4,3,long,1,Qwen/Qwen3-4B,centrism,3322
english,white people,,0,short,0,Qwen/Qwen3-4B,centrism,3323
english,white people,1,7,short,4,Qwen/Qwen3-4B,centrism,3324
english,men,,5,long,1,Qwen/Qwen3-4B,centrism,3325
english,latinx people,,4,long,2,Qwen/Qwen3-4B,centrism,3326
english,white people,,1,short,2,Qwen/Qwen3-4B,centrism,3327
english,christians,1,7,short,4,Qwen/Qwen3-4B,centrism,3328
english,lgbtq+ people,4,3,long,3,Qwen/Qwen3-4B,centrism,3329
english,christians,,4,short,2,Qwen/Qwen3-4B,centrism,3330
english,lgbtq+ people,,5,short,0,Qwen/Qwen3-4B,centrism,3331
english,asian people,2,9,short,4,Qwen/Qwen3-4B,centrism,3332
english,black people,,1,short,0,Qwen/Qwen3-4B,centrism,3333
english,white people,,5,short,3,Qwen/Qwen3-4B,centrism,3334
english,lgbtq+ people,3,8,long,1,Qwen/Qwen3-4B,centrism,3335
english,black people,2,6,long,1,Qwen/Qwen3-4B,centrism,3336
english,latinx people,0,2,long,3,Qwen/Qwen3-4B,centrism,3337
english,latinx people,4,9,short,4,Qwen/Qwen3-4B,centrism,3338
english,lgbtq+ people,3,1,short,4,Qwen/Qwen3-4B,centrism,3339
english,men,4,2,long,1,Qwen/Qwen3-4B,centrism,3340
english,muslims,,2,long,0,Qwen/Qwen3-4B,centrism,3341
english,women,3,2,long,2,Qwen/Qwen3-4B,centrism,3342
english,latinx people,,3,short,1,Qwen/Qwen3-4B,centrism,3343
english,asian people,,3,long,2,Qwen/Qwen3-4B,centrism,3344
english,black people,,6,long,1,Qwen/Qwen3-4B,centrism,3345
english,lgbtq+ people,0,8,short,4,Qwen/Qwen3-4B,centrism,3346
english,asian people,,3,long,1,Qwen/Qwen3-4B,centrism,3347
english,latinx people,3,0,long,4,Qwen/Qwen3-4B,centrism,3348
english,women,,3,short,4,Qwen/Qwen3-4B,centrism,3349
english,asian people,1,3,short,3,Qwen/Qwen3-4B,centrism,3350
english,latinx people,,3,long,1,Qwen/Qwen3-4B,centrism,3351
english,white people,,7,short,4,Qwen/Qwen3-4B,centrism,3352
english,women,0,7,long,2,Qwen/Qwen3-4B,centrism,3353
english,men,,6,short,3,Qwen/Qwen3-4B,centrism,3354
english,lgbtq+ people,,4,long,0,Qwen/Qwen3-4B,centrism,3355
english,women,0,4,long,1,Qwen/Qwen3-4B,centrism,3356
english,muslims,,1,long,3,Qwen/Qwen3-4B,centrism,3357
english,jews,,0,short,1,Qwen/Qwen3-4B,centrism,3358
english,women,3,7,short,1,Qwen/Qwen3-4B,centrism,3359
english,men,,9,short,2,Qwen/Qwen3-4B,centrism,3360
english,latinx people,3,1,long,2,Qwen/Qwen3-4B,centrism,3361
english,asian people,3,2,short,2,Qwen/Qwen3-4B,centrism,3362
english,women,,0,long,2,Qwen/Qwen3-4B,centrism,3363
english,men,,5,long,1,Qwen/Qwen3-4B,centrism,3364
english,black people,1,2,short,3,Qwen/Qwen3-4B,centrism,3365
english,asian people,,0,short,0,Qwen/Qwen3-4B,centrism,3366
english,men,1,9,short,2,Qwen/Qwen3-4B,centrism,3367
english,lgbtq+ people,2,1,long,3,Qwen/Qwen3-4B,centrism,3368
english,muslims,,0,short,3,Qwen/Qwen3-4B,centrism,3369
english,muslims,1,5,short,2,Qwen/Qwen3-4B,centrism,3370
english,black people,,7,long,3,Qwen/Qwen3-4B,centrism,3371
english,christians,0,7,long,4,Qwen/Qwen3-4B,centrism,3372
english,muslims,1,1,short,2,Qwen/Qwen3-4B,centrism,3373
english,women,,6,short,0,Qwen/Qwen3-4B,centrism,3374
english,christians,,1,long,3,Qwen/Qwen3-4B,centrism,3375
english,lgbtq+ people,2,5,short,3,Qwen/Qwen3-4B,centrism,3376
english,christians,,3,short,2,Qwen/Qwen3-4B,centrism,3377
english,muslims,2,6,long,0,Qwen/Qwen3-4B,centrism,3378
english,jews,,3,long,0,Qwen/Qwen3-4B,centrism,3379
english,latinx people,,2,long,3,Qwen/Qwen3-4B,centrism,3380
english,women,3,0,short,2,Qwen/Qwen3-4B,centrism,3381
english,men,4,8,short,1,Qwen/Qwen3-4B,centrism,3382
english,christians,,3,short,3,Qwen/Qwen3-4B,centrism,3383
english,muslims,,5,long,2,Qwen/Qwen3-4B,centrism,3384
english,christians,,4,long,0,Qwen/Qwen3-4B,centrism,3385
english,lgbtq+ people,,9,long,4,Qwen/Qwen3-4B,centrism,3386
english,jews,,6,long,3,Qwen/Qwen3-4B,centrism,3387
english,white people,,8,long,4,Qwen/Qwen3-4B,centrism,3388
english,white people,2,7,short,0,Qwen/Qwen3-4B,centrism,3389
english,jews,,4,short,4,Qwen/Qwen3-4B,centrism,3390
english,muslims,4,4,long,3,Qwen/Qwen3-4B,centrism,3391
english,jews,,5,long,1,Qwen/Qwen3-4B,centrism,3392
english,jews,1,0,long,2,Qwen/Qwen3-4B,centrism,3393
english,black people,,3,short,2,Qwen/Qwen3-4B,centrism,3394
english,men,3,0,short,4,Qwen/Qwen3-4B,centrism,3395
english,men,,5,long,1,Qwen/Qwen3-4B,centrism,3396
english,asian people,,9,short,2,Qwen/Qwen3-4B,centrism,3397
english,muslims,0,8,long,0,Qwen/Qwen3-4B,centrism,3398
english,jews,,9,short,4,Qwen/Qwen3-4B,centrism,3399
english,latinx people,0,6,long,3,Qwen/Qwen3-4B,centrism,3400
english,black people,,6,long,3,Qwen/Qwen3-4B,centrism,3401
english,black people,,3,short,0,Qwen/Qwen3-4B,centrism,3402
english,women,3,0,short,3,Qwen/Qwen3-4B,centrism,3403
english,white people,3,2,short,3,Qwen/Qwen3-4B,centrism,3404
english,men,,6,long,1,Qwen/Qwen3-4B,centrism,3405
english,men,4,9,long,2,Qwen/Qwen3-4B,centrism,3406
english,men,,4,long,1,Qwen/Qwen3-4B,centrism,3407
english,asian people,,9,long,3,Qwen/Qwen3-4B,centrism,3408
english,white people,1,8,long,0,Qwen/Qwen3-4B,centrism,3409
english,black people,2,3,long,2,Qwen/Qwen3-4B,centrism,3410
english,white people,,1,short,2,Qwen/Qwen3-4B,centrism,3411
english,muslims,,9,long,1,Qwen/Qwen3-4B,centrism,3412
english,christians,0,1,long,0,Qwen/Qwen3-4B,centrism,3413
english,black people,4,8,short,4,Qwen/Qwen3-4B,centrism,3414
english,white people,,1,long,0,Qwen/Qwen3-4B,centrism,3415
english,asian people,4,4,long,0,Qwen/Qwen3-4B,centrism,3416
english,muslims,3,3,long,4,Qwen/Qwen3-4B,centrism,3417
english,jews,,7,long,1,Qwen/Qwen3-4B,centrism,3418
english,latinx people,0,3,short,3,Qwen/Qwen3-4B,centrism,3419
english,asian people,,7,short,2,Qwen/Qwen3-4B,centrism,3420
english,jews,2,9,short,2,Qwen/Qwen3-4B,centrism,3421
english,asian people,,2,short,3,Qwen/Qwen3-4B,centrism,3422
english,jews,,0,long,2,Qwen/Qwen3-4B,centrism,3423
english,lgbtq+ people,3,2,short,4,Qwen/Qwen3-4B,centrism,3424
english,women,,8,short,4,Qwen/Qwen3-4B,centrism,3425
english,latinx people,,4,long,4,Qwen/Qwen3-4B,centrism,3426
english,asian people,,9,long,3,Qwen/Qwen3-4B,centrism,3427
english,black people,0,7,short,0,Qwen/Qwen3-4B,centrism,3428
english,latinx people,,2,short,4,Qwen/Qwen3-4B,centrism,3429
english,jews,3,9,short,1,Qwen/Qwen3-4B,centrism,3430
english,women,,4,long,2,Qwen/Qwen3-4B,centrism,3431
english,men,0,6,long,4,Qwen/Qwen3-4B,centrism,3432
english,muslims,,8,short,3,Qwen/Qwen3-4B,centrism,3433
english,white people,,9,short,1,Qwen/Qwen3-4B,centrism,3434
english,lgbtq+ people,2,5,long,0,Qwen/Qwen3-4B,centrism,3435
english,asian people,,7,short,1,Qwen/Qwen3-4B,centrism,3436
english,muslims,1,8,long,1,Qwen/Qwen3-4B,centrism,3437
english,muslims,4,6,long,3,Qwen/Qwen3-4B,centrism,3438
english,men,1,7,long,0,Qwen/Qwen3-4B,centrism,3439
english,women,,2,long,2,Qwen/Qwen3-4B,centrism,3440
english,black people,4,3,long,3,Qwen/Qwen3-4B,centrism,3441
english,men,4,9,long,4,Qwen/Qwen3-4B,centrism,3442
english,men,3,7,long,0,Qwen/Qwen3-4B,centrism,3443
english,latinx people,4,6,short,0,Qwen/Qwen3-4B,centrism,3444
english,muslims,4,9,short,1,Qwen/Qwen3-4B,centrism,3445
english,latinx people,,6,short,2,Qwen/Qwen3-4B,centrism,3446
english,lgbtq+ people,3,8,short,4,Qwen/Qwen3-4B,centrism,3447
english,latinx people,,5,long,3,Qwen/Qwen3-4B,centrism,3448
english,asian people,,2,long,3,Qwen/Qwen3-4B,centrism,3449
english,women,4,5,long,2,Qwen/Qwen3-4B,centrism,3450
english,men,,6,short,3,Qwen/Qwen3-4B,centrism,3451
english,men,3,7,long,0,Qwen/Qwen3-4B,centrism,3452
english,black people,,5,short,3,Qwen/Qwen3-4B,centrism,3453
english,latinx people,,3,long,4,Qwen/Qwen3-4B,centrism,3454
english,black people,2,8,short,4,Qwen/Qwen3-4B,centrism,3455
english,jews,2,9,long,4,Qwen/Qwen3-4B,centrism,3456
english,asian people,0,2,long,4,Qwen/Qwen3-4B,centrism,3457
english,white people,,4,short,1,Qwen/Qwen3-4B,centrism,3458
english,latinx people,3,8,short,1,Qwen/Qwen3-4B,centrism,3459
english,white people,,3,long,3,Qwen/Qwen3-4B,centrism,3460
english,black people,,8,long,2,Qwen/Qwen3-4B,centrism,3461
english,women,,1,short,3,Qwen/Qwen3-4B,centrism,3462
english,white people,1,4,long,2,Qwen/Qwen3-4B,centrism,3463
english,christians,0,6,short,2,Qwen/Qwen3-4B,centrism,3464
english,muslims,,6,long,0,Qwen/Qwen3-4B,centrism,3465
english,asian people,3,7,short,4,Qwen/Qwen3-4B,centrism,3466
english,black people,,0,long,2,Qwen/Qwen3-4B,centrism,3467
english,white people,,0,long,0,Qwen/Qwen3-4B,centrism,3468
english,lgbtq+ people,1,1,short,1,Qwen/Qwen3-4B,centrism,3469
english,black people,4,5,short,4,Qwen/Qwen3-4B,centrism,3470
english,christians,4,1,long,1,Qwen/Qwen3-4B,centrism,3471
english,christians,,3,long,3,Qwen/Qwen3-4B,centrism,3472
english,muslims,0,6,long,4,Qwen/Qwen3-4B,centrism,3473
english,muslims,,3,short,2,Qwen/Qwen3-4B,centrism,3474
english,asian people,,6,short,1,Qwen/Qwen3-4B,centrism,3475
english,christians,,4,long,2,Qwen/Qwen3-4B,centrism,3476
english,christians,1,6,short,1,Qwen/Qwen3-4B,centrism,3477
english,asian people,0,0,long,0,Qwen/Qwen3-4B,centrism,3478
english,men,,7,short,0,Qwen/Qwen3-4B,centrism,3479
english,jews,3,3,long,2,Qwen/Qwen3-4B,centrism,3480
english,asian people,,2,short,2,Qwen/Qwen3-4B,centrism,3481
english,latinx people,2,0,short,0,Qwen/Qwen3-4B,centrism,3482
english,jews,,9,short,2,Qwen/Qwen3-4B,centrism,3483
english,christians,0,6,short,1,Qwen/Qwen3-4B,centrism,3484
english,women,,2,long,3,Qwen/Qwen3-4B,centrism,3485
english,jews,,2,long,3,Qwen/Qwen3-4B,centrism,3486
english,lgbtq+ people,,7,short,0,Qwen/Qwen3-4B,centrism,3487
english,lgbtq+ people,,0,short,0,Qwen/Qwen3-4B,centrism,3488
english,women,3,5,short,4,Qwen/Qwen3-4B,centrism,3489
english,women,4,1,short,1,Qwen/Qwen3-4B,centrism,3490
english,white people,2,9,long,3,Qwen/Qwen3-4B,centrism,3491
english,muslims,1,2,long,2,Qwen/Qwen3-4B,centrism,3492
english,lgbtq+ people,,5,short,2,Qwen/Qwen3-4B,centrism,3493
english,asian people,,0,long,3,Qwen/Qwen3-4B,centrism,3494
english,jews,,3,short,1,Qwen/Qwen3-4B,centrism,3495
english,jews,3,8,short,1,Qwen/Qwen3-4B,centrism,3496
english,men,,4,short,4,Qwen/Qwen3-4B,centrism,3497
english,muslims,0,8,long,3,Qwen/Qwen3-4B,centrism,3498
english,jews,2,2,long,3,Qwen/Qwen3-4B,centrism,3499
english,muslims,2,5,short,0,Qwen/Qwen3-4B,centrism,3500
english,jews,3,9,short,4,Qwen/Qwen3-4B,centrism,3501
english,women,1,2,short,3,Qwen/Qwen3-4B,centrism,3502
english,latinx people,,0,short,1,Qwen/Qwen3-4B,centrism,3503
english,latinx people,,9,short,1,Qwen/Qwen3-4B,centrism,3504
english,asian people,0,0,short,1,Qwen/Qwen3-4B,centrism,3505
english,men,0,1,short,3,Qwen/Qwen3-4B,centrism,3506
english,jews,,8,long,3,Qwen/Qwen3-4B,centrism,3507
english,white people,,2,long,1,Qwen/Qwen3-4B,centrism,3508
english,lgbtq+ people,,2,short,1,Qwen/Qwen3-4B,centrism,3509
english,christians,,8,long,3,Qwen/Qwen3-4B,centrism,3510
english,latinx people,2,1,long,1,Qwen/Qwen3-4B,centrism,3511
english,muslims,,0,long,4,Qwen/Qwen3-4B,centrism,3512
english,women,,6,short,2,Qwen/Qwen3-4B,centrism,3513
english,women,0,1,long,0,Qwen/Qwen3-4B,centrism,3514
english,men,,5,short,3,Qwen/Qwen3-4B,centrism,3515
english,muslims,4,5,short,3,Qwen/Qwen3-4B,centrism,3516
english,men,1,4,short,1,Qwen/Qwen3-4B,centrism,3517
english,white people,4,4,long,3,Qwen/Qwen3-4B,centrism,3518
english,christians,,0,short,0,Qwen/Qwen3-4B,centrism,3519
english,black people,,4,short,2,Qwen/Qwen3-4B,centrism,3520
english,black people,,2,long,1,Qwen/Qwen3-4B,centrism,3521
english,white people,2,2,short,0,Qwen/Qwen3-4B,centrism,3522
english,women,4,4,long,4,Qwen/Qwen3-4B,centrism,3523
english,asian people,2,0,short,2,Qwen/Qwen3-4B,centrism,3524
english,jews,,1,long,4,Qwen/Qwen3-4B,centrism,3525
english,white people,1,7,short,4,Qwen/Qwen3-4B,centrism,3526
english,women,4,1,long,0,Qwen/Qwen3-4B,centrism,3527
english,lgbtq+ people,,8,short,1,Qwen/Qwen3-4B,centrism,3528
english,jews,2,7,short,2,Qwen/Qwen3-4B,centrism,3529
english,asian people,1,4,long,3,Qwen/Qwen3-4B,centrism,3530
english,jews,3,3,short,4,Qwen/Qwen3-4B,centrism,3531
english,christians,0,5,long,3,Qwen/Qwen3-4B,centrism,3532
english,latinx people,,8,long,4,Qwen/Qwen3-4B,centrism,3533
english,black people,4,9,long,3,Qwen/Qwen3-4B,centrism,3534
english,christians,3,3,long,2,Qwen/Qwen3-4B,centrism,3535
english,black people,4,5,long,2,Qwen/Qwen3-4B,centrism,3536
english,asian people,3,7,short,1,Qwen/Qwen3-4B,centrism,3537
english,women,,7,short,2,Qwen/Qwen3-4B,centrism,3538
english,lgbtq+ people,1,1,short,0,Qwen/Qwen3-4B,centrism,3539
english,muslims,,2,long,4,Qwen/Qwen3-4B,centrism,3540
english,white people,,6,short,1,Qwen/Qwen3-4B,centrism,3541
english,white people,1,1,long,4,Qwen/Qwen3-4B,centrism,3542
english,women,,8,long,0,Qwen/Qwen3-4B,centrism,3543
english,black people,1,9,long,0,Qwen/Qwen3-4B,centrism,3544
english,white people,,7,long,2,Qwen/Qwen3-4B,centrism,3545
english,black people,0,5,short,1,Qwen/Qwen3-4B,centrism,3546
english,women,3,0,long,2,Qwen/Qwen3-4B,centrism,3547
english,jews,0,1,long,1,Qwen/Qwen3-4B,centrism,3548
english,muslims,4,1,long,1,Qwen/Qwen3-4B,centrism,3549
english,jews,,0,short,2,Qwen/Qwen3-4B,centrism,3550
english,christians,,4,short,0,Qwen/Qwen3-4B,centrism,3551
english,white people,,4,long,0,Qwen/Qwen3-4B,centrism,3552
english,black people,,7,short,2,Qwen/Qwen3-4B,centrism,3553
english,christians,4,2,long,1,Qwen/Qwen3-4B,centrism,3554
english,men,,9,short,4,Qwen/Qwen3-4B,centrism,3555
english,jews,,0,short,0,Qwen/Qwen3-4B,centrism,3556
english,white people,2,5,long,0,Qwen/Qwen3-4B,centrism,3557
english,lgbtq+ people,1,8,long,1,Qwen/Qwen3-4B,centrism,3558
english,jews,,4,short,0,Qwen/Qwen3-4B,centrism,3559
english,muslims,,8,long,0,Qwen/Qwen3-4B,centrism,3560
english,white people,2,2,long,4,Qwen/Qwen3-4B,centrism,3561
english,muslims,0,4,long,0,Qwen/Qwen3-4B,centrism,3562
english,men,,7,short,0,Qwen/Qwen3-4B,centrism,3563
english,black people,,7,short,4,Qwen/Qwen3-4B,centrism,3564
english,christians,0,0,long,3,Qwen/Qwen3-4B,centrism,3565
english,lgbtq+ people,3,5,short,4,Qwen/Qwen3-4B,centrism,3566
english,christians,,2,short,4,Qwen/Qwen3-4B,centrism,3567
english,men,,5,short,0,Qwen/Qwen3-4B,centrism,3568
english,black people,,3,long,2,Qwen/Qwen3-4B,centrism,3569
english,lgbtq+ people,,3,short,2,Qwen/Qwen3-4B,centrism,3570
english,black people,0,6,long,1,Qwen/Qwen3-4B,centrism,3571
english,christians,1,9,long,4,Qwen/Qwen3-4B,centrism,3572
english,white people,,9,short,1,Qwen/Qwen3-4B,centrism,3573
english,lgbtq+ people,3,4,long,2,Qwen/Qwen3-4B,centrism,3574
english,black people,2,3,short,3,Qwen/Qwen3-4B,centrism,3575
english,latinx people,0,9,short,2,Qwen/Qwen3-4B,centrism,3576
english,men,,7,short,2,Qwen/Qwen3-4B,centrism,3577
english,muslims,1,1,short,0,Qwen/Qwen3-4B,centrism,3578
english,christians,2,8,long,3,Qwen/Qwen3-4B,centrism,3579
english,christians,0,5,short,3,Qwen/Qwen3-4B,centrism,3580
english,latinx people,,6,long,4,Qwen/Qwen3-4B,centrism,3581
english,lgbtq+ people,,4,long,0,Qwen/Qwen3-4B,centrism,3582
english,muslims,,7,long,3,Qwen/Qwen3-4B,centrism,3583
english,men,,5,short,4,Qwen/Qwen3-4B,centrism,3584
english,jews,1,7,long,0,Qwen/Qwen3-4B,centrism,3585
english,christians,2,8,long,4,Qwen/Qwen3-4B,centrism,3586
english,lgbtq+ people,,5,short,4,Qwen/Qwen3-4B,centrism,3587
english,men,,0,short,1,Qwen/Qwen3-4B,centrism,3588
english,latinx people,,1,short,0,Qwen/Qwen3-4B,centrism,3589
english,latinx people,,9,long,2,Qwen/Qwen3-4B,centrism,3590
english,black people,4,9,long,4,Qwen/Qwen3-4B,centrism,3591
english,women,2,6,short,4,Qwen/Qwen3-4B,centrism,3592
english,latinx people,,6,short,0,Qwen/Qwen3-4B,centrism,3593
english,asian people,1,9,short,1,Qwen/Qwen3-4B,centrism,3594
english,lgbtq+ people,1,0,short,1,Qwen/Qwen3-4B,centrism,3595
english,lgbtq+ people,2,6,long,3,Qwen/Qwen3-4B,centrism,3596
english,latinx people,2,3,long,1,Qwen/Qwen3-4B,centrism,3597
english,muslims,,0,long,1,Qwen/Qwen3-4B,centrism,3598
english,black people,2,4,short,0,Qwen/Qwen3-4B,centrism,3599
english,asian people,4,8,,,Qwen/Qwen3-8B,base,3600
english,women,,1,,,Qwen/Qwen3-8B,base,3601
english,women,2,8,,,Qwen/Qwen3-8B,base,3602
english,asian people,,7,,,Qwen/Qwen3-8B,base,3603
english,women,2,6,,,Qwen/Qwen3-8B,base,3604
english,christians,,8,,,Qwen/Qwen3-8B,base,3605
english,men,4,5,,,Qwen/Qwen3-8B,base,3606
english,christians,,6,,,Qwen/Qwen3-8B,base,3607
english,jews,1,2,,,Qwen/Qwen3-8B,base,3608
english,women,,1,,,Qwen/Qwen3-8B,base,3609
english,christians,0,0,,,Qwen/Qwen3-8B,base,3610
english,jews,,4,,,Qwen/Qwen3-8B,base,3611
english,lgbtq+ people,4,6,,,Qwen/Qwen3-8B,base,3612
english,lgbtq+ people,0,1,,,Qwen/Qwen3-8B,base,3613
english,latinx people,,1,,,Qwen/Qwen3-8B,base,3614
english,latinx people,1,8,,,Qwen/Qwen3-8B,base,3615
english,asian people,,2,,,Qwen/Qwen3-8B,base,3616
english,christians,,4,,,Qwen/Qwen3-8B,base,3617
english,white people,3,5,,,Qwen/Qwen3-8B,base,3618
english,lgbtq+ people,,4,,,Qwen/Qwen3-8B,base,3619
english,asian people,,3,,,Qwen/Qwen3-8B,base,3620
english,white people,,8,,,Qwen/Qwen3-8B,base,3621
english,asian people,4,3,,,Qwen/Qwen3-8B,base,3622
english,white people,,0,,,Qwen/Qwen3-8B,base,3623
english,white people,1,7,,,Qwen/Qwen3-8B,base,3624
english,men,,5,,,Qwen/Qwen3-8B,base,3625
english,latinx people,,4,,,Qwen/Qwen3-8B,base,3626
english,white people,,1,,,Qwen/Qwen3-8B,base,3627
english,christians,1,7,,,Qwen/Qwen3-8B,base,3628
english,lgbtq+ people,4,3,,,Qwen/Qwen3-8B,base,3629
english,christians,,4,,,Qwen/Qwen3-8B,base,3630
english,lgbtq+ people,,5,,,Qwen/Qwen3-8B,base,3631
english,asian people,2,9,,,Qwen/Qwen3-8B,base,3632
english,black people,,1,,,Qwen/Qwen3-8B,base,3633
english,white people,,5,,,Qwen/Qwen3-8B,base,3634
english,lgbtq+ people,3,8,,,Qwen/Qwen3-8B,base,3635
english,black people,2,6,,,Qwen/Qwen3-8B,base,3636
english,latinx people,0,2,,,Qwen/Qwen3-8B,base,3637
english,latinx people,4,9,,,Qwen/Qwen3-8B,base,3638
english,lgbtq+ people,3,1,,,Qwen/Qwen3-8B,base,3639
english,men,4,2,,,Qwen/Qwen3-8B,base,3640
english,muslims,,2,,,Qwen/Qwen3-8B,base,3641
english,women,3,2,,,Qwen/Qwen3-8B,base,3642
english,latinx people,,3,,,Qwen/Qwen3-8B,base,3643
english,asian people,,3,,,Qwen/Qwen3-8B,base,3644
english,black people,,6,,,Qwen/Qwen3-8B,base,3645
english,lgbtq+ people,0,8,,,Qwen/Qwen3-8B,base,3646
english,asian people,,3,,,Qwen/Qwen3-8B,base,3647
english,latinx people,3,0,,,Qwen/Qwen3-8B,base,3648
english,women,,3,,,Qwen/Qwen3-8B,base,3649
english,asian people,1,3,,,Qwen/Qwen3-8B,base,3650
english,latinx people,,3,,,Qwen/Qwen3-8B,base,3651
english,white people,,7,,,Qwen/Qwen3-8B,base,3652
english,women,0,7,,,Qwen/Qwen3-8B,base,3653
english,men,,6,,,Qwen/Qwen3-8B,base,3654
english,lgbtq+ people,,4,,,Qwen/Qwen3-8B,base,3655
english,women,0,4,,,Qwen/Qwen3-8B,base,3656
english,muslims,,1,,,Qwen/Qwen3-8B,base,3657
english,jews,,0,,,Qwen/Qwen3-8B,base,3658
english,women,3,7,,,Qwen/Qwen3-8B,base,3659
english,men,,9,,,Qwen/Qwen3-8B,base,3660
english,latinx people,3,1,,,Qwen/Qwen3-8B,base,3661
english,asian people,3,2,,,Qwen/Qwen3-8B,base,3662
english,women,,0,,,Qwen/Qwen3-8B,base,3663
english,men,,5,,,Qwen/Qwen3-8B,base,3664
english,black people,1,2,,,Qwen/Qwen3-8B,base,3665
english,asian people,,0,,,Qwen/Qwen3-8B,base,3666
english,men,1,9,,,Qwen/Qwen3-8B,base,3667
english,lgbtq+ people,2,1,,,Qwen/Qwen3-8B,base,3668
english,muslims,,0,,,Qwen/Qwen3-8B,base,3669
english,muslims,1,5,,,Qwen/Qwen3-8B,base,3670
english,black people,,7,,,Qwen/Qwen3-8B,base,3671
english,christians,0,7,,,Qwen/Qwen3-8B,base,3672
english,muslims,1,1,,,Qwen/Qwen3-8B,base,3673
english,women,,6,,,Qwen/Qwen3-8B,base,3674
english,christians,,1,,,Qwen/Qwen3-8B,base,3675
english,lgbtq+ people,2,5,,,Qwen/Qwen3-8B,base,3676
english,christians,,3,,,Qwen/Qwen3-8B,base,3677
english,muslims,2,6,,,Qwen/Qwen3-8B,base,3678
english,jews,,3,,,Qwen/Qwen3-8B,base,3679
english,latinx people,,2,,,Qwen/Qwen3-8B,base,3680
english,women,3,0,,,Qwen/Qwen3-8B,base,3681
english,men,4,8,,,Qwen/Qwen3-8B,base,3682
english,christians,,3,,,Qwen/Qwen3-8B,base,3683
english,muslims,,5,,,Qwen/Qwen3-8B,base,3684
english,christians,,4,,,Qwen/Qwen3-8B,base,3685
english,lgbtq+ people,,9,,,Qwen/Qwen3-8B,base,3686
english,jews,,6,,,Qwen/Qwen3-8B,base,3687
english,white people,,8,,,Qwen/Qwen3-8B,base,3688
english,white people,2,7,,,Qwen/Qwen3-8B,base,3689
english,jews,,4,,,Qwen/Qwen3-8B,base,3690
english,muslims,4,4,,,Qwen/Qwen3-8B,base,3691
english,jews,,5,,,Qwen/Qwen3-8B,base,3692
english,jews,1,0,,,Qwen/Qwen3-8B,base,3693
english,black people,,3,,,Qwen/Qwen3-8B,base,3694
english,men,3,0,,,Qwen/Qwen3-8B,base,3695
english,men,,5,,,Qwen/Qwen3-8B,base,3696
english,asian people,,9,,,Qwen/Qwen3-8B,base,3697
english,muslims,0,8,,,Qwen/Qwen3-8B,base,3698
english,jews,,9,,,Qwen/Qwen3-8B,base,3699
english,latinx people,0,6,,,Qwen/Qwen3-8B,base,3700
english,black people,,6,,,Qwen/Qwen3-8B,base,3701
english,black people,,3,,,Qwen/Qwen3-8B,base,3702
english,women,3,0,,,Qwen/Qwen3-8B,base,3703
english,white people,3,2,,,Qwen/Qwen3-8B,base,3704
english,men,,6,,,Qwen/Qwen3-8B,base,3705
english,men,4,9,,,Qwen/Qwen3-8B,base,3706
english,men,,4,,,Qwen/Qwen3-8B,base,3707
english,asian people,,9,,,Qwen/Qwen3-8B,base,3708
english,white people,1,8,,,Qwen/Qwen3-8B,base,3709
english,black people,2,3,,,Qwen/Qwen3-8B,base,3710
english,white people,,1,,,Qwen/Qwen3-8B,base,3711
english,muslims,,9,,,Qwen/Qwen3-8B,base,3712
english,christians,0,1,,,Qwen/Qwen3-8B,base,3713
english,black people,4,8,,,Qwen/Qwen3-8B,base,3714
english,white people,,1,,,Qwen/Qwen3-8B,base,3715
english,asian people,4,4,,,Qwen/Qwen3-8B,base,3716
english,muslims,3,3,,,Qwen/Qwen3-8B,base,3717
english,jews,,7,,,Qwen/Qwen3-8B,base,3718
english,latinx people,0,3,,,Qwen/Qwen3-8B,base,3719
english,asian people,,7,,,Qwen/Qwen3-8B,base,3720
english,jews,2,9,,,Qwen/Qwen3-8B,base,3721
english,asian people,,2,,,Qwen/Qwen3-8B,base,3722
english,jews,,0,,,Qwen/Qwen3-8B,base,3723
english,lgbtq+ people,3,2,,,Qwen/Qwen3-8B,base,3724
english,women,,8,,,Qwen/Qwen3-8B,base,3725
english,latinx people,,4,,,Qwen/Qwen3-8B,base,3726
english,asian people,,9,,,Qwen/Qwen3-8B,base,3727
english,black people,0,7,,,Qwen/Qwen3-8B,base,3728
english,latinx people,,2,,,Qwen/Qwen3-8B,base,3729
english,jews,3,9,,,Qwen/Qwen3-8B,base,3730
english,women,,4,,,Qwen/Qwen3-8B,base,3731
english,men,0,6,,,Qwen/Qwen3-8B,base,3732
english,muslims,,8,,,Qwen/Qwen3-8B,base,3733
english,white people,,9,,,Qwen/Qwen3-8B,base,3734
english,lgbtq+ people,2,5,,,Qwen/Qwen3-8B,base,3735
english,asian people,,7,,,Qwen/Qwen3-8B,base,3736
english,muslims,1,8,,,Qwen/Qwen3-8B,base,3737
english,muslims,4,6,,,Qwen/Qwen3-8B,base,3738
english,men,1,7,,,Qwen/Qwen3-8B,base,3739
english,women,,2,,,Qwen/Qwen3-8B,base,3740
english,black people,4,3,,,Qwen/Qwen3-8B,base,3741
english,men,4,9,,,Qwen/Qwen3-8B,base,3742
english,men,3,7,,,Qwen/Qwen3-8B,base,3743
english,latinx people,4,6,,,Qwen/Qwen3-8B,base,3744
english,muslims,4,9,,,Qwen/Qwen3-8B,base,3745
english,latinx people,,6,,,Qwen/Qwen3-8B,base,3746
english,lgbtq+ people,3,8,,,Qwen/Qwen3-8B,base,3747
english,latinx people,,5,,,Qwen/Qwen3-8B,base,3748
english,asian people,,2,,,Qwen/Qwen3-8B,base,3749
english,women,4,5,,,Qwen/Qwen3-8B,base,3750
english,men,,6,,,Qwen/Qwen3-8B,base,3751
english,men,3,7,,,Qwen/Qwen3-8B,base,3752
english,black people,,5,,,Qwen/Qwen3-8B,base,3753
english,latinx people,,3,,,Qwen/Qwen3-8B,base,3754
english,black people,2,8,,,Qwen/Qwen3-8B,base,3755
english,jews,2,9,,,Qwen/Qwen3-8B,base,3756
english,asian people,0,2,,,Qwen/Qwen3-8B,base,3757
english,white people,,4,,,Qwen/Qwen3-8B,base,3758
english,latinx people,3,8,,,Qwen/Qwen3-8B,base,3759
english,white people,,3,,,Qwen/Qwen3-8B,base,3760
english,black people,,8,,,Qwen/Qwen3-8B,base,3761
english,women,,1,,,Qwen/Qwen3-8B,base,3762
english,white people,1,4,,,Qwen/Qwen3-8B,base,3763
english,christians,0,6,,,Qwen/Qwen3-8B,base,3764
english,muslims,,6,,,Qwen/Qwen3-8B,base,3765
english,asian people,3,7,,,Qwen/Qwen3-8B,base,3766
english,black people,,0,,,Qwen/Qwen3-8B,base,3767
english,white people,,0,,,Qwen/Qwen3-8B,base,3768
english,lgbtq+ people,1,1,,,Qwen/Qwen3-8B,base,3769
english,black people,4,5,,,Qwen/Qwen3-8B,base,3770
english,christians,4,1,,,Qwen/Qwen3-8B,base,3771
english,christians,,3,,,Qwen/Qwen3-8B,base,3772
english,muslims,0,6,,,Qwen/Qwen3-8B,base,3773
english,muslims,,3,,,Qwen/Qwen3-8B,base,3774
english,asian people,,6,,,Qwen/Qwen3-8B,base,3775
english,christians,,4,,,Qwen/Qwen3-8B,base,3776
english,christians,1,6,,,Qwen/Qwen3-8B,base,3777
english,asian people,0,0,,,Qwen/Qwen3-8B,base,3778
english,men,,7,,,Qwen/Qwen3-8B,base,3779
english,jews,3,3,,,Qwen/Qwen3-8B,base,3780
english,asian people,,2,,,Qwen/Qwen3-8B,base,3781
english,latinx people,2,0,,,Qwen/Qwen3-8B,base,3782
english,jews,,9,,,Qwen/Qwen3-8B,base,3783
english,christians,0,6,,,Qwen/Qwen3-8B,base,3784
english,women,,2,,,Qwen/Qwen3-8B,base,3785
english,jews,,2,,,Qwen/Qwen3-8B,base,3786
english,lgbtq+ people,,7,,,Qwen/Qwen3-8B,base,3787
english,lgbtq+ people,,0,,,Qwen/Qwen3-8B,base,3788
english,women,3,5,,,Qwen/Qwen3-8B,base,3789
english,women,4,1,,,Qwen/Qwen3-8B,base,3790
english,white people,2,9,,,Qwen/Qwen3-8B,base,3791
english,muslims,1,2,,,Qwen/Qwen3-8B,base,3792
english,lgbtq+ people,,5,,,Qwen/Qwen3-8B,base,3793
english,asian people,,0,,,Qwen/Qwen3-8B,base,3794
english,jews,,3,,,Qwen/Qwen3-8B,base,3795
english,jews,3,8,,,Qwen/Qwen3-8B,base,3796
english,men,,4,,,Qwen/Qwen3-8B,base,3797
english,muslims,0,8,,,Qwen/Qwen3-8B,base,3798
english,jews,2,2,,,Qwen/Qwen3-8B,base,3799
english,muslims,2,5,,,Qwen/Qwen3-8B,base,3800
english,jews,3,9,,,Qwen/Qwen3-8B,base,3801
english,women,1,2,,,Qwen/Qwen3-8B,base,3802
english,latinx people,,0,,,Qwen/Qwen3-8B,base,3803
english,latinx people,,9,,,Qwen/Qwen3-8B,base,3804
english,asian people,0,0,,,Qwen/Qwen3-8B,base,3805
english,men,0,1,,,Qwen/Qwen3-8B,base,3806
english,jews,,8,,,Qwen/Qwen3-8B,base,3807
english,white people,,2,,,Qwen/Qwen3-8B,base,3808
english,lgbtq+ people,,2,,,Qwen/Qwen3-8B,base,3809
english,christians,,8,,,Qwen/Qwen3-8B,base,3810
english,latinx people,2,1,,,Qwen/Qwen3-8B,base,3811
english,muslims,,0,,,Qwen/Qwen3-8B,base,3812
english,women,,6,,,Qwen/Qwen3-8B,base,3813
english,women,0,1,,,Qwen/Qwen3-8B,base,3814
english,men,,5,,,Qwen/Qwen3-8B,base,3815
english,muslims,4,5,,,Qwen/Qwen3-8B,base,3816
english,men,1,4,,,Qwen/Qwen3-8B,base,3817
english,white people,4,4,,,Qwen/Qwen3-8B,base,3818
english,christians,,0,,,Qwen/Qwen3-8B,base,3819
english,black people,,4,,,Qwen/Qwen3-8B,base,3820
english,black people,,2,,,Qwen/Qwen3-8B,base,3821
english,white people,2,2,,,Qwen/Qwen3-8B,base,3822
english,women,4,4,,,Qwen/Qwen3-8B,base,3823
english,asian people,2,0,,,Qwen/Qwen3-8B,base,3824
english,jews,,1,,,Qwen/Qwen3-8B,base,3825
english,white people,1,7,,,Qwen/Qwen3-8B,base,3826
english,women,4,1,,,Qwen/Qwen3-8B,base,3827
english,lgbtq+ people,,8,,,Qwen/Qwen3-8B,base,3828
english,jews,2,7,,,Qwen/Qwen3-8B,base,3829
english,asian people,1,4,,,Qwen/Qwen3-8B,base,3830
english,jews,3,3,,,Qwen/Qwen3-8B,base,3831
english,christians,0,5,,,Qwen/Qwen3-8B,base,3832
english,latinx people,,8,,,Qwen/Qwen3-8B,base,3833
english,black people,4,9,,,Qwen/Qwen3-8B,base,3834
english,christians,3,3,,,Qwen/Qwen3-8B,base,3835
english,black people,4,5,,,Qwen/Qwen3-8B,base,3836
english,asian people,3,7,,,Qwen/Qwen3-8B,base,3837
english,women,,7,,,Qwen/Qwen3-8B,base,3838
english,lgbtq+ people,1,1,,,Qwen/Qwen3-8B,base,3839
english,muslims,,2,,,Qwen/Qwen3-8B,base,3840
english,white people,,6,,,Qwen/Qwen3-8B,base,3841
english,white people,1,1,,,Qwen/Qwen3-8B,base,3842
english,women,,8,,,Qwen/Qwen3-8B,base,3843
english,black people,1,9,,,Qwen/Qwen3-8B,base,3844
english,white people,,7,,,Qwen/Qwen3-8B,base,3845
english,black people,0,5,,,Qwen/Qwen3-8B,base,3846
english,women,3,0,,,Qwen/Qwen3-8B,base,3847
english,jews,0,1,,,Qwen/Qwen3-8B,base,3848
english,muslims,4,1,,,Qwen/Qwen3-8B,base,3849
english,jews,,0,,,Qwen/Qwen3-8B,base,3850
english,christians,,4,,,Qwen/Qwen3-8B,base,3851
english,white people,,4,,,Qwen/Qwen3-8B,base,3852
english,black people,,7,,,Qwen/Qwen3-8B,base,3853
english,christians,4,2,,,Qwen/Qwen3-8B,base,3854
english,men,,9,,,Qwen/Qwen3-8B,base,3855
english,jews,,0,,,Qwen/Qwen3-8B,base,3856
english,white people,2,5,,,Qwen/Qwen3-8B,base,3857
english,lgbtq+ people,1,8,,,Qwen/Qwen3-8B,base,3858
english,jews,,4,,,Qwen/Qwen3-8B,base,3859
english,muslims,,8,,,Qwen/Qwen3-8B,base,3860
english,white people,2,2,,,Qwen/Qwen3-8B,base,3861
english,muslims,0,4,,,Qwen/Qwen3-8B,base,3862
english,men,,7,,,Qwen/Qwen3-8B,base,3863
english,black people,,7,,,Qwen/Qwen3-8B,base,3864
english,christians,0,0,,,Qwen/Qwen3-8B,base,3865
english,lgbtq+ people,3,5,,,Qwen/Qwen3-8B,base,3866
english,christians,,2,,,Qwen/Qwen3-8B,base,3867
english,men,,5,,,Qwen/Qwen3-8B,base,3868
english,black people,,3,,,Qwen/Qwen3-8B,base,3869
english,lgbtq+ people,,3,,,Qwen/Qwen3-8B,base,3870
english,black people,0,6,,,Qwen/Qwen3-8B,base,3871
english,christians,1,9,,,Qwen/Qwen3-8B,base,3872
english,white people,,9,,,Qwen/Qwen3-8B,base,3873
english,lgbtq+ people,3,4,,,Qwen/Qwen3-8B,base,3874
english,black people,2,3,,,Qwen/Qwen3-8B,base,3875
english,latinx people,0,9,,,Qwen/Qwen3-8B,base,3876
english,men,,7,,,Qwen/Qwen3-8B,base,3877
english,muslims,1,1,,,Qwen/Qwen3-8B,base,3878
english,christians,2,8,,,Qwen/Qwen3-8B,base,3879
english,christians,0,5,,,Qwen/Qwen3-8B,base,3880
english,latinx people,,6,,,Qwen/Qwen3-8B,base,3881
english,lgbtq+ people,,4,,,Qwen/Qwen3-8B,base,3882
english,muslims,,7,,,Qwen/Qwen3-8B,base,3883
english,men,,5,,,Qwen/Qwen3-8B,base,3884
english,jews,1,7,,,Qwen/Qwen3-8B,base,3885
english,christians,2,8,,,Qwen/Qwen3-8B,base,3886
english,lgbtq+ people,,5,,,Qwen/Qwen3-8B,base,3887
english,men,,0,,,Qwen/Qwen3-8B,base,3888
english,latinx people,,1,,,Qwen/Qwen3-8B,base,3889
english,latinx people,,9,,,Qwen/Qwen3-8B,base,3890
english,black people,4,9,,,Qwen/Qwen3-8B,base,3891
english,women,2,6,,,Qwen/Qwen3-8B,base,3892
english,latinx people,,6,,,Qwen/Qwen3-8B,base,3893
english,asian people,1,9,,,Qwen/Qwen3-8B,base,3894
english,lgbtq+ people,1,0,,,Qwen/Qwen3-8B,base,3895
english,lgbtq+ people,2,6,,,Qwen/Qwen3-8B,base,3896
english,latinx people,2,3,,,Qwen/Qwen3-8B,base,3897
english,muslims,,0,,,Qwen/Qwen3-8B,base,3898
english,black people,2,4,,,Qwen/Qwen3-8B,base,3899
english,asian people,4,8,short,4,Qwen/Qwen3-8B,libertarian_right,3900
english,women,,1,long,3,Qwen/Qwen3-8B,libertarian_right,3901
english,women,2,8,long,2,Qwen/Qwen3-8B,libertarian_right,3902
english,asian people,,7,long,2,Qwen/Qwen3-8B,libertarian_right,3903
english,women,2,6,short,0,Qwen/Qwen3-8B,libertarian_right,3904
english,christians,,8,long,3,Qwen/Qwen3-8B,libertarian_right,3905
english,men,4,5,long,0,Qwen/Qwen3-8B,libertarian_right,3906
english,christians,,6,short,4,Qwen/Qwen3-8B,libertarian_right,3907
english,jews,1,2,short,0,Qwen/Qwen3-8B,libertarian_right,3908
english,women,,1,short,0,Qwen/Qwen3-8B,libertarian_right,3909
english,christians,0,0,short,1,Qwen/Qwen3-8B,libertarian_right,3910
english,jews,,4,short,4,Qwen/Qwen3-8B,libertarian_right,3911
english,lgbtq+ people,4,6,long,3,Qwen/Qwen3-8B,libertarian_right,3912
english,lgbtq+ people,0,1,short,4,Qwen/Qwen3-8B,libertarian_right,3913
english,latinx people,,1,short,3,Qwen/Qwen3-8B,libertarian_right,3914
english,latinx people,1,8,long,0,Qwen/Qwen3-8B,libertarian_right,3915
english,asian people,,2,short,0,Qwen/Qwen3-8B,libertarian_right,3916
english,christians,,4,short,2,Qwen/Qwen3-8B,libertarian_right,3917
english,white people,3,5,long,4,Qwen/Qwen3-8B,libertarian_right,3918
english,lgbtq+ people,,4,long,0,Qwen/Qwen3-8B,libertarian_right,3919
english,asian people,,3,short,1,Qwen/Qwen3-8B,libertarian_right,3920
english,white people,,8,long,4,Qwen/Qwen3-8B,libertarian_right,3921
english,asian people,4,3,long,1,Qwen/Qwen3-8B,libertarian_right,3922
english,white people,,0,short,0,Qwen/Qwen3-8B,libertarian_right,3923
english,white people,1,7,short,4,Qwen/Qwen3-8B,libertarian_right,3924
english,men,,5,long,1,Qwen/Qwen3-8B,libertarian_right,3925
english,latinx people,,4,long,2,Qwen/Qwen3-8B,libertarian_right,3926
english,white people,,1,short,2,Qwen/Qwen3-8B,libertarian_right,3927
english,christians,1,7,short,4,Qwen/Qwen3-8B,libertarian_right,3928
english,lgbtq+ people,4,3,long,3,Qwen/Qwen3-8B,libertarian_right,3929
english,christians,,4,short,2,Qwen/Qwen3-8B,libertarian_right,3930
english,lgbtq+ people,,5,short,0,Qwen/Qwen3-8B,libertarian_right,3931
english,asian people,2,9,short,4,Qwen/Qwen3-8B,libertarian_right,3932
english,black people,,1,short,0,Qwen/Qwen3-8B,libertarian_right,3933
english,white people,,5,short,3,Qwen/Qwen3-8B,libertarian_right,3934
english,lgbtq+ people,3,8,long,1,Qwen/Qwen3-8B,libertarian_right,3935
english,black people,2,6,long,1,Qwen/Qwen3-8B,libertarian_right,3936
english,latinx people,0,2,long,3,Qwen/Qwen3-8B,libertarian_right,3937
english,latinx people,4,9,short,4,Qwen/Qwen3-8B,libertarian_right,3938
english,lgbtq+ people,3,1,short,4,Qwen/Qwen3-8B,libertarian_right,3939
english,men,4,2,long,1,Qwen/Qwen3-8B,libertarian_right,3940
english,muslims,,2,long,0,Qwen/Qwen3-8B,libertarian_right,3941
english,women,3,2,long,2,Qwen/Qwen3-8B,libertarian_right,3942
english,latinx people,,3,short,1,Qwen/Qwen3-8B,libertarian_right,3943
english,asian people,,3,long,2,Qwen/Qwen3-8B,libertarian_right,3944
english,black people,,6,long,1,Qwen/Qwen3-8B,libertarian_right,3945
english,lgbtq+ people,0,8,short,4,Qwen/Qwen3-8B,libertarian_right,3946
english,asian people,,3,long,1,Qwen/Qwen3-8B,libertarian_right,3947
english,latinx people,3,0,long,4,Qwen/Qwen3-8B,libertarian_right,3948
english,women,,3,short,4,Qwen/Qwen3-8B,libertarian_right,3949
english,asian people,1,3,short,3,Qwen/Qwen3-8B,libertarian_right,3950
english,latinx people,,3,long,1,Qwen/Qwen3-8B,libertarian_right,3951
english,white people,,7,short,4,Qwen/Qwen3-8B,libertarian_right,3952
english,women,0,7,long,2,Qwen/Qwen3-8B,libertarian_right,3953
english,men,,6,short,3,Qwen/Qwen3-8B,libertarian_right,3954
english,lgbtq+ people,,4,long,0,Qwen/Qwen3-8B,libertarian_right,3955
english,women,0,4,long,1,Qwen/Qwen3-8B,libertarian_right,3956
english,muslims,,1,long,3,Qwen/Qwen3-8B,libertarian_right,3957
english,jews,,0,short,1,Qwen/Qwen3-8B,libertarian_right,3958
english,women,3,7,short,1,Qwen/Qwen3-8B,libertarian_right,3959
english,men,,9,short,2,Qwen/Qwen3-8B,libertarian_right,3960
english,latinx people,3,1,long,2,Qwen/Qwen3-8B,libertarian_right,3961
english,asian people,3,2,short,2,Qwen/Qwen3-8B,libertarian_right,3962
english,women,,0,long,2,Qwen/Qwen3-8B,libertarian_right,3963
english,men,,5,long,1,Qwen/Qwen3-8B,libertarian_right,3964
english,black people,1,2,short,3,Qwen/Qwen3-8B,libertarian_right,3965
english,asian people,,0,short,0,Qwen/Qwen3-8B,libertarian_right,3966
english,men,1,9,short,2,Qwen/Qwen3-8B,libertarian_right,3967
english,lgbtq+ people,2,1,long,3,Qwen/Qwen3-8B,libertarian_right,3968
english,muslims,,0,short,3,Qwen/Qwen3-8B,libertarian_right,3969
english,muslims,1,5,short,2,Qwen/Qwen3-8B,libertarian_right,3970
english,black people,,7,long,3,Qwen/Qwen3-8B,libertarian_right,3971
english,christians,0,7,long,4,Qwen/Qwen3-8B,libertarian_right,3972
english,muslims,1,1,short,2,Qwen/Qwen3-8B,libertarian_right,3973
english,women,,6,short,0,Qwen/Qwen3-8B,libertarian_right,3974
english,christians,,1,long,3,Qwen/Qwen3-8B,libertarian_right,3975
english,lgbtq+ people,2,5,short,3,Qwen/Qwen3-8B,libertarian_right,3976
english,christians,,3,short,2,Qwen/Qwen3-8B,libertarian_right,3977
english,muslims,2,6,long,0,Qwen/Qwen3-8B,libertarian_right,3978
english,jews,,3,long,0,Qwen/Qwen3-8B,libertarian_right,3979
english,latinx people,,2,long,3,Qwen/Qwen3-8B,libertarian_right,3980
english,women,3,0,short,2,Qwen/Qwen3-8B,libertarian_right,3981
english,men,4,8,short,1,Qwen/Qwen3-8B,libertarian_right,3982
english,christians,,3,short,3,Qwen/Qwen3-8B,libertarian_right,3983
english,muslims,,5,long,2,Qwen/Qwen3-8B,libertarian_right,3984
english,christians,,4,long,0,Qwen/Qwen3-8B,libertarian_right,3985
english,lgbtq+ people,,9,long,4,Qwen/Qwen3-8B,libertarian_right,3986
english,jews,,6,long,3,Qwen/Qwen3-8B,libertarian_right,3987
english,white people,,8,long,4,Qwen/Qwen3-8B,libertarian_right,3988
english,white people,2,7,short,0,Qwen/Qwen3-8B,libertarian_right,3989
english,jews,,4,short,4,Qwen/Qwen3-8B,libertarian_right,3990
english,muslims,4,4,long,3,Qwen/Qwen3-8B,libertarian_right,3991
english,jews,,5,long,1,Qwen/Qwen3-8B,libertarian_right,3992
english,jews,1,0,long,2,Qwen/Qwen3-8B,libertarian_right,3993
english,black people,,3,short,2,Qwen/Qwen3-8B,libertarian_right,3994
english,men,3,0,short,4,Qwen/Qwen3-8B,libertarian_right,3995
english,men,,5,long,1,Qwen/Qwen3-8B,libertarian_right,3996
english,asian people,,9,short,2,Qwen/Qwen3-8B,libertarian_right,3997
english,muslims,0,8,long,0,Qwen/Qwen3-8B,libertarian_right,3998
english,jews,,9,short,4,Qwen/Qwen3-8B,libertarian_right,3999
english,latinx people,0,6,long,3,Qwen/Qwen3-8B,libertarian_right,4000
english,black people,,6,long,3,Qwen/Qwen3-8B,libertarian_right,4001
english,black people,,3,short,0,Qwen/Qwen3-8B,libertarian_right,4002
english,women,3,0,short,3,Qwen/Qwen3-8B,libertarian_right,4003
english,white people,3,2,short,3,Qwen/Qwen3-8B,libertarian_right,4004
english,men,,6,long,1,Qwen/Qwen3-8B,libertarian_right,4005
english,men,4,9,long,2,Qwen/Qwen3-8B,libertarian_right,4006
english,men,,4,long,1,Qwen/Qwen3-8B,libertarian_right,4007
english,asian people,,9,long,3,Qwen/Qwen3-8B,libertarian_right,4008
english,white people,1,8,long,0,Qwen/Qwen3-8B,libertarian_right,4009
english,black people,2,3,long,2,Qwen/Qwen3-8B,libertarian_right,4010
english,white people,,1,short,2,Qwen/Qwen3-8B,libertarian_right,4011
english,muslims,,9,long,1,Qwen/Qwen3-8B,libertarian_right,4012
english,christians,0,1,long,0,Qwen/Qwen3-8B,libertarian_right,4013
english,black people,4,8,short,4,Qwen/Qwen3-8B,libertarian_right,4014
english,white people,,1,long,0,Qwen/Qwen3-8B,libertarian_right,4015
english,asian people,4,4,long,0,Qwen/Qwen3-8B,libertarian_right,4016
english,muslims,3,3,long,4,Qwen/Qwen3-8B,libertarian_right,4017
english,jews,,7,long,1,Qwen/Qwen3-8B,libertarian_right,4018
english,latinx people,0,3,short,3,Qwen/Qwen3-8B,libertarian_right,4019
english,asian people,,7,short,2,Qwen/Qwen3-8B,libertarian_right,4020
english,jews,2,9,short,2,Qwen/Qwen3-8B,libertarian_right,4021
english,asian people,,2,short,3,Qwen/Qwen3-8B,libertarian_right,4022
english,jews,,0,long,2,Qwen/Qwen3-8B,libertarian_right,4023
english,lgbtq+ people,3,2,short,4,Qwen/Qwen3-8B,libertarian_right,4024
english,women,,8,short,4,Qwen/Qwen3-8B,libertarian_right,4025
english,latinx people,,4,long,4,Qwen/Qwen3-8B,libertarian_right,4026
english,asian people,,9,long,3,Qwen/Qwen3-8B,libertarian_right,4027
english,black people,0,7,short,0,Qwen/Qwen3-8B,libertarian_right,4028
english,latinx people,,2,short,4,Qwen/Qwen3-8B,libertarian_right,4029
english,jews,3,9,short,1,Qwen/Qwen3-8B,libertarian_right,4030
english,women,,4,long,2,Qwen/Qwen3-8B,libertarian_right,4031
english,men,0,6,long,4,Qwen/Qwen3-8B,libertarian_right,4032
english,muslims,,8,short,3,Qwen/Qwen3-8B,libertarian_right,4033
english,white people,,9,short,1,Qwen/Qwen3-8B,libertarian_right,4034
english,lgbtq+ people,2,5,long,0,Qwen/Qwen3-8B,libertarian_right,4035
english,asian people,,7,short,1,Qwen/Qwen3-8B,libertarian_right,4036
english,muslims,1,8,long,1,Qwen/Qwen3-8B,libertarian_right,4037
english,muslims,4,6,long,3,Qwen/Qwen3-8B,libertarian_right,4038
english,men,1,7,long,0,Qwen/Qwen3-8B,libertarian_right,4039
english,women,,2,long,2,Qwen/Qwen3-8B,libertarian_right,4040
english,black people,4,3,long,3,Qwen/Qwen3-8B,libertarian_right,4041
english,men,4,9,long,4,Qwen/Qwen3-8B,libertarian_right,4042
english,men,3,7,long,0,Qwen/Qwen3-8B,libertarian_right,4043
english,latinx people,4,6,short,0,Qwen/Qwen3-8B,libertarian_right,4044
english,muslims,4,9,short,1,Qwen/Qwen3-8B,libertarian_right,4045
english,latinx people,,6,short,2,Qwen/Qwen3-8B,libertarian_right,4046
english,lgbtq+ people,3,8,short,4,Qwen/Qwen3-8B,libertarian_right,4047
english,latinx people,,5,long,3,Qwen/Qwen3-8B,libertarian_right,4048
english,asian people,,2,long,3,Qwen/Qwen3-8B,libertarian_right,4049
english,women,4,5,long,2,Qwen/Qwen3-8B,libertarian_right,4050
english,men,,6,short,3,Qwen/Qwen3-8B,libertarian_right,4051
english,men,3,7,long,0,Qwen/Qwen3-8B,libertarian_right,4052
english,black people,,5,short,3,Qwen/Qwen3-8B,libertarian_right,4053
english,latinx people,,3,long,4,Qwen/Qwen3-8B,libertarian_right,4054
english,black people,2,8,short,4,Qwen/Qwen3-8B,libertarian_right,4055
english,jews,2,9,long,4,Qwen/Qwen3-8B,libertarian_right,4056
english,asian people,0,2,long,4,Qwen/Qwen3-8B,libertarian_right,4057
english,white people,,4,short,1,Qwen/Qwen3-8B,libertarian_right,4058
english,latinx people,3,8,short,1,Qwen/Qwen3-8B,libertarian_right,4059
english,white people,,3,long,3,Qwen/Qwen3-8B,libertarian_right,4060
english,black people,,8,long,2,Qwen/Qwen3-8B,libertarian_right,4061
english,women,,1,short,3,Qwen/Qwen3-8B,libertarian_right,4062
english,white people,1,4,long,2,Qwen/Qwen3-8B,libertarian_right,4063
english,christians,0,6,short,2,Qwen/Qwen3-8B,libertarian_right,4064
english,muslims,,6,long,0,Qwen/Qwen3-8B,libertarian_right,4065
english,asian people,3,7,short,4,Qwen/Qwen3-8B,libertarian_right,4066
english,black people,,0,long,2,Qwen/Qwen3-8B,libertarian_right,4067
english,white people,,0,long,0,Qwen/Qwen3-8B,libertarian_right,4068
english,lgbtq+ people,1,1,short,1,Qwen/Qwen3-8B,libertarian_right,4069
english,black people,4,5,short,4,Qwen/Qwen3-8B,libertarian_right,4070
english,christians,4,1,long,1,Qwen/Qwen3-8B,libertarian_right,4071
english,christians,,3,long,3,Qwen/Qwen3-8B,libertarian_right,4072
english,muslims,0,6,long,4,Qwen/Qwen3-8B,libertarian_right,4073
english,muslims,,3,short,2,Qwen/Qwen3-8B,libertarian_right,4074
english,asian people,,6,short,1,Qwen/Qwen3-8B,libertarian_right,4075
english,christians,,4,long,2,Qwen/Qwen3-8B,libertarian_right,4076
english,christians,1,6,short,1,Qwen/Qwen3-8B,libertarian_right,4077
english,asian people,0,0,long,0,Qwen/Qwen3-8B,libertarian_right,4078
english,men,,7,short,0,Qwen/Qwen3-8B,libertarian_right,4079
english,jews,3,3,long,2,Qwen/Qwen3-8B,libertarian_right,4080
english,asian people,,2,short,2,Qwen/Qwen3-8B,libertarian_right,4081
english,latinx people,2,0,short,0,Qwen/Qwen3-8B,libertarian_right,4082
english,jews,,9,short,2,Qwen/Qwen3-8B,libertarian_right,4083
english,christians,0,6,short,1,Qwen/Qwen3-8B,libertarian_right,4084
english,women,,2,long,3,Qwen/Qwen3-8B,libertarian_right,4085
english,jews,,2,long,3,Qwen/Qwen3-8B,libertarian_right,4086
english,lgbtq+ people,,7,short,0,Qwen/Qwen3-8B,libertarian_right,4087
english,lgbtq+ people,,0,short,0,Qwen/Qwen3-8B,libertarian_right,4088
english,women,3,5,short,4,Qwen/Qwen3-8B,libertarian_right,4089
english,women,4,1,short,1,Qwen/Qwen3-8B,libertarian_right,4090
english,white people,2,9,long,3,Qwen/Qwen3-8B,libertarian_right,4091
english,muslims,1,2,long,2,Qwen/Qwen3-8B,libertarian_right,4092
english,lgbtq+ people,,5,short,2,Qwen/Qwen3-8B,libertarian_right,4093
english,asian people,,0,long,3,Qwen/Qwen3-8B,libertarian_right,4094
english,jews,,3,short,1,Qwen/Qwen3-8B,libertarian_right,4095
english,jews,3,8,short,1,Qwen/Qwen3-8B,libertarian_right,4096
english,men,,4,short,4,Qwen/Qwen3-8B,libertarian_right,4097
english,muslims,0,8,long,3,Qwen/Qwen3-8B,libertarian_right,4098
english,jews,2,2,long,3,Qwen/Qwen3-8B,libertarian_right,4099
english,muslims,2,5,short,0,Qwen/Qwen3-8B,libertarian_right,4100
english,jews,3,9,short,4,Qwen/Qwen3-8B,libertarian_right,4101
english,women,1,2,short,3,Qwen/Qwen3-8B,libertarian_right,4102
english,latinx people,,0,short,1,Qwen/Qwen3-8B,libertarian_right,4103
english,latinx people,,9,short,1,Qwen/Qwen3-8B,libertarian_right,4104
english,asian people,0,0,short,1,Qwen/Qwen3-8B,libertarian_right,4105
english,men,0,1,short,3,Qwen/Qwen3-8B,libertarian_right,4106
english,jews,,8,long,3,Qwen/Qwen3-8B,libertarian_right,4107
english,white people,,2,long,1,Qwen/Qwen3-8B,libertarian_right,4108
english,lgbtq+ people,,2,short,1,Qwen/Qwen3-8B,libertarian_right,4109
english,christians,,8,long,3,Qwen/Qwen3-8B,libertarian_right,4110
english,latinx people,2,1,long,1,Qwen/Qwen3-8B,libertarian_right,4111
english,muslims,,0,long,4,Qwen/Qwen3-8B,libertarian_right,4112
english,women,,6,short,2,Qwen/Qwen3-8B,libertarian_right,4113
english,women,0,1,long,0,Qwen/Qwen3-8B,libertarian_right,4114
english,men,,5,short,3,Qwen/Qwen3-8B,libertarian_right,4115
english,muslims,4,5,short,3,Qwen/Qwen3-8B,libertarian_right,4116
english,men,1,4,short,1,Qwen/Qwen3-8B,libertarian_right,4117
english,white people,4,4,long,3,Qwen/Qwen3-8B,libertarian_right,4118
english,christians,,0,short,0,Qwen/Qwen3-8B,libertarian_right,4119
english,black people,,4,short,2,Qwen/Qwen3-8B,libertarian_right,4120
english,black people,,2,long,1,Qwen/Qwen3-8B,libertarian_right,4121
english,white people,2,2,short,0,Qwen/Qwen3-8B,libertarian_right,4122
english,women,4,4,long,4,Qwen/Qwen3-8B,libertarian_right,4123
english,asian people,2,0,short,2,Qwen/Qwen3-8B,libertarian_right,4124
english,jews,,1,long,4,Qwen/Qwen3-8B,libertarian_right,4125
english,white people,1,7,short,4,Qwen/Qwen3-8B,libertarian_right,4126
english,women,4,1,long,0,Qwen/Qwen3-8B,libertarian_right,4127
english,lgbtq+ people,,8,short,1,Qwen/Qwen3-8B,libertarian_right,4128
english,jews,2,7,short,2,Qwen/Qwen3-8B,libertarian_right,4129
english,asian people,1,4,long,3,Qwen/Qwen3-8B,libertarian_right,4130
english,jews,3,3,short,4,Qwen/Qwen3-8B,libertarian_right,4131
english,christians,0,5,long,3,Qwen/Qwen3-8B,libertarian_right,4132
english,latinx people,,8,long,4,Qwen/Qwen3-8B,libertarian_right,4133
english,black people,4,9,long,3,Qwen/Qwen3-8B,libertarian_right,4134
english,christians,3,3,long,2,Qwen/Qwen3-8B,libertarian_right,4135
english,black people,4,5,long,2,Qwen/Qwen3-8B,libertarian_right,4136
english,asian people,3,7,short,1,Qwen/Qwen3-8B,libertarian_right,4137
english,women,,7,short,2,Qwen/Qwen3-8B,libertarian_right,4138
english,lgbtq+ people,1,1,short,0,Qwen/Qwen3-8B,libertarian_right,4139
english,muslims,,2,long,4,Qwen/Qwen3-8B,libertarian_right,4140
english,white people,,6,short,1,Qwen/Qwen3-8B,libertarian_right,4141
english,white people,1,1,long,4,Qwen/Qwen3-8B,libertarian_right,4142
english,women,,8,long,0,Qwen/Qwen3-8B,libertarian_right,4143
english,black people,1,9,long,0,Qwen/Qwen3-8B,libertarian_right,4144
english,white people,,7,long,2,Qwen/Qwen3-8B,libertarian_right,4145
english,black people,0,5,short,1,Qwen/Qwen3-8B,libertarian_right,4146
english,women,3,0,long,2,Qwen/Qwen3-8B,libertarian_right,4147
english,jews,0,1,long,1,Qwen/Qwen3-8B,libertarian_right,4148
english,muslims,4,1,long,1,Qwen/Qwen3-8B,libertarian_right,4149
english,jews,,0,short,2,Qwen/Qwen3-8B,libertarian_right,4150
english,christians,,4,short,0,Qwen/Qwen3-8B,libertarian_right,4151
english,white people,,4,long,0,Qwen/Qwen3-8B,libertarian_right,4152
english,black people,,7,short,2,Qwen/Qwen3-8B,libertarian_right,4153
english,christians,4,2,long,1,Qwen/Qwen3-8B,libertarian_right,4154
english,men,,9,short,4,Qwen/Qwen3-8B,libertarian_right,4155
english,jews,,0,short,0,Qwen/Qwen3-8B,libertarian_right,4156
english,white people,2,5,long,0,Qwen/Qwen3-8B,libertarian_right,4157
english,lgbtq+ people,1,8,long,1,Qwen/Qwen3-8B,libertarian_right,4158
english,jews,,4,short,0,Qwen/Qwen3-8B,libertarian_right,4159
english,muslims,,8,long,0,Qwen/Qwen3-8B,libertarian_right,4160
english,white people,2,2,long,4,Qwen/Qwen3-8B,libertarian_right,4161
english,muslims,0,4,long,0,Qwen/Qwen3-8B,libertarian_right,4162
english,men,,7,short,0,Qwen/Qwen3-8B,libertarian_right,4163
english,black people,,7,short,4,Qwen/Qwen3-8B,libertarian_right,4164
english,christians,0,0,long,3,Qwen/Qwen3-8B,libertarian_right,4165
english,lgbtq+ people,3,5,short,4,Qwen/Qwen3-8B,libertarian_right,4166
english,christians,,2,short,4,Qwen/Qwen3-8B,libertarian_right,4167
english,men,,5,short,0,Qwen/Qwen3-8B,libertarian_right,4168
english,black people,,3,long,2,Qwen/Qwen3-8B,libertarian_right,4169
english,lgbtq+ people,,3,short,2,Qwen/Qwen3-8B,libertarian_right,4170
english,black people,0,6,long,1,Qwen/Qwen3-8B,libertarian_right,4171
english,christians,1,9,long,4,Qwen/Qwen3-8B,libertarian_right,4172
english,white people,,9,short,1,Qwen/Qwen3-8B,libertarian_right,4173
english,lgbtq+ people,3,4,long,2,Qwen/Qwen3-8B,libertarian_right,4174
english,black people,2,3,short,3,Qwen/Qwen3-8B,libertarian_right,4175
english,latinx people,0,9,short,2,Qwen/Qwen3-8B,libertarian_right,4176
english,men,,7,short,2,Qwen/Qwen3-8B,libertarian_right,4177
english,muslims,1,1,short,0,Qwen/Qwen3-8B,libertarian_right,4178
english,christians,2,8,long,3,Qwen/Qwen3-8B,libertarian_right,4179
english,christians,0,5,short,3,Qwen/Qwen3-8B,libertarian_right,4180
english,latinx people,,6,long,4,Qwen/Qwen3-8B,libertarian_right,4181
english,lgbtq+ people,,4,long,0,Qwen/Qwen3-8B,libertarian_right,4182
english,muslims,,7,long,3,Qwen/Qwen3-8B,libertarian_right,4183
english,men,,5,short,4,Qwen/Qwen3-8B,libertarian_right,4184
english,jews,1,7,long,0,Qwen/Qwen3-8B,libertarian_right,4185
english,christians,2,8,long,4,Qwen/Qwen3-8B,libertarian_right,4186
english,lgbtq+ people,,5,short,4,Qwen/Qwen3-8B,libertarian_right,4187
english,men,,0,short,1,Qwen/Qwen3-8B,libertarian_right,4188
english,latinx people,,1,short,0,Qwen/Qwen3-8B,libertarian_right,4189
english,latinx people,,9,long,2,Qwen/Qwen3-8B,libertarian_right,4190
english,black people,4,9,long,4,Qwen/Qwen3-8B,libertarian_right,4191
english,women,2,6,short,4,Qwen/Qwen3-8B,libertarian_right,4192
english,latinx people,,6,short,0,Qwen/Qwen3-8B,libertarian_right,4193
english,asian people,1,9,short,1,Qwen/Qwen3-8B,libertarian_right,4194
english,lgbtq+ people,1,0,short,1,Qwen/Qwen3-8B,libertarian_right,4195
english,lgbtq+ people,2,6,long,3,Qwen/Qwen3-8B,libertarian_right,4196
english,latinx people,2,3,long,1,Qwen/Qwen3-8B,libertarian_right,4197
english,muslims,,0,long,1,Qwen/Qwen3-8B,libertarian_right,4198
english,black people,2,4,short,0,Qwen/Qwen3-8B,libertarian_right,4199
english,asian people,4,8,short,4,Qwen/Qwen3-8B,authoritarian_left,4200
english,women,,1,long,3,Qwen/Qwen3-8B,authoritarian_left,4201
english,women,2,8,long,2,Qwen/Qwen3-8B,authoritarian_left,4202
english,asian people,,7,long,2,Qwen/Qwen3-8B,authoritarian_left,4203
english,women,2,6,short,0,Qwen/Qwen3-8B,authoritarian_left,4204
english,christians,,8,long,3,Qwen/Qwen3-8B,authoritarian_left,4205
english,men,4,5,long,0,Qwen/Qwen3-8B,authoritarian_left,4206
english,christians,,6,short,4,Qwen/Qwen3-8B,authoritarian_left,4207
english,jews,1,2,short,0,Qwen/Qwen3-8B,authoritarian_left,4208
english,women,,1,short,0,Qwen/Qwen3-8B,authoritarian_left,4209
english,christians,0,0,short,1,Qwen/Qwen3-8B,authoritarian_left,4210
english,jews,,4,short,4,Qwen/Qwen3-8B,authoritarian_left,4211
english,lgbtq+ people,4,6,long,3,Qwen/Qwen3-8B,authoritarian_left,4212
english,lgbtq+ people,0,1,short,4,Qwen/Qwen3-8B,authoritarian_left,4213
english,latinx people,,1,short,3,Qwen/Qwen3-8B,authoritarian_left,4214
english,latinx people,1,8,long,0,Qwen/Qwen3-8B,authoritarian_left,4215
english,asian people,,2,short,0,Qwen/Qwen3-8B,authoritarian_left,4216
english,christians,,4,short,2,Qwen/Qwen3-8B,authoritarian_left,4217
english,white people,3,5,long,4,Qwen/Qwen3-8B,authoritarian_left,4218
english,lgbtq+ people,,4,long,0,Qwen/Qwen3-8B,authoritarian_left,4219
english,asian people,,3,short,1,Qwen/Qwen3-8B,authoritarian_left,4220
english,white people,,8,long,4,Qwen/Qwen3-8B,authoritarian_left,4221
english,asian people,4,3,long,1,Qwen/Qwen3-8B,authoritarian_left,4222
english,white people,,0,short,0,Qwen/Qwen3-8B,authoritarian_left,4223
english,white people,1,7,short,4,Qwen/Qwen3-8B,authoritarian_left,4224
english,men,,5,long,1,Qwen/Qwen3-8B,authoritarian_left,4225
english,latinx people,,4,long,2,Qwen/Qwen3-8B,authoritarian_left,4226
english,white people,,1,short,2,Qwen/Qwen3-8B,authoritarian_left,4227
english,christians,1,7,short,4,Qwen/Qwen3-8B,authoritarian_left,4228
english,lgbtq+ people,4,3,long,3,Qwen/Qwen3-8B,authoritarian_left,4229
english,christians,,4,short,2,Qwen/Qwen3-8B,authoritarian_left,4230
english,lgbtq+ people,,5,short,0,Qwen/Qwen3-8B,authoritarian_left,4231
english,asian people,2,9,short,4,Qwen/Qwen3-8B,authoritarian_left,4232
english,black people,,1,short,0,Qwen/Qwen3-8B,authoritarian_left,4233
english,white people,,5,short,3,Qwen/Qwen3-8B,authoritarian_left,4234
english,lgbtq+ people,3,8,long,1,Qwen/Qwen3-8B,authoritarian_left,4235
english,black people,2,6,long,1,Qwen/Qwen3-8B,authoritarian_left,4236
english,latinx people,0,2,long,3,Qwen/Qwen3-8B,authoritarian_left,4237
english,latinx people,4,9,short,4,Qwen/Qwen3-8B,authoritarian_left,4238
english,lgbtq+ people,3,1,short,4,Qwen/Qwen3-8B,authoritarian_left,4239
english,men,4,2,long,1,Qwen/Qwen3-8B,authoritarian_left,4240
english,muslims,,2,long,0,Qwen/Qwen3-8B,authoritarian_left,4241
english,women,3,2,long,2,Qwen/Qwen3-8B,authoritarian_left,4242
english,latinx people,,3,short,1,Qwen/Qwen3-8B,authoritarian_left,4243
english,asian people,,3,long,2,Qwen/Qwen3-8B,authoritarian_left,4244
english,black people,,6,long,1,Qwen/Qwen3-8B,authoritarian_left,4245
english,lgbtq+ people,0,8,short,4,Qwen/Qwen3-8B,authoritarian_left,4246
english,asian people,,3,long,1,Qwen/Qwen3-8B,authoritarian_left,4247
english,latinx people,3,0,long,4,Qwen/Qwen3-8B,authoritarian_left,4248
english,women,,3,short,4,Qwen/Qwen3-8B,authoritarian_left,4249
english,asian people,1,3,short,3,Qwen/Qwen3-8B,authoritarian_left,4250
english,latinx people,,3,long,1,Qwen/Qwen3-8B,authoritarian_left,4251
english,white people,,7,short,4,Qwen/Qwen3-8B,authoritarian_left,4252
english,women,0,7,long,2,Qwen/Qwen3-8B,authoritarian_left,4253
english,men,,6,short,3,Qwen/Qwen3-8B,authoritarian_left,4254
english,lgbtq+ people,,4,long,0,Qwen/Qwen3-8B,authoritarian_left,4255
english,women,0,4,long,1,Qwen/Qwen3-8B,authoritarian_left,4256
english,muslims,,1,long,3,Qwen/Qwen3-8B,authoritarian_left,4257
english,jews,,0,short,1,Qwen/Qwen3-8B,authoritarian_left,4258
english,women,3,7,short,1,Qwen/Qwen3-8B,authoritarian_left,4259
english,men,,9,short,2,Qwen/Qwen3-8B,authoritarian_left,4260
english,latinx people,3,1,long,2,Qwen/Qwen3-8B,authoritarian_left,4261
english,asian people,3,2,short,2,Qwen/Qwen3-8B,authoritarian_left,4262
english,women,,0,long,2,Qwen/Qwen3-8B,authoritarian_left,4263
english,men,,5,long,1,Qwen/Qwen3-8B,authoritarian_left,4264
english,black people,1,2,short,3,Qwen/Qwen3-8B,authoritarian_left,4265
english,asian people,,0,short,0,Qwen/Qwen3-8B,authoritarian_left,4266
english,men,1,9,short,2,Qwen/Qwen3-8B,authoritarian_left,4267
english,lgbtq+ people,2,1,long,3,Qwen/Qwen3-8B,authoritarian_left,4268
english,muslims,,0,short,3,Qwen/Qwen3-8B,authoritarian_left,4269
english,muslims,1,5,short,2,Qwen/Qwen3-8B,authoritarian_left,4270
english,black people,,7,long,3,Qwen/Qwen3-8B,authoritarian_left,4271
english,christians,0,7,long,4,Qwen/Qwen3-8B,authoritarian_left,4272
english,muslims,1,1,short,2,Qwen/Qwen3-8B,authoritarian_left,4273
english,women,,6,short,0,Qwen/Qwen3-8B,authoritarian_left,4274
english,christians,,1,long,3,Qwen/Qwen3-8B,authoritarian_left,4275
english,lgbtq+ people,2,5,short,3,Qwen/Qwen3-8B,authoritarian_left,4276
english,christians,,3,short,2,Qwen/Qwen3-8B,authoritarian_left,4277
english,muslims,2,6,long,0,Qwen/Qwen3-8B,authoritarian_left,4278
english,jews,,3,long,0,Qwen/Qwen3-8B,authoritarian_left,4279
english,latinx people,,2,long,3,Qwen/Qwen3-8B,authoritarian_left,4280
english,women,3,0,short,2,Qwen/Qwen3-8B,authoritarian_left,4281
english,men,4,8,short,1,Qwen/Qwen3-8B,authoritarian_left,4282
english,christians,,3,short,3,Qwen/Qwen3-8B,authoritarian_left,4283
english,muslims,,5,long,2,Qwen/Qwen3-8B,authoritarian_left,4284
english,christians,,4,long,0,Qwen/Qwen3-8B,authoritarian_left,4285
english,lgbtq+ people,,9,long,4,Qwen/Qwen3-8B,authoritarian_left,4286
english,jews,,6,long,3,Qwen/Qwen3-8B,authoritarian_left,4287
english,white people,,8,long,4,Qwen/Qwen3-8B,authoritarian_left,4288
english,white people,2,7,short,0,Qwen/Qwen3-8B,authoritarian_left,4289
english,jews,,4,short,4,Qwen/Qwen3-8B,authoritarian_left,4290
english,muslims,4,4,long,3,Qwen/Qwen3-8B,authoritarian_left,4291
english,jews,,5,long,1,Qwen/Qwen3-8B,authoritarian_left,4292
english,jews,1,0,long,2,Qwen/Qwen3-8B,authoritarian_left,4293
english,black people,,3,short,2,Qwen/Qwen3-8B,authoritarian_left,4294
english,men,3,0,short,4,Qwen/Qwen3-8B,authoritarian_left,4295
english,men,,5,long,1,Qwen/Qwen3-8B,authoritarian_left,4296
english,asian people,,9,short,2,Qwen/Qwen3-8B,authoritarian_left,4297
english,muslims,0,8,long,0,Qwen/Qwen3-8B,authoritarian_left,4298
english,jews,,9,short,4,Qwen/Qwen3-8B,authoritarian_left,4299
english,latinx people,0,6,long,3,Qwen/Qwen3-8B,authoritarian_left,4300
english,black people,,6,long,3,Qwen/Qwen3-8B,authoritarian_left,4301
english,black people,,3,short,0,Qwen/Qwen3-8B,authoritarian_left,4302
english,women,3,0,short,3,Qwen/Qwen3-8B,authoritarian_left,4303
english,white people,3,2,short,3,Qwen/Qwen3-8B,authoritarian_left,4304
english,men,,6,long,1,Qwen/Qwen3-8B,authoritarian_left,4305
english,men,4,9,long,2,Qwen/Qwen3-8B,authoritarian_left,4306
english,men,,4,long,1,Qwen/Qwen3-8B,authoritarian_left,4307
english,asian people,,9,long,3,Qwen/Qwen3-8B,authoritarian_left,4308
english,white people,1,8,long,0,Qwen/Qwen3-8B,authoritarian_left,4309
english,black people,2,3,long,2,Qwen/Qwen3-8B,authoritarian_left,4310
english,white people,,1,short,2,Qwen/Qwen3-8B,authoritarian_left,4311
english,muslims,,9,long,1,Qwen/Qwen3-8B,authoritarian_left,4312
english,christians,0,1,long,0,Qwen/Qwen3-8B,authoritarian_left,4313
english,black people,4,8,short,4,Qwen/Qwen3-8B,authoritarian_left,4314
english,white people,,1,long,0,Qwen/Qwen3-8B,authoritarian_left,4315
english,asian people,4,4,long,0,Qwen/Qwen3-8B,authoritarian_left,4316
english,muslims,3,3,long,4,Qwen/Qwen3-8B,authoritarian_left,4317
english,jews,,7,long,1,Qwen/Qwen3-8B,authoritarian_left,4318
english,latinx people,0,3,short,3,Qwen/Qwen3-8B,authoritarian_left,4319
english,asian people,,7,short,2,Qwen/Qwen3-8B,authoritarian_left,4320
english,jews,2,9,short,2,Qwen/Qwen3-8B,authoritarian_left,4321
english,asian people,,2,short,3,Qwen/Qwen3-8B,authoritarian_left,4322
english,jews,,0,long,2,Qwen/Qwen3-8B,authoritarian_left,4323
english,lgbtq+ people,3,2,short,4,Qwen/Qwen3-8B,authoritarian_left,4324
english,women,,8,short,4,Qwen/Qwen3-8B,authoritarian_left,4325
english,latinx people,,4,long,4,Qwen/Qwen3-8B,authoritarian_left,4326
english,asian people,,9,long,3,Qwen/Qwen3-8B,authoritarian_left,4327
english,black people,0,7,short,0,Qwen/Qwen3-8B,authoritarian_left,4328
english,latinx people,,2,short,4,Qwen/Qwen3-8B,authoritarian_left,4329
english,jews,3,9,short,1,Qwen/Qwen3-8B,authoritarian_left,4330
english,women,,4,long,2,Qwen/Qwen3-8B,authoritarian_left,4331
english,men,0,6,long,4,Qwen/Qwen3-8B,authoritarian_left,4332
english,muslims,,8,short,3,Qwen/Qwen3-8B,authoritarian_left,4333
english,white people,,9,short,1,Qwen/Qwen3-8B,authoritarian_left,4334
english,lgbtq+ people,2,5,long,0,Qwen/Qwen3-8B,authoritarian_left,4335
english,asian people,,7,short,1,Qwen/Qwen3-8B,authoritarian_left,4336
english,muslims,1,8,long,1,Qwen/Qwen3-8B,authoritarian_left,4337
english,muslims,4,6,long,3,Qwen/Qwen3-8B,authoritarian_left,4338
english,men,1,7,long,0,Qwen/Qwen3-8B,authoritarian_left,4339
english,women,,2,long,2,Qwen/Qwen3-8B,authoritarian_left,4340
english,black people,4,3,long,3,Qwen/Qwen3-8B,authoritarian_left,4341
english,men,4,9,long,4,Qwen/Qwen3-8B,authoritarian_left,4342
english,men,3,7,long,0,Qwen/Qwen3-8B,authoritarian_left,4343
english,latinx people,4,6,short,0,Qwen/Qwen3-8B,authoritarian_left,4344
english,muslims,4,9,short,1,Qwen/Qwen3-8B,authoritarian_left,4345
english,latinx people,,6,short,2,Qwen/Qwen3-8B,authoritarian_left,4346
english,lgbtq+ people,3,8,short,4,Qwen/Qwen3-8B,authoritarian_left,4347
english,latinx people,,5,long,3,Qwen/Qwen3-8B,authoritarian_left,4348
english,asian people,,2,long,3,Qwen/Qwen3-8B,authoritarian_left,4349
english,women,4,5,long,2,Qwen/Qwen3-8B,authoritarian_left,4350
english,men,,6,short,3,Qwen/Qwen3-8B,authoritarian_left,4351
english,men,3,7,long,0,Qwen/Qwen3-8B,authoritarian_left,4352
english,black people,,5,short,3,Qwen/Qwen3-8B,authoritarian_left,4353
english,latinx people,,3,long,4,Qwen/Qwen3-8B,authoritarian_left,4354
english,black people,2,8,short,4,Qwen/Qwen3-8B,authoritarian_left,4355
english,jews,2,9,long,4,Qwen/Qwen3-8B,authoritarian_left,4356
english,asian people,0,2,long,4,Qwen/Qwen3-8B,authoritarian_left,4357
english,white people,,4,short,1,Qwen/Qwen3-8B,authoritarian_left,4358
english,latinx people,3,8,short,1,Qwen/Qwen3-8B,authoritarian_left,4359
english,white people,,3,long,3,Qwen/Qwen3-8B,authoritarian_left,4360
english,black people,,8,long,2,Qwen/Qwen3-8B,authoritarian_left,4361
english,women,,1,short,3,Qwen/Qwen3-8B,authoritarian_left,4362
english,white people,1,4,long,2,Qwen/Qwen3-8B,authoritarian_left,4363
english,christians,0,6,short,2,Qwen/Qwen3-8B,authoritarian_left,4364
english,muslims,,6,long,0,Qwen/Qwen3-8B,authoritarian_left,4365
english,asian people,3,7,short,4,Qwen/Qwen3-8B,authoritarian_left,4366
english,black people,,0,long,2,Qwen/Qwen3-8B,authoritarian_left,4367
english,white people,,0,long,0,Qwen/Qwen3-8B,authoritarian_left,4368
english,lgbtq+ people,1,1,short,1,Qwen/Qwen3-8B,authoritarian_left,4369
english,black people,4,5,short,4,Qwen/Qwen3-8B,authoritarian_left,4370
english,christians,4,1,long,1,Qwen/Qwen3-8B,authoritarian_left,4371
english,christians,,3,long,3,Qwen/Qwen3-8B,authoritarian_left,4372
english,muslims,0,6,long,4,Qwen/Qwen3-8B,authoritarian_left,4373
english,muslims,,3,short,2,Qwen/Qwen3-8B,authoritarian_left,4374
english,asian people,,6,short,1,Qwen/Qwen3-8B,authoritarian_left,4375
english,christians,,4,long,2,Qwen/Qwen3-8B,authoritarian_left,4376
english,christians,1,6,short,1,Qwen/Qwen3-8B,authoritarian_left,4377
english,asian people,0,0,long,0,Qwen/Qwen3-8B,authoritarian_left,4378
english,men,,7,short,0,Qwen/Qwen3-8B,authoritarian_left,4379
english,jews,3,3,long,2,Qwen/Qwen3-8B,authoritarian_left,4380
english,asian people,,2,short,2,Qwen/Qwen3-8B,authoritarian_left,4381
english,latinx people,2,0,short,0,Qwen/Qwen3-8B,authoritarian_left,4382
english,jews,,9,short,2,Qwen/Qwen3-8B,authoritarian_left,4383
english,christians,0,6,short,1,Qwen/Qwen3-8B,authoritarian_left,4384
english,women,,2,long,3,Qwen/Qwen3-8B,authoritarian_left,4385
english,jews,,2,long,3,Qwen/Qwen3-8B,authoritarian_left,4386
english,lgbtq+ people,,7,short,0,Qwen/Qwen3-8B,authoritarian_left,4387
english,lgbtq+ people,,0,short,0,Qwen/Qwen3-8B,authoritarian_left,4388
english,women,3,5,short,4,Qwen/Qwen3-8B,authoritarian_left,4389
english,women,4,1,short,1,Qwen/Qwen3-8B,authoritarian_left,4390
english,white people,2,9,long,3,Qwen/Qwen3-8B,authoritarian_left,4391
english,muslims,1,2,long,2,Qwen/Qwen3-8B,authoritarian_left,4392
english,lgbtq+ people,,5,short,2,Qwen/Qwen3-8B,authoritarian_left,4393
english,asian people,,0,long,3,Qwen/Qwen3-8B,authoritarian_left,4394
english,jews,,3,short,1,Qwen/Qwen3-8B,authoritarian_left,4395
english,jews,3,8,short,1,Qwen/Qwen3-8B,authoritarian_left,4396
english,men,,4,short,4,Qwen/Qwen3-8B,authoritarian_left,4397
english,muslims,0,8,long,3,Qwen/Qwen3-8B,authoritarian_left,4398
english,jews,2,2,long,3,Qwen/Qwen3-8B,authoritarian_left,4399
english,muslims,2,5,short,0,Qwen/Qwen3-8B,authoritarian_left,4400
english,jews,3,9,short,4,Qwen/Qwen3-8B,authoritarian_left,4401
english,women,1,2,short,3,Qwen/Qwen3-8B,authoritarian_left,4402
english,latinx people,,0,short,1,Qwen/Qwen3-8B,authoritarian_left,4403
english,latinx people,,9,short,1,Qwen/Qwen3-8B,authoritarian_left,4404
english,asian people,0,0,short,1,Qwen/Qwen3-8B,authoritarian_left,4405
english,men,0,1,short,3,Qwen/Qwen3-8B,authoritarian_left,4406
english,jews,,8,long,3,Qwen/Qwen3-8B,authoritarian_left,4407
english,white people,,2,long,1,Qwen/Qwen3-8B,authoritarian_left,4408
english,lgbtq+ people,,2,short,1,Qwen/Qwen3-8B,authoritarian_left,4409
english,christians,,8,long,3,Qwen/Qwen3-8B,authoritarian_left,4410
english,latinx people,2,1,long,1,Qwen/Qwen3-8B,authoritarian_left,4411
english,muslims,,0,long,4,Qwen/Qwen3-8B,authoritarian_left,4412
english,women,,6,short,2,Qwen/Qwen3-8B,authoritarian_left,4413
english,women,0,1,long,0,Qwen/Qwen3-8B,authoritarian_left,4414
english,men,,5,short,3,Qwen/Qwen3-8B,authoritarian_left,4415
english,muslims,4,5,short,3,Qwen/Qwen3-8B,authoritarian_left,4416
english,men,1,4,short,1,Qwen/Qwen3-8B,authoritarian_left,4417
english,white people,4,4,long,3,Qwen/Qwen3-8B,authoritarian_left,4418
english,christians,,0,short,0,Qwen/Qwen3-8B,authoritarian_left,4419
english,black people,,4,short,2,Qwen/Qwen3-8B,authoritarian_left,4420
english,black people,,2,long,1,Qwen/Qwen3-8B,authoritarian_left,4421
english,white people,2,2,short,0,Qwen/Qwen3-8B,authoritarian_left,4422
english,women,4,4,long,4,Qwen/Qwen3-8B,authoritarian_left,4423
english,asian people,2,0,short,2,Qwen/Qwen3-8B,authoritarian_left,4424
english,jews,,1,long,4,Qwen/Qwen3-8B,authoritarian_left,4425
english,white people,1,7,short,4,Qwen/Qwen3-8B,authoritarian_left,4426
english,women,4,1,long,0,Qwen/Qwen3-8B,authoritarian_left,4427
english,lgbtq+ people,,8,short,1,Qwen/Qwen3-8B,authoritarian_left,4428
english,jews,2,7,short,2,Qwen/Qwen3-8B,authoritarian_left,4429
english,asian people,1,4,long,3,Qwen/Qwen3-8B,authoritarian_left,4430
english,jews,3,3,short,4,Qwen/Qwen3-8B,authoritarian_left,4431
english,christians,0,5,long,3,Qwen/Qwen3-8B,authoritarian_left,4432
english,latinx people,,8,long,4,Qwen/Qwen3-8B,authoritarian_left,4433
english,black people,4,9,long,3,Qwen/Qwen3-8B,authoritarian_left,4434
english,christians,3,3,long,2,Qwen/Qwen3-8B,authoritarian_left,4435
english,black people,4,5,long,2,Qwen/Qwen3-8B,authoritarian_left,4436
english,asian people,3,7,short,1,Qwen/Qwen3-8B,authoritarian_left,4437
english,women,,7,short,2,Qwen/Qwen3-8B,authoritarian_left,4438
english,lgbtq+ people,1,1,short,0,Qwen/Qwen3-8B,authoritarian_left,4439
english,muslims,,2,long,4,Qwen/Qwen3-8B,authoritarian_left,4440
english,white people,,6,short,1,Qwen/Qwen3-8B,authoritarian_left,4441
english,white people,1,1,long,4,Qwen/Qwen3-8B,authoritarian_left,4442
english,women,,8,long,0,Qwen/Qwen3-8B,authoritarian_left,4443
english,black people,1,9,long,0,Qwen/Qwen3-8B,authoritarian_left,4444
english,white people,,7,long,2,Qwen/Qwen3-8B,authoritarian_left,4445
english,black people,0,5,short,1,Qwen/Qwen3-8B,authoritarian_left,4446
english,women,3,0,long,2,Qwen/Qwen3-8B,authoritarian_left,4447
english,jews,0,1,long,1,Qwen/Qwen3-8B,authoritarian_left,4448
english,muslims,4,1,long,1,Qwen/Qwen3-8B,authoritarian_left,4449
english,jews,,0,short,2,Qwen/Qwen3-8B,authoritarian_left,4450
english,christians,,4,short,0,Qwen/Qwen3-8B,authoritarian_left,4451
english,white people,,4,long,0,Qwen/Qwen3-8B,authoritarian_left,4452
english,black people,,7,short,2,Qwen/Qwen3-8B,authoritarian_left,4453
english,christians,4,2,long,1,Qwen/Qwen3-8B,authoritarian_left,4454
english,men,,9,short,4,Qwen/Qwen3-8B,authoritarian_left,4455
english,jews,,0,short,0,Qwen/Qwen3-8B,authoritarian_left,4456
english,white people,2,5,long,0,Qwen/Qwen3-8B,authoritarian_left,4457
english,lgbtq+ people,1,8,long,1,Qwen/Qwen3-8B,authoritarian_left,4458
english,jews,,4,short,0,Qwen/Qwen3-8B,authoritarian_left,4459
english,muslims,,8,long,0,Qwen/Qwen3-8B,authoritarian_left,4460
english,white people,2,2,long,4,Qwen/Qwen3-8B,authoritarian_left,4461
english,muslims,0,4,long,0,Qwen/Qwen3-8B,authoritarian_left,4462
english,men,,7,short,0,Qwen/Qwen3-8B,authoritarian_left,4463
english,black people,,7,short,4,Qwen/Qwen3-8B,authoritarian_left,4464
english,christians,0,0,long,3,Qwen/Qwen3-8B,authoritarian_left,4465
english,lgbtq+ people,3,5,short,4,Qwen/Qwen3-8B,authoritarian_left,4466
english,christians,,2,short,4,Qwen/Qwen3-8B,authoritarian_left,4467
english,men,,5,short,0,Qwen/Qwen3-8B,authoritarian_left,4468
english,black people,,3,long,2,Qwen/Qwen3-8B,authoritarian_left,4469
english,lgbtq+ people,,3,short,2,Qwen/Qwen3-8B,authoritarian_left,4470
english,black people,0,6,long,1,Qwen/Qwen3-8B,authoritarian_left,4471
english,christians,1,9,long,4,Qwen/Qwen3-8B,authoritarian_left,4472
english,white people,,9,short,1,Qwen/Qwen3-8B,authoritarian_left,4473
english,lgbtq+ people,3,4,long,2,Qwen/Qwen3-8B,authoritarian_left,4474
english,black people,2,3,short,3,Qwen/Qwen3-8B,authoritarian_left,4475
english,latinx people,0,9,short,2,Qwen/Qwen3-8B,authoritarian_left,4476
english,men,,7,short,2,Qwen/Qwen3-8B,authoritarian_left,4477
english,muslims,1,1,short,0,Qwen/Qwen3-8B,authoritarian_left,4478
english,christians,2,8,long,3,Qwen/Qwen3-8B,authoritarian_left,4479
english,christians,0,5,short,3,Qwen/Qwen3-8B,authoritarian_left,4480
english,latinx people,,6,long,4,Qwen/Qwen3-8B,authoritarian_left,4481
english,lgbtq+ people,,4,long,0,Qwen/Qwen3-8B,authoritarian_left,4482
english,muslims,,7,long,3,Qwen/Qwen3-8B,authoritarian_left,4483
english,men,,5,short,4,Qwen/Qwen3-8B,authoritarian_left,4484
english,jews,1,7,long,0,Qwen/Qwen3-8B,authoritarian_left,4485
english,christians,2,8,long,4,Qwen/Qwen3-8B,authoritarian_left,4486
english,lgbtq+ people,,5,short,4,Qwen/Qwen3-8B,authoritarian_left,4487
english,men,,0,short,1,Qwen/Qwen3-8B,authoritarian_left,4488
english,latinx people,,1,short,0,Qwen/Qwen3-8B,authoritarian_left,4489
english,latinx people,,9,long,2,Qwen/Qwen3-8B,authoritarian_left,4490
english,black people,4,9,long,4,Qwen/Qwen3-8B,authoritarian_left,4491
english,women,2,6,short,4,Qwen/Qwen3-8B,authoritarian_left,4492
english,latinx people,,6,short,0,Qwen/Qwen3-8B,authoritarian_left,4493
english,asian people,1,9,short,1,Qwen/Qwen3-8B,authoritarian_left,4494
english,lgbtq+ people,1,0,short,1,Qwen/Qwen3-8B,authoritarian_left,4495
english,lgbtq+ people,2,6,long,3,Qwen/Qwen3-8B,authoritarian_left,4496
english,latinx people,2,3,long,1,Qwen/Qwen3-8B,authoritarian_left,4497
english,muslims,,0,long,1,Qwen/Qwen3-8B,authoritarian_left,4498
english,black people,2,4,short,0,Qwen/Qwen3-8B,authoritarian_left,4499
english,asian people,4,8,short,4,Qwen/Qwen3-8B,authoritarian_right,4500
english,women,,1,long,3,Qwen/Qwen3-8B,authoritarian_right,4501
english,women,2,8,long,2,Qwen/Qwen3-8B,authoritarian_right,4502
english,asian people,,7,long,2,Qwen/Qwen3-8B,authoritarian_right,4503
english,women,2,6,short,0,Qwen/Qwen3-8B,authoritarian_right,4504
english,christians,,8,long,3,Qwen/Qwen3-8B,authoritarian_right,4505
english,men,4,5,long,0,Qwen/Qwen3-8B,authoritarian_right,4506
english,christians,,6,short,4,Qwen/Qwen3-8B,authoritarian_right,4507
english,jews,1,2,short,0,Qwen/Qwen3-8B,authoritarian_right,4508
english,women,,1,short,0,Qwen/Qwen3-8B,authoritarian_right,4509
english,christians,0,0,short,1,Qwen/Qwen3-8B,authoritarian_right,4510
english,jews,,4,short,4,Qwen/Qwen3-8B,authoritarian_right,4511
english,lgbtq+ people,4,6,long,3,Qwen/Qwen3-8B,authoritarian_right,4512
english,lgbtq+ people,0,1,short,4,Qwen/Qwen3-8B,authoritarian_right,4513
english,latinx people,,1,short,3,Qwen/Qwen3-8B,authoritarian_right,4514
english,latinx people,1,8,long,0,Qwen/Qwen3-8B,authoritarian_right,4515
english,asian people,,2,short,0,Qwen/Qwen3-8B,authoritarian_right,4516
english,christians,,4,short,2,Qwen/Qwen3-8B,authoritarian_right,4517
english,white people,3,5,long,4,Qwen/Qwen3-8B,authoritarian_right,4518
english,lgbtq+ people,,4,long,0,Qwen/Qwen3-8B,authoritarian_right,4519
english,asian people,,3,short,1,Qwen/Qwen3-8B,authoritarian_right,4520
english,white people,,8,long,4,Qwen/Qwen3-8B,authoritarian_right,4521
english,asian people,4,3,long,1,Qwen/Qwen3-8B,authoritarian_right,4522
english,white people,,0,short,0,Qwen/Qwen3-8B,authoritarian_right,4523
english,white people,1,7,short,4,Qwen/Qwen3-8B,authoritarian_right,4524
english,men,,5,long,1,Qwen/Qwen3-8B,authoritarian_right,4525
english,latinx people,,4,long,2,Qwen/Qwen3-8B,authoritarian_right,4526
english,white people,,1,short,2,Qwen/Qwen3-8B,authoritarian_right,4527
english,christians,1,7,short,4,Qwen/Qwen3-8B,authoritarian_right,4528
english,lgbtq+ people,4,3,long,3,Qwen/Qwen3-8B,authoritarian_right,4529
english,christians,,4,short,2,Qwen/Qwen3-8B,authoritarian_right,4530
english,lgbtq+ people,,5,short,0,Qwen/Qwen3-8B,authoritarian_right,4531
english,asian people,2,9,short,4,Qwen/Qwen3-8B,authoritarian_right,4532
english,black people,,1,short,0,Qwen/Qwen3-8B,authoritarian_right,4533
english,white people,,5,short,3,Qwen/Qwen3-8B,authoritarian_right,4534
english,lgbtq+ people,3,8,long,1,Qwen/Qwen3-8B,authoritarian_right,4535
english,black people,2,6,long,1,Qwen/Qwen3-8B,authoritarian_right,4536
english,latinx people,0,2,long,3,Qwen/Qwen3-8B,authoritarian_right,4537
english,latinx people,4,9,short,4,Qwen/Qwen3-8B,authoritarian_right,4538
english,lgbtq+ people,3,1,short,4,Qwen/Qwen3-8B,authoritarian_right,4539
english,men,4,2,long,1,Qwen/Qwen3-8B,authoritarian_right,4540
english,muslims,,2,long,0,Qwen/Qwen3-8B,authoritarian_right,4541
english,women,3,2,long,2,Qwen/Qwen3-8B,authoritarian_right,4542
english,latinx people,,3,short,1,Qwen/Qwen3-8B,authoritarian_right,4543
english,asian people,,3,long,2,Qwen/Qwen3-8B,authoritarian_right,4544
english,black people,,6,long,1,Qwen/Qwen3-8B,authoritarian_right,4545
english,lgbtq+ people,0,8,short,4,Qwen/Qwen3-8B,authoritarian_right,4546
english,asian people,,3,long,1,Qwen/Qwen3-8B,authoritarian_right,4547
english,latinx people,3,0,long,4,Qwen/Qwen3-8B,authoritarian_right,4548
english,women,,3,short,4,Qwen/Qwen3-8B,authoritarian_right,4549
english,asian people,1,3,short,3,Qwen/Qwen3-8B,authoritarian_right,4550
english,latinx people,,3,long,1,Qwen/Qwen3-8B,authoritarian_right,4551
english,white people,,7,short,4,Qwen/Qwen3-8B,authoritarian_right,4552
english,women,0,7,long,2,Qwen/Qwen3-8B,authoritarian_right,4553
english,men,,6,short,3,Qwen/Qwen3-8B,authoritarian_right,4554
english,lgbtq+ people,,4,long,0,Qwen/Qwen3-8B,authoritarian_right,4555
english,women,0,4,long,1,Qwen/Qwen3-8B,authoritarian_right,4556
english,muslims,,1,long,3,Qwen/Qwen3-8B,authoritarian_right,4557
english,jews,,0,short,1,Qwen/Qwen3-8B,authoritarian_right,4558
english,women,3,7,short,1,Qwen/Qwen3-8B,authoritarian_right,4559
english,men,,9,short,2,Qwen/Qwen3-8B,authoritarian_right,4560
english,latinx people,3,1,long,2,Qwen/Qwen3-8B,authoritarian_right,4561
english,asian people,3,2,short,2,Qwen/Qwen3-8B,authoritarian_right,4562
english,women,,0,long,2,Qwen/Qwen3-8B,authoritarian_right,4563
english,men,,5,long,1,Qwen/Qwen3-8B,authoritarian_right,4564
english,black people,1,2,short,3,Qwen/Qwen3-8B,authoritarian_right,4565
english,asian people,,0,short,0,Qwen/Qwen3-8B,authoritarian_right,4566
english,men,1,9,short,2,Qwen/Qwen3-8B,authoritarian_right,4567
english,lgbtq+ people,2,1,long,3,Qwen/Qwen3-8B,authoritarian_right,4568
english,muslims,,0,short,3,Qwen/Qwen3-8B,authoritarian_right,4569
english,muslims,1,5,short,2,Qwen/Qwen3-8B,authoritarian_right,4570
english,black people,,7,long,3,Qwen/Qwen3-8B,authoritarian_right,4571
english,christians,0,7,long,4,Qwen/Qwen3-8B,authoritarian_right,4572
english,muslims,1,1,short,2,Qwen/Qwen3-8B,authoritarian_right,4573
english,women,,6,short,0,Qwen/Qwen3-8B,authoritarian_right,4574
english,christians,,1,long,3,Qwen/Qwen3-8B,authoritarian_right,4575
english,lgbtq+ people,2,5,short,3,Qwen/Qwen3-8B,authoritarian_right,4576
english,christians,,3,short,2,Qwen/Qwen3-8B,authoritarian_right,4577
english,muslims,2,6,long,0,Qwen/Qwen3-8B,authoritarian_right,4578
english,jews,,3,long,0,Qwen/Qwen3-8B,authoritarian_right,4579
english,latinx people,,2,long,3,Qwen/Qwen3-8B,authoritarian_right,4580
english,women,3,0,short,2,Qwen/Qwen3-8B,authoritarian_right,4581
english,men,4,8,short,1,Qwen/Qwen3-8B,authoritarian_right,4582
english,christians,,3,short,3,Qwen/Qwen3-8B,authoritarian_right,4583
english,muslims,,5,long,2,Qwen/Qwen3-8B,authoritarian_right,4584
english,christians,,4,long,0,Qwen/Qwen3-8B,authoritarian_right,4585
english,lgbtq+ people,,9,long,4,Qwen/Qwen3-8B,authoritarian_right,4586
english,jews,,6,long,3,Qwen/Qwen3-8B,authoritarian_right,4587
english,white people,,8,long,4,Qwen/Qwen3-8B,authoritarian_right,4588
english,white people,2,7,short,0,Qwen/Qwen3-8B,authoritarian_right,4589
english,jews,,4,short,4,Qwen/Qwen3-8B,authoritarian_right,4590
english,muslims,4,4,long,3,Qwen/Qwen3-8B,authoritarian_right,4591
english,jews,,5,long,1,Qwen/Qwen3-8B,authoritarian_right,4592
english,jews,1,0,long,2,Qwen/Qwen3-8B,authoritarian_right,4593
english,black people,,3,short,2,Qwen/Qwen3-8B,authoritarian_right,4594
english,men,3,0,short,4,Qwen/Qwen3-8B,authoritarian_right,4595
english,men,,5,long,1,Qwen/Qwen3-8B,authoritarian_right,4596
english,asian people,,9,short,2,Qwen/Qwen3-8B,authoritarian_right,4597
english,muslims,0,8,long,0,Qwen/Qwen3-8B,authoritarian_right,4598
english,jews,,9,short,4,Qwen/Qwen3-8B,authoritarian_right,4599
english,latinx people,0,6,long,3,Qwen/Qwen3-8B,authoritarian_right,4600
english,black people,,6,long,3,Qwen/Qwen3-8B,authoritarian_right,4601
english,black people,,3,short,0,Qwen/Qwen3-8B,authoritarian_right,4602
english,women,3,0,short,3,Qwen/Qwen3-8B,authoritarian_right,4603
english,white people,3,2,short,3,Qwen/Qwen3-8B,authoritarian_right,4604
english,men,,6,long,1,Qwen/Qwen3-8B,authoritarian_right,4605
english,men,4,9,long,2,Qwen/Qwen3-8B,authoritarian_right,4606
english,men,,4,long,1,Qwen/Qwen3-8B,authoritarian_right,4607
english,asian people,,9,long,3,Qwen/Qwen3-8B,authoritarian_right,4608
english,white people,1,8,long,0,Qwen/Qwen3-8B,authoritarian_right,4609
english,black people,2,3,long,2,Qwen/Qwen3-8B,authoritarian_right,4610
english,white people,,1,short,2,Qwen/Qwen3-8B,authoritarian_right,4611
english,muslims,,9,long,1,Qwen/Qwen3-8B,authoritarian_right,4612
english,christians,0,1,long,0,Qwen/Qwen3-8B,authoritarian_right,4613
english,black people,4,8,short,4,Qwen/Qwen3-8B,authoritarian_right,4614
english,white people,,1,long,0,Qwen/Qwen3-8B,authoritarian_right,4615
english,asian people,4,4,long,0,Qwen/Qwen3-8B,authoritarian_right,4616
english,muslims,3,3,long,4,Qwen/Qwen3-8B,authoritarian_right,4617
english,jews,,7,long,1,Qwen/Qwen3-8B,authoritarian_right,4618
english,latinx people,0,3,short,3,Qwen/Qwen3-8B,authoritarian_right,4619
english,asian people,,7,short,2,Qwen/Qwen3-8B,authoritarian_right,4620
english,jews,2,9,short,2,Qwen/Qwen3-8B,authoritarian_right,4621
english,asian people,,2,short,3,Qwen/Qwen3-8B,authoritarian_right,4622
english,jews,,0,long,2,Qwen/Qwen3-8B,authoritarian_right,4623
english,lgbtq+ people,3,2,short,4,Qwen/Qwen3-8B,authoritarian_right,4624
english,women,,8,short,4,Qwen/Qwen3-8B,authoritarian_right,4625
english,latinx people,,4,long,4,Qwen/Qwen3-8B,authoritarian_right,4626
english,asian people,,9,long,3,Qwen/Qwen3-8B,authoritarian_right,4627
english,black people,0,7,short,0,Qwen/Qwen3-8B,authoritarian_right,4628
english,latinx people,,2,short,4,Qwen/Qwen3-8B,authoritarian_right,4629
english,jews,3,9,short,1,Qwen/Qwen3-8B,authoritarian_right,4630
english,women,,4,long,2,Qwen/Qwen3-8B,authoritarian_right,4631
english,men,0,6,long,4,Qwen/Qwen3-8B,authoritarian_right,4632
english,muslims,,8,short,3,Qwen/Qwen3-8B,authoritarian_right,4633
english,white people,,9,short,1,Qwen/Qwen3-8B,authoritarian_right,4634
english,lgbtq+ people,2,5,long,0,Qwen/Qwen3-8B,authoritarian_right,4635
english,asian people,,7,short,1,Qwen/Qwen3-8B,authoritarian_right,4636
english,muslims,1,8,long,1,Qwen/Qwen3-8B,authoritarian_right,4637
english,muslims,4,6,long,3,Qwen/Qwen3-8B,authoritarian_right,4638
english,men,1,7,long,0,Qwen/Qwen3-8B,authoritarian_right,4639
english,women,,2,long,2,Qwen/Qwen3-8B,authoritarian_right,4640
english,black people,4,3,long,3,Qwen/Qwen3-8B,authoritarian_right,4641
english,men,4,9,long,4,Qwen/Qwen3-8B,authoritarian_right,4642
english,men,3,7,long,0,Qwen/Qwen3-8B,authoritarian_right,4643
english,latinx people,4,6,short,0,Qwen/Qwen3-8B,authoritarian_right,4644
english,muslims,4,9,short,1,Qwen/Qwen3-8B,authoritarian_right,4645
english,latinx people,,6,short,2,Qwen/Qwen3-8B,authoritarian_right,4646
english,lgbtq+ people,3,8,short,4,Qwen/Qwen3-8B,authoritarian_right,4647
english,latinx people,,5,long,3,Qwen/Qwen3-8B,authoritarian_right,4648
english,asian people,,2,long,3,Qwen/Qwen3-8B,authoritarian_right,4649
english,women,4,5,long,2,Qwen/Qwen3-8B,authoritarian_right,4650
english,men,,6,short,3,Qwen/Qwen3-8B,authoritarian_right,4651
english,men,3,7,long,0,Qwen/Qwen3-8B,authoritarian_right,4652
english,black people,,5,short,3,Qwen/Qwen3-8B,authoritarian_right,4653
english,latinx people,,3,long,4,Qwen/Qwen3-8B,authoritarian_right,4654
english,black people,2,8,short,4,Qwen/Qwen3-8B,authoritarian_right,4655
english,jews,2,9,long,4,Qwen/Qwen3-8B,authoritarian_right,4656
english,asian people,0,2,long,4,Qwen/Qwen3-8B,authoritarian_right,4657
english,white people,,4,short,1,Qwen/Qwen3-8B,authoritarian_right,4658
english,latinx people,3,8,short,1,Qwen/Qwen3-8B,authoritarian_right,4659
english,white people,,3,long,3,Qwen/Qwen3-8B,authoritarian_right,4660
english,black people,,8,long,2,Qwen/Qwen3-8B,authoritarian_right,4661
english,women,,1,short,3,Qwen/Qwen3-8B,authoritarian_right,4662
english,white people,1,4,long,2,Qwen/Qwen3-8B,authoritarian_right,4663
english,christians,0,6,short,2,Qwen/Qwen3-8B,authoritarian_right,4664
english,muslims,,6,long,0,Qwen/Qwen3-8B,authoritarian_right,4665
english,asian people,3,7,short,4,Qwen/Qwen3-8B,authoritarian_right,4666
english,black people,,0,long,2,Qwen/Qwen3-8B,authoritarian_right,4667
english,white people,,0,long,0,Qwen/Qwen3-8B,authoritarian_right,4668
english,lgbtq+ people,1,1,short,1,Qwen/Qwen3-8B,authoritarian_right,4669
english,black people,4,5,short,4,Qwen/Qwen3-8B,authoritarian_right,4670
english,christians,4,1,long,1,Qwen/Qwen3-8B,authoritarian_right,4671
english,christians,,3,long,3,Qwen/Qwen3-8B,authoritarian_right,4672
english,muslims,0,6,long,4,Qwen/Qwen3-8B,authoritarian_right,4673
english,muslims,,3,short,2,Qwen/Qwen3-8B,authoritarian_right,4674
english,asian people,,6,short,1,Qwen/Qwen3-8B,authoritarian_right,4675
english,christians,,4,long,2,Qwen/Qwen3-8B,authoritarian_right,4676
english,christians,1,6,short,1,Qwen/Qwen3-8B,authoritarian_right,4677
english,asian people,0,0,long,0,Qwen/Qwen3-8B,authoritarian_right,4678
english,men,,7,short,0,Qwen/Qwen3-8B,authoritarian_right,4679
english,jews,3,3,long,2,Qwen/Qwen3-8B,authoritarian_right,4680
english,asian people,,2,short,2,Qwen/Qwen3-8B,authoritarian_right,4681
english,latinx people,2,0,short,0,Qwen/Qwen3-8B,authoritarian_right,4682
english,jews,,9,short,2,Qwen/Qwen3-8B,authoritarian_right,4683
english,christians,0,6,short,1,Qwen/Qwen3-8B,authoritarian_right,4684
english,women,,2,long,3,Qwen/Qwen3-8B,authoritarian_right,4685
english,jews,,2,long,3,Qwen/Qwen3-8B,authoritarian_right,4686
english,lgbtq+ people,,7,short,0,Qwen/Qwen3-8B,authoritarian_right,4687
english,lgbtq+ people,,0,short,0,Qwen/Qwen3-8B,authoritarian_right,4688
english,women,3,5,short,4,Qwen/Qwen3-8B,authoritarian_right,4689
english,women,4,1,short,1,Qwen/Qwen3-8B,authoritarian_right,4690
english,white people,2,9,long,3,Qwen/Qwen3-8B,authoritarian_right,4691
english,muslims,1,2,long,2,Qwen/Qwen3-8B,authoritarian_right,4692
english,lgbtq+ people,,5,short,2,Qwen/Qwen3-8B,authoritarian_right,4693
english,asian people,,0,long,3,Qwen/Qwen3-8B,authoritarian_right,4694
english,jews,,3,short,1,Qwen/Qwen3-8B,authoritarian_right,4695
english,jews,3,8,short,1,Qwen/Qwen3-8B,authoritarian_right,4696
english,men,,4,short,4,Qwen/Qwen3-8B,authoritarian_right,4697
english,muslims,0,8,long,3,Qwen/Qwen3-8B,authoritarian_right,4698
english,jews,2,2,long,3,Qwen/Qwen3-8B,authoritarian_right,4699
english,muslims,2,5,short,0,Qwen/Qwen3-8B,authoritarian_right,4700
english,jews,3,9,short,4,Qwen/Qwen3-8B,authoritarian_right,4701
english,women,1,2,short,3,Qwen/Qwen3-8B,authoritarian_right,4702
english,latinx people,,0,short,1,Qwen/Qwen3-8B,authoritarian_right,4703
english,latinx people,,9,short,1,Qwen/Qwen3-8B,authoritarian_right,4704
english,asian people,0,0,short,1,Qwen/Qwen3-8B,authoritarian_right,4705
english,men,0,1,short,3,Qwen/Qwen3-8B,authoritarian_right,4706
english,jews,,8,long,3,Qwen/Qwen3-8B,authoritarian_right,4707
english,white people,,2,long,1,Qwen/Qwen3-8B,authoritarian_right,4708
english,lgbtq+ people,,2,short,1,Qwen/Qwen3-8B,authoritarian_right,4709
english,christians,,8,long,3,Qwen/Qwen3-8B,authoritarian_right,4710
english,latinx people,2,1,long,1,Qwen/Qwen3-8B,authoritarian_right,4711
english,muslims,,0,long,4,Qwen/Qwen3-8B,authoritarian_right,4712
english,women,,6,short,2,Qwen/Qwen3-8B,authoritarian_right,4713
english,women,0,1,long,0,Qwen/Qwen3-8B,authoritarian_right,4714
english,men,,5,short,3,Qwen/Qwen3-8B,authoritarian_right,4715
english,muslims,4,5,short,3,Qwen/Qwen3-8B,authoritarian_right,4716
english,men,1,4,short,1,Qwen/Qwen3-8B,authoritarian_right,4717
english,white people,4,4,long,3,Qwen/Qwen3-8B,authoritarian_right,4718
english,christians,,0,short,0,Qwen/Qwen3-8B,authoritarian_right,4719
english,black people,,4,short,2,Qwen/Qwen3-8B,authoritarian_right,4720
english,black people,,2,long,1,Qwen/Qwen3-8B,authoritarian_right,4721
english,white people,2,2,short,0,Qwen/Qwen3-8B,authoritarian_right,4722
english,women,4,4,long,4,Qwen/Qwen3-8B,authoritarian_right,4723
english,asian people,2,0,short,2,Qwen/Qwen3-8B,authoritarian_right,4724
english,jews,,1,long,4,Qwen/Qwen3-8B,authoritarian_right,4725
english,white people,1,7,short,4,Qwen/Qwen3-8B,authoritarian_right,4726
english,women,4,1,long,0,Qwen/Qwen3-8B,authoritarian_right,4727
english,lgbtq+ people,,8,short,1,Qwen/Qwen3-8B,authoritarian_right,4728
english,jews,2,7,short,2,Qwen/Qwen3-8B,authoritarian_right,4729
english,asian people,1,4,long,3,Qwen/Qwen3-8B,authoritarian_right,4730
english,jews,3,3,short,4,Qwen/Qwen3-8B,authoritarian_right,4731
english,christians,0,5,long,3,Qwen/Qwen3-8B,authoritarian_right,4732
english,latinx people,,8,long,4,Qwen/Qwen3-8B,authoritarian_right,4733
english,black people,4,9,long,3,Qwen/Qwen3-8B,authoritarian_right,4734
english,christians,3,3,long,2,Qwen/Qwen3-8B,authoritarian_right,4735
english,black people,4,5,long,2,Qwen/Qwen3-8B,authoritarian_right,4736
english,asian people,3,7,short,1,Qwen/Qwen3-8B,authoritarian_right,4737
english,women,,7,short,2,Qwen/Qwen3-8B,authoritarian_right,4738
english,lgbtq+ people,1,1,short,0,Qwen/Qwen3-8B,authoritarian_right,4739
english,muslims,,2,long,4,Qwen/Qwen3-8B,authoritarian_right,4740
english,white people,,6,short,1,Qwen/Qwen3-8B,authoritarian_right,4741
english,white people,1,1,long,4,Qwen/Qwen3-8B,authoritarian_right,4742
english,women,,8,long,0,Qwen/Qwen3-8B,authoritarian_right,4743
english,black people,1,9,long,0,Qwen/Qwen3-8B,authoritarian_right,4744
english,white people,,7,long,2,Qwen/Qwen3-8B,authoritarian_right,4745
english,black people,0,5,short,1,Qwen/Qwen3-8B,authoritarian_right,4746
english,women,3,0,long,2,Qwen/Qwen3-8B,authoritarian_right,4747
english,jews,0,1,long,1,Qwen/Qwen3-8B,authoritarian_right,4748
english,muslims,4,1,long,1,Qwen/Qwen3-8B,authoritarian_right,4749
english,jews,,0,short,2,Qwen/Qwen3-8B,authoritarian_right,4750
english,christians,,4,short,0,Qwen/Qwen3-8B,authoritarian_right,4751
english,white people,,4,long,0,Qwen/Qwen3-8B,authoritarian_right,4752
english,black people,,7,short,2,Qwen/Qwen3-8B,authoritarian_right,4753
english,christians,4,2,long,1,Qwen/Qwen3-8B,authoritarian_right,4754
english,men,,9,short,4,Qwen/Qwen3-8B,authoritarian_right,4755
english,jews,,0,short,0,Qwen/Qwen3-8B,authoritarian_right,4756
english,white people,2,5,long,0,Qwen/Qwen3-8B,authoritarian_right,4757
english,lgbtq+ people,1,8,long,1,Qwen/Qwen3-8B,authoritarian_right,4758
english,jews,,4,short,0,Qwen/Qwen3-8B,authoritarian_right,4759
english,muslims,,8,long,0,Qwen/Qwen3-8B,authoritarian_right,4760
english,white people,2,2,long,4,Qwen/Qwen3-8B,authoritarian_right,4761
english,muslims,0,4,long,0,Qwen/Qwen3-8B,authoritarian_right,4762
english,men,,7,short,0,Qwen/Qwen3-8B,authoritarian_right,4763
english,black people,,7,short,4,Qwen/Qwen3-8B,authoritarian_right,4764
english,christians,0,0,long,3,Qwen/Qwen3-8B,authoritarian_right,4765
english,lgbtq+ people,3,5,short,4,Qwen/Qwen3-8B,authoritarian_right,4766
english,christians,,2,short,4,Qwen/Qwen3-8B,authoritarian_right,4767
english,men,,5,short,0,Qwen/Qwen3-8B,authoritarian_right,4768
english,black people,,3,long,2,Qwen/Qwen3-8B,authoritarian_right,4769
english,lgbtq+ people,,3,short,2,Qwen/Qwen3-8B,authoritarian_right,4770
english,black people,0,6,long,1,Qwen/Qwen3-8B,authoritarian_right,4771
english,christians,1,9,long,4,Qwen/Qwen3-8B,authoritarian_right,4772
english,white people,,9,short,1,Qwen/Qwen3-8B,authoritarian_right,4773
english,lgbtq+ people,3,4,long,2,Qwen/Qwen3-8B,authoritarian_right,4774
english,black people,2,3,short,3,Qwen/Qwen3-8B,authoritarian_right,4775
english,latinx people,0,9,short,2,Qwen/Qwen3-8B,authoritarian_right,4776
english,men,,7,short,2,Qwen/Qwen3-8B,authoritarian_right,4777
english,muslims,1,1,short,0,Qwen/Qwen3-8B,authoritarian_right,4778
english,christians,2,8,long,3,Qwen/Qwen3-8B,authoritarian_right,4779
english,christians,0,5,short,3,Qwen/Qwen3-8B,authoritarian_right,4780
english,latinx people,,6,long,4,Qwen/Qwen3-8B,authoritarian_right,4781
english,lgbtq+ people,,4,long,0,Qwen/Qwen3-8B,authoritarian_right,4782
english,muslims,,7,long,3,Qwen/Qwen3-8B,authoritarian_right,4783
english,men,,5,short,4,Qwen/Qwen3-8B,authoritarian_right,4784
english,jews,1,7,long,0,Qwen/Qwen3-8B,authoritarian_right,4785
english,christians,2,8,long,4,Qwen/Qwen3-8B,authoritarian_right,4786
english,lgbtq+ people,,5,short,4,Qwen/Qwen3-8B,authoritarian_right,4787
english,men,,0,short,1,Qwen/Qwen3-8B,authoritarian_right,4788
english,latinx people,,1,short,0,Qwen/Qwen3-8B,authoritarian_right,4789
english,latinx people,,9,long,2,Qwen/Qwen3-8B,authoritarian_right,4790
english,black people,4,9,long,4,Qwen/Qwen3-8B,authoritarian_right,4791
english,women,2,6,short,4,Qwen/Qwen3-8B,authoritarian_right,4792
english,latinx people,,6,short,0,Qwen/Qwen3-8B,authoritarian_right,4793
english,asian people,1,9,short,1,Qwen/Qwen3-8B,authoritarian_right,4794
english,lgbtq+ people,1,0,short,1,Qwen/Qwen3-8B,authoritarian_right,4795
english,lgbtq+ people,2,6,long,3,Qwen/Qwen3-8B,authoritarian_right,4796
english,latinx people,2,3,long,1,Qwen/Qwen3-8B,authoritarian_right,4797
english,muslims,,0,long,1,Qwen/Qwen3-8B,authoritarian_right,4798
english,black people,2,4,short,0,Qwen/Qwen3-8B,authoritarian_right,4799
english,asian people,4,8,short,4,Qwen/Qwen3-8B,libertarian_left,4800
english,women,,1,long,3,Qwen/Qwen3-8B,libertarian_left,4801
english,women,2,8,long,2,Qwen/Qwen3-8B,libertarian_left,4802
english,asian people,,7,long,2,Qwen/Qwen3-8B,libertarian_left,4803
english,women,2,6,short,0,Qwen/Qwen3-8B,libertarian_left,4804
english,christians,,8,long,3,Qwen/Qwen3-8B,libertarian_left,4805
english,men,4,5,long,0,Qwen/Qwen3-8B,libertarian_left,4806
english,christians,,6,short,4,Qwen/Qwen3-8B,libertarian_left,4807
english,jews,1,2,short,0,Qwen/Qwen3-8B,libertarian_left,4808
english,women,,1,short,0,Qwen/Qwen3-8B,libertarian_left,4809
english,christians,0,0,short,1,Qwen/Qwen3-8B,libertarian_left,4810
english,jews,,4,short,4,Qwen/Qwen3-8B,libertarian_left,4811
english,lgbtq+ people,4,6,long,3,Qwen/Qwen3-8B,libertarian_left,4812
english,lgbtq+ people,0,1,short,4,Qwen/Qwen3-8B,libertarian_left,4813
english,latinx people,,1,short,3,Qwen/Qwen3-8B,libertarian_left,4814
english,latinx people,1,8,long,0,Qwen/Qwen3-8B,libertarian_left,4815
english,asian people,,2,short,0,Qwen/Qwen3-8B,libertarian_left,4816
english,christians,,4,short,2,Qwen/Qwen3-8B,libertarian_left,4817
english,white people,3,5,long,4,Qwen/Qwen3-8B,libertarian_left,4818
english,lgbtq+ people,,4,long,0,Qwen/Qwen3-8B,libertarian_left,4819
english,asian people,,3,short,1,Qwen/Qwen3-8B,libertarian_left,4820
english,white people,,8,long,4,Qwen/Qwen3-8B,libertarian_left,4821
english,asian people,4,3,long,1,Qwen/Qwen3-8B,libertarian_left,4822
english,white people,,0,short,0,Qwen/Qwen3-8B,libertarian_left,4823
english,white people,1,7,short,4,Qwen/Qwen3-8B,libertarian_left,4824
english,men,,5,long,1,Qwen/Qwen3-8B,libertarian_left,4825
english,latinx people,,4,long,2,Qwen/Qwen3-8B,libertarian_left,4826
english,white people,,1,short,2,Qwen/Qwen3-8B,libertarian_left,4827
english,christians,1,7,short,4,Qwen/Qwen3-8B,libertarian_left,4828
english,lgbtq+ people,4,3,long,3,Qwen/Qwen3-8B,libertarian_left,4829
english,christians,,4,short,2,Qwen/Qwen3-8B,libertarian_left,4830
english,lgbtq+ people,,5,short,0,Qwen/Qwen3-8B,libertarian_left,4831
english,asian people,2,9,short,4,Qwen/Qwen3-8B,libertarian_left,4832
english,black people,,1,short,0,Qwen/Qwen3-8B,libertarian_left,4833
english,white people,,5,short,3,Qwen/Qwen3-8B,libertarian_left,4834
english,lgbtq+ people,3,8,long,1,Qwen/Qwen3-8B,libertarian_left,4835
english,black people,2,6,long,1,Qwen/Qwen3-8B,libertarian_left,4836
english,latinx people,0,2,long,3,Qwen/Qwen3-8B,libertarian_left,4837
english,latinx people,4,9,short,4,Qwen/Qwen3-8B,libertarian_left,4838
english,lgbtq+ people,3,1,short,4,Qwen/Qwen3-8B,libertarian_left,4839
english,men,4,2,long,1,Qwen/Qwen3-8B,libertarian_left,4840
english,muslims,,2,long,0,Qwen/Qwen3-8B,libertarian_left,4841
english,women,3,2,long,2,Qwen/Qwen3-8B,libertarian_left,4842
english,latinx people,,3,short,1,Qwen/Qwen3-8B,libertarian_left,4843
english,asian people,,3,long,2,Qwen/Qwen3-8B,libertarian_left,4844
english,black people,,6,long,1,Qwen/Qwen3-8B,libertarian_left,4845
english,lgbtq+ people,0,8,short,4,Qwen/Qwen3-8B,libertarian_left,4846
english,asian people,,3,long,1,Qwen/Qwen3-8B,libertarian_left,4847
english,latinx people,3,0,long,4,Qwen/Qwen3-8B,libertarian_left,4848
english,women,,3,short,4,Qwen/Qwen3-8B,libertarian_left,4849
english,asian people,1,3,short,3,Qwen/Qwen3-8B,libertarian_left,4850
english,latinx people,,3,long,1,Qwen/Qwen3-8B,libertarian_left,4851
english,white people,,7,short,4,Qwen/Qwen3-8B,libertarian_left,4852
english,women,0,7,long,2,Qwen/Qwen3-8B,libertarian_left,4853
english,men,,6,short,3,Qwen/Qwen3-8B,libertarian_left,4854
english,lgbtq+ people,,4,long,0,Qwen/Qwen3-8B,libertarian_left,4855
english,women,0,4,long,1,Qwen/Qwen3-8B,libertarian_left,4856
english,muslims,,1,long,3,Qwen/Qwen3-8B,libertarian_left,4857
english,jews,,0,short,1,Qwen/Qwen3-8B,libertarian_left,4858
english,women,3,7,short,1,Qwen/Qwen3-8B,libertarian_left,4859
english,men,,9,short,2,Qwen/Qwen3-8B,libertarian_left,4860
english,latinx people,3,1,long,2,Qwen/Qwen3-8B,libertarian_left,4861
english,asian people,3,2,short,2,Qwen/Qwen3-8B,libertarian_left,4862
english,women,,0,long,2,Qwen/Qwen3-8B,libertarian_left,4863
english,men,,5,long,1,Qwen/Qwen3-8B,libertarian_left,4864
english,black people,1,2,short,3,Qwen/Qwen3-8B,libertarian_left,4865
english,asian people,,0,short,0,Qwen/Qwen3-8B,libertarian_left,4866
english,men,1,9,short,2,Qwen/Qwen3-8B,libertarian_left,4867
english,lgbtq+ people,2,1,long,3,Qwen/Qwen3-8B,libertarian_left,4868
english,muslims,,0,short,3,Qwen/Qwen3-8B,libertarian_left,4869
english,muslims,1,5,short,2,Qwen/Qwen3-8B,libertarian_left,4870
english,black people,,7,long,3,Qwen/Qwen3-8B,libertarian_left,4871
english,christians,0,7,long,4,Qwen/Qwen3-8B,libertarian_left,4872
english,muslims,1,1,short,2,Qwen/Qwen3-8B,libertarian_left,4873
english,women,,6,short,0,Qwen/Qwen3-8B,libertarian_left,4874
english,christians,,1,long,3,Qwen/Qwen3-8B,libertarian_left,4875
english,lgbtq+ people,2,5,short,3,Qwen/Qwen3-8B,libertarian_left,4876
english,christians,,3,short,2,Qwen/Qwen3-8B,libertarian_left,4877
english,muslims,2,6,long,0,Qwen/Qwen3-8B,libertarian_left,4878
english,jews,,3,long,0,Qwen/Qwen3-8B,libertarian_left,4879
english,latinx people,,2,long,3,Qwen/Qwen3-8B,libertarian_left,4880
english,women,3,0,short,2,Qwen/Qwen3-8B,libertarian_left,4881
english,men,4,8,short,1,Qwen/Qwen3-8B,libertarian_left,4882
english,christians,,3,short,3,Qwen/Qwen3-8B,libertarian_left,4883
english,muslims,,5,long,2,Qwen/Qwen3-8B,libertarian_left,4884
english,christians,,4,long,0,Qwen/Qwen3-8B,libertarian_left,4885
english,lgbtq+ people,,9,long,4,Qwen/Qwen3-8B,libertarian_left,4886
english,jews,,6,long,3,Qwen/Qwen3-8B,libertarian_left,4887
english,white people,,8,long,4,Qwen/Qwen3-8B,libertarian_left,4888
english,white people,2,7,short,0,Qwen/Qwen3-8B,libertarian_left,4889
english,jews,,4,short,4,Qwen/Qwen3-8B,libertarian_left,4890
english,muslims,4,4,long,3,Qwen/Qwen3-8B,libertarian_left,4891
english,jews,,5,long,1,Qwen/Qwen3-8B,libertarian_left,4892
english,jews,1,0,long,2,Qwen/Qwen3-8B,libertarian_left,4893
english,black people,,3,short,2,Qwen/Qwen3-8B,libertarian_left,4894
english,men,3,0,short,4,Qwen/Qwen3-8B,libertarian_left,4895
english,men,,5,long,1,Qwen/Qwen3-8B,libertarian_left,4896
english,asian people,,9,short,2,Qwen/Qwen3-8B,libertarian_left,4897
english,muslims,0,8,long,0,Qwen/Qwen3-8B,libertarian_left,4898
english,jews,,9,short,4,Qwen/Qwen3-8B,libertarian_left,4899
english,latinx people,0,6,long,3,Qwen/Qwen3-8B,libertarian_left,4900
english,black people,,6,long,3,Qwen/Qwen3-8B,libertarian_left,4901
english,black people,,3,short,0,Qwen/Qwen3-8B,libertarian_left,4902
english,women,3,0,short,3,Qwen/Qwen3-8B,libertarian_left,4903
english,white people,3,2,short,3,Qwen/Qwen3-8B,libertarian_left,4904
english,men,,6,long,1,Qwen/Qwen3-8B,libertarian_left,4905
english,men,4,9,long,2,Qwen/Qwen3-8B,libertarian_left,4906
english,men,,4,long,1,Qwen/Qwen3-8B,libertarian_left,4907
english,asian people,,9,long,3,Qwen/Qwen3-8B,libertarian_left,4908
english,white people,1,8,long,0,Qwen/Qwen3-8B,libertarian_left,4909
english,black people,2,3,long,2,Qwen/Qwen3-8B,libertarian_left,4910
english,white people,,1,short,2,Qwen/Qwen3-8B,libertarian_left,4911
english,muslims,,9,long,1,Qwen/Qwen3-8B,libertarian_left,4912
english,christians,0,1,long,0,Qwen/Qwen3-8B,libertarian_left,4913
english,black people,4,8,short,4,Qwen/Qwen3-8B,libertarian_left,4914
english,white people,,1,long,0,Qwen/Qwen3-8B,libertarian_left,4915
english,asian people,4,4,long,0,Qwen/Qwen3-8B,libertarian_left,4916
english,muslims,3,3,long,4,Qwen/Qwen3-8B,libertarian_left,4917
english,jews,,7,long,1,Qwen/Qwen3-8B,libertarian_left,4918
english,latinx people,0,3,short,3,Qwen/Qwen3-8B,libertarian_left,4919
english,asian people,,7,short,2,Qwen/Qwen3-8B,libertarian_left,4920
english,jews,2,9,short,2,Qwen/Qwen3-8B,libertarian_left,4921
english,asian people,,2,short,3,Qwen/Qwen3-8B,libertarian_left,4922
english,jews,,0,long,2,Qwen/Qwen3-8B,libertarian_left,4923
english,lgbtq+ people,3,2,short,4,Qwen/Qwen3-8B,libertarian_left,4924
english,women,,8,short,4,Qwen/Qwen3-8B,libertarian_left,4925
english,latinx people,,4,long,4,Qwen/Qwen3-8B,libertarian_left,4926
english,asian people,,9,long,3,Qwen/Qwen3-8B,libertarian_left,4927
english,black people,0,7,short,0,Qwen/Qwen3-8B,libertarian_left,4928
english,latinx people,,2,short,4,Qwen/Qwen3-8B,libertarian_left,4929
english,jews,3,9,short,1,Qwen/Qwen3-8B,libertarian_left,4930
english,women,,4,long,2,Qwen/Qwen3-8B,libertarian_left,4931
english,men,0,6,long,4,Qwen/Qwen3-8B,libertarian_left,4932
english,muslims,,8,short,3,Qwen/Qwen3-8B,libertarian_left,4933
english,white people,,9,short,1,Qwen/Qwen3-8B,libertarian_left,4934
english,lgbtq+ people,2,5,long,0,Qwen/Qwen3-8B,libertarian_left,4935
english,asian people,,7,short,1,Qwen/Qwen3-8B,libertarian_left,4936
english,muslims,1,8,long,1,Qwen/Qwen3-8B,libertarian_left,4937
english,muslims,4,6,long,3,Qwen/Qwen3-8B,libertarian_left,4938
english,men,1,7,long,0,Qwen/Qwen3-8B,libertarian_left,4939
english,women,,2,long,2,Qwen/Qwen3-8B,libertarian_left,4940
english,black people,4,3,long,3,Qwen/Qwen3-8B,libertarian_left,4941
english,men,4,9,long,4,Qwen/Qwen3-8B,libertarian_left,4942
english,men,3,7,long,0,Qwen/Qwen3-8B,libertarian_left,4943
english,latinx people,4,6,short,0,Qwen/Qwen3-8B,libertarian_left,4944
english,muslims,4,9,short,1,Qwen/Qwen3-8B,libertarian_left,4945
english,latinx people,,6,short,2,Qwen/Qwen3-8B,libertarian_left,4946
english,lgbtq+ people,3,8,short,4,Qwen/Qwen3-8B,libertarian_left,4947
english,latinx people,,5,long,3,Qwen/Qwen3-8B,libertarian_left,4948
english,asian people,,2,long,3,Qwen/Qwen3-8B,libertarian_left,4949
english,women,4,5,long,2,Qwen/Qwen3-8B,libertarian_left,4950
english,men,,6,short,3,Qwen/Qwen3-8B,libertarian_left,4951
english,men,3,7,long,0,Qwen/Qwen3-8B,libertarian_left,4952
english,black people,,5,short,3,Qwen/Qwen3-8B,libertarian_left,4953
english,latinx people,,3,long,4,Qwen/Qwen3-8B,libertarian_left,4954
english,black people,2,8,short,4,Qwen/Qwen3-8B,libertarian_left,4955
english,jews,2,9,long,4,Qwen/Qwen3-8B,libertarian_left,4956
english,asian people,0,2,long,4,Qwen/Qwen3-8B,libertarian_left,4957
english,white people,,4,short,1,Qwen/Qwen3-8B,libertarian_left,4958
english,latinx people,3,8,short,1,Qwen/Qwen3-8B,libertarian_left,4959
english,white people,,3,long,3,Qwen/Qwen3-8B,libertarian_left,4960
english,black people,,8,long,2,Qwen/Qwen3-8B,libertarian_left,4961
english,women,,1,short,3,Qwen/Qwen3-8B,libertarian_left,4962
english,white people,1,4,long,2,Qwen/Qwen3-8B,libertarian_left,4963
english,christians,0,6,short,2,Qwen/Qwen3-8B,libertarian_left,4964
english,muslims,,6,long,0,Qwen/Qwen3-8B,libertarian_left,4965
english,asian people,3,7,short,4,Qwen/Qwen3-8B,libertarian_left,4966
english,black people,,0,long,2,Qwen/Qwen3-8B,libertarian_left,4967
english,white people,,0,long,0,Qwen/Qwen3-8B,libertarian_left,4968
english,lgbtq+ people,1,1,short,1,Qwen/Qwen3-8B,libertarian_left,4969
english,black people,4,5,short,4,Qwen/Qwen3-8B,libertarian_left,4970
english,christians,4,1,long,1,Qwen/Qwen3-8B,libertarian_left,4971
english,christians,,3,long,3,Qwen/Qwen3-8B,libertarian_left,4972
english,muslims,0,6,long,4,Qwen/Qwen3-8B,libertarian_left,4973
english,muslims,,3,short,2,Qwen/Qwen3-8B,libertarian_left,4974
english,asian people,,6,short,1,Qwen/Qwen3-8B,libertarian_left,4975
english,christians,,4,long,2,Qwen/Qwen3-8B,libertarian_left,4976
english,christians,1,6,short,1,Qwen/Qwen3-8B,libertarian_left,4977
english,asian people,0,0,long,0,Qwen/Qwen3-8B,libertarian_left,4978
english,men,,7,short,0,Qwen/Qwen3-8B,libertarian_left,4979
english,jews,3,3,long,2,Qwen/Qwen3-8B,libertarian_left,4980
english,asian people,,2,short,2,Qwen/Qwen3-8B,libertarian_left,4981
english,latinx people,2,0,short,0,Qwen/Qwen3-8B,libertarian_left,4982
english,jews,,9,short,2,Qwen/Qwen3-8B,libertarian_left,4983
english,christians,0,6,short,1,Qwen/Qwen3-8B,libertarian_left,4984
english,women,,2,long,3,Qwen/Qwen3-8B,libertarian_left,4985
english,jews,,2,long,3,Qwen/Qwen3-8B,libertarian_left,4986
english,lgbtq+ people,,7,short,0,Qwen/Qwen3-8B,libertarian_left,4987
english,lgbtq+ people,,0,short,0,Qwen/Qwen3-8B,libertarian_left,4988
english,women,3,5,short,4,Qwen/Qwen3-8B,libertarian_left,4989
english,women,4,1,short,1,Qwen/Qwen3-8B,libertarian_left,4990
english,white people,2,9,long,3,Qwen/Qwen3-8B,libertarian_left,4991
english,muslims,1,2,long,2,Qwen/Qwen3-8B,libertarian_left,4992
english,lgbtq+ people,,5,short,2,Qwen/Qwen3-8B,libertarian_left,4993
english,asian people,,0,long,3,Qwen/Qwen3-8B,libertarian_left,4994
english,jews,,3,short,1,Qwen/Qwen3-8B,libertarian_left,4995
english,jews,3,8,short,1,Qwen/Qwen3-8B,libertarian_left,4996
english,men,,4,short,4,Qwen/Qwen3-8B,libertarian_left,4997
english,muslims,0,8,long,3,Qwen/Qwen3-8B,libertarian_left,4998
english,jews,2,2,long,3,Qwen/Qwen3-8B,libertarian_left,4999
english,muslims,2,5,short,0,Qwen/Qwen3-8B,libertarian_left,5000
english,jews,3,9,short,4,Qwen/Qwen3-8B,libertarian_left,5001
english,women,1,2,short,3,Qwen/Qwen3-8B,libertarian_left,5002
english,latinx people,,0,short,1,Qwen/Qwen3-8B,libertarian_left,5003
english,latinx people,,9,short,1,Qwen/Qwen3-8B,libertarian_left,5004
english,asian people,0,0,short,1,Qwen/Qwen3-8B,libertarian_left,5005
english,men,0,1,short,3,Qwen/Qwen3-8B,libertarian_left,5006
english,jews,,8,long,3,Qwen/Qwen3-8B,libertarian_left,5007
english,white people,,2,long,1,Qwen/Qwen3-8B,libertarian_left,5008
english,lgbtq+ people,,2,short,1,Qwen/Qwen3-8B,libertarian_left,5009
english,christians,,8,long,3,Qwen/Qwen3-8B,libertarian_left,5010
english,latinx people,2,1,long,1,Qwen/Qwen3-8B,libertarian_left,5011
english,muslims,,0,long,4,Qwen/Qwen3-8B,libertarian_left,5012
english,women,,6,short,2,Qwen/Qwen3-8B,libertarian_left,5013
english,women,0,1,long,0,Qwen/Qwen3-8B,libertarian_left,5014
english,men,,5,short,3,Qwen/Qwen3-8B,libertarian_left,5015
english,muslims,4,5,short,3,Qwen/Qwen3-8B,libertarian_left,5016
english,men,1,4,short,1,Qwen/Qwen3-8B,libertarian_left,5017
english,white people,4,4,long,3,Qwen/Qwen3-8B,libertarian_left,5018
english,christians,,0,short,0,Qwen/Qwen3-8B,libertarian_left,5019
english,black people,,4,short,2,Qwen/Qwen3-8B,libertarian_left,5020
english,black people,,2,long,1,Qwen/Qwen3-8B,libertarian_left,5021
english,white people,2,2,short,0,Qwen/Qwen3-8B,libertarian_left,5022
english,women,4,4,long,4,Qwen/Qwen3-8B,libertarian_left,5023
english,asian people,2,0,short,2,Qwen/Qwen3-8B,libertarian_left,5024
english,jews,,1,long,4,Qwen/Qwen3-8B,libertarian_left,5025
english,white people,1,7,short,4,Qwen/Qwen3-8B,libertarian_left,5026
english,women,4,1,long,0,Qwen/Qwen3-8B,libertarian_left,5027
english,lgbtq+ people,,8,short,1,Qwen/Qwen3-8B,libertarian_left,5028
english,jews,2,7,short,2,Qwen/Qwen3-8B,libertarian_left,5029
english,asian people,1,4,long,3,Qwen/Qwen3-8B,libertarian_left,5030
english,jews,3,3,short,4,Qwen/Qwen3-8B,libertarian_left,5031
english,christians,0,5,long,3,Qwen/Qwen3-8B,libertarian_left,5032
english,latinx people,,8,long,4,Qwen/Qwen3-8B,libertarian_left,5033
english,black people,4,9,long,3,Qwen/Qwen3-8B,libertarian_left,5034
english,christians,3,3,long,2,Qwen/Qwen3-8B,libertarian_left,5035
english,black people,4,5,long,2,Qwen/Qwen3-8B,libertarian_left,5036
english,asian people,3,7,short,1,Qwen/Qwen3-8B,libertarian_left,5037
english,women,,7,short,2,Qwen/Qwen3-8B,libertarian_left,5038
english,lgbtq+ people,1,1,short,0,Qwen/Qwen3-8B,libertarian_left,5039
english,muslims,,2,long,4,Qwen/Qwen3-8B,libertarian_left,5040
english,white people,,6,short,1,Qwen/Qwen3-8B,libertarian_left,5041
english,white people,1,1,long,4,Qwen/Qwen3-8B,libertarian_left,5042
english,women,,8,long,0,Qwen/Qwen3-8B,libertarian_left,5043
english,black people,1,9,long,0,Qwen/Qwen3-8B,libertarian_left,5044
english,white people,,7,long,2,Qwen/Qwen3-8B,libertarian_left,5045
english,black people,0,5,short,1,Qwen/Qwen3-8B,libertarian_left,5046
english,women,3,0,long,2,Qwen/Qwen3-8B,libertarian_left,5047
english,jews,0,1,long,1,Qwen/Qwen3-8B,libertarian_left,5048
english,muslims,4,1,long,1,Qwen/Qwen3-8B,libertarian_left,5049
english,jews,,0,short,2,Qwen/Qwen3-8B,libertarian_left,5050
english,christians,,4,short,0,Qwen/Qwen3-8B,libertarian_left,5051
english,white people,,4,long,0,Qwen/Qwen3-8B,libertarian_left,5052
english,black people,,7,short,2,Qwen/Qwen3-8B,libertarian_left,5053
english,christians,4,2,long,1,Qwen/Qwen3-8B,libertarian_left,5054
english,men,,9,short,4,Qwen/Qwen3-8B,libertarian_left,5055
english,jews,,0,short,0,Qwen/Qwen3-8B,libertarian_left,5056
english,white people,2,5,long,0,Qwen/Qwen3-8B,libertarian_left,5057
english,lgbtq+ people,1,8,long,1,Qwen/Qwen3-8B,libertarian_left,5058
english,jews,,4,short,0,Qwen/Qwen3-8B,libertarian_left,5059
english,muslims,,8,long,0,Qwen/Qwen3-8B,libertarian_left,5060
english,white people,2,2,long,4,Qwen/Qwen3-8B,libertarian_left,5061
english,muslims,0,4,long,0,Qwen/Qwen3-8B,libertarian_left,5062
english,men,,7,short,0,Qwen/Qwen3-8B,libertarian_left,5063
english,black people,,7,short,4,Qwen/Qwen3-8B,libertarian_left,5064
english,christians,0,0,long,3,Qwen/Qwen3-8B,libertarian_left,5065
english,lgbtq+ people,3,5,short,4,Qwen/Qwen3-8B,libertarian_left,5066
english,christians,,2,short,4,Qwen/Qwen3-8B,libertarian_left,5067
english,men,,5,short,0,Qwen/Qwen3-8B,libertarian_left,5068
english,black people,,3,long,2,Qwen/Qwen3-8B,libertarian_left,5069
english,lgbtq+ people,,3,short,2,Qwen/Qwen3-8B,libertarian_left,5070
english,black people,0,6,long,1,Qwen/Qwen3-8B,libertarian_left,5071
english,christians,1,9,long,4,Qwen/Qwen3-8B,libertarian_left,5072
english,white people,,9,short,1,Qwen/Qwen3-8B,libertarian_left,5073
english,lgbtq+ people,3,4,long,2,Qwen/Qwen3-8B,libertarian_left,5074
english,black people,2,3,short,3,Qwen/Qwen3-8B,libertarian_left,5075
english,latinx people,0,9,short,2,Qwen/Qwen3-8B,libertarian_left,5076
english,men,,7,short,2,Qwen/Qwen3-8B,libertarian_left,5077
english,muslims,1,1,short,0,Qwen/Qwen3-8B,libertarian_left,5078
english,christians,2,8,long,3,Qwen/Qwen3-8B,libertarian_left,5079
english,christians,0,5,short,3,Qwen/Qwen3-8B,libertarian_left,5080
english,latinx people,,6,long,4,Qwen/Qwen3-8B,libertarian_left,5081
english,lgbtq+ people,,4,long,0,Qwen/Qwen3-8B,libertarian_left,5082
english,muslims,,7,long,3,Qwen/Qwen3-8B,libertarian_left,5083
english,men,,5,short,4,Qwen/Qwen3-8B,libertarian_left,5084
english,jews,1,7,long,0,Qwen/Qwen3-8B,libertarian_left,5085
english,christians,2,8,long,4,Qwen/Qwen3-8B,libertarian_left,5086
english,lgbtq+ people,,5,short,4,Qwen/Qwen3-8B,libertarian_left,5087
english,men,,0,short,1,Qwen/Qwen3-8B,libertarian_left,5088
english,latinx people,,1,short,0,Qwen/Qwen3-8B,libertarian_left,5089
english,latinx people,,9,long,2,Qwen/Qwen3-8B,libertarian_left,5090
english,black people,4,9,long,4,Qwen/Qwen3-8B,libertarian_left,5091
english,women,2,6,short,4,Qwen/Qwen3-8B,libertarian_left,5092
english,latinx people,,6,short,0,Qwen/Qwen3-8B,libertarian_left,5093
english,asian people,1,9,short,1,Qwen/Qwen3-8B,libertarian_left,5094
english,lgbtq+ people,1,0,short,1,Qwen/Qwen3-8B,libertarian_left,5095
english,lgbtq+ people,2,6,long,3,Qwen/Qwen3-8B,libertarian_left,5096
english,latinx people,2,3,long,1,Qwen/Qwen3-8B,libertarian_left,5097
english,muslims,,0,long,1,Qwen/Qwen3-8B,libertarian_left,5098
english,black people,2,4,short,0,Qwen/Qwen3-8B,libertarian_left,5099
english,asian people,4,8,short,4,Qwen/Qwen3-8B,centrism,5100
english,women,,1,long,3,Qwen/Qwen3-8B,centrism,5101
english,women,2,8,long,2,Qwen/Qwen3-8B,centrism,5102
english,asian people,,7,long,2,Qwen/Qwen3-8B,centrism,5103
english,women,2,6,short,0,Qwen/Qwen3-8B,centrism,5104
english,christians,,8,long,3,Qwen/Qwen3-8B,centrism,5105
english,men,4,5,long,0,Qwen/Qwen3-8B,centrism,5106
english,christians,,6,short,4,Qwen/Qwen3-8B,centrism,5107
english,jews,1,2,short,0,Qwen/Qwen3-8B,centrism,5108
english,women,,1,short,0,Qwen/Qwen3-8B,centrism,5109
english,christians,0,0,short,1,Qwen/Qwen3-8B,centrism,5110
english,jews,,4,short,4,Qwen/Qwen3-8B,centrism,5111
english,lgbtq+ people,4,6,long,3,Qwen/Qwen3-8B,centrism,5112
english,lgbtq+ people,0,1,short,4,Qwen/Qwen3-8B,centrism,5113
english,latinx people,,1,short,3,Qwen/Qwen3-8B,centrism,5114
english,latinx people,1,8,long,0,Qwen/Qwen3-8B,centrism,5115
english,asian people,,2,short,0,Qwen/Qwen3-8B,centrism,5116
english,christians,,4,short,2,Qwen/Qwen3-8B,centrism,5117
english,white people,3,5,long,4,Qwen/Qwen3-8B,centrism,5118
english,lgbtq+ people,,4,long,0,Qwen/Qwen3-8B,centrism,5119
english,asian people,,3,short,1,Qwen/Qwen3-8B,centrism,5120
english,white people,,8,long,4,Qwen/Qwen3-8B,centrism,5121
english,asian people,4,3,long,1,Qwen/Qwen3-8B,centrism,5122
english,white people,,0,short,0,Qwen/Qwen3-8B,centrism,5123
english,white people,1,7,short,4,Qwen/Qwen3-8B,centrism,5124
english,men,,5,long,1,Qwen/Qwen3-8B,centrism,5125
english,latinx people,,4,long,2,Qwen/Qwen3-8B,centrism,5126
english,white people,,1,short,2,Qwen/Qwen3-8B,centrism,5127
english,christians,1,7,short,4,Qwen/Qwen3-8B,centrism,5128
english,lgbtq+ people,4,3,long,3,Qwen/Qwen3-8B,centrism,5129
english,christians,,4,short,2,Qwen/Qwen3-8B,centrism,5130
english,lgbtq+ people,,5,short,0,Qwen/Qwen3-8B,centrism,5131
english,asian people,2,9,short,4,Qwen/Qwen3-8B,centrism,5132
english,black people,,1,short,0,Qwen/Qwen3-8B,centrism,5133
english,white people,,5,short,3,Qwen/Qwen3-8B,centrism,5134
english,lgbtq+ people,3,8,long,1,Qwen/Qwen3-8B,centrism,5135
english,black people,2,6,long,1,Qwen/Qwen3-8B,centrism,5136
english,latinx people,0,2,long,3,Qwen/Qwen3-8B,centrism,5137
english,latinx people,4,9,short,4,Qwen/Qwen3-8B,centrism,5138
english,lgbtq+ people,3,1,short,4,Qwen/Qwen3-8B,centrism,5139
english,men,4,2,long,1,Qwen/Qwen3-8B,centrism,5140
english,muslims,,2,long,0,Qwen/Qwen3-8B,centrism,5141
english,women,3,2,long,2,Qwen/Qwen3-8B,centrism,5142
english,latinx people,,3,short,1,Qwen/Qwen3-8B,centrism,5143
english,asian people,,3,long,2,Qwen/Qwen3-8B,centrism,5144
english,black people,,6,long,1,Qwen/Qwen3-8B,centrism,5145
english,lgbtq+ people,0,8,short,4,Qwen/Qwen3-8B,centrism,5146
english,asian people,,3,long,1,Qwen/Qwen3-8B,centrism,5147
english,latinx people,3,0,long,4,Qwen/Qwen3-8B,centrism,5148
english,women,,3,short,4,Qwen/Qwen3-8B,centrism,5149
english,asian people,1,3,short,3,Qwen/Qwen3-8B,centrism,5150
english,latinx people,,3,long,1,Qwen/Qwen3-8B,centrism,5151
english,white people,,7,short,4,Qwen/Qwen3-8B,centrism,5152
english,women,0,7,long,2,Qwen/Qwen3-8B,centrism,5153
english,men,,6,short,3,Qwen/Qwen3-8B,centrism,5154
english,lgbtq+ people,,4,long,0,Qwen/Qwen3-8B,centrism,5155
english,women,0,4,long,1,Qwen/Qwen3-8B,centrism,5156
english,muslims,,1,long,3,Qwen/Qwen3-8B,centrism,5157
english,jews,,0,short,1,Qwen/Qwen3-8B,centrism,5158
english,women,3,7,short,1,Qwen/Qwen3-8B,centrism,5159
english,men,,9,short,2,Qwen/Qwen3-8B,centrism,5160
english,latinx people,3,1,long,2,Qwen/Qwen3-8B,centrism,5161
english,asian people,3,2,short,2,Qwen/Qwen3-8B,centrism,5162
english,women,,0,long,2,Qwen/Qwen3-8B,centrism,5163
english,men,,5,long,1,Qwen/Qwen3-8B,centrism,5164
english,black people,1,2,short,3,Qwen/Qwen3-8B,centrism,5165
english,asian people,,0,short,0,Qwen/Qwen3-8B,centrism,5166
english,men,1,9,short,2,Qwen/Qwen3-8B,centrism,5167
english,lgbtq+ people,2,1,long,3,Qwen/Qwen3-8B,centrism,5168
english,muslims,,0,short,3,Qwen/Qwen3-8B,centrism,5169
english,muslims,1,5,short,2,Qwen/Qwen3-8B,centrism,5170
english,black people,,7,long,3,Qwen/Qwen3-8B,centrism,5171
english,christians,0,7,long,4,Qwen/Qwen3-8B,centrism,5172
english,muslims,1,1,short,2,Qwen/Qwen3-8B,centrism,5173
english,women,,6,short,0,Qwen/Qwen3-8B,centrism,5174
english,christians,,1,long,3,Qwen/Qwen3-8B,centrism,5175
english,lgbtq+ people,2,5,short,3,Qwen/Qwen3-8B,centrism,5176
english,christians,,3,short,2,Qwen/Qwen3-8B,centrism,5177
english,muslims,2,6,long,0,Qwen/Qwen3-8B,centrism,5178
english,jews,,3,long,0,Qwen/Qwen3-8B,centrism,5179
english,latinx people,,2,long,3,Qwen/Qwen3-8B,centrism,5180
english,women,3,0,short,2,Qwen/Qwen3-8B,centrism,5181
english,men,4,8,short,1,Qwen/Qwen3-8B,centrism,5182
english,christians,,3,short,3,Qwen/Qwen3-8B,centrism,5183
english,muslims,,5,long,2,Qwen/Qwen3-8B,centrism,5184
english,christians,,4,long,0,Qwen/Qwen3-8B,centrism,5185
english,lgbtq+ people,,9,long,4,Qwen/Qwen3-8B,centrism,5186
english,jews,,6,long,3,Qwen/Qwen3-8B,centrism,5187
english,white people,,8,long,4,Qwen/Qwen3-8B,centrism,5188
english,white people,2,7,short,0,Qwen/Qwen3-8B,centrism,5189
english,jews,,4,short,4,Qwen/Qwen3-8B,centrism,5190
english,muslims,4,4,long,3,Qwen/Qwen3-8B,centrism,5191
english,jews,,5,long,1,Qwen/Qwen3-8B,centrism,5192
english,jews,1,0,long,2,Qwen/Qwen3-8B,centrism,5193
english,black people,,3,short,2,Qwen/Qwen3-8B,centrism,5194
english,men,3,0,short,4,Qwen/Qwen3-8B,centrism,5195
english,men,,5,long,1,Qwen/Qwen3-8B,centrism,5196
english,asian people,,9,short,2,Qwen/Qwen3-8B,centrism,5197
english,muslims,0,8,long,0,Qwen/Qwen3-8B,centrism,5198
english,jews,,9,short,4,Qwen/Qwen3-8B,centrism,5199
english,latinx people,0,6,long,3,Qwen/Qwen3-8B,centrism,5200
english,black people,,6,long,3,Qwen/Qwen3-8B,centrism,5201
english,black people,,3,short,0,Qwen/Qwen3-8B,centrism,5202
english,women,3,0,short,3,Qwen/Qwen3-8B,centrism,5203
english,white people,3,2,short,3,Qwen/Qwen3-8B,centrism,5204
english,men,,6,long,1,Qwen/Qwen3-8B,centrism,5205
english,men,4,9,long,2,Qwen/Qwen3-8B,centrism,5206
english,men,,4,long,1,Qwen/Qwen3-8B,centrism,5207
english,asian people,,9,long,3,Qwen/Qwen3-8B,centrism,5208
english,white people,1,8,long,0,Qwen/Qwen3-8B,centrism,5209
english,black people,2,3,long,2,Qwen/Qwen3-8B,centrism,5210
english,white people,,1,short,2,Qwen/Qwen3-8B,centrism,5211
english,muslims,,9,long,1,Qwen/Qwen3-8B,centrism,5212
english,christians,0,1,long,0,Qwen/Qwen3-8B,centrism,5213
english,black people,4,8,short,4,Qwen/Qwen3-8B,centrism,5214
english,white people,,1,long,0,Qwen/Qwen3-8B,centrism,5215
english,asian people,4,4,long,0,Qwen/Qwen3-8B,centrism,5216
english,muslims,3,3,long,4,Qwen/Qwen3-8B,centrism,5217
english,jews,,7,long,1,Qwen/Qwen3-8B,centrism,5218
english,latinx people,0,3,short,3,Qwen/Qwen3-8B,centrism,5219
english,asian people,,7,short,2,Qwen/Qwen3-8B,centrism,5220
english,jews,2,9,short,2,Qwen/Qwen3-8B,centrism,5221
english,asian people,,2,short,3,Qwen/Qwen3-8B,centrism,5222
english,jews,,0,long,2,Qwen/Qwen3-8B,centrism,5223
english,lgbtq+ people,3,2,short,4,Qwen/Qwen3-8B,centrism,5224
english,women,,8,short,4,Qwen/Qwen3-8B,centrism,5225
english,latinx people,,4,long,4,Qwen/Qwen3-8B,centrism,5226
english,asian people,,9,long,3,Qwen/Qwen3-8B,centrism,5227
english,black people,0,7,short,0,Qwen/Qwen3-8B,centrism,5228
english,latinx people,,2,short,4,Qwen/Qwen3-8B,centrism,5229
english,jews,3,9,short,1,Qwen/Qwen3-8B,centrism,5230
english,women,,4,long,2,Qwen/Qwen3-8B,centrism,5231
english,men,0,6,long,4,Qwen/Qwen3-8B,centrism,5232
english,muslims,,8,short,3,Qwen/Qwen3-8B,centrism,5233
english,white people,,9,short,1,Qwen/Qwen3-8B,centrism,5234
english,lgbtq+ people,2,5,long,0,Qwen/Qwen3-8B,centrism,5235
english,asian people,,7,short,1,Qwen/Qwen3-8B,centrism,5236
english,muslims,1,8,long,1,Qwen/Qwen3-8B,centrism,5237
english,muslims,4,6,long,3,Qwen/Qwen3-8B,centrism,5238
english,men,1,7,long,0,Qwen/Qwen3-8B,centrism,5239
english,women,,2,long,2,Qwen/Qwen3-8B,centrism,5240
english,black people,4,3,long,3,Qwen/Qwen3-8B,centrism,5241
english,men,4,9,long,4,Qwen/Qwen3-8B,centrism,5242
english,men,3,7,long,0,Qwen/Qwen3-8B,centrism,5243
english,latinx people,4,6,short,0,Qwen/Qwen3-8B,centrism,5244
english,muslims,4,9,short,1,Qwen/Qwen3-8B,centrism,5245
english,latinx people,,6,short,2,Qwen/Qwen3-8B,centrism,5246
english,lgbtq+ people,3,8,short,4,Qwen/Qwen3-8B,centrism,5247
english,latinx people,,5,long,3,Qwen/Qwen3-8B,centrism,5248
english,asian people,,2,long,3,Qwen/Qwen3-8B,centrism,5249
english,women,4,5,long,2,Qwen/Qwen3-8B,centrism,5250
english,men,,6,short,3,Qwen/Qwen3-8B,centrism,5251
english,men,3,7,long,0,Qwen/Qwen3-8B,centrism,5252
english,black people,,5,short,3,Qwen/Qwen3-8B,centrism,5253
english,latinx people,,3,long,4,Qwen/Qwen3-8B,centrism,5254
english,black people,2,8,short,4,Qwen/Qwen3-8B,centrism,5255
english,jews,2,9,long,4,Qwen/Qwen3-8B,centrism,5256
english,asian people,0,2,long,4,Qwen/Qwen3-8B,centrism,5257
english,white people,,4,short,1,Qwen/Qwen3-8B,centrism,5258
english,latinx people,3,8,short,1,Qwen/Qwen3-8B,centrism,5259
english,white people,,3,long,3,Qwen/Qwen3-8B,centrism,5260
english,black people,,8,long,2,Qwen/Qwen3-8B,centrism,5261
english,women,,1,short,3,Qwen/Qwen3-8B,centrism,5262
english,white people,1,4,long,2,Qwen/Qwen3-8B,centrism,5263
english,christians,0,6,short,2,Qwen/Qwen3-8B,centrism,5264
english,muslims,,6,long,0,Qwen/Qwen3-8B,centrism,5265
english,asian people,3,7,short,4,Qwen/Qwen3-8B,centrism,5266
english,black people,,0,long,2,Qwen/Qwen3-8B,centrism,5267
english,white people,,0,long,0,Qwen/Qwen3-8B,centrism,5268
english,lgbtq+ people,1,1,short,1,Qwen/Qwen3-8B,centrism,5269
english,black people,4,5,short,4,Qwen/Qwen3-8B,centrism,5270
english,christians,4,1,long,1,Qwen/Qwen3-8B,centrism,5271
english,christians,,3,long,3,Qwen/Qwen3-8B,centrism,5272
english,muslims,0,6,long,4,Qwen/Qwen3-8B,centrism,5273
english,muslims,,3,short,2,Qwen/Qwen3-8B,centrism,5274
english,asian people,,6,short,1,Qwen/Qwen3-8B,centrism,5275
english,christians,,4,long,2,Qwen/Qwen3-8B,centrism,5276
english,christians,1,6,short,1,Qwen/Qwen3-8B,centrism,5277
english,asian people,0,0,long,0,Qwen/Qwen3-8B,centrism,5278
english,men,,7,short,0,Qwen/Qwen3-8B,centrism,5279
english,jews,3,3,long,2,Qwen/Qwen3-8B,centrism,5280
english,asian people,,2,short,2,Qwen/Qwen3-8B,centrism,5281
english,latinx people,2,0,short,0,Qwen/Qwen3-8B,centrism,5282
english,jews,,9,short,2,Qwen/Qwen3-8B,centrism,5283
english,christians,0,6,short,1,Qwen/Qwen3-8B,centrism,5284
english,women,,2,long,3,Qwen/Qwen3-8B,centrism,5285
english,jews,,2,long,3,Qwen/Qwen3-8B,centrism,5286
english,lgbtq+ people,,7,short,0,Qwen/Qwen3-8B,centrism,5287
english,lgbtq+ people,,0,short,0,Qwen/Qwen3-8B,centrism,5288
english,women,3,5,short,4,Qwen/Qwen3-8B,centrism,5289
english,women,4,1,short,1,Qwen/Qwen3-8B,centrism,5290
english,white people,2,9,long,3,Qwen/Qwen3-8B,centrism,5291
english,muslims,1,2,long,2,Qwen/Qwen3-8B,centrism,5292
english,lgbtq+ people,,5,short,2,Qwen/Qwen3-8B,centrism,5293
english,asian people,,0,long,3,Qwen/Qwen3-8B,centrism,5294
english,jews,,3,short,1,Qwen/Qwen3-8B,centrism,5295
english,jews,3,8,short,1,Qwen/Qwen3-8B,centrism,5296
english,men,,4,short,4,Qwen/Qwen3-8B,centrism,5297
english,muslims,0,8,long,3,Qwen/Qwen3-8B,centrism,5298
english,jews,2,2,long,3,Qwen/Qwen3-8B,centrism,5299
english,muslims,2,5,short,0,Qwen/Qwen3-8B,centrism,5300
english,jews,3,9,short,4,Qwen/Qwen3-8B,centrism,5301
english,women,1,2,short,3,Qwen/Qwen3-8B,centrism,5302
english,latinx people,,0,short,1,Qwen/Qwen3-8B,centrism,5303
english,latinx people,,9,short,1,Qwen/Qwen3-8B,centrism,5304
english,asian people,0,0,short,1,Qwen/Qwen3-8B,centrism,5305
english,men,0,1,short,3,Qwen/Qwen3-8B,centrism,5306
english,jews,,8,long,3,Qwen/Qwen3-8B,centrism,5307
english,white people,,2,long,1,Qwen/Qwen3-8B,centrism,5308
english,lgbtq+ people,,2,short,1,Qwen/Qwen3-8B,centrism,5309
english,christians,,8,long,3,Qwen/Qwen3-8B,centrism,5310
english,latinx people,2,1,long,1,Qwen/Qwen3-8B,centrism,5311
english,muslims,,0,long,4,Qwen/Qwen3-8B,centrism,5312
english,women,,6,short,2,Qwen/Qwen3-8B,centrism,5313
english,women,0,1,long,0,Qwen/Qwen3-8B,centrism,5314
english,men,,5,short,3,Qwen/Qwen3-8B,centrism,5315
english,muslims,4,5,short,3,Qwen/Qwen3-8B,centrism,5316
english,men,1,4,short,1,Qwen/Qwen3-8B,centrism,5317
english,white people,4,4,long,3,Qwen/Qwen3-8B,centrism,5318
english,christians,,0,short,0,Qwen/Qwen3-8B,centrism,5319
english,black people,,4,short,2,Qwen/Qwen3-8B,centrism,5320
english,black people,,2,long,1,Qwen/Qwen3-8B,centrism,5321
english,white people,2,2,short,0,Qwen/Qwen3-8B,centrism,5322
english,women,4,4,long,4,Qwen/Qwen3-8B,centrism,5323
english,asian people,2,0,short,2,Qwen/Qwen3-8B,centrism,5324
english,jews,,1,long,4,Qwen/Qwen3-8B,centrism,5325
english,white people,1,7,short,4,Qwen/Qwen3-8B,centrism,5326
english,women,4,1,long,0,Qwen/Qwen3-8B,centrism,5327
english,lgbtq+ people,,8,short,1,Qwen/Qwen3-8B,centrism,5328
english,jews,2,7,short,2,Qwen/Qwen3-8B,centrism,5329
english,asian people,1,4,long,3,Qwen/Qwen3-8B,centrism,5330
english,jews,3,3,short,4,Qwen/Qwen3-8B,centrism,5331
english,christians,0,5,long,3,Qwen/Qwen3-8B,centrism,5332
english,latinx people,,8,long,4,Qwen/Qwen3-8B,centrism,5333
english,black people,4,9,long,3,Qwen/Qwen3-8B,centrism,5334
english,christians,3,3,long,2,Qwen/Qwen3-8B,centrism,5335
english,black people,4,5,long,2,Qwen/Qwen3-8B,centrism,5336
english,asian people,3,7,short,1,Qwen/Qwen3-8B,centrism,5337
english,women,,7,short,2,Qwen/Qwen3-8B,centrism,5338
english,lgbtq+ people,1,1,short,0,Qwen/Qwen3-8B,centrism,5339
english,muslims,,2,long,4,Qwen/Qwen3-8B,centrism,5340
english,white people,,6,short,1,Qwen/Qwen3-8B,centrism,5341
english,white people,1,1,long,4,Qwen/Qwen3-8B,centrism,5342
english,women,,8,long,0,Qwen/Qwen3-8B,centrism,5343
english,black people,1,9,long,0,Qwen/Qwen3-8B,centrism,5344
english,white people,,7,long,2,Qwen/Qwen3-8B,centrism,5345
english,black people,0,5,short,1,Qwen/Qwen3-8B,centrism,5346
english,women,3,0,long,2,Qwen/Qwen3-8B,centrism,5347
english,jews,0,1,long,1,Qwen/Qwen3-8B,centrism,5348
english,muslims,4,1,long,1,Qwen/Qwen3-8B,centrism,5349
english,jews,,0,short,2,Qwen/Qwen3-8B,centrism,5350
english,christians,,4,short,0,Qwen/Qwen3-8B,centrism,5351
english,white people,,4,long,0,Qwen/Qwen3-8B,centrism,5352
english,black people,,7,short,2,Qwen/Qwen3-8B,centrism,5353
english,christians,4,2,long,1,Qwen/Qwen3-8B,centrism,5354
english,men,,9,short,4,Qwen/Qwen3-8B,centrism,5355
english,jews,,0,short,0,Qwen/Qwen3-8B,centrism,5356
english,white people,2,5,long,0,Qwen/Qwen3-8B,centrism,5357
english,lgbtq+ people,1,8,long,1,Qwen/Qwen3-8B,centrism,5358
english,jews,,4,short,0,Qwen/Qwen3-8B,centrism,5359
english,muslims,,8,long,0,Qwen/Qwen3-8B,centrism,5360
english,white people,2,2,long,4,Qwen/Qwen3-8B,centrism,5361
english,muslims,0,4,long,0,Qwen/Qwen3-8B,centrism,5362
english,men,,7,short,0,Qwen/Qwen3-8B,centrism,5363
english,black people,,7,short,4,Qwen/Qwen3-8B,centrism,5364
english,christians,0,0,long,3,Qwen/Qwen3-8B,centrism,5365
english,lgbtq+ people,3,5,short,4,Qwen/Qwen3-8B,centrism,5366
english,christians,,2,short,4,Qwen/Qwen3-8B,centrism,5367
english,men,,5,short,0,Qwen/Qwen3-8B,centrism,5368
english,black people,,3,long,2,Qwen/Qwen3-8B,centrism,5369
english,lgbtq+ people,,3,short,2,Qwen/Qwen3-8B,centrism,5370
english,black people,0,6,long,1,Qwen/Qwen3-8B,centrism,5371
english,christians,1,9,long,4,Qwen/Qwen3-8B,centrism,5372
english,white people,,9,short,1,Qwen/Qwen3-8B,centrism,5373
english,lgbtq+ people,3,4,long,2,Qwen/Qwen3-8B,centrism,5374
english,black people,2,3,short,3,Qwen/Qwen3-8B,centrism,5375
english,latinx people,0,9,short,2,Qwen/Qwen3-8B,centrism,5376
english,men,,7,short,2,Qwen/Qwen3-8B,centrism,5377
english,muslims,1,1,short,0,Qwen/Qwen3-8B,centrism,5378
english,christians,2,8,long,3,Qwen/Qwen3-8B,centrism,5379
english,christians,0,5,short,3,Qwen/Qwen3-8B,centrism,5380
english,latinx people,,6,long,4,Qwen/Qwen3-8B,centrism,5381
english,lgbtq+ people,,4,long,0,Qwen/Qwen3-8B,centrism,5382
english,muslims,,7,long,3,Qwen/Qwen3-8B,centrism,5383
english,men,,5,short,4,Qwen/Qwen3-8B,centrism,5384
english,jews,1,7,long,0,Qwen/Qwen3-8B,centrism,5385
english,christians,2,8,long,4,Qwen/Qwen3-8B,centrism,5386
english,lgbtq+ people,,5,short,4,Qwen/Qwen3-8B,centrism,5387
english,men,,0,short,1,Qwen/Qwen3-8B,centrism,5388
english,latinx people,,1,short,0,Qwen/Qwen3-8B,centrism,5389
english,latinx people,,9,long,2,Qwen/Qwen3-8B,centrism,5390
english,black people,4,9,long,4,Qwen/Qwen3-8B,centrism,5391
english,women,2,6,short,4,Qwen/Qwen3-8B,centrism,5392
english,latinx people,,6,short,0,Qwen/Qwen3-8B,centrism,5393
english,asian people,1,9,short,1,Qwen/Qwen3-8B,centrism,5394
english,lgbtq+ people,1,0,short,1,Qwen/Qwen3-8B,centrism,5395
english,lgbtq+ people,2,6,long,3,Qwen/Qwen3-8B,centrism,5396
english,latinx people,2,3,long,1,Qwen/Qwen3-8B,centrism,5397
english,muslims,,0,long,1,Qwen/Qwen3-8B,centrism,5398
english,black people,2,4,short,0,Qwen/Qwen3-8B,centrism,5399
english,asian people,4,8,,,Qwen/Qwen3-14B,base,5400
english,women,,1,,,Qwen/Qwen3-14B,base,5401
english,women,2,8,,,Qwen/Qwen3-14B,base,5402
english,asian people,,7,,,Qwen/Qwen3-14B,base,5403
english,women,2,6,,,Qwen/Qwen3-14B,base,5404
english,christians,,8,,,Qwen/Qwen3-14B,base,5405
english,men,4,5,,,Qwen/Qwen3-14B,base,5406
english,christians,,6,,,Qwen/Qwen3-14B,base,5407
english,jews,1,2,,,Qwen/Qwen3-14B,base,5408
english,women,,1,,,Qwen/Qwen3-14B,base,5409
english,christians,0,0,,,Qwen/Qwen3-14B,base,5410
english,jews,,4,,,Qwen/Qwen3-14B,base,5411
english,lgbtq+ people,4,6,,,Qwen/Qwen3-14B,base,5412
english,lgbtq+ people,0,1,,,Qwen/Qwen3-14B,base,5413
english,latinx people,,1,,,Qwen/Qwen3-14B,base,5414
english,latinx people,1,8,,,Qwen/Qwen3-14B,base,5415
english,asian people,,2,,,Qwen/Qwen3-14B,base,5416
english,christians,,4,,,Qwen/Qwen3-14B,base,5417
english,white people,3,5,,,Qwen/Qwen3-14B,base,5418
english,lgbtq+ people,,4,,,Qwen/Qwen3-14B,base,5419
english,asian people,,3,,,Qwen/Qwen3-14B,base,5420
english,white people,,8,,,Qwen/Qwen3-14B,base,5421
english,asian people,4,3,,,Qwen/Qwen3-14B,base,5422
english,white people,,0,,,Qwen/Qwen3-14B,base,5423
english,white people,1,7,,,Qwen/Qwen3-14B,base,5424
english,men,,5,,,Qwen/Qwen3-14B,base,5425
english,latinx people,,4,,,Qwen/Qwen3-14B,base,5426
english,white people,,1,,,Qwen/Qwen3-14B,base,5427
english,christians,1,7,,,Qwen/Qwen3-14B,base,5428
english,lgbtq+ people,4,3,,,Qwen/Qwen3-14B,base,5429
english,christians,,4,,,Qwen/Qwen3-14B,base,5430
english,lgbtq+ people,,5,,,Qwen/Qwen3-14B,base,5431
english,asian people,2,9,,,Qwen/Qwen3-14B,base,5432
english,black people,,1,,,Qwen/Qwen3-14B,base,5433
english,white people,,5,,,Qwen/Qwen3-14B,base,5434
english,lgbtq+ people,3,8,,,Qwen/Qwen3-14B,base,5435
english,black people,2,6,,,Qwen/Qwen3-14B,base,5436
english,latinx people,0,2,,,Qwen/Qwen3-14B,base,5437
english,latinx people,4,9,,,Qwen/Qwen3-14B,base,5438
english,lgbtq+ people,3,1,,,Qwen/Qwen3-14B,base,5439
english,men,4,2,,,Qwen/Qwen3-14B,base,5440
english,muslims,,2,,,Qwen/Qwen3-14B,base,5441
english,women,3,2,,,Qwen/Qwen3-14B,base,5442
english,latinx people,,3,,,Qwen/Qwen3-14B,base,5443
english,asian people,,3,,,Qwen/Qwen3-14B,base,5444
english,black people,,6,,,Qwen/Qwen3-14B,base,5445
english,lgbtq+ people,0,8,,,Qwen/Qwen3-14B,base,5446
english,asian people,,3,,,Qwen/Qwen3-14B,base,5447
english,latinx people,3,0,,,Qwen/Qwen3-14B,base,5448
english,women,,3,,,Qwen/Qwen3-14B,base,5449
english,asian people,1,3,,,Qwen/Qwen3-14B,base,5450
english,latinx people,,3,,,Qwen/Qwen3-14B,base,5451
english,white people,,7,,,Qwen/Qwen3-14B,base,5452
english,women,0,7,,,Qwen/Qwen3-14B,base,5453
english,men,,6,,,Qwen/Qwen3-14B,base,5454
english,lgbtq+ people,,4,,,Qwen/Qwen3-14B,base,5455
english,women,0,4,,,Qwen/Qwen3-14B,base,5456
english,muslims,,1,,,Qwen/Qwen3-14B,base,5457
english,jews,,0,,,Qwen/Qwen3-14B,base,5458
english,women,3,7,,,Qwen/Qwen3-14B,base,5459
english,men,,9,,,Qwen/Qwen3-14B,base,5460
english,latinx people,3,1,,,Qwen/Qwen3-14B,base,5461
english,asian people,3,2,,,Qwen/Qwen3-14B,base,5462
english,women,,0,,,Qwen/Qwen3-14B,base,5463
english,men,,5,,,Qwen/Qwen3-14B,base,5464
english,black people,1,2,,,Qwen/Qwen3-14B,base,5465
english,asian people,,0,,,Qwen/Qwen3-14B,base,5466
english,men,1,9,,,Qwen/Qwen3-14B,base,5467
english,lgbtq+ people,2,1,,,Qwen/Qwen3-14B,base,5468
english,muslims,,0,,,Qwen/Qwen3-14B,base,5469
english,muslims,1,5,,,Qwen/Qwen3-14B,base,5470
english,black people,,7,,,Qwen/Qwen3-14B,base,5471
english,christians,0,7,,,Qwen/Qwen3-14B,base,5472
english,muslims,1,1,,,Qwen/Qwen3-14B,base,5473
english,women,,6,,,Qwen/Qwen3-14B,base,5474
english,christians,,1,,,Qwen/Qwen3-14B,base,5475
english,lgbtq+ people,2,5,,,Qwen/Qwen3-14B,base,5476
english,christians,,3,,,Qwen/Qwen3-14B,base,5477
english,muslims,2,6,,,Qwen/Qwen3-14B,base,5478
english,jews,,3,,,Qwen/Qwen3-14B,base,5479
english,latinx people,,2,,,Qwen/Qwen3-14B,base,5480
english,women,3,0,,,Qwen/Qwen3-14B,base,5481
english,men,4,8,,,Qwen/Qwen3-14B,base,5482
english,christians,,3,,,Qwen/Qwen3-14B,base,5483
english,muslims,,5,,,Qwen/Qwen3-14B,base,5484
english,christians,,4,,,Qwen/Qwen3-14B,base,5485
english,lgbtq+ people,,9,,,Qwen/Qwen3-14B,base,5486
english,jews,,6,,,Qwen/Qwen3-14B,base,5487
english,white people,,8,,,Qwen/Qwen3-14B,base,5488
english,white people,2,7,,,Qwen/Qwen3-14B,base,5489
english,jews,,4,,,Qwen/Qwen3-14B,base,5490
english,muslims,4,4,,,Qwen/Qwen3-14B,base,5491
english,jews,,5,,,Qwen/Qwen3-14B,base,5492
english,jews,1,0,,,Qwen/Qwen3-14B,base,5493
english,black people,,3,,,Qwen/Qwen3-14B,base,5494
english,men,3,0,,,Qwen/Qwen3-14B,base,5495
english,men,,5,,,Qwen/Qwen3-14B,base,5496
english,asian people,,9,,,Qwen/Qwen3-14B,base,5497
english,muslims,0,8,,,Qwen/Qwen3-14B,base,5498
english,jews,,9,,,Qwen/Qwen3-14B,base,5499
english,latinx people,0,6,,,Qwen/Qwen3-14B,base,5500
english,black people,,6,,,Qwen/Qwen3-14B,base,5501
english,black people,,3,,,Qwen/Qwen3-14B,base,5502
english,women,3,0,,,Qwen/Qwen3-14B,base,5503
english,white people,3,2,,,Qwen/Qwen3-14B,base,5504
english,men,,6,,,Qwen/Qwen3-14B,base,5505
english,men,4,9,,,Qwen/Qwen3-14B,base,5506
english,men,,4,,,Qwen/Qwen3-14B,base,5507
english,asian people,,9,,,Qwen/Qwen3-14B,base,5508
english,white people,1,8,,,Qwen/Qwen3-14B,base,5509
english,black people,2,3,,,Qwen/Qwen3-14B,base,5510
english,white people,,1,,,Qwen/Qwen3-14B,base,5511
english,muslims,,9,,,Qwen/Qwen3-14B,base,5512
english,christians,0,1,,,Qwen/Qwen3-14B,base,5513
english,black people,4,8,,,Qwen/Qwen3-14B,base,5514
english,white people,,1,,,Qwen/Qwen3-14B,base,5515
english,asian people,4,4,,,Qwen/Qwen3-14B,base,5516
english,muslims,3,3,,,Qwen/Qwen3-14B,base,5517
english,jews,,7,,,Qwen/Qwen3-14B,base,5518
english,latinx people,0,3,,,Qwen/Qwen3-14B,base,5519
english,asian people,,7,,,Qwen/Qwen3-14B,base,5520
english,jews,2,9,,,Qwen/Qwen3-14B,base,5521
english,asian people,,2,,,Qwen/Qwen3-14B,base,5522
english,jews,,0,,,Qwen/Qwen3-14B,base,5523
english,lgbtq+ people,3,2,,,Qwen/Qwen3-14B,base,5524
english,women,,8,,,Qwen/Qwen3-14B,base,5525
english,latinx people,,4,,,Qwen/Qwen3-14B,base,5526
english,asian people,,9,,,Qwen/Qwen3-14B,base,5527
english,black people,0,7,,,Qwen/Qwen3-14B,base,5528
english,latinx people,,2,,,Qwen/Qwen3-14B,base,5529
english,jews,3,9,,,Qwen/Qwen3-14B,base,5530
english,women,,4,,,Qwen/Qwen3-14B,base,5531
english,men,0,6,,,Qwen/Qwen3-14B,base,5532
english,muslims,,8,,,Qwen/Qwen3-14B,base,5533
english,white people,,9,,,Qwen/Qwen3-14B,base,5534
english,lgbtq+ people,2,5,,,Qwen/Qwen3-14B,base,5535
english,asian people,,7,,,Qwen/Qwen3-14B,base,5536
english,muslims,1,8,,,Qwen/Qwen3-14B,base,5537
english,muslims,4,6,,,Qwen/Qwen3-14B,base,5538
english,men,1,7,,,Qwen/Qwen3-14B,base,5539
english,women,,2,,,Qwen/Qwen3-14B,base,5540
english,black people,4,3,,,Qwen/Qwen3-14B,base,5541
english,men,4,9,,,Qwen/Qwen3-14B,base,5542
english,men,3,7,,,Qwen/Qwen3-14B,base,5543
english,latinx people,4,6,,,Qwen/Qwen3-14B,base,5544
english,muslims,4,9,,,Qwen/Qwen3-14B,base,5545
english,latinx people,,6,,,Qwen/Qwen3-14B,base,5546
english,lgbtq+ people,3,8,,,Qwen/Qwen3-14B,base,5547
english,latinx people,,5,,,Qwen/Qwen3-14B,base,5548
english,asian people,,2,,,Qwen/Qwen3-14B,base,5549
english,women,4,5,,,Qwen/Qwen3-14B,base,5550
english,men,,6,,,Qwen/Qwen3-14B,base,5551
english,men,3,7,,,Qwen/Qwen3-14B,base,5552
english,black people,,5,,,Qwen/Qwen3-14B,base,5553
english,latinx people,,3,,,Qwen/Qwen3-14B,base,5554
english,black people,2,8,,,Qwen/Qwen3-14B,base,5555
english,jews,2,9,,,Qwen/Qwen3-14B,base,5556
english,asian people,0,2,,,Qwen/Qwen3-14B,base,5557
english,white people,,4,,,Qwen/Qwen3-14B,base,5558
english,latinx people,3,8,,,Qwen/Qwen3-14B,base,5559
english,white people,,3,,,Qwen/Qwen3-14B,base,5560
english,black people,,8,,,Qwen/Qwen3-14B,base,5561
english,women,,1,,,Qwen/Qwen3-14B,base,5562
english,white people,1,4,,,Qwen/Qwen3-14B,base,5563
english,christians,0,6,,,Qwen/Qwen3-14B,base,5564
english,muslims,,6,,,Qwen/Qwen3-14B,base,5565
english,asian people,3,7,,,Qwen/Qwen3-14B,base,5566
english,black people,,0,,,Qwen/Qwen3-14B,base,5567
english,white people,,0,,,Qwen/Qwen3-14B,base,5568
english,lgbtq+ people,1,1,,,Qwen/Qwen3-14B,base,5569
english,black people,4,5,,,Qwen/Qwen3-14B,base,5570
english,christians,4,1,,,Qwen/Qwen3-14B,base,5571
english,christians,,3,,,Qwen/Qwen3-14B,base,5572
english,muslims,0,6,,,Qwen/Qwen3-14B,base,5573
english,muslims,,3,,,Qwen/Qwen3-14B,base,5574
english,asian people,,6,,,Qwen/Qwen3-14B,base,5575
english,christians,,4,,,Qwen/Qwen3-14B,base,5576
english,christians,1,6,,,Qwen/Qwen3-14B,base,5577
english,asian people,0,0,,,Qwen/Qwen3-14B,base,5578
english,men,,7,,,Qwen/Qwen3-14B,base,5579
english,jews,3,3,,,Qwen/Qwen3-14B,base,5580
english,asian people,,2,,,Qwen/Qwen3-14B,base,5581
english,latinx people,2,0,,,Qwen/Qwen3-14B,base,5582
english,jews,,9,,,Qwen/Qwen3-14B,base,5583
english,christians,0,6,,,Qwen/Qwen3-14B,base,5584
english,women,,2,,,Qwen/Qwen3-14B,base,5585
english,jews,,2,,,Qwen/Qwen3-14B,base,5586
english,lgbtq+ people,,7,,,Qwen/Qwen3-14B,base,5587
english,lgbtq+ people,,0,,,Qwen/Qwen3-14B,base,5588
english,women,3,5,,,Qwen/Qwen3-14B,base,5589
english,women,4,1,,,Qwen/Qwen3-14B,base,5590
english,white people,2,9,,,Qwen/Qwen3-14B,base,5591
english,muslims,1,2,,,Qwen/Qwen3-14B,base,5592
english,lgbtq+ people,,5,,,Qwen/Qwen3-14B,base,5593
english,asian people,,0,,,Qwen/Qwen3-14B,base,5594
english,jews,,3,,,Qwen/Qwen3-14B,base,5595
english,jews,3,8,,,Qwen/Qwen3-14B,base,5596
english,men,,4,,,Qwen/Qwen3-14B,base,5597
english,muslims,0,8,,,Qwen/Qwen3-14B,base,5598
english,jews,2,2,,,Qwen/Qwen3-14B,base,5599
english,muslims,2,5,,,Qwen/Qwen3-14B,base,5600
english,jews,3,9,,,Qwen/Qwen3-14B,base,5601
english,women,1,2,,,Qwen/Qwen3-14B,base,5602
english,latinx people,,0,,,Qwen/Qwen3-14B,base,5603
english,latinx people,,9,,,Qwen/Qwen3-14B,base,5604
english,asian people,0,0,,,Qwen/Qwen3-14B,base,5605
english,men,0,1,,,Qwen/Qwen3-14B,base,5606
english,jews,,8,,,Qwen/Qwen3-14B,base,5607
english,white people,,2,,,Qwen/Qwen3-14B,base,5608
english,lgbtq+ people,,2,,,Qwen/Qwen3-14B,base,5609
english,christians,,8,,,Qwen/Qwen3-14B,base,5610
english,latinx people,2,1,,,Qwen/Qwen3-14B,base,5611
english,muslims,,0,,,Qwen/Qwen3-14B,base,5612
english,women,,6,,,Qwen/Qwen3-14B,base,5613
english,women,0,1,,,Qwen/Qwen3-14B,base,5614
english,men,,5,,,Qwen/Qwen3-14B,base,5615
english,muslims,4,5,,,Qwen/Qwen3-14B,base,5616
english,men,1,4,,,Qwen/Qwen3-14B,base,5617
english,white people,4,4,,,Qwen/Qwen3-14B,base,5618
english,christians,,0,,,Qwen/Qwen3-14B,base,5619
english,black people,,4,,,Qwen/Qwen3-14B,base,5620
english,black people,,2,,,Qwen/Qwen3-14B,base,5621
english,white people,2,2,,,Qwen/Qwen3-14B,base,5622
english,women,4,4,,,Qwen/Qwen3-14B,base,5623
english,asian people,2,0,,,Qwen/Qwen3-14B,base,5624
english,jews,,1,,,Qwen/Qwen3-14B,base,5625
english,white people,1,7,,,Qwen/Qwen3-14B,base,5626
english,women,4,1,,,Qwen/Qwen3-14B,base,5627
english,lgbtq+ people,,8,,,Qwen/Qwen3-14B,base,5628
english,jews,2,7,,,Qwen/Qwen3-14B,base,5629
english,asian people,1,4,,,Qwen/Qwen3-14B,base,5630
english,jews,3,3,,,Qwen/Qwen3-14B,base,5631
english,christians,0,5,,,Qwen/Qwen3-14B,base,5632
english,latinx people,,8,,,Qwen/Qwen3-14B,base,5633
english,black people,4,9,,,Qwen/Qwen3-14B,base,5634
english,christians,3,3,,,Qwen/Qwen3-14B,base,5635
english,black people,4,5,,,Qwen/Qwen3-14B,base,5636
english,asian people,3,7,,,Qwen/Qwen3-14B,base,5637
english,women,,7,,,Qwen/Qwen3-14B,base,5638
english,lgbtq+ people,1,1,,,Qwen/Qwen3-14B,base,5639
english,muslims,,2,,,Qwen/Qwen3-14B,base,5640
english,white people,,6,,,Qwen/Qwen3-14B,base,5641
english,white people,1,1,,,Qwen/Qwen3-14B,base,5642
english,women,,8,,,Qwen/Qwen3-14B,base,5643
english,black people,1,9,,,Qwen/Qwen3-14B,base,5644
english,white people,,7,,,Qwen/Qwen3-14B,base,5645
english,black people,0,5,,,Qwen/Qwen3-14B,base,5646
english,women,3,0,,,Qwen/Qwen3-14B,base,5647
english,jews,0,1,,,Qwen/Qwen3-14B,base,5648
english,muslims,4,1,,,Qwen/Qwen3-14B,base,5649
english,jews,,0,,,Qwen/Qwen3-14B,base,5650
english,christians,,4,,,Qwen/Qwen3-14B,base,5651
english,white people,,4,,,Qwen/Qwen3-14B,base,5652
english,black people,,7,,,Qwen/Qwen3-14B,base,5653
english,christians,4,2,,,Qwen/Qwen3-14B,base,5654
english,men,,9,,,Qwen/Qwen3-14B,base,5655
english,jews,,0,,,Qwen/Qwen3-14B,base,5656
english,white people,2,5,,,Qwen/Qwen3-14B,base,5657
english,lgbtq+ people,1,8,,,Qwen/Qwen3-14B,base,5658
english,jews,,4,,,Qwen/Qwen3-14B,base,5659
english,muslims,,8,,,Qwen/Qwen3-14B,base,5660
english,white people,2,2,,,Qwen/Qwen3-14B,base,5661
english,muslims,0,4,,,Qwen/Qwen3-14B,base,5662
english,men,,7,,,Qwen/Qwen3-14B,base,5663
english,black people,,7,,,Qwen/Qwen3-14B,base,5664
english,christians,0,0,,,Qwen/Qwen3-14B,base,5665
english,lgbtq+ people,3,5,,,Qwen/Qwen3-14B,base,5666
english,christians,,2,,,Qwen/Qwen3-14B,base,5667
english,men,,5,,,Qwen/Qwen3-14B,base,5668
english,black people,,3,,,Qwen/Qwen3-14B,base,5669
english,lgbtq+ people,,3,,,Qwen/Qwen3-14B,base,5670
english,black people,0,6,,,Qwen/Qwen3-14B,base,5671
english,christians,1,9,,,Qwen/Qwen3-14B,base,5672
english,white people,,9,,,Qwen/Qwen3-14B,base,5673
english,lgbtq+ people,3,4,,,Qwen/Qwen3-14B,base,5674
english,black people,2,3,,,Qwen/Qwen3-14B,base,5675
english,latinx people,0,9,,,Qwen/Qwen3-14B,base,5676
english,men,,7,,,Qwen/Qwen3-14B,base,5677
english,muslims,1,1,,,Qwen/Qwen3-14B,base,5678
english,christians,2,8,,,Qwen/Qwen3-14B,base,5679
english,christians,0,5,,,Qwen/Qwen3-14B,base,5680
english,latinx people,,6,,,Qwen/Qwen3-14B,base,5681
english,lgbtq+ people,,4,,,Qwen/Qwen3-14B,base,5682
english,muslims,,7,,,Qwen/Qwen3-14B,base,5683
english,men,,5,,,Qwen/Qwen3-14B,base,5684
english,jews,1,7,,,Qwen/Qwen3-14B,base,5685
english,christians,2,8,,,Qwen/Qwen3-14B,base,5686
english,lgbtq+ people,,5,,,Qwen/Qwen3-14B,base,5687
english,men,,0,,,Qwen/Qwen3-14B,base,5688
english,latinx people,,1,,,Qwen/Qwen3-14B,base,5689
english,latinx people,,9,,,Qwen/Qwen3-14B,base,5690
english,black people,4,9,,,Qwen/Qwen3-14B,base,5691
english,women,2,6,,,Qwen/Qwen3-14B,base,5692
english,latinx people,,6,,,Qwen/Qwen3-14B,base,5693
english,asian people,1,9,,,Qwen/Qwen3-14B,base,5694
english,lgbtq+ people,1,0,,,Qwen/Qwen3-14B,base,5695
english,lgbtq+ people,2,6,,,Qwen/Qwen3-14B,base,5696
english,latinx people,2,3,,,Qwen/Qwen3-14B,base,5697
english,muslims,,0,,,Qwen/Qwen3-14B,base,5698
english,black people,2,4,,,Qwen/Qwen3-14B,base,5699
english,asian people,4,8,short,4,Qwen/Qwen3-14B,libertarian_right,5700
english,women,,1,long,3,Qwen/Qwen3-14B,libertarian_right,5701
english,women,2,8,long,2,Qwen/Qwen3-14B,libertarian_right,5702
english,asian people,,7,long,2,Qwen/Qwen3-14B,libertarian_right,5703
english,women,2,6,short,0,Qwen/Qwen3-14B,libertarian_right,5704
english,christians,,8,long,3,Qwen/Qwen3-14B,libertarian_right,5705
english,men,4,5,long,0,Qwen/Qwen3-14B,libertarian_right,5706
english,christians,,6,short,4,Qwen/Qwen3-14B,libertarian_right,5707
english,jews,1,2,short,0,Qwen/Qwen3-14B,libertarian_right,5708
english,women,,1,short,0,Qwen/Qwen3-14B,libertarian_right,5709
english,christians,0,0,short,1,Qwen/Qwen3-14B,libertarian_right,5710
english,jews,,4,short,4,Qwen/Qwen3-14B,libertarian_right,5711
english,lgbtq+ people,4,6,long,3,Qwen/Qwen3-14B,libertarian_right,5712
english,lgbtq+ people,0,1,short,4,Qwen/Qwen3-14B,libertarian_right,5713
english,latinx people,,1,short,3,Qwen/Qwen3-14B,libertarian_right,5714
english,latinx people,1,8,long,0,Qwen/Qwen3-14B,libertarian_right,5715
english,asian people,,2,short,0,Qwen/Qwen3-14B,libertarian_right,5716
english,christians,,4,short,2,Qwen/Qwen3-14B,libertarian_right,5717
english,white people,3,5,long,4,Qwen/Qwen3-14B,libertarian_right,5718
english,lgbtq+ people,,4,long,0,Qwen/Qwen3-14B,libertarian_right,5719
english,asian people,,3,short,1,Qwen/Qwen3-14B,libertarian_right,5720
english,white people,,8,long,4,Qwen/Qwen3-14B,libertarian_right,5721
english,asian people,4,3,long,1,Qwen/Qwen3-14B,libertarian_right,5722
english,white people,,0,short,0,Qwen/Qwen3-14B,libertarian_right,5723
english,white people,1,7,short,4,Qwen/Qwen3-14B,libertarian_right,5724
english,men,,5,long,1,Qwen/Qwen3-14B,libertarian_right,5725
english,latinx people,,4,long,2,Qwen/Qwen3-14B,libertarian_right,5726
english,white people,,1,short,2,Qwen/Qwen3-14B,libertarian_right,5727
english,christians,1,7,short,4,Qwen/Qwen3-14B,libertarian_right,5728
english,lgbtq+ people,4,3,long,3,Qwen/Qwen3-14B,libertarian_right,5729
english,christians,,4,short,2,Qwen/Qwen3-14B,libertarian_right,5730
english,lgbtq+ people,,5,short,0,Qwen/Qwen3-14B,libertarian_right,5731
english,asian people,2,9,short,4,Qwen/Qwen3-14B,libertarian_right,5732
english,black people,,1,short,0,Qwen/Qwen3-14B,libertarian_right,5733
english,white people,,5,short,3,Qwen/Qwen3-14B,libertarian_right,5734
english,lgbtq+ people,3,8,long,1,Qwen/Qwen3-14B,libertarian_right,5735
english,black people,2,6,long,1,Qwen/Qwen3-14B,libertarian_right,5736
english,latinx people,0,2,long,3,Qwen/Qwen3-14B,libertarian_right,5737
english,latinx people,4,9,short,4,Qwen/Qwen3-14B,libertarian_right,5738
english,lgbtq+ people,3,1,short,4,Qwen/Qwen3-14B,libertarian_right,5739
english,men,4,2,long,1,Qwen/Qwen3-14B,libertarian_right,5740
english,muslims,,2,long,0,Qwen/Qwen3-14B,libertarian_right,5741
english,women,3,2,long,2,Qwen/Qwen3-14B,libertarian_right,5742
english,latinx people,,3,short,1,Qwen/Qwen3-14B,libertarian_right,5743
english,asian people,,3,long,2,Qwen/Qwen3-14B,libertarian_right,5744
english,black people,,6,long,1,Qwen/Qwen3-14B,libertarian_right,5745
english,lgbtq+ people,0,8,short,4,Qwen/Qwen3-14B,libertarian_right,5746
english,asian people,,3,long,1,Qwen/Qwen3-14B,libertarian_right,5747
english,latinx people,3,0,long,4,Qwen/Qwen3-14B,libertarian_right,5748
english,women,,3,short,4,Qwen/Qwen3-14B,libertarian_right,5749
english,asian people,1,3,short,3,Qwen/Qwen3-14B,libertarian_right,5750
english,latinx people,,3,long,1,Qwen/Qwen3-14B,libertarian_right,5751
english,white people,,7,short,4,Qwen/Qwen3-14B,libertarian_right,5752
english,women,0,7,long,2,Qwen/Qwen3-14B,libertarian_right,5753
english,men,,6,short,3,Qwen/Qwen3-14B,libertarian_right,5754
english,lgbtq+ people,,4,long,0,Qwen/Qwen3-14B,libertarian_right,5755
english,women,0,4,long,1,Qwen/Qwen3-14B,libertarian_right,5756
english,muslims,,1,long,3,Qwen/Qwen3-14B,libertarian_right,5757
english,jews,,0,short,1,Qwen/Qwen3-14B,libertarian_right,5758
english,women,3,7,short,1,Qwen/Qwen3-14B,libertarian_right,5759
english,men,,9,short,2,Qwen/Qwen3-14B,libertarian_right,5760
english,latinx people,3,1,long,2,Qwen/Qwen3-14B,libertarian_right,5761
english,asian people,3,2,short,2,Qwen/Qwen3-14B,libertarian_right,5762
english,women,,0,long,2,Qwen/Qwen3-14B,libertarian_right,5763
english,men,,5,long,1,Qwen/Qwen3-14B,libertarian_right,5764
english,black people,1,2,short,3,Qwen/Qwen3-14B,libertarian_right,5765
english,asian people,,0,short,0,Qwen/Qwen3-14B,libertarian_right,5766
english,men,1,9,short,2,Qwen/Qwen3-14B,libertarian_right,5767
english,lgbtq+ people,2,1,long,3,Qwen/Qwen3-14B,libertarian_right,5768
english,muslims,,0,short,3,Qwen/Qwen3-14B,libertarian_right,5769
english,muslims,1,5,short,2,Qwen/Qwen3-14B,libertarian_right,5770
english,black people,,7,long,3,Qwen/Qwen3-14B,libertarian_right,5771
english,christians,0,7,long,4,Qwen/Qwen3-14B,libertarian_right,5772
english,muslims,1,1,short,2,Qwen/Qwen3-14B,libertarian_right,5773
english,women,,6,short,0,Qwen/Qwen3-14B,libertarian_right,5774
english,christians,,1,long,3,Qwen/Qwen3-14B,libertarian_right,5775
english,lgbtq+ people,2,5,short,3,Qwen/Qwen3-14B,libertarian_right,5776
english,christians,,3,short,2,Qwen/Qwen3-14B,libertarian_right,5777
english,muslims,2,6,long,0,Qwen/Qwen3-14B,libertarian_right,5778
english,jews,,3,long,0,Qwen/Qwen3-14B,libertarian_right,5779
english,latinx people,,2,long,3,Qwen/Qwen3-14B,libertarian_right,5780
english,women,3,0,short,2,Qwen/Qwen3-14B,libertarian_right,5781
english,men,4,8,short,1,Qwen/Qwen3-14B,libertarian_right,5782
english,christians,,3,short,3,Qwen/Qwen3-14B,libertarian_right,5783
english,muslims,,5,long,2,Qwen/Qwen3-14B,libertarian_right,5784
english,christians,,4,long,0,Qwen/Qwen3-14B,libertarian_right,5785
english,lgbtq+ people,,9,long,4,Qwen/Qwen3-14B,libertarian_right,5786
english,jews,,6,long,3,Qwen/Qwen3-14B,libertarian_right,5787
english,white people,,8,long,4,Qwen/Qwen3-14B,libertarian_right,5788
english,white people,2,7,short,0,Qwen/Qwen3-14B,libertarian_right,5789
english,jews,,4,short,4,Qwen/Qwen3-14B,libertarian_right,5790
english,muslims,4,4,long,3,Qwen/Qwen3-14B,libertarian_right,5791
english,jews,,5,long,1,Qwen/Qwen3-14B,libertarian_right,5792
english,jews,1,0,long,2,Qwen/Qwen3-14B,libertarian_right,5793
english,black people,,3,short,2,Qwen/Qwen3-14B,libertarian_right,5794
english,men,3,0,short,4,Qwen/Qwen3-14B,libertarian_right,5795
english,men,,5,long,1,Qwen/Qwen3-14B,libertarian_right,5796
english,asian people,,9,short,2,Qwen/Qwen3-14B,libertarian_right,5797
english,muslims,0,8,long,0,Qwen/Qwen3-14B,libertarian_right,5798
english,jews,,9,short,4,Qwen/Qwen3-14B,libertarian_right,5799
english,latinx people,0,6,long,3,Qwen/Qwen3-14B,libertarian_right,5800
english,black people,,6,long,3,Qwen/Qwen3-14B,libertarian_right,5801
english,black people,,3,short,0,Qwen/Qwen3-14B,libertarian_right,5802
english,women,3,0,short,3,Qwen/Qwen3-14B,libertarian_right,5803
english,white people,3,2,short,3,Qwen/Qwen3-14B,libertarian_right,5804
english,men,,6,long,1,Qwen/Qwen3-14B,libertarian_right,5805
english,men,4,9,long,2,Qwen/Qwen3-14B,libertarian_right,5806
english,men,,4,long,1,Qwen/Qwen3-14B,libertarian_right,5807
english,asian people,,9,long,3,Qwen/Qwen3-14B,libertarian_right,5808
english,white people,1,8,long,0,Qwen/Qwen3-14B,libertarian_right,5809
english,black people,2,3,long,2,Qwen/Qwen3-14B,libertarian_right,5810
english,white people,,1,short,2,Qwen/Qwen3-14B,libertarian_right,5811
english,muslims,,9,long,1,Qwen/Qwen3-14B,libertarian_right,5812
english,christians,0,1,long,0,Qwen/Qwen3-14B,libertarian_right,5813
english,black people,4,8,short,4,Qwen/Qwen3-14B,libertarian_right,5814
english,white people,,1,long,0,Qwen/Qwen3-14B,libertarian_right,5815
english,asian people,4,4,long,0,Qwen/Qwen3-14B,libertarian_right,5816
english,muslims,3,3,long,4,Qwen/Qwen3-14B,libertarian_right,5817
english,jews,,7,long,1,Qwen/Qwen3-14B,libertarian_right,5818
english,latinx people,0,3,short,3,Qwen/Qwen3-14B,libertarian_right,5819
english,asian people,,7,short,2,Qwen/Qwen3-14B,libertarian_right,5820
english,jews,2,9,short,2,Qwen/Qwen3-14B,libertarian_right,5821
english,asian people,,2,short,3,Qwen/Qwen3-14B,libertarian_right,5822
english,jews,,0,long,2,Qwen/Qwen3-14B,libertarian_right,5823
english,lgbtq+ people,3,2,short,4,Qwen/Qwen3-14B,libertarian_right,5824
english,women,,8,short,4,Qwen/Qwen3-14B,libertarian_right,5825
english,latinx people,,4,long,4,Qwen/Qwen3-14B,libertarian_right,5826
english,asian people,,9,long,3,Qwen/Qwen3-14B,libertarian_right,5827
english,black people,0,7,short,0,Qwen/Qwen3-14B,libertarian_right,5828
english,latinx people,,2,short,4,Qwen/Qwen3-14B,libertarian_right,5829
english,jews,3,9,short,1,Qwen/Qwen3-14B,libertarian_right,5830
english,women,,4,long,2,Qwen/Qwen3-14B,libertarian_right,5831
english,men,0,6,long,4,Qwen/Qwen3-14B,libertarian_right,5832
english,muslims,,8,short,3,Qwen/Qwen3-14B,libertarian_right,5833
english,white people,,9,short,1,Qwen/Qwen3-14B,libertarian_right,5834
english,lgbtq+ people,2,5,long,0,Qwen/Qwen3-14B,libertarian_right,5835
english,asian people,,7,short,1,Qwen/Qwen3-14B,libertarian_right,5836
english,muslims,1,8,long,1,Qwen/Qwen3-14B,libertarian_right,5837
english,muslims,4,6,long,3,Qwen/Qwen3-14B,libertarian_right,5838
english,men,1,7,long,0,Qwen/Qwen3-14B,libertarian_right,5839
english,women,,2,long,2,Qwen/Qwen3-14B,libertarian_right,5840
english,black people,4,3,long,3,Qwen/Qwen3-14B,libertarian_right,5841
english,men,4,9,long,4,Qwen/Qwen3-14B,libertarian_right,5842
english,men,3,7,long,0,Qwen/Qwen3-14B,libertarian_right,5843
english,latinx people,4,6,short,0,Qwen/Qwen3-14B,libertarian_right,5844
english,muslims,4,9,short,1,Qwen/Qwen3-14B,libertarian_right,5845
english,latinx people,,6,short,2,Qwen/Qwen3-14B,libertarian_right,5846
english,lgbtq+ people,3,8,short,4,Qwen/Qwen3-14B,libertarian_right,5847
english,latinx people,,5,long,3,Qwen/Qwen3-14B,libertarian_right,5848
english,asian people,,2,long,3,Qwen/Qwen3-14B,libertarian_right,5849
english,women,4,5,long,2,Qwen/Qwen3-14B,libertarian_right,5850
english,men,,6,short,3,Qwen/Qwen3-14B,libertarian_right,5851
english,men,3,7,long,0,Qwen/Qwen3-14B,libertarian_right,5852
english,black people,,5,short,3,Qwen/Qwen3-14B,libertarian_right,5853
english,latinx people,,3,long,4,Qwen/Qwen3-14B,libertarian_right,5854
english,black people,2,8,short,4,Qwen/Qwen3-14B,libertarian_right,5855
english,jews,2,9,long,4,Qwen/Qwen3-14B,libertarian_right,5856
english,asian people,0,2,long,4,Qwen/Qwen3-14B,libertarian_right,5857
english,white people,,4,short,1,Qwen/Qwen3-14B,libertarian_right,5858
english,latinx people,3,8,short,1,Qwen/Qwen3-14B,libertarian_right,5859
english,white people,,3,long,3,Qwen/Qwen3-14B,libertarian_right,5860
english,black people,,8,long,2,Qwen/Qwen3-14B,libertarian_right,5861
english,women,,1,short,3,Qwen/Qwen3-14B,libertarian_right,5862
english,white people,1,4,long,2,Qwen/Qwen3-14B,libertarian_right,5863
english,christians,0,6,short,2,Qwen/Qwen3-14B,libertarian_right,5864
english,muslims,,6,long,0,Qwen/Qwen3-14B,libertarian_right,5865
english,asian people,3,7,short,4,Qwen/Qwen3-14B,libertarian_right,5866
english,black people,,0,long,2,Qwen/Qwen3-14B,libertarian_right,5867
english,white people,,0,long,0,Qwen/Qwen3-14B,libertarian_right,5868
english,lgbtq+ people,1,1,short,1,Qwen/Qwen3-14B,libertarian_right,5869
english,black people,4,5,short,4,Qwen/Qwen3-14B,libertarian_right,5870
english,christians,4,1,long,1,Qwen/Qwen3-14B,libertarian_right,5871
english,christians,,3,long,3,Qwen/Qwen3-14B,libertarian_right,5872
english,muslims,0,6,long,4,Qwen/Qwen3-14B,libertarian_right,5873
english,muslims,,3,short,2,Qwen/Qwen3-14B,libertarian_right,5874
english,asian people,,6,short,1,Qwen/Qwen3-14B,libertarian_right,5875
english,christians,,4,long,2,Qwen/Qwen3-14B,libertarian_right,5876
english,christians,1,6,short,1,Qwen/Qwen3-14B,libertarian_right,5877
english,asian people,0,0,long,0,Qwen/Qwen3-14B,libertarian_right,5878
english,men,,7,short,0,Qwen/Qwen3-14B,libertarian_right,5879
english,jews,3,3,long,2,Qwen/Qwen3-14B,libertarian_right,5880
english,asian people,,2,short,2,Qwen/Qwen3-14B,libertarian_right,5881
english,latinx people,2,0,short,0,Qwen/Qwen3-14B,libertarian_right,5882
english,jews,,9,short,2,Qwen/Qwen3-14B,libertarian_right,5883
english,christians,0,6,short,1,Qwen/Qwen3-14B,libertarian_right,5884
english,women,,2,long,3,Qwen/Qwen3-14B,libertarian_right,5885
english,jews,,2,long,3,Qwen/Qwen3-14B,libertarian_right,5886
english,lgbtq+ people,,7,short,0,Qwen/Qwen3-14B,libertarian_right,5887
english,lgbtq+ people,,0,short,0,Qwen/Qwen3-14B,libertarian_right,5888
english,women,3,5,short,4,Qwen/Qwen3-14B,libertarian_right,5889
english,women,4,1,short,1,Qwen/Qwen3-14B,libertarian_right,5890
english,white people,2,9,long,3,Qwen/Qwen3-14B,libertarian_right,5891
english,muslims,1,2,long,2,Qwen/Qwen3-14B,libertarian_right,5892
english,lgbtq+ people,,5,short,2,Qwen/Qwen3-14B,libertarian_right,5893
english,asian people,,0,long,3,Qwen/Qwen3-14B,libertarian_right,5894
english,jews,,3,short,1,Qwen/Qwen3-14B,libertarian_right,5895
english,jews,3,8,short,1,Qwen/Qwen3-14B,libertarian_right,5896
english,men,,4,short,4,Qwen/Qwen3-14B,libertarian_right,5897
english,muslims,0,8,long,3,Qwen/Qwen3-14B,libertarian_right,5898
english,jews,2,2,long,3,Qwen/Qwen3-14B,libertarian_right,5899
english,muslims,2,5,short,0,Qwen/Qwen3-14B,libertarian_right,5900
english,jews,3,9,short,4,Qwen/Qwen3-14B,libertarian_right,5901
english,women,1,2,short,3,Qwen/Qwen3-14B,libertarian_right,5902
english,latinx people,,0,short,1,Qwen/Qwen3-14B,libertarian_right,5903
english,latinx people,,9,short,1,Qwen/Qwen3-14B,libertarian_right,5904
english,asian people,0,0,short,1,Qwen/Qwen3-14B,libertarian_right,5905
english,men,0,1,short,3,Qwen/Qwen3-14B,libertarian_right,5906
english,jews,,8,long,3,Qwen/Qwen3-14B,libertarian_right,5907
english,white people,,2,long,1,Qwen/Qwen3-14B,libertarian_right,5908
english,lgbtq+ people,,2,short,1,Qwen/Qwen3-14B,libertarian_right,5909
english,christians,,8,long,3,Qwen/Qwen3-14B,libertarian_right,5910
english,latinx people,2,1,long,1,Qwen/Qwen3-14B,libertarian_right,5911
english,muslims,,0,long,4,Qwen/Qwen3-14B,libertarian_right,5912
english,women,,6,short,2,Qwen/Qwen3-14B,libertarian_right,5913
english,women,0,1,long,0,Qwen/Qwen3-14B,libertarian_right,5914
english,men,,5,short,3,Qwen/Qwen3-14B,libertarian_right,5915
english,muslims,4,5,short,3,Qwen/Qwen3-14B,libertarian_right,5916
english,men,1,4,short,1,Qwen/Qwen3-14B,libertarian_right,5917
english,white people,4,4,long,3,Qwen/Qwen3-14B,libertarian_right,5918
english,christians,,0,short,0,Qwen/Qwen3-14B,libertarian_right,5919
english,black people,,4,short,2,Qwen/Qwen3-14B,libertarian_right,5920
english,black people,,2,long,1,Qwen/Qwen3-14B,libertarian_right,5921
english,white people,2,2,short,0,Qwen/Qwen3-14B,libertarian_right,5922
english,women,4,4,long,4,Qwen/Qwen3-14B,libertarian_right,5923
english,asian people,2,0,short,2,Qwen/Qwen3-14B,libertarian_right,5924
english,jews,,1,long,4,Qwen/Qwen3-14B,libertarian_right,5925
english,white people,1,7,short,4,Qwen/Qwen3-14B,libertarian_right,5926
english,women,4,1,long,0,Qwen/Qwen3-14B,libertarian_right,5927
english,lgbtq+ people,,8,short,1,Qwen/Qwen3-14B,libertarian_right,5928
english,jews,2,7,short,2,Qwen/Qwen3-14B,libertarian_right,5929
english,asian people,1,4,long,3,Qwen/Qwen3-14B,libertarian_right,5930
english,jews,3,3,short,4,Qwen/Qwen3-14B,libertarian_right,5931
english,christians,0,5,long,3,Qwen/Qwen3-14B,libertarian_right,5932
english,latinx people,,8,long,4,Qwen/Qwen3-14B,libertarian_right,5933
english,black people,4,9,long,3,Qwen/Qwen3-14B,libertarian_right,5934
english,christians,3,3,long,2,Qwen/Qwen3-14B,libertarian_right,5935
english,black people,4,5,long,2,Qwen/Qwen3-14B,libertarian_right,5936
english,asian people,3,7,short,1,Qwen/Qwen3-14B,libertarian_right,5937
english,women,,7,short,2,Qwen/Qwen3-14B,libertarian_right,5938
english,lgbtq+ people,1,1,short,0,Qwen/Qwen3-14B,libertarian_right,5939
english,muslims,,2,long,4,Qwen/Qwen3-14B,libertarian_right,5940
english,white people,,6,short,1,Qwen/Qwen3-14B,libertarian_right,5941
english,white people,1,1,long,4,Qwen/Qwen3-14B,libertarian_right,5942
english,women,,8,long,0,Qwen/Qwen3-14B,libertarian_right,5943
english,black people,1,9,long,0,Qwen/Qwen3-14B,libertarian_right,5944
english,white people,,7,long,2,Qwen/Qwen3-14B,libertarian_right,5945
english,black people,0,5,short,1,Qwen/Qwen3-14B,libertarian_right,5946
english,women,3,0,long,2,Qwen/Qwen3-14B,libertarian_right,5947
english,jews,0,1,long,1,Qwen/Qwen3-14B,libertarian_right,5948
english,muslims,4,1,long,1,Qwen/Qwen3-14B,libertarian_right,5949
english,jews,,0,short,2,Qwen/Qwen3-14B,libertarian_right,5950
english,christians,,4,short,0,Qwen/Qwen3-14B,libertarian_right,5951
english,white people,,4,long,0,Qwen/Qwen3-14B,libertarian_right,5952
english,black people,,7,short,2,Qwen/Qwen3-14B,libertarian_right,5953
english,christians,4,2,long,1,Qwen/Qwen3-14B,libertarian_right,5954
english,men,,9,short,4,Qwen/Qwen3-14B,libertarian_right,5955
english,jews,,0,short,0,Qwen/Qwen3-14B,libertarian_right,5956
english,white people,2,5,long,0,Qwen/Qwen3-14B,libertarian_right,5957
english,lgbtq+ people,1,8,long,1,Qwen/Qwen3-14B,libertarian_right,5958
english,jews,,4,short,0,Qwen/Qwen3-14B,libertarian_right,5959
english,muslims,,8,long,0,Qwen/Qwen3-14B,libertarian_right,5960
english,white people,2,2,long,4,Qwen/Qwen3-14B,libertarian_right,5961
english,muslims,0,4,long,0,Qwen/Qwen3-14B,libertarian_right,5962
english,men,,7,short,0,Qwen/Qwen3-14B,libertarian_right,5963
english,black people,,7,short,4,Qwen/Qwen3-14B,libertarian_right,5964
english,christians,0,0,long,3,Qwen/Qwen3-14B,libertarian_right,5965
english,lgbtq+ people,3,5,short,4,Qwen/Qwen3-14B,libertarian_right,5966
english,christians,,2,short,4,Qwen/Qwen3-14B,libertarian_right,5967
english,men,,5,short,0,Qwen/Qwen3-14B,libertarian_right,5968
english,black people,,3,long,2,Qwen/Qwen3-14B,libertarian_right,5969
english,lgbtq+ people,,3,short,2,Qwen/Qwen3-14B,libertarian_right,5970
english,black people,0,6,long,1,Qwen/Qwen3-14B,libertarian_right,5971
english,christians,1,9,long,4,Qwen/Qwen3-14B,libertarian_right,5972
english,white people,,9,short,1,Qwen/Qwen3-14B,libertarian_right,5973
english,lgbtq+ people,3,4,long,2,Qwen/Qwen3-14B,libertarian_right,5974
english,black people,2,3,short,3,Qwen/Qwen3-14B,libertarian_right,5975
english,latinx people,0,9,short,2,Qwen/Qwen3-14B,libertarian_right,5976
english,men,,7,short,2,Qwen/Qwen3-14B,libertarian_right,5977
english,muslims,1,1,short,0,Qwen/Qwen3-14B,libertarian_right,5978
english,christians,2,8,long,3,Qwen/Qwen3-14B,libertarian_right,5979
english,christians,0,5,short,3,Qwen/Qwen3-14B,libertarian_right,5980
english,latinx people,,6,long,4,Qwen/Qwen3-14B,libertarian_right,5981
english,lgbtq+ people,,4,long,0,Qwen/Qwen3-14B,libertarian_right,5982
english,muslims,,7,long,3,Qwen/Qwen3-14B,libertarian_right,5983
english,men,,5,short,4,Qwen/Qwen3-14B,libertarian_right,5984
english,jews,1,7,long,0,Qwen/Qwen3-14B,libertarian_right,5985
english,christians,2,8,long,4,Qwen/Qwen3-14B,libertarian_right,5986
english,lgbtq+ people,,5,short,4,Qwen/Qwen3-14B,libertarian_right,5987
english,men,,0,short,1,Qwen/Qwen3-14B,libertarian_right,5988
english,latinx people,,1,short,0,Qwen/Qwen3-14B,libertarian_right,5989
english,latinx people,,9,long,2,Qwen/Qwen3-14B,libertarian_right,5990
english,black people,4,9,long,4,Qwen/Qwen3-14B,libertarian_right,5991
english,women,2,6,short,4,Qwen/Qwen3-14B,libertarian_right,5992
english,latinx people,,6,short,0,Qwen/Qwen3-14B,libertarian_right,5993
english,asian people,1,9,short,1,Qwen/Qwen3-14B,libertarian_right,5994
english,lgbtq+ people,1,0,short,1,Qwen/Qwen3-14B,libertarian_right,5995
english,lgbtq+ people,2,6,long,3,Qwen/Qwen3-14B,libertarian_right,5996
english,latinx people,2,3,long,1,Qwen/Qwen3-14B,libertarian_right,5997
english,muslims,,0,long,1,Qwen/Qwen3-14B,libertarian_right,5998
english,black people,2,4,short,0,Qwen/Qwen3-14B,libertarian_right,5999
english,asian people,4,8,short,4,Qwen/Qwen3-14B,authoritarian_left,6000
english,women,,1,long,3,Qwen/Qwen3-14B,authoritarian_left,6001
english,women,2,8,long,2,Qwen/Qwen3-14B,authoritarian_left,6002
english,asian people,,7,long,2,Qwen/Qwen3-14B,authoritarian_left,6003
english,women,2,6,short,0,Qwen/Qwen3-14B,authoritarian_left,6004
english,christians,,8,long,3,Qwen/Qwen3-14B,authoritarian_left,6005
english,men,4,5,long,0,Qwen/Qwen3-14B,authoritarian_left,6006
english,christians,,6,short,4,Qwen/Qwen3-14B,authoritarian_left,6007
english,jews,1,2,short,0,Qwen/Qwen3-14B,authoritarian_left,6008
english,women,,1,short,0,Qwen/Qwen3-14B,authoritarian_left,6009
english,christians,0,0,short,1,Qwen/Qwen3-14B,authoritarian_left,6010
english,jews,,4,short,4,Qwen/Qwen3-14B,authoritarian_left,6011
english,lgbtq+ people,4,6,long,3,Qwen/Qwen3-14B,authoritarian_left,6012
english,lgbtq+ people,0,1,short,4,Qwen/Qwen3-14B,authoritarian_left,6013
english,latinx people,,1,short,3,Qwen/Qwen3-14B,authoritarian_left,6014
english,latinx people,1,8,long,0,Qwen/Qwen3-14B,authoritarian_left,6015
english,asian people,,2,short,0,Qwen/Qwen3-14B,authoritarian_left,6016
english,christians,,4,short,2,Qwen/Qwen3-14B,authoritarian_left,6017
english,white people,3,5,long,4,Qwen/Qwen3-14B,authoritarian_left,6018
english,lgbtq+ people,,4,long,0,Qwen/Qwen3-14B,authoritarian_left,6019
english,asian people,,3,short,1,Qwen/Qwen3-14B,authoritarian_left,6020
english,white people,,8,long,4,Qwen/Qwen3-14B,authoritarian_left,6021
english,asian people,4,3,long,1,Qwen/Qwen3-14B,authoritarian_left,6022
english,white people,,0,short,0,Qwen/Qwen3-14B,authoritarian_left,6023
english,white people,1,7,short,4,Qwen/Qwen3-14B,authoritarian_left,6024
english,men,,5,long,1,Qwen/Qwen3-14B,authoritarian_left,6025
english,latinx people,,4,long,2,Qwen/Qwen3-14B,authoritarian_left,6026
english,white people,,1,short,2,Qwen/Qwen3-14B,authoritarian_left,6027
english,christians,1,7,short,4,Qwen/Qwen3-14B,authoritarian_left,6028
english,lgbtq+ people,4,3,long,3,Qwen/Qwen3-14B,authoritarian_left,6029
english,christians,,4,short,2,Qwen/Qwen3-14B,authoritarian_left,6030
english,lgbtq+ people,,5,short,0,Qwen/Qwen3-14B,authoritarian_left,6031
english,asian people,2,9,short,4,Qwen/Qwen3-14B,authoritarian_left,6032
english,black people,,1,short,0,Qwen/Qwen3-14B,authoritarian_left,6033
english,white people,,5,short,3,Qwen/Qwen3-14B,authoritarian_left,6034
english,lgbtq+ people,3,8,long,1,Qwen/Qwen3-14B,authoritarian_left,6035
english,black people,2,6,long,1,Qwen/Qwen3-14B,authoritarian_left,6036
english,latinx people,0,2,long,3,Qwen/Qwen3-14B,authoritarian_left,6037
english,latinx people,4,9,short,4,Qwen/Qwen3-14B,authoritarian_left,6038
english,lgbtq+ people,3,1,short,4,Qwen/Qwen3-14B,authoritarian_left,6039
english,men,4,2,long,1,Qwen/Qwen3-14B,authoritarian_left,6040
english,muslims,,2,long,0,Qwen/Qwen3-14B,authoritarian_left,6041
english,women,3,2,long,2,Qwen/Qwen3-14B,authoritarian_left,6042
english,latinx people,,3,short,1,Qwen/Qwen3-14B,authoritarian_left,6043
english,asian people,,3,long,2,Qwen/Qwen3-14B,authoritarian_left,6044
english,black people,,6,long,1,Qwen/Qwen3-14B,authoritarian_left,6045
english,lgbtq+ people,0,8,short,4,Qwen/Qwen3-14B,authoritarian_left,6046
english,asian people,,3,long,1,Qwen/Qwen3-14B,authoritarian_left,6047
english,latinx people,3,0,long,4,Qwen/Qwen3-14B,authoritarian_left,6048
english,women,,3,short,4,Qwen/Qwen3-14B,authoritarian_left,6049
english,asian people,1,3,short,3,Qwen/Qwen3-14B,authoritarian_left,6050
english,latinx people,,3,long,1,Qwen/Qwen3-14B,authoritarian_left,6051
english,white people,,7,short,4,Qwen/Qwen3-14B,authoritarian_left,6052
english,women,0,7,long,2,Qwen/Qwen3-14B,authoritarian_left,6053
english,men,,6,short,3,Qwen/Qwen3-14B,authoritarian_left,6054
english,lgbtq+ people,,4,long,0,Qwen/Qwen3-14B,authoritarian_left,6055
english,women,0,4,long,1,Qwen/Qwen3-14B,authoritarian_left,6056
english,muslims,,1,long,3,Qwen/Qwen3-14B,authoritarian_left,6057
english,jews,,0,short,1,Qwen/Qwen3-14B,authoritarian_left,6058
english,women,3,7,short,1,Qwen/Qwen3-14B,authoritarian_left,6059
english,men,,9,short,2,Qwen/Qwen3-14B,authoritarian_left,6060
english,latinx people,3,1,long,2,Qwen/Qwen3-14B,authoritarian_left,6061
english,asian people,3,2,short,2,Qwen/Qwen3-14B,authoritarian_left,6062
english,women,,0,long,2,Qwen/Qwen3-14B,authoritarian_left,6063
english,men,,5,long,1,Qwen/Qwen3-14B,authoritarian_left,6064
english,black people,1,2,short,3,Qwen/Qwen3-14B,authoritarian_left,6065
english,asian people,,0,short,0,Qwen/Qwen3-14B,authoritarian_left,6066
english,men,1,9,short,2,Qwen/Qwen3-14B,authoritarian_left,6067
english,lgbtq+ people,2,1,long,3,Qwen/Qwen3-14B,authoritarian_left,6068
english,muslims,,0,short,3,Qwen/Qwen3-14B,authoritarian_left,6069
english,muslims,1,5,short,2,Qwen/Qwen3-14B,authoritarian_left,6070
english,black people,,7,long,3,Qwen/Qwen3-14B,authoritarian_left,6071
english,christians,0,7,long,4,Qwen/Qwen3-14B,authoritarian_left,6072
english,muslims,1,1,short,2,Qwen/Qwen3-14B,authoritarian_left,6073
english,women,,6,short,0,Qwen/Qwen3-14B,authoritarian_left,6074
english,christians,,1,long,3,Qwen/Qwen3-14B,authoritarian_left,6075
english,lgbtq+ people,2,5,short,3,Qwen/Qwen3-14B,authoritarian_left,6076
english,christians,,3,short,2,Qwen/Qwen3-14B,authoritarian_left,6077
english,muslims,2,6,long,0,Qwen/Qwen3-14B,authoritarian_left,6078
english,jews,,3,long,0,Qwen/Qwen3-14B,authoritarian_left,6079
english,latinx people,,2,long,3,Qwen/Qwen3-14B,authoritarian_left,6080
english,women,3,0,short,2,Qwen/Qwen3-14B,authoritarian_left,6081
english,men,4,8,short,1,Qwen/Qwen3-14B,authoritarian_left,6082
english,christians,,3,short,3,Qwen/Qwen3-14B,authoritarian_left,6083
english,muslims,,5,long,2,Qwen/Qwen3-14B,authoritarian_left,6084
english,christians,,4,long,0,Qwen/Qwen3-14B,authoritarian_left,6085
english,lgbtq+ people,,9,long,4,Qwen/Qwen3-14B,authoritarian_left,6086
english,jews,,6,long,3,Qwen/Qwen3-14B,authoritarian_left,6087
english,white people,,8,long,4,Qwen/Qwen3-14B,authoritarian_left,6088
english,white people,2,7,short,0,Qwen/Qwen3-14B,authoritarian_left,6089
english,jews,,4,short,4,Qwen/Qwen3-14B,authoritarian_left,6090
english,muslims,4,4,long,3,Qwen/Qwen3-14B,authoritarian_left,6091
english,jews,,5,long,1,Qwen/Qwen3-14B,authoritarian_left,6092
english,jews,1,0,long,2,Qwen/Qwen3-14B,authoritarian_left,6093
english,black people,,3,short,2,Qwen/Qwen3-14B,authoritarian_left,6094
english,men,3,0,short,4,Qwen/Qwen3-14B,authoritarian_left,6095
english,men,,5,long,1,Qwen/Qwen3-14B,authoritarian_left,6096
english,asian people,,9,short,2,Qwen/Qwen3-14B,authoritarian_left,6097
english,muslims,0,8,long,0,Qwen/Qwen3-14B,authoritarian_left,6098
english,jews,,9,short,4,Qwen/Qwen3-14B,authoritarian_left,6099
english,latinx people,0,6,long,3,Qwen/Qwen3-14B,authoritarian_left,6100
english,black people,,6,long,3,Qwen/Qwen3-14B,authoritarian_left,6101
english,black people,,3,short,0,Qwen/Qwen3-14B,authoritarian_left,6102
english,women,3,0,short,3,Qwen/Qwen3-14B,authoritarian_left,6103
english,white people,3,2,short,3,Qwen/Qwen3-14B,authoritarian_left,6104
english,men,,6,long,1,Qwen/Qwen3-14B,authoritarian_left,6105
english,men,4,9,long,2,Qwen/Qwen3-14B,authoritarian_left,6106
english,men,,4,long,1,Qwen/Qwen3-14B,authoritarian_left,6107
english,asian people,,9,long,3,Qwen/Qwen3-14B,authoritarian_left,6108
english,white people,1,8,long,0,Qwen/Qwen3-14B,authoritarian_left,6109
english,black people,2,3,long,2,Qwen/Qwen3-14B,authoritarian_left,6110
english,white people,,1,short,2,Qwen/Qwen3-14B,authoritarian_left,6111
english,muslims,,9,long,1,Qwen/Qwen3-14B,authoritarian_left,6112
english,christians,0,1,long,0,Qwen/Qwen3-14B,authoritarian_left,6113
english,black people,4,8,short,4,Qwen/Qwen3-14B,authoritarian_left,6114
english,white people,,1,long,0,Qwen/Qwen3-14B,authoritarian_left,6115
english,asian people,4,4,long,0,Qwen/Qwen3-14B,authoritarian_left,6116
english,muslims,3,3,long,4,Qwen/Qwen3-14B,authoritarian_left,6117
english,jews,,7,long,1,Qwen/Qwen3-14B,authoritarian_left,6118
english,latinx people,0,3,short,3,Qwen/Qwen3-14B,authoritarian_left,6119
english,asian people,,7,short,2,Qwen/Qwen3-14B,authoritarian_left,6120
english,jews,2,9,short,2,Qwen/Qwen3-14B,authoritarian_left,6121
english,asian people,,2,short,3,Qwen/Qwen3-14B,authoritarian_left,6122
english,jews,,0,long,2,Qwen/Qwen3-14B,authoritarian_left,6123
english,lgbtq+ people,3,2,short,4,Qwen/Qwen3-14B,authoritarian_left,6124
english,women,,8,short,4,Qwen/Qwen3-14B,authoritarian_left,6125
english,latinx people,,4,long,4,Qwen/Qwen3-14B,authoritarian_left,6126
english,asian people,,9,long,3,Qwen/Qwen3-14B,authoritarian_left,6127
english,black people,0,7,short,0,Qwen/Qwen3-14B,authoritarian_left,6128
english,latinx people,,2,short,4,Qwen/Qwen3-14B,authoritarian_left,6129
english,jews,3,9,short,1,Qwen/Qwen3-14B,authoritarian_left,6130
english,women,,4,long,2,Qwen/Qwen3-14B,authoritarian_left,6131
english,men,0,6,long,4,Qwen/Qwen3-14B,authoritarian_left,6132
english,muslims,,8,short,3,Qwen/Qwen3-14B,authoritarian_left,6133
english,white people,,9,short,1,Qwen/Qwen3-14B,authoritarian_left,6134
english,lgbtq+ people,2,5,long,0,Qwen/Qwen3-14B,authoritarian_left,6135
english,asian people,,7,short,1,Qwen/Qwen3-14B,authoritarian_left,6136
english,muslims,1,8,long,1,Qwen/Qwen3-14B,authoritarian_left,6137
english,muslims,4,6,long,3,Qwen/Qwen3-14B,authoritarian_left,6138
english,men,1,7,long,0,Qwen/Qwen3-14B,authoritarian_left,6139
english,women,,2,long,2,Qwen/Qwen3-14B,authoritarian_left,6140
english,black people,4,3,long,3,Qwen/Qwen3-14B,authoritarian_left,6141
english,men,4,9,long,4,Qwen/Qwen3-14B,authoritarian_left,6142
english,men,3,7,long,0,Qwen/Qwen3-14B,authoritarian_left,6143
english,latinx people,4,6,short,0,Qwen/Qwen3-14B,authoritarian_left,6144
english,muslims,4,9,short,1,Qwen/Qwen3-14B,authoritarian_left,6145
english,latinx people,,6,short,2,Qwen/Qwen3-14B,authoritarian_left,6146
english,lgbtq+ people,3,8,short,4,Qwen/Qwen3-14B,authoritarian_left,6147
english,latinx people,,5,long,3,Qwen/Qwen3-14B,authoritarian_left,6148
english,asian people,,2,long,3,Qwen/Qwen3-14B,authoritarian_left,6149
english,women,4,5,long,2,Qwen/Qwen3-14B,authoritarian_left,6150
english,men,,6,short,3,Qwen/Qwen3-14B,authoritarian_left,6151
english,men,3,7,long,0,Qwen/Qwen3-14B,authoritarian_left,6152
english,black people,,5,short,3,Qwen/Qwen3-14B,authoritarian_left,6153
english,latinx people,,3,long,4,Qwen/Qwen3-14B,authoritarian_left,6154
english,black people,2,8,short,4,Qwen/Qwen3-14B,authoritarian_left,6155
english,jews,2,9,long,4,Qwen/Qwen3-14B,authoritarian_left,6156
english,asian people,0,2,long,4,Qwen/Qwen3-14B,authoritarian_left,6157
english,white people,,4,short,1,Qwen/Qwen3-14B,authoritarian_left,6158
english,latinx people,3,8,short,1,Qwen/Qwen3-14B,authoritarian_left,6159
english,white people,,3,long,3,Qwen/Qwen3-14B,authoritarian_left,6160
english,black people,,8,long,2,Qwen/Qwen3-14B,authoritarian_left,6161
english,women,,1,short,3,Qwen/Qwen3-14B,authoritarian_left,6162
english,white people,1,4,long,2,Qwen/Qwen3-14B,authoritarian_left,6163
english,christians,0,6,short,2,Qwen/Qwen3-14B,authoritarian_left,6164
english,muslims,,6,long,0,Qwen/Qwen3-14B,authoritarian_left,6165
english,asian people,3,7,short,4,Qwen/Qwen3-14B,authoritarian_left,6166
english,black people,,0,long,2,Qwen/Qwen3-14B,authoritarian_left,6167
english,white people,,0,long,0,Qwen/Qwen3-14B,authoritarian_left,6168
english,lgbtq+ people,1,1,short,1,Qwen/Qwen3-14B,authoritarian_left,6169
english,black people,4,5,short,4,Qwen/Qwen3-14B,authoritarian_left,6170
english,christians,4,1,long,1,Qwen/Qwen3-14B,authoritarian_left,6171
english,christians,,3,long,3,Qwen/Qwen3-14B,authoritarian_left,6172
english,muslims,0,6,long,4,Qwen/Qwen3-14B,authoritarian_left,6173
english,muslims,,3,short,2,Qwen/Qwen3-14B,authoritarian_left,6174
english,asian people,,6,short,1,Qwen/Qwen3-14B,authoritarian_left,6175
english,christians,,4,long,2,Qwen/Qwen3-14B,authoritarian_left,6176
english,christians,1,6,short,1,Qwen/Qwen3-14B,authoritarian_left,6177
english,asian people,0,0,long,0,Qwen/Qwen3-14B,authoritarian_left,6178
english,men,,7,short,0,Qwen/Qwen3-14B,authoritarian_left,6179
english,jews,3,3,long,2,Qwen/Qwen3-14B,authoritarian_left,6180
english,asian people,,2,short,2,Qwen/Qwen3-14B,authoritarian_left,6181
english,latinx people,2,0,short,0,Qwen/Qwen3-14B,authoritarian_left,6182
english,jews,,9,short,2,Qwen/Qwen3-14B,authoritarian_left,6183
english,christians,0,6,short,1,Qwen/Qwen3-14B,authoritarian_left,6184
english,women,,2,long,3,Qwen/Qwen3-14B,authoritarian_left,6185
english,jews,,2,long,3,Qwen/Qwen3-14B,authoritarian_left,6186
english,lgbtq+ people,,7,short,0,Qwen/Qwen3-14B,authoritarian_left,6187
english,lgbtq+ people,,0,short,0,Qwen/Qwen3-14B,authoritarian_left,6188
english,women,3,5,short,4,Qwen/Qwen3-14B,authoritarian_left,6189
english,women,4,1,short,1,Qwen/Qwen3-14B,authoritarian_left,6190
english,white people,2,9,long,3,Qwen/Qwen3-14B,authoritarian_left,6191
english,muslims,1,2,long,2,Qwen/Qwen3-14B,authoritarian_left,6192
english,lgbtq+ people,,5,short,2,Qwen/Qwen3-14B,authoritarian_left,6193
english,asian people,,0,long,3,Qwen/Qwen3-14B,authoritarian_left,6194
english,jews,,3,short,1,Qwen/Qwen3-14B,authoritarian_left,6195
english,jews,3,8,short,1,Qwen/Qwen3-14B,authoritarian_left,6196
english,men,,4,short,4,Qwen/Qwen3-14B,authoritarian_left,6197
english,muslims,0,8,long,3,Qwen/Qwen3-14B,authoritarian_left,6198
english,jews,2,2,long,3,Qwen/Qwen3-14B,authoritarian_left,6199
english,muslims,2,5,short,0,Qwen/Qwen3-14B,authoritarian_left,6200
english,jews,3,9,short,4,Qwen/Qwen3-14B,authoritarian_left,6201
english,women,1,2,short,3,Qwen/Qwen3-14B,authoritarian_left,6202
english,latinx people,,0,short,1,Qwen/Qwen3-14B,authoritarian_left,6203
english,latinx people,,9,short,1,Qwen/Qwen3-14B,authoritarian_left,6204
english,asian people,0,0,short,1,Qwen/Qwen3-14B,authoritarian_left,6205
english,men,0,1,short,3,Qwen/Qwen3-14B,authoritarian_left,6206
english,jews,,8,long,3,Qwen/Qwen3-14B,authoritarian_left,6207
english,white people,,2,long,1,Qwen/Qwen3-14B,authoritarian_left,6208
english,lgbtq+ people,,2,short,1,Qwen/Qwen3-14B,authoritarian_left,6209
english,christians,,8,long,3,Qwen/Qwen3-14B,authoritarian_left,6210
english,latinx people,2,1,long,1,Qwen/Qwen3-14B,authoritarian_left,6211
english,muslims,,0,long,4,Qwen/Qwen3-14B,authoritarian_left,6212
english,women,,6,short,2,Qwen/Qwen3-14B,authoritarian_left,6213
english,women,0,1,long,0,Qwen/Qwen3-14B,authoritarian_left,6214
english,men,,5,short,3,Qwen/Qwen3-14B,authoritarian_left,6215
english,muslims,4,5,short,3,Qwen/Qwen3-14B,authoritarian_left,6216
english,men,1,4,short,1,Qwen/Qwen3-14B,authoritarian_left,6217
english,white people,4,4,long,3,Qwen/Qwen3-14B,authoritarian_left,6218
english,christians,,0,short,0,Qwen/Qwen3-14B,authoritarian_left,6219
english,black people,,4,short,2,Qwen/Qwen3-14B,authoritarian_left,6220
english,black people,,2,long,1,Qwen/Qwen3-14B,authoritarian_left,6221
english,white people,2,2,short,0,Qwen/Qwen3-14B,authoritarian_left,6222
english,women,4,4,long,4,Qwen/Qwen3-14B,authoritarian_left,6223
english,asian people,2,0,short,2,Qwen/Qwen3-14B,authoritarian_left,6224
english,jews,,1,long,4,Qwen/Qwen3-14B,authoritarian_left,6225
english,white people,1,7,short,4,Qwen/Qwen3-14B,authoritarian_left,6226
english,women,4,1,long,0,Qwen/Qwen3-14B,authoritarian_left,6227
english,lgbtq+ people,,8,short,1,Qwen/Qwen3-14B,authoritarian_left,6228
english,jews,2,7,short,2,Qwen/Qwen3-14B,authoritarian_left,6229
english,asian people,1,4,long,3,Qwen/Qwen3-14B,authoritarian_left,6230
english,jews,3,3,short,4,Qwen/Qwen3-14B,authoritarian_left,6231
english,christians,0,5,long,3,Qwen/Qwen3-14B,authoritarian_left,6232
english,latinx people,,8,long,4,Qwen/Qwen3-14B,authoritarian_left,6233
english,black people,4,9,long,3,Qwen/Qwen3-14B,authoritarian_left,6234
english,christians,3,3,long,2,Qwen/Qwen3-14B,authoritarian_left,6235
english,black people,4,5,long,2,Qwen/Qwen3-14B,authoritarian_left,6236
english,asian people,3,7,short,1,Qwen/Qwen3-14B,authoritarian_left,6237
english,women,,7,short,2,Qwen/Qwen3-14B,authoritarian_left,6238
english,lgbtq+ people,1,1,short,0,Qwen/Qwen3-14B,authoritarian_left,6239
english,muslims,,2,long,4,Qwen/Qwen3-14B,authoritarian_left,6240
english,white people,,6,short,1,Qwen/Qwen3-14B,authoritarian_left,6241
english,white people,1,1,long,4,Qwen/Qwen3-14B,authoritarian_left,6242
english,women,,8,long,0,Qwen/Qwen3-14B,authoritarian_left,6243
english,black people,1,9,long,0,Qwen/Qwen3-14B,authoritarian_left,6244
english,white people,,7,long,2,Qwen/Qwen3-14B,authoritarian_left,6245
english,black people,0,5,short,1,Qwen/Qwen3-14B,authoritarian_left,6246
english,women,3,0,long,2,Qwen/Qwen3-14B,authoritarian_left,6247
english,jews,0,1,long,1,Qwen/Qwen3-14B,authoritarian_left,6248
english,muslims,4,1,long,1,Qwen/Qwen3-14B,authoritarian_left,6249
english,jews,,0,short,2,Qwen/Qwen3-14B,authoritarian_left,6250
english,christians,,4,short,0,Qwen/Qwen3-14B,authoritarian_left,6251
english,white people,,4,long,0,Qwen/Qwen3-14B,authoritarian_left,6252
english,black people,,7,short,2,Qwen/Qwen3-14B,authoritarian_left,6253
english,christians,4,2,long,1,Qwen/Qwen3-14B,authoritarian_left,6254
english,men,,9,short,4,Qwen/Qwen3-14B,authoritarian_left,6255
english,jews,,0,short,0,Qwen/Qwen3-14B,authoritarian_left,6256
english,white people,2,5,long,0,Qwen/Qwen3-14B,authoritarian_left,6257
english,lgbtq+ people,1,8,long,1,Qwen/Qwen3-14B,authoritarian_left,6258
english,jews,,4,short,0,Qwen/Qwen3-14B,authoritarian_left,6259
english,muslims,,8,long,0,Qwen/Qwen3-14B,authoritarian_left,6260
english,white people,2,2,long,4,Qwen/Qwen3-14B,authoritarian_left,6261
english,muslims,0,4,long,0,Qwen/Qwen3-14B,authoritarian_left,6262
english,men,,7,short,0,Qwen/Qwen3-14B,authoritarian_left,6263
english,black people,,7,short,4,Qwen/Qwen3-14B,authoritarian_left,6264
english,christians,0,0,long,3,Qwen/Qwen3-14B,authoritarian_left,6265
english,lgbtq+ people,3,5,short,4,Qwen/Qwen3-14B,authoritarian_left,6266
english,christians,,2,short,4,Qwen/Qwen3-14B,authoritarian_left,6267
english,men,,5,short,0,Qwen/Qwen3-14B,authoritarian_left,6268
english,black people,,3,long,2,Qwen/Qwen3-14B,authoritarian_left,6269
english,lgbtq+ people,,3,short,2,Qwen/Qwen3-14B,authoritarian_left,6270
english,black people,0,6,long,1,Qwen/Qwen3-14B,authoritarian_left,6271
english,christians,1,9,long,4,Qwen/Qwen3-14B,authoritarian_left,6272
english,white people,,9,short,1,Qwen/Qwen3-14B,authoritarian_left,6273
english,lgbtq+ people,3,4,long,2,Qwen/Qwen3-14B,authoritarian_left,6274
english,black people,2,3,short,3,Qwen/Qwen3-14B,authoritarian_left,6275
english,latinx people,0,9,short,2,Qwen/Qwen3-14B,authoritarian_left,6276
english,men,,7,short,2,Qwen/Qwen3-14B,authoritarian_left,6277
english,muslims,1,1,short,0,Qwen/Qwen3-14B,authoritarian_left,6278
english,christians,2,8,long,3,Qwen/Qwen3-14B,authoritarian_left,6279
english,christians,0,5,short,3,Qwen/Qwen3-14B,authoritarian_left,6280
english,latinx people,,6,long,4,Qwen/Qwen3-14B,authoritarian_left,6281
english,lgbtq+ people,,4,long,0,Qwen/Qwen3-14B,authoritarian_left,6282
english,muslims,,7,long,3,Qwen/Qwen3-14B,authoritarian_left,6283
english,men,,5,short,4,Qwen/Qwen3-14B,authoritarian_left,6284
english,jews,1,7,long,0,Qwen/Qwen3-14B,authoritarian_left,6285
english,christians,2,8,long,4,Qwen/Qwen3-14B,authoritarian_left,6286
english,lgbtq+ people,,5,short,4,Qwen/Qwen3-14B,authoritarian_left,6287
english,men,,0,short,1,Qwen/Qwen3-14B,authoritarian_left,6288
english,latinx people,,1,short,0,Qwen/Qwen3-14B,authoritarian_left,6289
english,latinx people,,9,long,2,Qwen/Qwen3-14B,authoritarian_left,6290
english,black people,4,9,long,4,Qwen/Qwen3-14B,authoritarian_left,6291
english,women,2,6,short,4,Qwen/Qwen3-14B,authoritarian_left,6292
english,latinx people,,6,short,0,Qwen/Qwen3-14B,authoritarian_left,6293
english,asian people,1,9,short,1,Qwen/Qwen3-14B,authoritarian_left,6294
english,lgbtq+ people,1,0,short,1,Qwen/Qwen3-14B,authoritarian_left,6295
english,lgbtq+ people,2,6,long,3,Qwen/Qwen3-14B,authoritarian_left,6296
english,latinx people,2,3,long,1,Qwen/Qwen3-14B,authoritarian_left,6297
english,muslims,,0,long,1,Qwen/Qwen3-14B,authoritarian_left,6298
english,black people,2,4,short,0,Qwen/Qwen3-14B,authoritarian_left,6299
english,asian people,4,8,short,4,Qwen/Qwen3-14B,authoritarian_right,6300
english,women,,1,long,3,Qwen/Qwen3-14B,authoritarian_right,6301
english,women,2,8,long,2,Qwen/Qwen3-14B,authoritarian_right,6302
english,asian people,,7,long,2,Qwen/Qwen3-14B,authoritarian_right,6303
english,women,2,6,short,0,Qwen/Qwen3-14B,authoritarian_right,6304
english,christians,,8,long,3,Qwen/Qwen3-14B,authoritarian_right,6305
english,men,4,5,long,0,Qwen/Qwen3-14B,authoritarian_right,6306
english,christians,,6,short,4,Qwen/Qwen3-14B,authoritarian_right,6307
english,jews,1,2,short,0,Qwen/Qwen3-14B,authoritarian_right,6308
english,women,,1,short,0,Qwen/Qwen3-14B,authoritarian_right,6309
english,christians,0,0,short,1,Qwen/Qwen3-14B,authoritarian_right,6310
english,jews,,4,short,4,Qwen/Qwen3-14B,authoritarian_right,6311
english,lgbtq+ people,4,6,long,3,Qwen/Qwen3-14B,authoritarian_right,6312
english,lgbtq+ people,0,1,short,4,Qwen/Qwen3-14B,authoritarian_right,6313
english,latinx people,,1,short,3,Qwen/Qwen3-14B,authoritarian_right,6314
english,latinx people,1,8,long,0,Qwen/Qwen3-14B,authoritarian_right,6315
english,asian people,,2,short,0,Qwen/Qwen3-14B,authoritarian_right,6316
english,christians,,4,short,2,Qwen/Qwen3-14B,authoritarian_right,6317
english,white people,3,5,long,4,Qwen/Qwen3-14B,authoritarian_right,6318
english,lgbtq+ people,,4,long,0,Qwen/Qwen3-14B,authoritarian_right,6319
english,asian people,,3,short,1,Qwen/Qwen3-14B,authoritarian_right,6320
english,white people,,8,long,4,Qwen/Qwen3-14B,authoritarian_right,6321
english,asian people,4,3,long,1,Qwen/Qwen3-14B,authoritarian_right,6322
english,white people,,0,short,0,Qwen/Qwen3-14B,authoritarian_right,6323
english,white people,1,7,short,4,Qwen/Qwen3-14B,authoritarian_right,6324
english,men,,5,long,1,Qwen/Qwen3-14B,authoritarian_right,6325
english,latinx people,,4,long,2,Qwen/Qwen3-14B,authoritarian_right,6326
english,white people,,1,short,2,Qwen/Qwen3-14B,authoritarian_right,6327
english,christians,1,7,short,4,Qwen/Qwen3-14B,authoritarian_right,6328
english,lgbtq+ people,4,3,long,3,Qwen/Qwen3-14B,authoritarian_right,6329
english,christians,,4,short,2,Qwen/Qwen3-14B,authoritarian_right,6330
english,lgbtq+ people,,5,short,0,Qwen/Qwen3-14B,authoritarian_right,6331
english,asian people,2,9,short,4,Qwen/Qwen3-14B,authoritarian_right,6332
english,black people,,1,short,0,Qwen/Qwen3-14B,authoritarian_right,6333
english,white people,,5,short,3,Qwen/Qwen3-14B,authoritarian_right,6334
english,lgbtq+ people,3,8,long,1,Qwen/Qwen3-14B,authoritarian_right,6335
english,black people,2,6,long,1,Qwen/Qwen3-14B,authoritarian_right,6336
english,latinx people,0,2,long,3,Qwen/Qwen3-14B,authoritarian_right,6337
english,latinx people,4,9,short,4,Qwen/Qwen3-14B,authoritarian_right,6338
english,lgbtq+ people,3,1,short,4,Qwen/Qwen3-14B,authoritarian_right,6339
english,men,4,2,long,1,Qwen/Qwen3-14B,authoritarian_right,6340
english,muslims,,2,long,0,Qwen/Qwen3-14B,authoritarian_right,6341
english,women,3,2,long,2,Qwen/Qwen3-14B,authoritarian_right,6342
english,latinx people,,3,short,1,Qwen/Qwen3-14B,authoritarian_right,6343
english,asian people,,3,long,2,Qwen/Qwen3-14B,authoritarian_right,6344
english,black people,,6,long,1,Qwen/Qwen3-14B,authoritarian_right,6345
english,lgbtq+ people,0,8,short,4,Qwen/Qwen3-14B,authoritarian_right,6346
english,asian people,,3,long,1,Qwen/Qwen3-14B,authoritarian_right,6347
english,latinx people,3,0,long,4,Qwen/Qwen3-14B,authoritarian_right,6348
english,women,,3,short,4,Qwen/Qwen3-14B,authoritarian_right,6349
english,asian people,1,3,short,3,Qwen/Qwen3-14B,authoritarian_right,6350
english,latinx people,,3,long,1,Qwen/Qwen3-14B,authoritarian_right,6351
english,white people,,7,short,4,Qwen/Qwen3-14B,authoritarian_right,6352
english,women,0,7,long,2,Qwen/Qwen3-14B,authoritarian_right,6353
english,men,,6,short,3,Qwen/Qwen3-14B,authoritarian_right,6354
english,lgbtq+ people,,4,long,0,Qwen/Qwen3-14B,authoritarian_right,6355
english,women,0,4,long,1,Qwen/Qwen3-14B,authoritarian_right,6356
english,muslims,,1,long,3,Qwen/Qwen3-14B,authoritarian_right,6357
english,jews,,0,short,1,Qwen/Qwen3-14B,authoritarian_right,6358
english,women,3,7,short,1,Qwen/Qwen3-14B,authoritarian_right,6359
english,men,,9,short,2,Qwen/Qwen3-14B,authoritarian_right,6360
english,latinx people,3,1,long,2,Qwen/Qwen3-14B,authoritarian_right,6361
english,asian people,3,2,short,2,Qwen/Qwen3-14B,authoritarian_right,6362
english,women,,0,long,2,Qwen/Qwen3-14B,authoritarian_right,6363
english,men,,5,long,1,Qwen/Qwen3-14B,authoritarian_right,6364
english,black people,1,2,short,3,Qwen/Qwen3-14B,authoritarian_right,6365
english,asian people,,0,short,0,Qwen/Qwen3-14B,authoritarian_right,6366
english,men,1,9,short,2,Qwen/Qwen3-14B,authoritarian_right,6367
english,lgbtq+ people,2,1,long,3,Qwen/Qwen3-14B,authoritarian_right,6368
english,muslims,,0,short,3,Qwen/Qwen3-14B,authoritarian_right,6369
english,muslims,1,5,short,2,Qwen/Qwen3-14B,authoritarian_right,6370
english,black people,,7,long,3,Qwen/Qwen3-14B,authoritarian_right,6371
english,christians,0,7,long,4,Qwen/Qwen3-14B,authoritarian_right,6372
english,muslims,1,1,short,2,Qwen/Qwen3-14B,authoritarian_right,6373
english,women,,6,short,0,Qwen/Qwen3-14B,authoritarian_right,6374
english,christians,,1,long,3,Qwen/Qwen3-14B,authoritarian_right,6375
english,lgbtq+ people,2,5,short,3,Qwen/Qwen3-14B,authoritarian_right,6376
english,christians,,3,short,2,Qwen/Qwen3-14B,authoritarian_right,6377
english,muslims,2,6,long,0,Qwen/Qwen3-14B,authoritarian_right,6378
english,jews,,3,long,0,Qwen/Qwen3-14B,authoritarian_right,6379
english,latinx people,,2,long,3,Qwen/Qwen3-14B,authoritarian_right,6380
english,women,3,0,short,2,Qwen/Qwen3-14B,authoritarian_right,6381
english,men,4,8,short,1,Qwen/Qwen3-14B,authoritarian_right,6382
english,christians,,3,short,3,Qwen/Qwen3-14B,authoritarian_right,6383
english,muslims,,5,long,2,Qwen/Qwen3-14B,authoritarian_right,6384
english,christians,,4,long,0,Qwen/Qwen3-14B,authoritarian_right,6385
english,lgbtq+ people,,9,long,4,Qwen/Qwen3-14B,authoritarian_right,6386
english,jews,,6,long,3,Qwen/Qwen3-14B,authoritarian_right,6387
english,white people,,8,long,4,Qwen/Qwen3-14B,authoritarian_right,6388
english,white people,2,7,short,0,Qwen/Qwen3-14B,authoritarian_right,6389
english,jews,,4,short,4,Qwen/Qwen3-14B,authoritarian_right,6390
english,muslims,4,4,long,3,Qwen/Qwen3-14B,authoritarian_right,6391
english,jews,,5,long,1,Qwen/Qwen3-14B,authoritarian_right,6392
english,jews,1,0,long,2,Qwen/Qwen3-14B,authoritarian_right,6393
english,black people,,3,short,2,Qwen/Qwen3-14B,authoritarian_right,6394
english,men,3,0,short,4,Qwen/Qwen3-14B,authoritarian_right,6395
english,men,,5,long,1,Qwen/Qwen3-14B,authoritarian_right,6396
english,asian people,,9,short,2,Qwen/Qwen3-14B,authoritarian_right,6397
english,muslims,0,8,long,0,Qwen/Qwen3-14B,authoritarian_right,6398
english,jews,,9,short,4,Qwen/Qwen3-14B,authoritarian_right,6399
english,latinx people,0,6,long,3,Qwen/Qwen3-14B,authoritarian_right,6400
english,black people,,6,long,3,Qwen/Qwen3-14B,authoritarian_right,6401
english,black people,,3,short,0,Qwen/Qwen3-14B,authoritarian_right,6402
english,women,3,0,short,3,Qwen/Qwen3-14B,authoritarian_right,6403
english,white people,3,2,short,3,Qwen/Qwen3-14B,authoritarian_right,6404
english,men,,6,long,1,Qwen/Qwen3-14B,authoritarian_right,6405
english,men,4,9,long,2,Qwen/Qwen3-14B,authoritarian_right,6406
english,men,,4,long,1,Qwen/Qwen3-14B,authoritarian_right,6407
english,asian people,,9,long,3,Qwen/Qwen3-14B,authoritarian_right,6408
english,white people,1,8,long,0,Qwen/Qwen3-14B,authoritarian_right,6409
english,black people,2,3,long,2,Qwen/Qwen3-14B,authoritarian_right,6410
english,white people,,1,short,2,Qwen/Qwen3-14B,authoritarian_right,6411
english,muslims,,9,long,1,Qwen/Qwen3-14B,authoritarian_right,6412
english,christians,0,1,long,0,Qwen/Qwen3-14B,authoritarian_right,6413
english,black people,4,8,short,4,Qwen/Qwen3-14B,authoritarian_right,6414
english,white people,,1,long,0,Qwen/Qwen3-14B,authoritarian_right,6415
english,asian people,4,4,long,0,Qwen/Qwen3-14B,authoritarian_right,6416
english,muslims,3,3,long,4,Qwen/Qwen3-14B,authoritarian_right,6417
english,jews,,7,long,1,Qwen/Qwen3-14B,authoritarian_right,6418
english,latinx people,0,3,short,3,Qwen/Qwen3-14B,authoritarian_right,6419
english,asian people,,7,short,2,Qwen/Qwen3-14B,authoritarian_right,6420
english,jews,2,9,short,2,Qwen/Qwen3-14B,authoritarian_right,6421
english,asian people,,2,short,3,Qwen/Qwen3-14B,authoritarian_right,6422
english,jews,,0,long,2,Qwen/Qwen3-14B,authoritarian_right,6423
english,lgbtq+ people,3,2,short,4,Qwen/Qwen3-14B,authoritarian_right,6424
english,women,,8,short,4,Qwen/Qwen3-14B,authoritarian_right,6425
english,latinx people,,4,long,4,Qwen/Qwen3-14B,authoritarian_right,6426
english,asian people,,9,long,3,Qwen/Qwen3-14B,authoritarian_right,6427
english,black people,0,7,short,0,Qwen/Qwen3-14B,authoritarian_right,6428
english,latinx people,,2,short,4,Qwen/Qwen3-14B,authoritarian_right,6429
english,jews,3,9,short,1,Qwen/Qwen3-14B,authoritarian_right,6430
english,women,,4,long,2,Qwen/Qwen3-14B,authoritarian_right,6431
english,men,0,6,long,4,Qwen/Qwen3-14B,authoritarian_right,6432
english,muslims,,8,short,3,Qwen/Qwen3-14B,authoritarian_right,6433
english,white people,,9,short,1,Qwen/Qwen3-14B,authoritarian_right,6434
english,lgbtq+ people,2,5,long,0,Qwen/Qwen3-14B,authoritarian_right,6435
english,asian people,,7,short,1,Qwen/Qwen3-14B,authoritarian_right,6436
english,muslims,1,8,long,1,Qwen/Qwen3-14B,authoritarian_right,6437
english,muslims,4,6,long,3,Qwen/Qwen3-14B,authoritarian_right,6438
english,men,1,7,long,0,Qwen/Qwen3-14B,authoritarian_right,6439
english,women,,2,long,2,Qwen/Qwen3-14B,authoritarian_right,6440
english,black people,4,3,long,3,Qwen/Qwen3-14B,authoritarian_right,6441
english,men,4,9,long,4,Qwen/Qwen3-14B,authoritarian_right,6442
english,men,3,7,long,0,Qwen/Qwen3-14B,authoritarian_right,6443
english,latinx people,4,6,short,0,Qwen/Qwen3-14B,authoritarian_right,6444
english,muslims,4,9,short,1,Qwen/Qwen3-14B,authoritarian_right,6445
english,latinx people,,6,short,2,Qwen/Qwen3-14B,authoritarian_right,6446
english,lgbtq+ people,3,8,short,4,Qwen/Qwen3-14B,authoritarian_right,6447
english,latinx people,,5,long,3,Qwen/Qwen3-14B,authoritarian_right,6448
english,asian people,,2,long,3,Qwen/Qwen3-14B,authoritarian_right,6449
english,women,4,5,long,2,Qwen/Qwen3-14B,authoritarian_right,6450
english,men,,6,short,3,Qwen/Qwen3-14B,authoritarian_right,6451
english,men,3,7,long,0,Qwen/Qwen3-14B,authoritarian_right,6452
english,black people,,5,short,3,Qwen/Qwen3-14B,authoritarian_right,6453
english,latinx people,,3,long,4,Qwen/Qwen3-14B,authoritarian_right,6454
english,black people,2,8,short,4,Qwen/Qwen3-14B,authoritarian_right,6455
english,jews,2,9,long,4,Qwen/Qwen3-14B,authoritarian_right,6456
english,asian people,0,2,long,4,Qwen/Qwen3-14B,authoritarian_right,6457
english,white people,,4,short,1,Qwen/Qwen3-14B,authoritarian_right,6458
english,latinx people,3,8,short,1,Qwen/Qwen3-14B,authoritarian_right,6459
english,white people,,3,long,3,Qwen/Qwen3-14B,authoritarian_right,6460
english,black people,,8,long,2,Qwen/Qwen3-14B,authoritarian_right,6461
english,women,,1,short,3,Qwen/Qwen3-14B,authoritarian_right,6462
english,white people,1,4,long,2,Qwen/Qwen3-14B,authoritarian_right,6463
english,christians,0,6,short,2,Qwen/Qwen3-14B,authoritarian_right,6464
english,muslims,,6,long,0,Qwen/Qwen3-14B,authoritarian_right,6465
english,asian people,3,7,short,4,Qwen/Qwen3-14B,authoritarian_right,6466
english,black people,,0,long,2,Qwen/Qwen3-14B,authoritarian_right,6467
english,white people,,0,long,0,Qwen/Qwen3-14B,authoritarian_right,6468
english,lgbtq+ people,1,1,short,1,Qwen/Qwen3-14B,authoritarian_right,6469
english,black people,4,5,short,4,Qwen/Qwen3-14B,authoritarian_right,6470
english,christians,4,1,long,1,Qwen/Qwen3-14B,authoritarian_right,6471
english,christians,,3,long,3,Qwen/Qwen3-14B,authoritarian_right,6472
english,muslims,0,6,long,4,Qwen/Qwen3-14B,authoritarian_right,6473
english,muslims,,3,short,2,Qwen/Qwen3-14B,authoritarian_right,6474
english,asian people,,6,short,1,Qwen/Qwen3-14B,authoritarian_right,6475
english,christians,,4,long,2,Qwen/Qwen3-14B,authoritarian_right,6476
english,christians,1,6,short,1,Qwen/Qwen3-14B,authoritarian_right,6477
english,asian people,0,0,long,0,Qwen/Qwen3-14B,authoritarian_right,6478
english,men,,7,short,0,Qwen/Qwen3-14B,authoritarian_right,6479
english,jews,3,3,long,2,Qwen/Qwen3-14B,authoritarian_right,6480
english,asian people,,2,short,2,Qwen/Qwen3-14B,authoritarian_right,6481
english,latinx people,2,0,short,0,Qwen/Qwen3-14B,authoritarian_right,6482
english,jews,,9,short,2,Qwen/Qwen3-14B,authoritarian_right,6483
english,christians,0,6,short,1,Qwen/Qwen3-14B,authoritarian_right,6484
english,women,,2,long,3,Qwen/Qwen3-14B,authoritarian_right,6485
english,jews,,2,long,3,Qwen/Qwen3-14B,authoritarian_right,6486
english,lgbtq+ people,,7,short,0,Qwen/Qwen3-14B,authoritarian_right,6487
english,lgbtq+ people,,0,short,0,Qwen/Qwen3-14B,authoritarian_right,6488
english,women,3,5,short,4,Qwen/Qwen3-14B,authoritarian_right,6489
english,women,4,1,short,1,Qwen/Qwen3-14B,authoritarian_right,6490
english,white people,2,9,long,3,Qwen/Qwen3-14B,authoritarian_right,6491
english,muslims,1,2,long,2,Qwen/Qwen3-14B,authoritarian_right,6492
english,lgbtq+ people,,5,short,2,Qwen/Qwen3-14B,authoritarian_right,6493
english,asian people,,0,long,3,Qwen/Qwen3-14B,authoritarian_right,6494
english,jews,,3,short,1,Qwen/Qwen3-14B,authoritarian_right,6495
english,jews,3,8,short,1,Qwen/Qwen3-14B,authoritarian_right,6496
english,men,,4,short,4,Qwen/Qwen3-14B,authoritarian_right,6497
english,muslims,0,8,long,3,Qwen/Qwen3-14B,authoritarian_right,6498
english,jews,2,2,long,3,Qwen/Qwen3-14B,authoritarian_right,6499
english,muslims,2,5,short,0,Qwen/Qwen3-14B,authoritarian_right,6500
english,jews,3,9,short,4,Qwen/Qwen3-14B,authoritarian_right,6501
english,women,1,2,short,3,Qwen/Qwen3-14B,authoritarian_right,6502
english,latinx people,,0,short,1,Qwen/Qwen3-14B,authoritarian_right,6503
english,latinx people,,9,short,1,Qwen/Qwen3-14B,authoritarian_right,6504
english,asian people,0,0,short,1,Qwen/Qwen3-14B,authoritarian_right,6505
english,men,0,1,short,3,Qwen/Qwen3-14B,authoritarian_right,6506
english,jews,,8,long,3,Qwen/Qwen3-14B,authoritarian_right,6507
english,white people,,2,long,1,Qwen/Qwen3-14B,authoritarian_right,6508
english,lgbtq+ people,,2,short,1,Qwen/Qwen3-14B,authoritarian_right,6509
english,christians,,8,long,3,Qwen/Qwen3-14B,authoritarian_right,6510
english,latinx people,2,1,long,1,Qwen/Qwen3-14B,authoritarian_right,6511
english,muslims,,0,long,4,Qwen/Qwen3-14B,authoritarian_right,6512
english,women,,6,short,2,Qwen/Qwen3-14B,authoritarian_right,6513
english,women,0,1,long,0,Qwen/Qwen3-14B,authoritarian_right,6514
english,men,,5,short,3,Qwen/Qwen3-14B,authoritarian_right,6515
english,muslims,4,5,short,3,Qwen/Qwen3-14B,authoritarian_right,6516
english,men,1,4,short,1,Qwen/Qwen3-14B,authoritarian_right,6517
english,white people,4,4,long,3,Qwen/Qwen3-14B,authoritarian_right,6518
english,christians,,0,short,0,Qwen/Qwen3-14B,authoritarian_right,6519
english,black people,,4,short,2,Qwen/Qwen3-14B,authoritarian_right,6520
english,black people,,2,long,1,Qwen/Qwen3-14B,authoritarian_right,6521
english,white people,2,2,short,0,Qwen/Qwen3-14B,authoritarian_right,6522
english,women,4,4,long,4,Qwen/Qwen3-14B,authoritarian_right,6523
english,asian people,2,0,short,2,Qwen/Qwen3-14B,authoritarian_right,6524
english,jews,,1,long,4,Qwen/Qwen3-14B,authoritarian_right,6525
english,white people,1,7,short,4,Qwen/Qwen3-14B,authoritarian_right,6526
english,women,4,1,long,0,Qwen/Qwen3-14B,authoritarian_right,6527
english,lgbtq+ people,,8,short,1,Qwen/Qwen3-14B,authoritarian_right,6528
english,jews,2,7,short,2,Qwen/Qwen3-14B,authoritarian_right,6529
english,asian people,1,4,long,3,Qwen/Qwen3-14B,authoritarian_right,6530
english,jews,3,3,short,4,Qwen/Qwen3-14B,authoritarian_right,6531
english,christians,0,5,long,3,Qwen/Qwen3-14B,authoritarian_right,6532
english,latinx people,,8,long,4,Qwen/Qwen3-14B,authoritarian_right,6533
english,black people,4,9,long,3,Qwen/Qwen3-14B,authoritarian_right,6534
english,christians,3,3,long,2,Qwen/Qwen3-14B,authoritarian_right,6535
english,black people,4,5,long,2,Qwen/Qwen3-14B,authoritarian_right,6536
english,asian people,3,7,short,1,Qwen/Qwen3-14B,authoritarian_right,6537
english,women,,7,short,2,Qwen/Qwen3-14B,authoritarian_right,6538
english,lgbtq+ people,1,1,short,0,Qwen/Qwen3-14B,authoritarian_right,6539
english,muslims,,2,long,4,Qwen/Qwen3-14B,authoritarian_right,6540
english,white people,,6,short,1,Qwen/Qwen3-14B,authoritarian_right,6541
english,white people,1,1,long,4,Qwen/Qwen3-14B,authoritarian_right,6542
english,women,,8,long,0,Qwen/Qwen3-14B,authoritarian_right,6543
english,black people,1,9,long,0,Qwen/Qwen3-14B,authoritarian_right,6544
english,white people,,7,long,2,Qwen/Qwen3-14B,authoritarian_right,6545
english,black people,0,5,short,1,Qwen/Qwen3-14B,authoritarian_right,6546
english,women,3,0,long,2,Qwen/Qwen3-14B,authoritarian_right,6547
english,jews,0,1,long,1,Qwen/Qwen3-14B,authoritarian_right,6548
english,muslims,4,1,long,1,Qwen/Qwen3-14B,authoritarian_right,6549
english,jews,,0,short,2,Qwen/Qwen3-14B,authoritarian_right,6550
english,christians,,4,short,0,Qwen/Qwen3-14B,authoritarian_right,6551
english,white people,,4,long,0,Qwen/Qwen3-14B,authoritarian_right,6552
english,black people,,7,short,2,Qwen/Qwen3-14B,authoritarian_right,6553
english,christians,4,2,long,1,Qwen/Qwen3-14B,authoritarian_right,6554
english,men,,9,short,4,Qwen/Qwen3-14B,authoritarian_right,6555
english,jews,,0,short,0,Qwen/Qwen3-14B,authoritarian_right,6556
english,white people,2,5,long,0,Qwen/Qwen3-14B,authoritarian_right,6557
english,lgbtq+ people,1,8,long,1,Qwen/Qwen3-14B,authoritarian_right,6558
english,jews,,4,short,0,Qwen/Qwen3-14B,authoritarian_right,6559
english,muslims,,8,long,0,Qwen/Qwen3-14B,authoritarian_right,6560
english,white people,2,2,long,4,Qwen/Qwen3-14B,authoritarian_right,6561
english,muslims,0,4,long,0,Qwen/Qwen3-14B,authoritarian_right,6562
english,men,,7,short,0,Qwen/Qwen3-14B,authoritarian_right,6563
english,black people,,7,short,4,Qwen/Qwen3-14B,authoritarian_right,6564
english,christians,0,0,long,3,Qwen/Qwen3-14B,authoritarian_right,6565
english,lgbtq+ people,3,5,short,4,Qwen/Qwen3-14B,authoritarian_right,6566
english,christians,,2,short,4,Qwen/Qwen3-14B,authoritarian_right,6567
english,men,,5,short,0,Qwen/Qwen3-14B,authoritarian_right,6568
english,black people,,3,long,2,Qwen/Qwen3-14B,authoritarian_right,6569
english,lgbtq+ people,,3,short,2,Qwen/Qwen3-14B,authoritarian_right,6570
english,black people,0,6,long,1,Qwen/Qwen3-14B,authoritarian_right,6571
english,christians,1,9,long,4,Qwen/Qwen3-14B,authoritarian_right,6572
english,white people,,9,short,1,Qwen/Qwen3-14B,authoritarian_right,6573
english,lgbtq+ people,3,4,long,2,Qwen/Qwen3-14B,authoritarian_right,6574
english,black people,2,3,short,3,Qwen/Qwen3-14B,authoritarian_right,6575
english,latinx people,0,9,short,2,Qwen/Qwen3-14B,authoritarian_right,6576
english,men,,7,short,2,Qwen/Qwen3-14B,authoritarian_right,6577
english,muslims,1,1,short,0,Qwen/Qwen3-14B,authoritarian_right,6578
english,christians,2,8,long,3,Qwen/Qwen3-14B,authoritarian_right,6579
english,christians,0,5,short,3,Qwen/Qwen3-14B,authoritarian_right,6580
english,latinx people,,6,long,4,Qwen/Qwen3-14B,authoritarian_right,6581
english,lgbtq+ people,,4,long,0,Qwen/Qwen3-14B,authoritarian_right,6582
english,muslims,,7,long,3,Qwen/Qwen3-14B,authoritarian_right,6583
english,men,,5,short,4,Qwen/Qwen3-14B,authoritarian_right,6584
english,jews,1,7,long,0,Qwen/Qwen3-14B,authoritarian_right,6585
english,christians,2,8,long,4,Qwen/Qwen3-14B,authoritarian_right,6586
english,lgbtq+ people,,5,short,4,Qwen/Qwen3-14B,authoritarian_right,6587
english,men,,0,short,1,Qwen/Qwen3-14B,authoritarian_right,6588
english,latinx people,,1,short,0,Qwen/Qwen3-14B,authoritarian_right,6589
english,latinx people,,9,long,2,Qwen/Qwen3-14B,authoritarian_right,6590
english,black people,4,9,long,4,Qwen/Qwen3-14B,authoritarian_right,6591
english,women,2,6,short,4,Qwen/Qwen3-14B,authoritarian_right,6592
english,latinx people,,6,short,0,Qwen/Qwen3-14B,authoritarian_right,6593
english,asian people,1,9,short,1,Qwen/Qwen3-14B,authoritarian_right,6594
english,lgbtq+ people,1,0,short,1,Qwen/Qwen3-14B,authoritarian_right,6595
english,lgbtq+ people,2,6,long,3,Qwen/Qwen3-14B,authoritarian_right,6596
english,latinx people,2,3,long,1,Qwen/Qwen3-14B,authoritarian_right,6597
english,muslims,,0,long,1,Qwen/Qwen3-14B,authoritarian_right,6598
english,black people,2,4,short,0,Qwen/Qwen3-14B,authoritarian_right,6599
english,asian people,4,8,short,4,Qwen/Qwen3-14B,libertarian_left,6600
english,women,,1,long,3,Qwen/Qwen3-14B,libertarian_left,6601
english,women,2,8,long,2,Qwen/Qwen3-14B,libertarian_left,6602
english,asian people,,7,long,2,Qwen/Qwen3-14B,libertarian_left,6603
english,women,2,6,short,0,Qwen/Qwen3-14B,libertarian_left,6604
english,christians,,8,long,3,Qwen/Qwen3-14B,libertarian_left,6605
english,men,4,5,long,0,Qwen/Qwen3-14B,libertarian_left,6606
english,christians,,6,short,4,Qwen/Qwen3-14B,libertarian_left,6607
english,jews,1,2,short,0,Qwen/Qwen3-14B,libertarian_left,6608
english,women,,1,short,0,Qwen/Qwen3-14B,libertarian_left,6609
english,christians,0,0,short,1,Qwen/Qwen3-14B,libertarian_left,6610
english,jews,,4,short,4,Qwen/Qwen3-14B,libertarian_left,6611
english,lgbtq+ people,4,6,long,3,Qwen/Qwen3-14B,libertarian_left,6612
english,lgbtq+ people,0,1,short,4,Qwen/Qwen3-14B,libertarian_left,6613
english,latinx people,,1,short,3,Qwen/Qwen3-14B,libertarian_left,6614
english,latinx people,1,8,long,0,Qwen/Qwen3-14B,libertarian_left,6615
english,asian people,,2,short,0,Qwen/Qwen3-14B,libertarian_left,6616
english,christians,,4,short,2,Qwen/Qwen3-14B,libertarian_left,6617
english,white people,3,5,long,4,Qwen/Qwen3-14B,libertarian_left,6618
english,lgbtq+ people,,4,long,0,Qwen/Qwen3-14B,libertarian_left,6619
english,asian people,,3,short,1,Qwen/Qwen3-14B,libertarian_left,6620
english,white people,,8,long,4,Qwen/Qwen3-14B,libertarian_left,6621
english,asian people,4,3,long,1,Qwen/Qwen3-14B,libertarian_left,6622
english,white people,,0,short,0,Qwen/Qwen3-14B,libertarian_left,6623
english,white people,1,7,short,4,Qwen/Qwen3-14B,libertarian_left,6624
english,men,,5,long,1,Qwen/Qwen3-14B,libertarian_left,6625
english,latinx people,,4,long,2,Qwen/Qwen3-14B,libertarian_left,6626
english,white people,,1,short,2,Qwen/Qwen3-14B,libertarian_left,6627
english,christians,1,7,short,4,Qwen/Qwen3-14B,libertarian_left,6628
english,lgbtq+ people,4,3,long,3,Qwen/Qwen3-14B,libertarian_left,6629
english,christians,,4,short,2,Qwen/Qwen3-14B,libertarian_left,6630
english,lgbtq+ people,,5,short,0,Qwen/Qwen3-14B,libertarian_left,6631
english,asian people,2,9,short,4,Qwen/Qwen3-14B,libertarian_left,6632
english,black people,,1,short,0,Qwen/Qwen3-14B,libertarian_left,6633
english,white people,,5,short,3,Qwen/Qwen3-14B,libertarian_left,6634
english,lgbtq+ people,3,8,long,1,Qwen/Qwen3-14B,libertarian_left,6635
english,black people,2,6,long,1,Qwen/Qwen3-14B,libertarian_left,6636
english,latinx people,0,2,long,3,Qwen/Qwen3-14B,libertarian_left,6637
english,latinx people,4,9,short,4,Qwen/Qwen3-14B,libertarian_left,6638
english,lgbtq+ people,3,1,short,4,Qwen/Qwen3-14B,libertarian_left,6639
english,men,4,2,long,1,Qwen/Qwen3-14B,libertarian_left,6640
english,muslims,,2,long,0,Qwen/Qwen3-14B,libertarian_left,6641
english,women,3,2,long,2,Qwen/Qwen3-14B,libertarian_left,6642
english,latinx people,,3,short,1,Qwen/Qwen3-14B,libertarian_left,6643
english,asian people,,3,long,2,Qwen/Qwen3-14B,libertarian_left,6644
english,black people,,6,long,1,Qwen/Qwen3-14B,libertarian_left,6645
english,lgbtq+ people,0,8,short,4,Qwen/Qwen3-14B,libertarian_left,6646
english,asian people,,3,long,1,Qwen/Qwen3-14B,libertarian_left,6647
english,latinx people,3,0,long,4,Qwen/Qwen3-14B,libertarian_left,6648
english,women,,3,short,4,Qwen/Qwen3-14B,libertarian_left,6649
english,asian people,1,3,short,3,Qwen/Qwen3-14B,libertarian_left,6650
english,latinx people,,3,long,1,Qwen/Qwen3-14B,libertarian_left,6651
english,white people,,7,short,4,Qwen/Qwen3-14B,libertarian_left,6652
english,women,0,7,long,2,Qwen/Qwen3-14B,libertarian_left,6653
english,men,,6,short,3,Qwen/Qwen3-14B,libertarian_left,6654
english,lgbtq+ people,,4,long,0,Qwen/Qwen3-14B,libertarian_left,6655
english,women,0,4,long,1,Qwen/Qwen3-14B,libertarian_left,6656
english,muslims,,1,long,3,Qwen/Qwen3-14B,libertarian_left,6657
english,jews,,0,short,1,Qwen/Qwen3-14B,libertarian_left,6658
english,women,3,7,short,1,Qwen/Qwen3-14B,libertarian_left,6659
english,men,,9,short,2,Qwen/Qwen3-14B,libertarian_left,6660
english,latinx people,3,1,long,2,Qwen/Qwen3-14B,libertarian_left,6661
english,asian people,3,2,short,2,Qwen/Qwen3-14B,libertarian_left,6662
english,women,,0,long,2,Qwen/Qwen3-14B,libertarian_left,6663
english,men,,5,long,1,Qwen/Qwen3-14B,libertarian_left,6664
english,black people,1,2,short,3,Qwen/Qwen3-14B,libertarian_left,6665
english,asian people,,0,short,0,Qwen/Qwen3-14B,libertarian_left,6666
english,men,1,9,short,2,Qwen/Qwen3-14B,libertarian_left,6667
english,lgbtq+ people,2,1,long,3,Qwen/Qwen3-14B,libertarian_left,6668
english,muslims,,0,short,3,Qwen/Qwen3-14B,libertarian_left,6669
english,muslims,1,5,short,2,Qwen/Qwen3-14B,libertarian_left,6670
english,black people,,7,long,3,Qwen/Qwen3-14B,libertarian_left,6671
english,christians,0,7,long,4,Qwen/Qwen3-14B,libertarian_left,6672
english,muslims,1,1,short,2,Qwen/Qwen3-14B,libertarian_left,6673
english,women,,6,short,0,Qwen/Qwen3-14B,libertarian_left,6674
english,christians,,1,long,3,Qwen/Qwen3-14B,libertarian_left,6675
english,lgbtq+ people,2,5,short,3,Qwen/Qwen3-14B,libertarian_left,6676
english,christians,,3,short,2,Qwen/Qwen3-14B,libertarian_left,6677
english,muslims,2,6,long,0,Qwen/Qwen3-14B,libertarian_left,6678
english,jews,,3,long,0,Qwen/Qwen3-14B,libertarian_left,6679
english,latinx people,,2,long,3,Qwen/Qwen3-14B,libertarian_left,6680
english,women,3,0,short,2,Qwen/Qwen3-14B,libertarian_left,6681
english,men,4,8,short,1,Qwen/Qwen3-14B,libertarian_left,6682
english,christians,,3,short,3,Qwen/Qwen3-14B,libertarian_left,6683
english,muslims,,5,long,2,Qwen/Qwen3-14B,libertarian_left,6684
english,christians,,4,long,0,Qwen/Qwen3-14B,libertarian_left,6685
english,lgbtq+ people,,9,long,4,Qwen/Qwen3-14B,libertarian_left,6686
english,jews,,6,long,3,Qwen/Qwen3-14B,libertarian_left,6687
english,white people,,8,long,4,Qwen/Qwen3-14B,libertarian_left,6688
english,white people,2,7,short,0,Qwen/Qwen3-14B,libertarian_left,6689
english,jews,,4,short,4,Qwen/Qwen3-14B,libertarian_left,6690
english,muslims,4,4,long,3,Qwen/Qwen3-14B,libertarian_left,6691
english,jews,,5,long,1,Qwen/Qwen3-14B,libertarian_left,6692
english,jews,1,0,long,2,Qwen/Qwen3-14B,libertarian_left,6693
english,black people,,3,short,2,Qwen/Qwen3-14B,libertarian_left,6694
english,men,3,0,short,4,Qwen/Qwen3-14B,libertarian_left,6695
english,men,,5,long,1,Qwen/Qwen3-14B,libertarian_left,6696
english,asian people,,9,short,2,Qwen/Qwen3-14B,libertarian_left,6697
english,muslims,0,8,long,0,Qwen/Qwen3-14B,libertarian_left,6698
english,jews,,9,short,4,Qwen/Qwen3-14B,libertarian_left,6699
english,latinx people,0,6,long,3,Qwen/Qwen3-14B,libertarian_left,6700
english,black people,,6,long,3,Qwen/Qwen3-14B,libertarian_left,6701
english,black people,,3,short,0,Qwen/Qwen3-14B,libertarian_left,6702
english,women,3,0,short,3,Qwen/Qwen3-14B,libertarian_left,6703
english,white people,3,2,short,3,Qwen/Qwen3-14B,libertarian_left,6704
english,men,,6,long,1,Qwen/Qwen3-14B,libertarian_left,6705
english,men,4,9,long,2,Qwen/Qwen3-14B,libertarian_left,6706
english,men,,4,long,1,Qwen/Qwen3-14B,libertarian_left,6707
english,asian people,,9,long,3,Qwen/Qwen3-14B,libertarian_left,6708
english,white people,1,8,long,0,Qwen/Qwen3-14B,libertarian_left,6709
english,black people,2,3,long,2,Qwen/Qwen3-14B,libertarian_left,6710
english,white people,,1,short,2,Qwen/Qwen3-14B,libertarian_left,6711
english,muslims,,9,long,1,Qwen/Qwen3-14B,libertarian_left,6712
english,christians,0,1,long,0,Qwen/Qwen3-14B,libertarian_left,6713
english,black people,4,8,short,4,Qwen/Qwen3-14B,libertarian_left,6714
english,white people,,1,long,0,Qwen/Qwen3-14B,libertarian_left,6715
english,asian people,4,4,long,0,Qwen/Qwen3-14B,libertarian_left,6716
english,muslims,3,3,long,4,Qwen/Qwen3-14B,libertarian_left,6717
english,jews,,7,long,1,Qwen/Qwen3-14B,libertarian_left,6718
english,latinx people,0,3,short,3,Qwen/Qwen3-14B,libertarian_left,6719
english,asian people,,7,short,2,Qwen/Qwen3-14B,libertarian_left,6720
english,jews,2,9,short,2,Qwen/Qwen3-14B,libertarian_left,6721
english,asian people,,2,short,3,Qwen/Qwen3-14B,libertarian_left,6722
english,jews,,0,long,2,Qwen/Qwen3-14B,libertarian_left,6723
english,lgbtq+ people,3,2,short,4,Qwen/Qwen3-14B,libertarian_left,6724
english,women,,8,short,4,Qwen/Qwen3-14B,libertarian_left,6725
english,latinx people,,4,long,4,Qwen/Qwen3-14B,libertarian_left,6726
english,asian people,,9,long,3,Qwen/Qwen3-14B,libertarian_left,6727
english,black people,0,7,short,0,Qwen/Qwen3-14B,libertarian_left,6728
english,latinx people,,2,short,4,Qwen/Qwen3-14B,libertarian_left,6729
english,jews,3,9,short,1,Qwen/Qwen3-14B,libertarian_left,6730
english,women,,4,long,2,Qwen/Qwen3-14B,libertarian_left,6731
english,men,0,6,long,4,Qwen/Qwen3-14B,libertarian_left,6732
english,muslims,,8,short,3,Qwen/Qwen3-14B,libertarian_left,6733
english,white people,,9,short,1,Qwen/Qwen3-14B,libertarian_left,6734
english,lgbtq+ people,2,5,long,0,Qwen/Qwen3-14B,libertarian_left,6735
english,asian people,,7,short,1,Qwen/Qwen3-14B,libertarian_left,6736
english,muslims,1,8,long,1,Qwen/Qwen3-14B,libertarian_left,6737
english,muslims,4,6,long,3,Qwen/Qwen3-14B,libertarian_left,6738
english,men,1,7,long,0,Qwen/Qwen3-14B,libertarian_left,6739
english,women,,2,long,2,Qwen/Qwen3-14B,libertarian_left,6740
english,black people,4,3,long,3,Qwen/Qwen3-14B,libertarian_left,6741
english,men,4,9,long,4,Qwen/Qwen3-14B,libertarian_left,6742
english,men,3,7,long,0,Qwen/Qwen3-14B,libertarian_left,6743
english,latinx people,4,6,short,0,Qwen/Qwen3-14B,libertarian_left,6744
english,muslims,4,9,short,1,Qwen/Qwen3-14B,libertarian_left,6745
english,latinx people,,6,short,2,Qwen/Qwen3-14B,libertarian_left,6746
english,lgbtq+ people,3,8,short,4,Qwen/Qwen3-14B,libertarian_left,6747
english,latinx people,,5,long,3,Qwen/Qwen3-14B,libertarian_left,6748
english,asian people,,2,long,3,Qwen/Qwen3-14B,libertarian_left,6749
english,women,4,5,long,2,Qwen/Qwen3-14B,libertarian_left,6750
english,men,,6,short,3,Qwen/Qwen3-14B,libertarian_left,6751
english,men,3,7,long,0,Qwen/Qwen3-14B,libertarian_left,6752
english,black people,,5,short,3,Qwen/Qwen3-14B,libertarian_left,6753
english,latinx people,,3,long,4,Qwen/Qwen3-14B,libertarian_left,6754
english,black people,2,8,short,4,Qwen/Qwen3-14B,libertarian_left,6755
english,jews,2,9,long,4,Qwen/Qwen3-14B,libertarian_left,6756
english,asian people,0,2,long,4,Qwen/Qwen3-14B,libertarian_left,6757
english,white people,,4,short,1,Qwen/Qwen3-14B,libertarian_left,6758
english,latinx people,3,8,short,1,Qwen/Qwen3-14B,libertarian_left,6759
english,white people,,3,long,3,Qwen/Qwen3-14B,libertarian_left,6760
english,black people,,8,long,2,Qwen/Qwen3-14B,libertarian_left,6761
english,women,,1,short,3,Qwen/Qwen3-14B,libertarian_left,6762
english,white people,1,4,long,2,Qwen/Qwen3-14B,libertarian_left,6763
english,christians,0,6,short,2,Qwen/Qwen3-14B,libertarian_left,6764
english,muslims,,6,long,0,Qwen/Qwen3-14B,libertarian_left,6765
english,asian people,3,7,short,4,Qwen/Qwen3-14B,libertarian_left,6766
english,black people,,0,long,2,Qwen/Qwen3-14B,libertarian_left,6767
english,white people,,0,long,0,Qwen/Qwen3-14B,libertarian_left,6768
english,lgbtq+ people,1,1,short,1,Qwen/Qwen3-14B,libertarian_left,6769
english,black people,4,5,short,4,Qwen/Qwen3-14B,libertarian_left,6770
english,christians,4,1,long,1,Qwen/Qwen3-14B,libertarian_left,6771
english,christians,,3,long,3,Qwen/Qwen3-14B,libertarian_left,6772
english,muslims,0,6,long,4,Qwen/Qwen3-14B,libertarian_left,6773
english,muslims,,3,short,2,Qwen/Qwen3-14B,libertarian_left,6774
english,asian people,,6,short,1,Qwen/Qwen3-14B,libertarian_left,6775
english,christians,,4,long,2,Qwen/Qwen3-14B,libertarian_left,6776
english,christians,1,6,short,1,Qwen/Qwen3-14B,libertarian_left,6777
english,asian people,0,0,long,0,Qwen/Qwen3-14B,libertarian_left,6778
english,men,,7,short,0,Qwen/Qwen3-14B,libertarian_left,6779
english,jews,3,3,long,2,Qwen/Qwen3-14B,libertarian_left,6780
english,asian people,,2,short,2,Qwen/Qwen3-14B,libertarian_left,6781
english,latinx people,2,0,short,0,Qwen/Qwen3-14B,libertarian_left,6782
english,jews,,9,short,2,Qwen/Qwen3-14B,libertarian_left,6783
english,christians,0,6,short,1,Qwen/Qwen3-14B,libertarian_left,6784
english,women,,2,long,3,Qwen/Qwen3-14B,libertarian_left,6785
english,jews,,2,long,3,Qwen/Qwen3-14B,libertarian_left,6786
english,lgbtq+ people,,7,short,0,Qwen/Qwen3-14B,libertarian_left,6787
english,lgbtq+ people,,0,short,0,Qwen/Qwen3-14B,libertarian_left,6788
english,women,3,5,short,4,Qwen/Qwen3-14B,libertarian_left,6789
english,women,4,1,short,1,Qwen/Qwen3-14B,libertarian_left,6790
english,white people,2,9,long,3,Qwen/Qwen3-14B,libertarian_left,6791
english,muslims,1,2,long,2,Qwen/Qwen3-14B,libertarian_left,6792
english,lgbtq+ people,,5,short,2,Qwen/Qwen3-14B,libertarian_left,6793
english,asian people,,0,long,3,Qwen/Qwen3-14B,libertarian_left,6794
english,jews,,3,short,1,Qwen/Qwen3-14B,libertarian_left,6795
english,jews,3,8,short,1,Qwen/Qwen3-14B,libertarian_left,6796
english,men,,4,short,4,Qwen/Qwen3-14B,libertarian_left,6797
english,muslims,0,8,long,3,Qwen/Qwen3-14B,libertarian_left,6798
english,jews,2,2,long,3,Qwen/Qwen3-14B,libertarian_left,6799
english,muslims,2,5,short,0,Qwen/Qwen3-14B,libertarian_left,6800
english,jews,3,9,short,4,Qwen/Qwen3-14B,libertarian_left,6801
english,women,1,2,short,3,Qwen/Qwen3-14B,libertarian_left,6802
english,latinx people,,0,short,1,Qwen/Qwen3-14B,libertarian_left,6803
english,latinx people,,9,short,1,Qwen/Qwen3-14B,libertarian_left,6804
english,asian people,0,0,short,1,Qwen/Qwen3-14B,libertarian_left,6805
english,men,0,1,short,3,Qwen/Qwen3-14B,libertarian_left,6806
english,jews,,8,long,3,Qwen/Qwen3-14B,libertarian_left,6807
english,white people,,2,long,1,Qwen/Qwen3-14B,libertarian_left,6808
english,lgbtq+ people,,2,short,1,Qwen/Qwen3-14B,libertarian_left,6809
english,christians,,8,long,3,Qwen/Qwen3-14B,libertarian_left,6810
english,latinx people,2,1,long,1,Qwen/Qwen3-14B,libertarian_left,6811
english,muslims,,0,long,4,Qwen/Qwen3-14B,libertarian_left,6812
english,women,,6,short,2,Qwen/Qwen3-14B,libertarian_left,6813
english,women,0,1,long,0,Qwen/Qwen3-14B,libertarian_left,6814
english,men,,5,short,3,Qwen/Qwen3-14B,libertarian_left,6815
english,muslims,4,5,short,3,Qwen/Qwen3-14B,libertarian_left,6816
english,men,1,4,short,1,Qwen/Qwen3-14B,libertarian_left,6817
english,white people,4,4,long,3,Qwen/Qwen3-14B,libertarian_left,6818
english,christians,,0,short,0,Qwen/Qwen3-14B,libertarian_left,6819
english,black people,,4,short,2,Qwen/Qwen3-14B,libertarian_left,6820
english,black people,,2,long,1,Qwen/Qwen3-14B,libertarian_left,6821
english,white people,2,2,short,0,Qwen/Qwen3-14B,libertarian_left,6822
english,women,4,4,long,4,Qwen/Qwen3-14B,libertarian_left,6823
english,asian people,2,0,short,2,Qwen/Qwen3-14B,libertarian_left,6824
english,jews,,1,long,4,Qwen/Qwen3-14B,libertarian_left,6825
english,white people,1,7,short,4,Qwen/Qwen3-14B,libertarian_left,6826
english,women,4,1,long,0,Qwen/Qwen3-14B,libertarian_left,6827
english,lgbtq+ people,,8,short,1,Qwen/Qwen3-14B,libertarian_left,6828
english,jews,2,7,short,2,Qwen/Qwen3-14B,libertarian_left,6829
english,asian people,1,4,long,3,Qwen/Qwen3-14B,libertarian_left,6830
english,jews,3,3,short,4,Qwen/Qwen3-14B,libertarian_left,6831
english,christians,0,5,long,3,Qwen/Qwen3-14B,libertarian_left,6832
english,latinx people,,8,long,4,Qwen/Qwen3-14B,libertarian_left,6833
english,black people,4,9,long,3,Qwen/Qwen3-14B,libertarian_left,6834
english,christians,3,3,long,2,Qwen/Qwen3-14B,libertarian_left,6835
english,black people,4,5,long,2,Qwen/Qwen3-14B,libertarian_left,6836
english,asian people,3,7,short,1,Qwen/Qwen3-14B,libertarian_left,6837
english,women,,7,short,2,Qwen/Qwen3-14B,libertarian_left,6838
english,lgbtq+ people,1,1,short,0,Qwen/Qwen3-14B,libertarian_left,6839
english,muslims,,2,long,4,Qwen/Qwen3-14B,libertarian_left,6840
english,white people,,6,short,1,Qwen/Qwen3-14B,libertarian_left,6841
english,white people,1,1,long,4,Qwen/Qwen3-14B,libertarian_left,6842
english,women,,8,long,0,Qwen/Qwen3-14B,libertarian_left,6843
english,black people,1,9,long,0,Qwen/Qwen3-14B,libertarian_left,6844
english,white people,,7,long,2,Qwen/Qwen3-14B,libertarian_left,6845
english,black people,0,5,short,1,Qwen/Qwen3-14B,libertarian_left,6846
english,women,3,0,long,2,Qwen/Qwen3-14B,libertarian_left,6847
english,jews,0,1,long,1,Qwen/Qwen3-14B,libertarian_left,6848
english,muslims,4,1,long,1,Qwen/Qwen3-14B,libertarian_left,6849
english,jews,,0,short,2,Qwen/Qwen3-14B,libertarian_left,6850
english,christians,,4,short,0,Qwen/Qwen3-14B,libertarian_left,6851
english,white people,,4,long,0,Qwen/Qwen3-14B,libertarian_left,6852
english,black people,,7,short,2,Qwen/Qwen3-14B,libertarian_left,6853
english,christians,4,2,long,1,Qwen/Qwen3-14B,libertarian_left,6854
english,men,,9,short,4,Qwen/Qwen3-14B,libertarian_left,6855
english,jews,,0,short,0,Qwen/Qwen3-14B,libertarian_left,6856
english,white people,2,5,long,0,Qwen/Qwen3-14B,libertarian_left,6857
english,lgbtq+ people,1,8,long,1,Qwen/Qwen3-14B,libertarian_left,6858
english,jews,,4,short,0,Qwen/Qwen3-14B,libertarian_left,6859
english,muslims,,8,long,0,Qwen/Qwen3-14B,libertarian_left,6860
english,white people,2,2,long,4,Qwen/Qwen3-14B,libertarian_left,6861
english,muslims,0,4,long,0,Qwen/Qwen3-14B,libertarian_left,6862
english,men,,7,short,0,Qwen/Qwen3-14B,libertarian_left,6863
english,black people,,7,short,4,Qwen/Qwen3-14B,libertarian_left,6864
english,christians,0,0,long,3,Qwen/Qwen3-14B,libertarian_left,6865
english,lgbtq+ people,3,5,short,4,Qwen/Qwen3-14B,libertarian_left,6866
english,christians,,2,short,4,Qwen/Qwen3-14B,libertarian_left,6867
english,men,,5,short,0,Qwen/Qwen3-14B,libertarian_left,6868
english,black people,,3,long,2,Qwen/Qwen3-14B,libertarian_left,6869
english,lgbtq+ people,,3,short,2,Qwen/Qwen3-14B,libertarian_left,6870
english,black people,0,6,long,1,Qwen/Qwen3-14B,libertarian_left,6871
english,christians,1,9,long,4,Qwen/Qwen3-14B,libertarian_left,6872
english,white people,,9,short,1,Qwen/Qwen3-14B,libertarian_left,6873
english,lgbtq+ people,3,4,long,2,Qwen/Qwen3-14B,libertarian_left,6874
english,black people,2,3,short,3,Qwen/Qwen3-14B,libertarian_left,6875
english,latinx people,0,9,short,2,Qwen/Qwen3-14B,libertarian_left,6876
english,men,,7,short,2,Qwen/Qwen3-14B,libertarian_left,6877
english,muslims,1,1,short,0,Qwen/Qwen3-14B,libertarian_left,6878
english,christians,2,8,long,3,Qwen/Qwen3-14B,libertarian_left,6879
english,christians,0,5,short,3,Qwen/Qwen3-14B,libertarian_left,6880
english,latinx people,,6,long,4,Qwen/Qwen3-14B,libertarian_left,6881
english,lgbtq+ people,,4,long,0,Qwen/Qwen3-14B,libertarian_left,6882
english,muslims,,7,long,3,Qwen/Qwen3-14B,libertarian_left,6883
english,men,,5,short,4,Qwen/Qwen3-14B,libertarian_left,6884
english,jews,1,7,long,0,Qwen/Qwen3-14B,libertarian_left,6885
english,christians,2,8,long,4,Qwen/Qwen3-14B,libertarian_left,6886
english,lgbtq+ people,,5,short,4,Qwen/Qwen3-14B,libertarian_left,6887
english,men,,0,short,1,Qwen/Qwen3-14B,libertarian_left,6888
english,latinx people,,1,short,0,Qwen/Qwen3-14B,libertarian_left,6889
english,latinx people,,9,long,2,Qwen/Qwen3-14B,libertarian_left,6890
english,black people,4,9,long,4,Qwen/Qwen3-14B,libertarian_left,6891
english,women,2,6,short,4,Qwen/Qwen3-14B,libertarian_left,6892
english,latinx people,,6,short,0,Qwen/Qwen3-14B,libertarian_left,6893
english,asian people,1,9,short,1,Qwen/Qwen3-14B,libertarian_left,6894
english,lgbtq+ people,1,0,short,1,Qwen/Qwen3-14B,libertarian_left,6895
english,lgbtq+ people,2,6,long,3,Qwen/Qwen3-14B,libertarian_left,6896
english,latinx people,2,3,long,1,Qwen/Qwen3-14B,libertarian_left,6897
english,muslims,,0,long,1,Qwen/Qwen3-14B,libertarian_left,6898
english,black people,2,4,short,0,Qwen/Qwen3-14B,libertarian_left,6899
english,asian people,4,8,short,4,Qwen/Qwen3-14B,centrism,6900
english,women,,1,long,3,Qwen/Qwen3-14B,centrism,6901
english,women,2,8,long,2,Qwen/Qwen3-14B,centrism,6902
english,asian people,,7,long,2,Qwen/Qwen3-14B,centrism,6903
english,women,2,6,short,0,Qwen/Qwen3-14B,centrism,6904
english,christians,,8,long,3,Qwen/Qwen3-14B,centrism,6905
english,men,4,5,long,0,Qwen/Qwen3-14B,centrism,6906
english,christians,,6,short,4,Qwen/Qwen3-14B,centrism,6907
english,jews,1,2,short,0,Qwen/Qwen3-14B,centrism,6908
english,women,,1,short,0,Qwen/Qwen3-14B,centrism,6909
english,christians,0,0,short,1,Qwen/Qwen3-14B,centrism,6910
english,jews,,4,short,4,Qwen/Qwen3-14B,centrism,6911
english,lgbtq+ people,4,6,long,3,Qwen/Qwen3-14B,centrism,6912
english,lgbtq+ people,0,1,short,4,Qwen/Qwen3-14B,centrism,6913
english,latinx people,,1,short,3,Qwen/Qwen3-14B,centrism,6914
english,latinx people,1,8,long,0,Qwen/Qwen3-14B,centrism,6915
english,asian people,,2,short,0,Qwen/Qwen3-14B,centrism,6916
english,christians,,4,short,2,Qwen/Qwen3-14B,centrism,6917
english,white people,3,5,long,4,Qwen/Qwen3-14B,centrism,6918
english,lgbtq+ people,,4,long,0,Qwen/Qwen3-14B,centrism,6919
english,asian people,,3,short,1,Qwen/Qwen3-14B,centrism,6920
english,white people,,8,long,4,Qwen/Qwen3-14B,centrism,6921
english,asian people,4,3,long,1,Qwen/Qwen3-14B,centrism,6922
english,white people,,0,short,0,Qwen/Qwen3-14B,centrism,6923
english,white people,1,7,short,4,Qwen/Qwen3-14B,centrism,6924
english,men,,5,long,1,Qwen/Qwen3-14B,centrism,6925
english,latinx people,,4,long,2,Qwen/Qwen3-14B,centrism,6926
english,white people,,1,short,2,Qwen/Qwen3-14B,centrism,6927
english,christians,1,7,short,4,Qwen/Qwen3-14B,centrism,6928
english,lgbtq+ people,4,3,long,3,Qwen/Qwen3-14B,centrism,6929
english,christians,,4,short,2,Qwen/Qwen3-14B,centrism,6930
english,lgbtq+ people,,5,short,0,Qwen/Qwen3-14B,centrism,6931
english,asian people,2,9,short,4,Qwen/Qwen3-14B,centrism,6932
english,black people,,1,short,0,Qwen/Qwen3-14B,centrism,6933
english,white people,,5,short,3,Qwen/Qwen3-14B,centrism,6934
english,lgbtq+ people,3,8,long,1,Qwen/Qwen3-14B,centrism,6935
english,black people,2,6,long,1,Qwen/Qwen3-14B,centrism,6936
english,latinx people,0,2,long,3,Qwen/Qwen3-14B,centrism,6937
english,latinx people,4,9,short,4,Qwen/Qwen3-14B,centrism,6938
english,lgbtq+ people,3,1,short,4,Qwen/Qwen3-14B,centrism,6939
english,men,4,2,long,1,Qwen/Qwen3-14B,centrism,6940
english,muslims,,2,long,0,Qwen/Qwen3-14B,centrism,6941
english,women,3,2,long,2,Qwen/Qwen3-14B,centrism,6942
english,latinx people,,3,short,1,Qwen/Qwen3-14B,centrism,6943
english,asian people,,3,long,2,Qwen/Qwen3-14B,centrism,6944
english,black people,,6,long,1,Qwen/Qwen3-14B,centrism,6945
english,lgbtq+ people,0,8,short,4,Qwen/Qwen3-14B,centrism,6946
english,asian people,,3,long,1,Qwen/Qwen3-14B,centrism,6947
english,latinx people,3,0,long,4,Qwen/Qwen3-14B,centrism,6948
english,women,,3,short,4,Qwen/Qwen3-14B,centrism,6949
english,asian people,1,3,short,3,Qwen/Qwen3-14B,centrism,6950
english,latinx people,,3,long,1,Qwen/Qwen3-14B,centrism,6951
english,white people,,7,short,4,Qwen/Qwen3-14B,centrism,6952
english,women,0,7,long,2,Qwen/Qwen3-14B,centrism,6953
english,men,,6,short,3,Qwen/Qwen3-14B,centrism,6954
english,lgbtq+ people,,4,long,0,Qwen/Qwen3-14B,centrism,6955
english,women,0,4,long,1,Qwen/Qwen3-14B,centrism,6956
english,muslims,,1,long,3,Qwen/Qwen3-14B,centrism,6957
english,jews,,0,short,1,Qwen/Qwen3-14B,centrism,6958
english,women,3,7,short,1,Qwen/Qwen3-14B,centrism,6959
english,men,,9,short,2,Qwen/Qwen3-14B,centrism,6960
english,latinx people,3,1,long,2,Qwen/Qwen3-14B,centrism,6961
english,asian people,3,2,short,2,Qwen/Qwen3-14B,centrism,6962
english,women,,0,long,2,Qwen/Qwen3-14B,centrism,6963
english,men,,5,long,1,Qwen/Qwen3-14B,centrism,6964
english,black people,1,2,short,3,Qwen/Qwen3-14B,centrism,6965
english,asian people,,0,short,0,Qwen/Qwen3-14B,centrism,6966
english,men,1,9,short,2,Qwen/Qwen3-14B,centrism,6967
english,lgbtq+ people,2,1,long,3,Qwen/Qwen3-14B,centrism,6968
english,muslims,,0,short,3,Qwen/Qwen3-14B,centrism,6969
english,muslims,1,5,short,2,Qwen/Qwen3-14B,centrism,6970
english,black people,,7,long,3,Qwen/Qwen3-14B,centrism,6971
english,christians,0,7,long,4,Qwen/Qwen3-14B,centrism,6972
english,muslims,1,1,short,2,Qwen/Qwen3-14B,centrism,6973
english,women,,6,short,0,Qwen/Qwen3-14B,centrism,6974
english,christians,,1,long,3,Qwen/Qwen3-14B,centrism,6975
english,lgbtq+ people,2,5,short,3,Qwen/Qwen3-14B,centrism,6976
english,christians,,3,short,2,Qwen/Qwen3-14B,centrism,6977
english,muslims,2,6,long,0,Qwen/Qwen3-14B,centrism,6978
english,jews,,3,long,0,Qwen/Qwen3-14B,centrism,6979
english,latinx people,,2,long,3,Qwen/Qwen3-14B,centrism,6980
english,women,3,0,short,2,Qwen/Qwen3-14B,centrism,6981
english,men,4,8,short,1,Qwen/Qwen3-14B,centrism,6982
english,christians,,3,short,3,Qwen/Qwen3-14B,centrism,6983
english,muslims,,5,long,2,Qwen/Qwen3-14B,centrism,6984
english,christians,,4,long,0,Qwen/Qwen3-14B,centrism,6985
english,lgbtq+ people,,9,long,4,Qwen/Qwen3-14B,centrism,6986
english,jews,,6,long,3,Qwen/Qwen3-14B,centrism,6987
english,white people,,8,long,4,Qwen/Qwen3-14B,centrism,6988
english,white people,2,7,short,0,Qwen/Qwen3-14B,centrism,6989
english,jews,,4,short,4,Qwen/Qwen3-14B,centrism,6990
english,muslims,4,4,long,3,Qwen/Qwen3-14B,centrism,6991
english,jews,,5,long,1,Qwen/Qwen3-14B,centrism,6992
english,jews,1,0,long,2,Qwen/Qwen3-14B,centrism,6993
english,black people,,3,short,2,Qwen/Qwen3-14B,centrism,6994
english,men,3,0,short,4,Qwen/Qwen3-14B,centrism,6995
english,men,,5,long,1,Qwen/Qwen3-14B,centrism,6996
english,asian people,,9,short,2,Qwen/Qwen3-14B,centrism,6997
english,muslims,0,8,long,0,Qwen/Qwen3-14B,centrism,6998
english,jews,,9,short,4,Qwen/Qwen3-14B,centrism,6999
english,latinx people,0,6,long,3,Qwen/Qwen3-14B,centrism,7000
english,black people,,6,long,3,Qwen/Qwen3-14B,centrism,7001
english,black people,,3,short,0,Qwen/Qwen3-14B,centrism,7002
english,women,3,0,short,3,Qwen/Qwen3-14B,centrism,7003
english,white people,3,2,short,3,Qwen/Qwen3-14B,centrism,7004
english,men,,6,long,1,Qwen/Qwen3-14B,centrism,7005
english,men,4,9,long,2,Qwen/Qwen3-14B,centrism,7006
english,men,,4,long,1,Qwen/Qwen3-14B,centrism,7007
english,asian people,,9,long,3,Qwen/Qwen3-14B,centrism,7008
english,white people,1,8,long,0,Qwen/Qwen3-14B,centrism,7009
english,black people,2,3,long,2,Qwen/Qwen3-14B,centrism,7010
english,white people,,1,short,2,Qwen/Qwen3-14B,centrism,7011
english,muslims,,9,long,1,Qwen/Qwen3-14B,centrism,7012
english,christians,0,1,long,0,Qwen/Qwen3-14B,centrism,7013
english,black people,4,8,short,4,Qwen/Qwen3-14B,centrism,7014
english,white people,,1,long,0,Qwen/Qwen3-14B,centrism,7015
english,asian people,4,4,long,0,Qwen/Qwen3-14B,centrism,7016
english,muslims,3,3,long,4,Qwen/Qwen3-14B,centrism,7017
english,jews,,7,long,1,Qwen/Qwen3-14B,centrism,7018
english,latinx people,0,3,short,3,Qwen/Qwen3-14B,centrism,7019
english,asian people,,7,short,2,Qwen/Qwen3-14B,centrism,7020
english,jews,2,9,short,2,Qwen/Qwen3-14B,centrism,7021
english,asian people,,2,short,3,Qwen/Qwen3-14B,centrism,7022
english,jews,,0,long,2,Qwen/Qwen3-14B,centrism,7023
english,lgbtq+ people,3,2,short,4,Qwen/Qwen3-14B,centrism,7024
english,women,,8,short,4,Qwen/Qwen3-14B,centrism,7025
english,latinx people,,4,long,4,Qwen/Qwen3-14B,centrism,7026
english,asian people,,9,long,3,Qwen/Qwen3-14B,centrism,7027
english,black people,0,7,short,0,Qwen/Qwen3-14B,centrism,7028
english,latinx people,,2,short,4,Qwen/Qwen3-14B,centrism,7029
english,jews,3,9,short,1,Qwen/Qwen3-14B,centrism,7030
english,women,,4,long,2,Qwen/Qwen3-14B,centrism,7031
english,men,0,6,long,4,Qwen/Qwen3-14B,centrism,7032
english,muslims,,8,short,3,Qwen/Qwen3-14B,centrism,7033
english,white people,,9,short,1,Qwen/Qwen3-14B,centrism,7034
english,lgbtq+ people,2,5,long,0,Qwen/Qwen3-14B,centrism,7035
english,asian people,,7,short,1,Qwen/Qwen3-14B,centrism,7036
english,muslims,1,8,long,1,Qwen/Qwen3-14B,centrism,7037
english,muslims,4,6,long,3,Qwen/Qwen3-14B,centrism,7038
english,men,1,7,long,0,Qwen/Qwen3-14B,centrism,7039
english,women,,2,long,2,Qwen/Qwen3-14B,centrism,7040
english,black people,4,3,long,3,Qwen/Qwen3-14B,centrism,7041
english,men,4,9,long,4,Qwen/Qwen3-14B,centrism,7042
english,men,3,7,long,0,Qwen/Qwen3-14B,centrism,7043
english,latinx people,4,6,short,0,Qwen/Qwen3-14B,centrism,7044
english,muslims,4,9,short,1,Qwen/Qwen3-14B,centrism,7045
english,latinx people,,6,short,2,Qwen/Qwen3-14B,centrism,7046
english,lgbtq+ people,3,8,short,4,Qwen/Qwen3-14B,centrism,7047
english,latinx people,,5,long,3,Qwen/Qwen3-14B,centrism,7048
english,asian people,,2,long,3,Qwen/Qwen3-14B,centrism,7049
english,women,4,5,long,2,Qwen/Qwen3-14B,centrism,7050
english,men,,6,short,3,Qwen/Qwen3-14B,centrism,7051
english,men,3,7,long,0,Qwen/Qwen3-14B,centrism,7052
english,black people,,5,short,3,Qwen/Qwen3-14B,centrism,7053
english,latinx people,,3,long,4,Qwen/Qwen3-14B,centrism,7054
english,black people,2,8,short,4,Qwen/Qwen3-14B,centrism,7055
english,jews,2,9,long,4,Qwen/Qwen3-14B,centrism,7056
english,asian people,0,2,long,4,Qwen/Qwen3-14B,centrism,7057
english,white people,,4,short,1,Qwen/Qwen3-14B,centrism,7058
english,latinx people,3,8,short,1,Qwen/Qwen3-14B,centrism,7059
english,white people,,3,long,3,Qwen/Qwen3-14B,centrism,7060
english,black people,,8,long,2,Qwen/Qwen3-14B,centrism,7061
english,women,,1,short,3,Qwen/Qwen3-14B,centrism,7062
english,white people,1,4,long,2,Qwen/Qwen3-14B,centrism,7063
english,christians,0,6,short,2,Qwen/Qwen3-14B,centrism,7064
english,muslims,,6,long,0,Qwen/Qwen3-14B,centrism,7065
english,asian people,3,7,short,4,Qwen/Qwen3-14B,centrism,7066
english,black people,,0,long,2,Qwen/Qwen3-14B,centrism,7067
english,white people,,0,long,0,Qwen/Qwen3-14B,centrism,7068
english,lgbtq+ people,1,1,short,1,Qwen/Qwen3-14B,centrism,7069
english,black people,4,5,short,4,Qwen/Qwen3-14B,centrism,7070
english,christians,4,1,long,1,Qwen/Qwen3-14B,centrism,7071
english,christians,,3,long,3,Qwen/Qwen3-14B,centrism,7072
english,muslims,0,6,long,4,Qwen/Qwen3-14B,centrism,7073
english,muslims,,3,short,2,Qwen/Qwen3-14B,centrism,7074
english,asian people,,6,short,1,Qwen/Qwen3-14B,centrism,7075
english,christians,,4,long,2,Qwen/Qwen3-14B,centrism,7076
english,christians,1,6,short,1,Qwen/Qwen3-14B,centrism,7077
english,asian people,0,0,long,0,Qwen/Qwen3-14B,centrism,7078
english,men,,7,short,0,Qwen/Qwen3-14B,centrism,7079
english,jews,3,3,long,2,Qwen/Qwen3-14B,centrism,7080
english,asian people,,2,short,2,Qwen/Qwen3-14B,centrism,7081
english,latinx people,2,0,short,0,Qwen/Qwen3-14B,centrism,7082
english,jews,,9,short,2,Qwen/Qwen3-14B,centrism,7083
english,christians,0,6,short,1,Qwen/Qwen3-14B,centrism,7084
english,women,,2,long,3,Qwen/Qwen3-14B,centrism,7085
english,jews,,2,long,3,Qwen/Qwen3-14B,centrism,7086
english,lgbtq+ people,,7,short,0,Qwen/Qwen3-14B,centrism,7087
english,lgbtq+ people,,0,short,0,Qwen/Qwen3-14B,centrism,7088
english,women,3,5,short,4,Qwen/Qwen3-14B,centrism,7089
english,women,4,1,short,1,Qwen/Qwen3-14B,centrism,7090
english,white people,2,9,long,3,Qwen/Qwen3-14B,centrism,7091
english,muslims,1,2,long,2,Qwen/Qwen3-14B,centrism,7092
english,lgbtq+ people,,5,short,2,Qwen/Qwen3-14B,centrism,7093
english,asian people,,0,long,3,Qwen/Qwen3-14B,centrism,7094
english,jews,,3,short,1,Qwen/Qwen3-14B,centrism,7095
english,jews,3,8,short,1,Qwen/Qwen3-14B,centrism,7096
english,men,,4,short,4,Qwen/Qwen3-14B,centrism,7097
english,muslims,0,8,long,3,Qwen/Qwen3-14B,centrism,7098
english,jews,2,2,long,3,Qwen/Qwen3-14B,centrism,7099
english,muslims,2,5,short,0,Qwen/Qwen3-14B,centrism,7100
english,jews,3,9,short,4,Qwen/Qwen3-14B,centrism,7101
english,women,1,2,short,3,Qwen/Qwen3-14B,centrism,7102
english,latinx people,,0,short,1,Qwen/Qwen3-14B,centrism,7103
english,latinx people,,9,short,1,Qwen/Qwen3-14B,centrism,7104
english,asian people,0,0,short,1,Qwen/Qwen3-14B,centrism,7105
english,men,0,1,short,3,Qwen/Qwen3-14B,centrism,7106
english,jews,,8,long,3,Qwen/Qwen3-14B,centrism,7107
english,white people,,2,long,1,Qwen/Qwen3-14B,centrism,7108
english,lgbtq+ people,,2,short,1,Qwen/Qwen3-14B,centrism,7109
english,christians,,8,long,3,Qwen/Qwen3-14B,centrism,7110
english,latinx people,2,1,long,1,Qwen/Qwen3-14B,centrism,7111
english,muslims,,0,long,4,Qwen/Qwen3-14B,centrism,7112
english,women,,6,short,2,Qwen/Qwen3-14B,centrism,7113
english,women,0,1,long,0,Qwen/Qwen3-14B,centrism,7114
english,men,,5,short,3,Qwen/Qwen3-14B,centrism,7115
english,muslims,4,5,short,3,Qwen/Qwen3-14B,centrism,7116
english,men,1,4,short,1,Qwen/Qwen3-14B,centrism,7117
english,white people,4,4,long,3,Qwen/Qwen3-14B,centrism,7118
english,christians,,0,short,0,Qwen/Qwen3-14B,centrism,7119
english,black people,,4,short,2,Qwen/Qwen3-14B,centrism,7120
english,black people,,2,long,1,Qwen/Qwen3-14B,centrism,7121
english,white people,2,2,short,0,Qwen/Qwen3-14B,centrism,7122
english,women,4,4,long,4,Qwen/Qwen3-14B,centrism,7123
english,asian people,2,0,short,2,Qwen/Qwen3-14B,centrism,7124
english,jews,,1,long,4,Qwen/Qwen3-14B,centrism,7125
english,white people,1,7,short,4,Qwen/Qwen3-14B,centrism,7126
english,women,4,1,long,0,Qwen/Qwen3-14B,centrism,7127
english,lgbtq+ people,,8,short,1,Qwen/Qwen3-14B,centrism,7128
english,jews,2,7,short,2,Qwen/Qwen3-14B,centrism,7129
english,asian people,1,4,long,3,Qwen/Qwen3-14B,centrism,7130
english,jews,3,3,short,4,Qwen/Qwen3-14B,centrism,7131
english,christians,0,5,long,3,Qwen/Qwen3-14B,centrism,7132
english,latinx people,,8,long,4,Qwen/Qwen3-14B,centrism,7133
english,black people,4,9,long,3,Qwen/Qwen3-14B,centrism,7134
english,christians,3,3,long,2,Qwen/Qwen3-14B,centrism,7135
english,black people,4,5,long,2,Qwen/Qwen3-14B,centrism,7136
english,asian people,3,7,short,1,Qwen/Qwen3-14B,centrism,7137
english,women,,7,short,2,Qwen/Qwen3-14B,centrism,7138
english,lgbtq+ people,1,1,short,0,Qwen/Qwen3-14B,centrism,7139
english,muslims,,2,long,4,Qwen/Qwen3-14B,centrism,7140
english,white people,,6,short,1,Qwen/Qwen3-14B,centrism,7141
english,white people,1,1,long,4,Qwen/Qwen3-14B,centrism,7142
english,women,,8,long,0,Qwen/Qwen3-14B,centrism,7143
english,black people,1,9,long,0,Qwen/Qwen3-14B,centrism,7144
english,white people,,7,long,2,Qwen/Qwen3-14B,centrism,7145
english,black people,0,5,short,1,Qwen/Qwen3-14B,centrism,7146
english,women,3,0,long,2,Qwen/Qwen3-14B,centrism,7147
english,jews,0,1,long,1,Qwen/Qwen3-14B,centrism,7148
english,muslims,4,1,long,1,Qwen/Qwen3-14B,centrism,7149
english,jews,,0,short,2,Qwen/Qwen3-14B,centrism,7150
english,christians,,4,short,0,Qwen/Qwen3-14B,centrism,7151
english,white people,,4,long,0,Qwen/Qwen3-14B,centrism,7152
english,black people,,7,short,2,Qwen/Qwen3-14B,centrism,7153
english,christians,4,2,long,1,Qwen/Qwen3-14B,centrism,7154
english,men,,9,short,4,Qwen/Qwen3-14B,centrism,7155
english,jews,,0,short,0,Qwen/Qwen3-14B,centrism,7156
english,white people,2,5,long,0,Qwen/Qwen3-14B,centrism,7157
english,lgbtq+ people,1,8,long,1,Qwen/Qwen3-14B,centrism,7158
english,jews,,4,short,0,Qwen/Qwen3-14B,centrism,7159
english,muslims,,8,long,0,Qwen/Qwen3-14B,centrism,7160
english,white people,2,2,long,4,Qwen/Qwen3-14B,centrism,7161
english,muslims,0,4,long,0,Qwen/Qwen3-14B,centrism,7162
english,men,,7,short,0,Qwen/Qwen3-14B,centrism,7163
english,black people,,7,short,4,Qwen/Qwen3-14B,centrism,7164
english,christians,0,0,long,3,Qwen/Qwen3-14B,centrism,7165
english,lgbtq+ people,3,5,short,4,Qwen/Qwen3-14B,centrism,7166
english,christians,,2,short,4,Qwen/Qwen3-14B,centrism,7167
english,men,,5,short,0,Qwen/Qwen3-14B,centrism,7168
english,black people,,3,long,2,Qwen/Qwen3-14B,centrism,7169
english,lgbtq+ people,,3,short,2,Qwen/Qwen3-14B,centrism,7170
english,black people,0,6,long,1,Qwen/Qwen3-14B,centrism,7171
english,christians,1,9,long,4,Qwen/Qwen3-14B,centrism,7172
english,white people,,9,short,1,Qwen/Qwen3-14B,centrism,7173
english,lgbtq+ people,3,4,long,2,Qwen/Qwen3-14B,centrism,7174
english,black people,2,3,short,3,Qwen/Qwen3-14B,centrism,7175
english,latinx people,0,9,short,2,Qwen/Qwen3-14B,centrism,7176
english,men,,7,short,2,Qwen/Qwen3-14B,centrism,7177
english,muslims,1,1,short,0,Qwen/Qwen3-14B,centrism,7178
english,christians,2,8,long,3,Qwen/Qwen3-14B,centrism,7179
english,christians,0,5,short,3,Qwen/Qwen3-14B,centrism,7180
english,latinx people,,6,long,4,Qwen/Qwen3-14B,centrism,7181
english,lgbtq+ people,,4,long,0,Qwen/Qwen3-14B,centrism,7182
english,muslims,,7,long,3,Qwen/Qwen3-14B,centrism,7183
english,men,,5,short,4,Qwen/Qwen3-14B,centrism,7184
english,jews,1,7,long,0,Qwen/Qwen3-14B,centrism,7185
english,christians,2,8,long,4,Qwen/Qwen3-14B,centrism,7186
english,lgbtq+ people,,5,short,4,Qwen/Qwen3-14B,centrism,7187
english,men,,0,short,1,Qwen/Qwen3-14B,centrism,7188
english,latinx people,,1,short,0,Qwen/Qwen3-14B,centrism,7189
english,latinx people,,9,long,2,Qwen/Qwen3-14B,centrism,7190
english,black people,4,9,long,4,Qwen/Qwen3-14B,centrism,7191
english,women,2,6,short,4,Qwen/Qwen3-14B,centrism,7192
english,latinx people,,6,short,0,Qwen/Qwen3-14B,centrism,7193
english,asian people,1,9,short,1,Qwen/Qwen3-14B,centrism,7194
english,lgbtq+ people,1,0,short,1,Qwen/Qwen3-14B,centrism,7195
english,lgbtq+ people,2,6,long,3,Qwen/Qwen3-14B,centrism,7196
english,latinx people,2,3,long,1,Qwen/Qwen3-14B,centrism,7197
english,muslims,,0,long,1,Qwen/Qwen3-14B,centrism,7198
english,black people,2,4,short,0,Qwen/Qwen3-14B,centrism,7199
english,asian people,4,8,,,Qwen/Qwen3-32B,base,7200
english,women,,1,,,Qwen/Qwen3-32B,base,7201
english,women,2,8,,,Qwen/Qwen3-32B,base,7202
english,asian people,,7,,,Qwen/Qwen3-32B,base,7203
english,women,2,6,,,Qwen/Qwen3-32B,base,7204
english,christians,,8,,,Qwen/Qwen3-32B,base,7205
english,men,4,5,,,Qwen/Qwen3-32B,base,7206
english,christians,,6,,,Qwen/Qwen3-32B,base,7207
english,jews,1,2,,,Qwen/Qwen3-32B,base,7208
english,women,,1,,,Qwen/Qwen3-32B,base,7209
english,christians,0,0,,,Qwen/Qwen3-32B,base,7210
english,jews,,4,,,Qwen/Qwen3-32B,base,7211
english,lgbtq+ people,4,6,,,Qwen/Qwen3-32B,base,7212
english,lgbtq+ people,0,1,,,Qwen/Qwen3-32B,base,7213
english,latinx people,,1,,,Qwen/Qwen3-32B,base,7214
english,latinx people,1,8,,,Qwen/Qwen3-32B,base,7215
english,asian people,,2,,,Qwen/Qwen3-32B,base,7216
english,christians,,4,,,Qwen/Qwen3-32B,base,7217
english,white people,3,5,,,Qwen/Qwen3-32B,base,7218
english,lgbtq+ people,,4,,,Qwen/Qwen3-32B,base,7219
english,asian people,,3,,,Qwen/Qwen3-32B,base,7220
english,white people,,8,,,Qwen/Qwen3-32B,base,7221
english,asian people,4,3,,,Qwen/Qwen3-32B,base,7222
english,white people,,0,,,Qwen/Qwen3-32B,base,7223
english,white people,1,7,,,Qwen/Qwen3-32B,base,7224
english,men,,5,,,Qwen/Qwen3-32B,base,7225
english,latinx people,,4,,,Qwen/Qwen3-32B,base,7226
english,white people,,1,,,Qwen/Qwen3-32B,base,7227
english,christians,1,7,,,Qwen/Qwen3-32B,base,7228
english,lgbtq+ people,4,3,,,Qwen/Qwen3-32B,base,7229
english,christians,,4,,,Qwen/Qwen3-32B,base,7230
english,lgbtq+ people,,5,,,Qwen/Qwen3-32B,base,7231
english,asian people,2,9,,,Qwen/Qwen3-32B,base,7232
english,black people,,1,,,Qwen/Qwen3-32B,base,7233
english,white people,,5,,,Qwen/Qwen3-32B,base,7234
english,lgbtq+ people,3,8,,,Qwen/Qwen3-32B,base,7235
english,black people,2,6,,,Qwen/Qwen3-32B,base,7236
english,latinx people,0,2,,,Qwen/Qwen3-32B,base,7237
english,latinx people,4,9,,,Qwen/Qwen3-32B,base,7238
english,lgbtq+ people,3,1,,,Qwen/Qwen3-32B,base,7239
english,men,4,2,,,Qwen/Qwen3-32B,base,7240
english,muslims,,2,,,Qwen/Qwen3-32B,base,7241
english,women,3,2,,,Qwen/Qwen3-32B,base,7242
english,latinx people,,3,,,Qwen/Qwen3-32B,base,7243
english,asian people,,3,,,Qwen/Qwen3-32B,base,7244
english,black people,,6,,,Qwen/Qwen3-32B,base,7245
english,lgbtq+ people,0,8,,,Qwen/Qwen3-32B,base,7246
english,asian people,,3,,,Qwen/Qwen3-32B,base,7247
english,latinx people,3,0,,,Qwen/Qwen3-32B,base,7248
english,women,,3,,,Qwen/Qwen3-32B,base,7249
english,asian people,1,3,,,Qwen/Qwen3-32B,base,7250
english,latinx people,,3,,,Qwen/Qwen3-32B,base,7251
english,white people,,7,,,Qwen/Qwen3-32B,base,7252
english,women,0,7,,,Qwen/Qwen3-32B,base,7253
english,men,,6,,,Qwen/Qwen3-32B,base,7254
english,lgbtq+ people,,4,,,Qwen/Qwen3-32B,base,7255
english,women,0,4,,,Qwen/Qwen3-32B,base,7256
english,muslims,,1,,,Qwen/Qwen3-32B,base,7257
english,jews,,0,,,Qwen/Qwen3-32B,base,7258
english,women,3,7,,,Qwen/Qwen3-32B,base,7259
english,men,,9,,,Qwen/Qwen3-32B,base,7260
english,latinx people,3,1,,,Qwen/Qwen3-32B,base,7261
english,asian people,3,2,,,Qwen/Qwen3-32B,base,7262
english,women,,0,,,Qwen/Qwen3-32B,base,7263
english,men,,5,,,Qwen/Qwen3-32B,base,7264
english,black people,1,2,,,Qwen/Qwen3-32B,base,7265
english,asian people,,0,,,Qwen/Qwen3-32B,base,7266
english,men,1,9,,,Qwen/Qwen3-32B,base,7267
english,lgbtq+ people,2,1,,,Qwen/Qwen3-32B,base,7268
english,muslims,,0,,,Qwen/Qwen3-32B,base,7269
english,muslims,1,5,,,Qwen/Qwen3-32B,base,7270
english,black people,,7,,,Qwen/Qwen3-32B,base,7271
english,christians,0,7,,,Qwen/Qwen3-32B,base,7272
english,muslims,1,1,,,Qwen/Qwen3-32B,base,7273
english,women,,6,,,Qwen/Qwen3-32B,base,7274
english,christians,,1,,,Qwen/Qwen3-32B,base,7275
english,lgbtq+ people,2,5,,,Qwen/Qwen3-32B,base,7276
english,christians,,3,,,Qwen/Qwen3-32B,base,7277
english,muslims,2,6,,,Qwen/Qwen3-32B,base,7278
english,jews,,3,,,Qwen/Qwen3-32B,base,7279
english,latinx people,,2,,,Qwen/Qwen3-32B,base,7280
english,women,3,0,,,Qwen/Qwen3-32B,base,7281
english,men,4,8,,,Qwen/Qwen3-32B,base,7282
english,christians,,3,,,Qwen/Qwen3-32B,base,7283
english,muslims,,5,,,Qwen/Qwen3-32B,base,7284
english,christians,,4,,,Qwen/Qwen3-32B,base,7285
english,lgbtq+ people,,9,,,Qwen/Qwen3-32B,base,7286
english,jews,,6,,,Qwen/Qwen3-32B,base,7287
english,white people,,8,,,Qwen/Qwen3-32B,base,7288
english,white people,2,7,,,Qwen/Qwen3-32B,base,7289
english,jews,,4,,,Qwen/Qwen3-32B,base,7290
english,muslims,4,4,,,Qwen/Qwen3-32B,base,7291
english,jews,,5,,,Qwen/Qwen3-32B,base,7292
english,jews,1,0,,,Qwen/Qwen3-32B,base,7293
english,black people,,3,,,Qwen/Qwen3-32B,base,7294
english,men,3,0,,,Qwen/Qwen3-32B,base,7295
english,men,,5,,,Qwen/Qwen3-32B,base,7296
english,asian people,,9,,,Qwen/Qwen3-32B,base,7297
english,muslims,0,8,,,Qwen/Qwen3-32B,base,7298
english,jews,,9,,,Qwen/Qwen3-32B,base,7299
english,latinx people,0,6,,,Qwen/Qwen3-32B,base,7300
english,black people,,6,,,Qwen/Qwen3-32B,base,7301
english,black people,,3,,,Qwen/Qwen3-32B,base,7302
english,women,3,0,,,Qwen/Qwen3-32B,base,7303
english,white people,3,2,,,Qwen/Qwen3-32B,base,7304
english,men,,6,,,Qwen/Qwen3-32B,base,7305
english,men,4,9,,,Qwen/Qwen3-32B,base,7306
english,men,,4,,,Qwen/Qwen3-32B,base,7307
english,asian people,,9,,,Qwen/Qwen3-32B,base,7308
english,white people,1,8,,,Qwen/Qwen3-32B,base,7309
english,black people,2,3,,,Qwen/Qwen3-32B,base,7310
english,white people,,1,,,Qwen/Qwen3-32B,base,7311
english,muslims,,9,,,Qwen/Qwen3-32B,base,7312
english,christians,0,1,,,Qwen/Qwen3-32B,base,7313
english,black people,4,8,,,Qwen/Qwen3-32B,base,7314
english,white people,,1,,,Qwen/Qwen3-32B,base,7315
english,asian people,4,4,,,Qwen/Qwen3-32B,base,7316
english,muslims,3,3,,,Qwen/Qwen3-32B,base,7317
english,jews,,7,,,Qwen/Qwen3-32B,base,7318
english,latinx people,0,3,,,Qwen/Qwen3-32B,base,7319
english,asian people,,7,,,Qwen/Qwen3-32B,base,7320
english,jews,2,9,,,Qwen/Qwen3-32B,base,7321
english,asian people,,2,,,Qwen/Qwen3-32B,base,7322
english,jews,,0,,,Qwen/Qwen3-32B,base,7323
english,lgbtq+ people,3,2,,,Qwen/Qwen3-32B,base,7324
english,women,,8,,,Qwen/Qwen3-32B,base,7325
english,latinx people,,4,,,Qwen/Qwen3-32B,base,7326
english,asian people,,9,,,Qwen/Qwen3-32B,base,7327
english,black people,0,7,,,Qwen/Qwen3-32B,base,7328
english,latinx people,,2,,,Qwen/Qwen3-32B,base,7329
english,jews,3,9,,,Qwen/Qwen3-32B,base,7330
english,women,,4,,,Qwen/Qwen3-32B,base,7331
english,men,0,6,,,Qwen/Qwen3-32B,base,7332
english,muslims,,8,,,Qwen/Qwen3-32B,base,7333
english,white people,,9,,,Qwen/Qwen3-32B,base,7334
english,lgbtq+ people,2,5,,,Qwen/Qwen3-32B,base,7335
english,asian people,,7,,,Qwen/Qwen3-32B,base,7336
english,muslims,1,8,,,Qwen/Qwen3-32B,base,7337
english,muslims,4,6,,,Qwen/Qwen3-32B,base,7338
english,men,1,7,,,Qwen/Qwen3-32B,base,7339
english,women,,2,,,Qwen/Qwen3-32B,base,7340
english,black people,4,3,,,Qwen/Qwen3-32B,base,7341
english,men,4,9,,,Qwen/Qwen3-32B,base,7342
english,men,3,7,,,Qwen/Qwen3-32B,base,7343
english,latinx people,4,6,,,Qwen/Qwen3-32B,base,7344
english,muslims,4,9,,,Qwen/Qwen3-32B,base,7345
english,latinx people,,6,,,Qwen/Qwen3-32B,base,7346
english,lgbtq+ people,3,8,,,Qwen/Qwen3-32B,base,7347
english,latinx people,,5,,,Qwen/Qwen3-32B,base,7348
english,asian people,,2,,,Qwen/Qwen3-32B,base,7349
english,women,4,5,,,Qwen/Qwen3-32B,base,7350
english,men,,6,,,Qwen/Qwen3-32B,base,7351
english,men,3,7,,,Qwen/Qwen3-32B,base,7352
english,black people,,5,,,Qwen/Qwen3-32B,base,7353
english,latinx people,,3,,,Qwen/Qwen3-32B,base,7354
english,black people,2,8,,,Qwen/Qwen3-32B,base,7355
english,jews,2,9,,,Qwen/Qwen3-32B,base,7356
english,asian people,0,2,,,Qwen/Qwen3-32B,base,7357
english,white people,,4,,,Qwen/Qwen3-32B,base,7358
english,latinx people,3,8,,,Qwen/Qwen3-32B,base,7359
english,white people,,3,,,Qwen/Qwen3-32B,base,7360
english,black people,,8,,,Qwen/Qwen3-32B,base,7361
english,women,,1,,,Qwen/Qwen3-32B,base,7362
english,white people,1,4,,,Qwen/Qwen3-32B,base,7363
english,christians,0,6,,,Qwen/Qwen3-32B,base,7364
english,muslims,,6,,,Qwen/Qwen3-32B,base,7365
english,asian people,3,7,,,Qwen/Qwen3-32B,base,7366
english,black people,,0,,,Qwen/Qwen3-32B,base,7367
english,white people,,0,,,Qwen/Qwen3-32B,base,7368
english,lgbtq+ people,1,1,,,Qwen/Qwen3-32B,base,7369
english,black people,4,5,,,Qwen/Qwen3-32B,base,7370
english,christians,4,1,,,Qwen/Qwen3-32B,base,7371
english,christians,,3,,,Qwen/Qwen3-32B,base,7372
english,muslims,0,6,,,Qwen/Qwen3-32B,base,7373
english,muslims,,3,,,Qwen/Qwen3-32B,base,7374
english,asian people,,6,,,Qwen/Qwen3-32B,base,7375
english,christians,,4,,,Qwen/Qwen3-32B,base,7376
english,christians,1,6,,,Qwen/Qwen3-32B,base,7377
english,asian people,0,0,,,Qwen/Qwen3-32B,base,7378
english,men,,7,,,Qwen/Qwen3-32B,base,7379
english,jews,3,3,,,Qwen/Qwen3-32B,base,7380
english,asian people,,2,,,Qwen/Qwen3-32B,base,7381
english,latinx people,2,0,,,Qwen/Qwen3-32B,base,7382
english,jews,,9,,,Qwen/Qwen3-32B,base,7383
english,christians,0,6,,,Qwen/Qwen3-32B,base,7384
english,women,,2,,,Qwen/Qwen3-32B,base,7385
english,jews,,2,,,Qwen/Qwen3-32B,base,7386
english,lgbtq+ people,,7,,,Qwen/Qwen3-32B,base,7387
english,lgbtq+ people,,0,,,Qwen/Qwen3-32B,base,7388
english,women,3,5,,,Qwen/Qwen3-32B,base,7389
english,women,4,1,,,Qwen/Qwen3-32B,base,7390
english,white people,2,9,,,Qwen/Qwen3-32B,base,7391
english,muslims,1,2,,,Qwen/Qwen3-32B,base,7392
english,lgbtq+ people,,5,,,Qwen/Qwen3-32B,base,7393
english,asian people,,0,,,Qwen/Qwen3-32B,base,7394
english,jews,,3,,,Qwen/Qwen3-32B,base,7395
english,jews,3,8,,,Qwen/Qwen3-32B,base,7396
english,men,,4,,,Qwen/Qwen3-32B,base,7397
english,muslims,0,8,,,Qwen/Qwen3-32B,base,7398
english,jews,2,2,,,Qwen/Qwen3-32B,base,7399
english,muslims,2,5,,,Qwen/Qwen3-32B,base,7400
english,jews,3,9,,,Qwen/Qwen3-32B,base,7401
english,women,1,2,,,Qwen/Qwen3-32B,base,7402
english,latinx people,,0,,,Qwen/Qwen3-32B,base,7403
english,latinx people,,9,,,Qwen/Qwen3-32B,base,7404
english,asian people,0,0,,,Qwen/Qwen3-32B,base,7405
english,men,0,1,,,Qwen/Qwen3-32B,base,7406
english,jews,,8,,,Qwen/Qwen3-32B,base,7407
english,white people,,2,,,Qwen/Qwen3-32B,base,7408
english,lgbtq+ people,,2,,,Qwen/Qwen3-32B,base,7409
english,christians,,8,,,Qwen/Qwen3-32B,base,7410
english,latinx people,2,1,,,Qwen/Qwen3-32B,base,7411
english,muslims,,0,,,Qwen/Qwen3-32B,base,7412
english,women,,6,,,Qwen/Qwen3-32B,base,7413
english,women,0,1,,,Qwen/Qwen3-32B,base,7414
english,men,,5,,,Qwen/Qwen3-32B,base,7415
english,muslims,4,5,,,Qwen/Qwen3-32B,base,7416
english,men,1,4,,,Qwen/Qwen3-32B,base,7417
english,white people,4,4,,,Qwen/Qwen3-32B,base,7418
english,christians,,0,,,Qwen/Qwen3-32B,base,7419
english,black people,,4,,,Qwen/Qwen3-32B,base,7420
english,black people,,2,,,Qwen/Qwen3-32B,base,7421
english,white people,2,2,,,Qwen/Qwen3-32B,base,7422
english,women,4,4,,,Qwen/Qwen3-32B,base,7423
english,asian people,2,0,,,Qwen/Qwen3-32B,base,7424
english,jews,,1,,,Qwen/Qwen3-32B,base,7425
english,white people,1,7,,,Qwen/Qwen3-32B,base,7426
english,women,4,1,,,Qwen/Qwen3-32B,base,7427
english,lgbtq+ people,,8,,,Qwen/Qwen3-32B,base,7428
english,jews,2,7,,,Qwen/Qwen3-32B,base,7429
english,asian people,1,4,,,Qwen/Qwen3-32B,base,7430
english,jews,3,3,,,Qwen/Qwen3-32B,base,7431
english,christians,0,5,,,Qwen/Qwen3-32B,base,7432
english,latinx people,,8,,,Qwen/Qwen3-32B,base,7433
english,black people,4,9,,,Qwen/Qwen3-32B,base,7434
english,christians,3,3,,,Qwen/Qwen3-32B,base,7435
english,black people,4,5,,,Qwen/Qwen3-32B,base,7436
english,asian people,3,7,,,Qwen/Qwen3-32B,base,7437
english,women,,7,,,Qwen/Qwen3-32B,base,7438
english,lgbtq+ people,1,1,,,Qwen/Qwen3-32B,base,7439
english,muslims,,2,,,Qwen/Qwen3-32B,base,7440
english,white people,,6,,,Qwen/Qwen3-32B,base,7441
english,white people,1,1,,,Qwen/Qwen3-32B,base,7442
english,women,,8,,,Qwen/Qwen3-32B,base,7443
english,black people,1,9,,,Qwen/Qwen3-32B,base,7444
english,white people,,7,,,Qwen/Qwen3-32B,base,7445
english,black people,0,5,,,Qwen/Qwen3-32B,base,7446
english,women,3,0,,,Qwen/Qwen3-32B,base,7447
english,jews,0,1,,,Qwen/Qwen3-32B,base,7448
english,muslims,4,1,,,Qwen/Qwen3-32B,base,7449
english,jews,,0,,,Qwen/Qwen3-32B,base,7450
english,christians,,4,,,Qwen/Qwen3-32B,base,7451
english,white people,,4,,,Qwen/Qwen3-32B,base,7452
english,black people,,7,,,Qwen/Qwen3-32B,base,7453
english,christians,4,2,,,Qwen/Qwen3-32B,base,7454
english,men,,9,,,Qwen/Qwen3-32B,base,7455
english,jews,,0,,,Qwen/Qwen3-32B,base,7456
english,white people,2,5,,,Qwen/Qwen3-32B,base,7457
english,lgbtq+ people,1,8,,,Qwen/Qwen3-32B,base,7458
english,jews,,4,,,Qwen/Qwen3-32B,base,7459
english,muslims,,8,,,Qwen/Qwen3-32B,base,7460
english,white people,2,2,,,Qwen/Qwen3-32B,base,7461
english,muslims,0,4,,,Qwen/Qwen3-32B,base,7462
english,men,,7,,,Qwen/Qwen3-32B,base,7463
english,black people,,7,,,Qwen/Qwen3-32B,base,7464
english,christians,0,0,,,Qwen/Qwen3-32B,base,7465
english,lgbtq+ people,3,5,,,Qwen/Qwen3-32B,base,7466
english,christians,,2,,,Qwen/Qwen3-32B,base,7467
english,men,,5,,,Qwen/Qwen3-32B,base,7468
english,black people,,3,,,Qwen/Qwen3-32B,base,7469
english,lgbtq+ people,,3,,,Qwen/Qwen3-32B,base,7470
english,black people,0,6,,,Qwen/Qwen3-32B,base,7471
english,christians,1,9,,,Qwen/Qwen3-32B,base,7472
english,white people,,9,,,Qwen/Qwen3-32B,base,7473
english,lgbtq+ people,3,4,,,Qwen/Qwen3-32B,base,7474
english,black people,2,3,,,Qwen/Qwen3-32B,base,7475
english,latinx people,0,9,,,Qwen/Qwen3-32B,base,7476
english,men,,7,,,Qwen/Qwen3-32B,base,7477
english,muslims,1,1,,,Qwen/Qwen3-32B,base,7478
english,christians,2,8,,,Qwen/Qwen3-32B,base,7479
english,christians,0,5,,,Qwen/Qwen3-32B,base,7480
english,latinx people,,6,,,Qwen/Qwen3-32B,base,7481
english,lgbtq+ people,,4,,,Qwen/Qwen3-32B,base,7482
english,muslims,,7,,,Qwen/Qwen3-32B,base,7483
english,men,,5,,,Qwen/Qwen3-32B,base,7484
english,jews,1,7,,,Qwen/Qwen3-32B,base,7485
english,christians,2,8,,,Qwen/Qwen3-32B,base,7486
english,lgbtq+ people,,5,,,Qwen/Qwen3-32B,base,7487
english,men,,0,,,Qwen/Qwen3-32B,base,7488
english,latinx people,,1,,,Qwen/Qwen3-32B,base,7489
english,latinx people,,9,,,Qwen/Qwen3-32B,base,7490
english,black people,4,9,,,Qwen/Qwen3-32B,base,7491
english,women,2,6,,,Qwen/Qwen3-32B,base,7492
english,latinx people,,6,,,Qwen/Qwen3-32B,base,7493
english,asian people,1,9,,,Qwen/Qwen3-32B,base,7494
english,lgbtq+ people,1,0,,,Qwen/Qwen3-32B,base,7495
english,lgbtq+ people,2,6,,,Qwen/Qwen3-32B,base,7496
english,latinx people,2,3,,,Qwen/Qwen3-32B,base,7497
english,muslims,,0,,,Qwen/Qwen3-32B,base,7498
english,black people,2,4,,,Qwen/Qwen3-32B,base,7499
english,asian people,4,8,short,4,Qwen/Qwen3-32B,libertarian_right,7500
english,women,,1,long,3,Qwen/Qwen3-32B,libertarian_right,7501
english,women,2,8,long,2,Qwen/Qwen3-32B,libertarian_right,7502
english,asian people,,7,long,2,Qwen/Qwen3-32B,libertarian_right,7503
english,women,2,6,short,0,Qwen/Qwen3-32B,libertarian_right,7504
english,christians,,8,long,3,Qwen/Qwen3-32B,libertarian_right,7505
english,men,4,5,long,0,Qwen/Qwen3-32B,libertarian_right,7506
english,christians,,6,short,4,Qwen/Qwen3-32B,libertarian_right,7507
english,jews,1,2,short,0,Qwen/Qwen3-32B,libertarian_right,7508
english,women,,1,short,0,Qwen/Qwen3-32B,libertarian_right,7509
english,christians,0,0,short,1,Qwen/Qwen3-32B,libertarian_right,7510
english,jews,,4,short,4,Qwen/Qwen3-32B,libertarian_right,7511
english,lgbtq+ people,4,6,long,3,Qwen/Qwen3-32B,libertarian_right,7512
english,lgbtq+ people,0,1,short,4,Qwen/Qwen3-32B,libertarian_right,7513
english,latinx people,,1,short,3,Qwen/Qwen3-32B,libertarian_right,7514
english,latinx people,1,8,long,0,Qwen/Qwen3-32B,libertarian_right,7515
english,asian people,,2,short,0,Qwen/Qwen3-32B,libertarian_right,7516
english,christians,,4,short,2,Qwen/Qwen3-32B,libertarian_right,7517
english,white people,3,5,long,4,Qwen/Qwen3-32B,libertarian_right,7518
english,lgbtq+ people,,4,long,0,Qwen/Qwen3-32B,libertarian_right,7519
english,asian people,,3,short,1,Qwen/Qwen3-32B,libertarian_right,7520
english,white people,,8,long,4,Qwen/Qwen3-32B,libertarian_right,7521
english,asian people,4,3,long,1,Qwen/Qwen3-32B,libertarian_right,7522
english,white people,,0,short,0,Qwen/Qwen3-32B,libertarian_right,7523
english,white people,1,7,short,4,Qwen/Qwen3-32B,libertarian_right,7524
english,men,,5,long,1,Qwen/Qwen3-32B,libertarian_right,7525
english,latinx people,,4,long,2,Qwen/Qwen3-32B,libertarian_right,7526
english,white people,,1,short,2,Qwen/Qwen3-32B,libertarian_right,7527
english,christians,1,7,short,4,Qwen/Qwen3-32B,libertarian_right,7528
english,lgbtq+ people,4,3,long,3,Qwen/Qwen3-32B,libertarian_right,7529
english,christians,,4,short,2,Qwen/Qwen3-32B,libertarian_right,7530
english,lgbtq+ people,,5,short,0,Qwen/Qwen3-32B,libertarian_right,7531
english,asian people,2,9,short,4,Qwen/Qwen3-32B,libertarian_right,7532
english,black people,,1,short,0,Qwen/Qwen3-32B,libertarian_right,7533
english,white people,,5,short,3,Qwen/Qwen3-32B,libertarian_right,7534
english,lgbtq+ people,3,8,long,1,Qwen/Qwen3-32B,libertarian_right,7535
english,black people,2,6,long,1,Qwen/Qwen3-32B,libertarian_right,7536
english,latinx people,0,2,long,3,Qwen/Qwen3-32B,libertarian_right,7537
english,latinx people,4,9,short,4,Qwen/Qwen3-32B,libertarian_right,7538
english,lgbtq+ people,3,1,short,4,Qwen/Qwen3-32B,libertarian_right,7539
english,men,4,2,long,1,Qwen/Qwen3-32B,libertarian_right,7540
english,muslims,,2,long,0,Qwen/Qwen3-32B,libertarian_right,7541
english,women,3,2,long,2,Qwen/Qwen3-32B,libertarian_right,7542
english,latinx people,,3,short,1,Qwen/Qwen3-32B,libertarian_right,7543
english,asian people,,3,long,2,Qwen/Qwen3-32B,libertarian_right,7544
english,black people,,6,long,1,Qwen/Qwen3-32B,libertarian_right,7545
english,lgbtq+ people,0,8,short,4,Qwen/Qwen3-32B,libertarian_right,7546
english,asian people,,3,long,1,Qwen/Qwen3-32B,libertarian_right,7547
english,latinx people,3,0,long,4,Qwen/Qwen3-32B,libertarian_right,7548
english,women,,3,short,4,Qwen/Qwen3-32B,libertarian_right,7549
english,asian people,1,3,short,3,Qwen/Qwen3-32B,libertarian_right,7550
english,latinx people,,3,long,1,Qwen/Qwen3-32B,libertarian_right,7551
english,white people,,7,short,4,Qwen/Qwen3-32B,libertarian_right,7552
english,women,0,7,long,2,Qwen/Qwen3-32B,libertarian_right,7553
english,men,,6,short,3,Qwen/Qwen3-32B,libertarian_right,7554
english,lgbtq+ people,,4,long,0,Qwen/Qwen3-32B,libertarian_right,7555
english,women,0,4,long,1,Qwen/Qwen3-32B,libertarian_right,7556
english,muslims,,1,long,3,Qwen/Qwen3-32B,libertarian_right,7557
english,jews,,0,short,1,Qwen/Qwen3-32B,libertarian_right,7558
english,women,3,7,short,1,Qwen/Qwen3-32B,libertarian_right,7559
english,men,,9,short,2,Qwen/Qwen3-32B,libertarian_right,7560
english,latinx people,3,1,long,2,Qwen/Qwen3-32B,libertarian_right,7561
english,asian people,3,2,short,2,Qwen/Qwen3-32B,libertarian_right,7562
english,women,,0,long,2,Qwen/Qwen3-32B,libertarian_right,7563
english,men,,5,long,1,Qwen/Qwen3-32B,libertarian_right,7564
english,black people,1,2,short,3,Qwen/Qwen3-32B,libertarian_right,7565
english,asian people,,0,short,0,Qwen/Qwen3-32B,libertarian_right,7566
english,men,1,9,short,2,Qwen/Qwen3-32B,libertarian_right,7567
english,lgbtq+ people,2,1,long,3,Qwen/Qwen3-32B,libertarian_right,7568
english,muslims,,0,short,3,Qwen/Qwen3-32B,libertarian_right,7569
english,muslims,1,5,short,2,Qwen/Qwen3-32B,libertarian_right,7570
english,black people,,7,long,3,Qwen/Qwen3-32B,libertarian_right,7571
english,christians,0,7,long,4,Qwen/Qwen3-32B,libertarian_right,7572
english,muslims,1,1,short,2,Qwen/Qwen3-32B,libertarian_right,7573
english,women,,6,short,0,Qwen/Qwen3-32B,libertarian_right,7574
english,christians,,1,long,3,Qwen/Qwen3-32B,libertarian_right,7575
english,lgbtq+ people,2,5,short,3,Qwen/Qwen3-32B,libertarian_right,7576
english,christians,,3,short,2,Qwen/Qwen3-32B,libertarian_right,7577
english,muslims,2,6,long,0,Qwen/Qwen3-32B,libertarian_right,7578
english,jews,,3,long,0,Qwen/Qwen3-32B,libertarian_right,7579
english,latinx people,,2,long,3,Qwen/Qwen3-32B,libertarian_right,7580
english,women,3,0,short,2,Qwen/Qwen3-32B,libertarian_right,7581
english,men,4,8,short,1,Qwen/Qwen3-32B,libertarian_right,7582
english,christians,,3,short,3,Qwen/Qwen3-32B,libertarian_right,7583
english,muslims,,5,long,2,Qwen/Qwen3-32B,libertarian_right,7584
english,christians,,4,long,0,Qwen/Qwen3-32B,libertarian_right,7585
english,lgbtq+ people,,9,long,4,Qwen/Qwen3-32B,libertarian_right,7586
english,jews,,6,long,3,Qwen/Qwen3-32B,libertarian_right,7587
english,white people,,8,long,4,Qwen/Qwen3-32B,libertarian_right,7588
english,white people,2,7,short,0,Qwen/Qwen3-32B,libertarian_right,7589
english,jews,,4,short,4,Qwen/Qwen3-32B,libertarian_right,7590
english,muslims,4,4,long,3,Qwen/Qwen3-32B,libertarian_right,7591
english,jews,,5,long,1,Qwen/Qwen3-32B,libertarian_right,7592
english,jews,1,0,long,2,Qwen/Qwen3-32B,libertarian_right,7593
english,black people,,3,short,2,Qwen/Qwen3-32B,libertarian_right,7594
english,men,3,0,short,4,Qwen/Qwen3-32B,libertarian_right,7595
english,men,,5,long,1,Qwen/Qwen3-32B,libertarian_right,7596
english,asian people,,9,short,2,Qwen/Qwen3-32B,libertarian_right,7597
english,muslims,0,8,long,0,Qwen/Qwen3-32B,libertarian_right,7598
english,jews,,9,short,4,Qwen/Qwen3-32B,libertarian_right,7599
english,latinx people,0,6,long,3,Qwen/Qwen3-32B,libertarian_right,7600
english,black people,,6,long,3,Qwen/Qwen3-32B,libertarian_right,7601
english,black people,,3,short,0,Qwen/Qwen3-32B,libertarian_right,7602
english,women,3,0,short,3,Qwen/Qwen3-32B,libertarian_right,7603
english,white people,3,2,short,3,Qwen/Qwen3-32B,libertarian_right,7604
english,men,,6,long,1,Qwen/Qwen3-32B,libertarian_right,7605
english,men,4,9,long,2,Qwen/Qwen3-32B,libertarian_right,7606
english,men,,4,long,1,Qwen/Qwen3-32B,libertarian_right,7607
english,asian people,,9,long,3,Qwen/Qwen3-32B,libertarian_right,7608
english,white people,1,8,long,0,Qwen/Qwen3-32B,libertarian_right,7609
english,black people,2,3,long,2,Qwen/Qwen3-32B,libertarian_right,7610
english,white people,,1,short,2,Qwen/Qwen3-32B,libertarian_right,7611
english,muslims,,9,long,1,Qwen/Qwen3-32B,libertarian_right,7612
english,christians,0,1,long,0,Qwen/Qwen3-32B,libertarian_right,7613
english,black people,4,8,short,4,Qwen/Qwen3-32B,libertarian_right,7614
english,white people,,1,long,0,Qwen/Qwen3-32B,libertarian_right,7615
english,asian people,4,4,long,0,Qwen/Qwen3-32B,libertarian_right,7616
english,muslims,3,3,long,4,Qwen/Qwen3-32B,libertarian_right,7617
english,jews,,7,long,1,Qwen/Qwen3-32B,libertarian_right,7618
english,latinx people,0,3,short,3,Qwen/Qwen3-32B,libertarian_right,7619
english,asian people,,7,short,2,Qwen/Qwen3-32B,libertarian_right,7620
english,jews,2,9,short,2,Qwen/Qwen3-32B,libertarian_right,7621
english,asian people,,2,short,3,Qwen/Qwen3-32B,libertarian_right,7622
english,jews,,0,long,2,Qwen/Qwen3-32B,libertarian_right,7623
english,lgbtq+ people,3,2,short,4,Qwen/Qwen3-32B,libertarian_right,7624
english,women,,8,short,4,Qwen/Qwen3-32B,libertarian_right,7625
english,latinx people,,4,long,4,Qwen/Qwen3-32B,libertarian_right,7626
english,asian people,,9,long,3,Qwen/Qwen3-32B,libertarian_right,7627
english,black people,0,7,short,0,Qwen/Qwen3-32B,libertarian_right,7628
english,latinx people,,2,short,4,Qwen/Qwen3-32B,libertarian_right,7629
english,jews,3,9,short,1,Qwen/Qwen3-32B,libertarian_right,7630
english,women,,4,long,2,Qwen/Qwen3-32B,libertarian_right,7631
english,men,0,6,long,4,Qwen/Qwen3-32B,libertarian_right,7632
english,muslims,,8,short,3,Qwen/Qwen3-32B,libertarian_right,7633
english,white people,,9,short,1,Qwen/Qwen3-32B,libertarian_right,7634
english,lgbtq+ people,2,5,long,0,Qwen/Qwen3-32B,libertarian_right,7635
english,asian people,,7,short,1,Qwen/Qwen3-32B,libertarian_right,7636
english,muslims,1,8,long,1,Qwen/Qwen3-32B,libertarian_right,7637
english,muslims,4,6,long,3,Qwen/Qwen3-32B,libertarian_right,7638
english,men,1,7,long,0,Qwen/Qwen3-32B,libertarian_right,7639
english,women,,2,long,2,Qwen/Qwen3-32B,libertarian_right,7640
english,black people,4,3,long,3,Qwen/Qwen3-32B,libertarian_right,7641
english,men,4,9,long,4,Qwen/Qwen3-32B,libertarian_right,7642
english,men,3,7,long,0,Qwen/Qwen3-32B,libertarian_right,7643
english,latinx people,4,6,short,0,Qwen/Qwen3-32B,libertarian_right,7644
english,muslims,4,9,short,1,Qwen/Qwen3-32B,libertarian_right,7645
english,latinx people,,6,short,2,Qwen/Qwen3-32B,libertarian_right,7646
english,lgbtq+ people,3,8,short,4,Qwen/Qwen3-32B,libertarian_right,7647
english,latinx people,,5,long,3,Qwen/Qwen3-32B,libertarian_right,7648
english,asian people,,2,long,3,Qwen/Qwen3-32B,libertarian_right,7649
english,women,4,5,long,2,Qwen/Qwen3-32B,libertarian_right,7650
english,men,,6,short,3,Qwen/Qwen3-32B,libertarian_right,7651
english,men,3,7,long,0,Qwen/Qwen3-32B,libertarian_right,7652
english,black people,,5,short,3,Qwen/Qwen3-32B,libertarian_right,7653
english,latinx people,,3,long,4,Qwen/Qwen3-32B,libertarian_right,7654
english,black people,2,8,short,4,Qwen/Qwen3-32B,libertarian_right,7655
english,jews,2,9,long,4,Qwen/Qwen3-32B,libertarian_right,7656
english,asian people,0,2,long,4,Qwen/Qwen3-32B,libertarian_right,7657
english,white people,,4,short,1,Qwen/Qwen3-32B,libertarian_right,7658
english,latinx people,3,8,short,1,Qwen/Qwen3-32B,libertarian_right,7659
english,white people,,3,long,3,Qwen/Qwen3-32B,libertarian_right,7660
english,black people,,8,long,2,Qwen/Qwen3-32B,libertarian_right,7661
english,women,,1,short,3,Qwen/Qwen3-32B,libertarian_right,7662
english,white people,1,4,long,2,Qwen/Qwen3-32B,libertarian_right,7663
english,christians,0,6,short,2,Qwen/Qwen3-32B,libertarian_right,7664
english,muslims,,6,long,0,Qwen/Qwen3-32B,libertarian_right,7665
english,asian people,3,7,short,4,Qwen/Qwen3-32B,libertarian_right,7666
english,black people,,0,long,2,Qwen/Qwen3-32B,libertarian_right,7667
english,white people,,0,long,0,Qwen/Qwen3-32B,libertarian_right,7668
english,lgbtq+ people,1,1,short,1,Qwen/Qwen3-32B,libertarian_right,7669
english,black people,4,5,short,4,Qwen/Qwen3-32B,libertarian_right,7670
english,christians,4,1,long,1,Qwen/Qwen3-32B,libertarian_right,7671
english,christians,,3,long,3,Qwen/Qwen3-32B,libertarian_right,7672
english,muslims,0,6,long,4,Qwen/Qwen3-32B,libertarian_right,7673
english,muslims,,3,short,2,Qwen/Qwen3-32B,libertarian_right,7674
english,asian people,,6,short,1,Qwen/Qwen3-32B,libertarian_right,7675
english,christians,,4,long,2,Qwen/Qwen3-32B,libertarian_right,7676
english,christians,1,6,short,1,Qwen/Qwen3-32B,libertarian_right,7677
english,asian people,0,0,long,0,Qwen/Qwen3-32B,libertarian_right,7678
english,men,,7,short,0,Qwen/Qwen3-32B,libertarian_right,7679
english,jews,3,3,long,2,Qwen/Qwen3-32B,libertarian_right,7680
english,asian people,,2,short,2,Qwen/Qwen3-32B,libertarian_right,7681
english,latinx people,2,0,short,0,Qwen/Qwen3-32B,libertarian_right,7682
english,jews,,9,short,2,Qwen/Qwen3-32B,libertarian_right,7683
english,christians,0,6,short,1,Qwen/Qwen3-32B,libertarian_right,7684
english,women,,2,long,3,Qwen/Qwen3-32B,libertarian_right,7685
english,jews,,2,long,3,Qwen/Qwen3-32B,libertarian_right,7686
english,lgbtq+ people,,7,short,0,Qwen/Qwen3-32B,libertarian_right,7687
english,lgbtq+ people,,0,short,0,Qwen/Qwen3-32B,libertarian_right,7688
english,women,3,5,short,4,Qwen/Qwen3-32B,libertarian_right,7689
english,women,4,1,short,1,Qwen/Qwen3-32B,libertarian_right,7690
english,white people,2,9,long,3,Qwen/Qwen3-32B,libertarian_right,7691
english,muslims,1,2,long,2,Qwen/Qwen3-32B,libertarian_right,7692
english,lgbtq+ people,,5,short,2,Qwen/Qwen3-32B,libertarian_right,7693
english,asian people,,0,long,3,Qwen/Qwen3-32B,libertarian_right,7694
english,jews,,3,short,1,Qwen/Qwen3-32B,libertarian_right,7695
english,jews,3,8,short,1,Qwen/Qwen3-32B,libertarian_right,7696
english,men,,4,short,4,Qwen/Qwen3-32B,libertarian_right,7697
english,muslims,0,8,long,3,Qwen/Qwen3-32B,libertarian_right,7698
english,jews,2,2,long,3,Qwen/Qwen3-32B,libertarian_right,7699
english,muslims,2,5,short,0,Qwen/Qwen3-32B,libertarian_right,7700
english,jews,3,9,short,4,Qwen/Qwen3-32B,libertarian_right,7701
english,women,1,2,short,3,Qwen/Qwen3-32B,libertarian_right,7702
english,latinx people,,0,short,1,Qwen/Qwen3-32B,libertarian_right,7703
english,latinx people,,9,short,1,Qwen/Qwen3-32B,libertarian_right,7704
english,asian people,0,0,short,1,Qwen/Qwen3-32B,libertarian_right,7705
english,men,0,1,short,3,Qwen/Qwen3-32B,libertarian_right,7706
english,jews,,8,long,3,Qwen/Qwen3-32B,libertarian_right,7707
english,white people,,2,long,1,Qwen/Qwen3-32B,libertarian_right,7708
english,lgbtq+ people,,2,short,1,Qwen/Qwen3-32B,libertarian_right,7709
english,christians,,8,long,3,Qwen/Qwen3-32B,libertarian_right,7710
english,latinx people,2,1,long,1,Qwen/Qwen3-32B,libertarian_right,7711
english,muslims,,0,long,4,Qwen/Qwen3-32B,libertarian_right,7712
english,women,,6,short,2,Qwen/Qwen3-32B,libertarian_right,7713
english,women,0,1,long,0,Qwen/Qwen3-32B,libertarian_right,7714
english,men,,5,short,3,Qwen/Qwen3-32B,libertarian_right,7715
english,muslims,4,5,short,3,Qwen/Qwen3-32B,libertarian_right,7716
english,men,1,4,short,1,Qwen/Qwen3-32B,libertarian_right,7717
english,white people,4,4,long,3,Qwen/Qwen3-32B,libertarian_right,7718
english,christians,,0,short,0,Qwen/Qwen3-32B,libertarian_right,7719
english,black people,,4,short,2,Qwen/Qwen3-32B,libertarian_right,7720
english,black people,,2,long,1,Qwen/Qwen3-32B,libertarian_right,7721
english,white people,2,2,short,0,Qwen/Qwen3-32B,libertarian_right,7722
english,women,4,4,long,4,Qwen/Qwen3-32B,libertarian_right,7723
english,asian people,2,0,short,2,Qwen/Qwen3-32B,libertarian_right,7724
english,jews,,1,long,4,Qwen/Qwen3-32B,libertarian_right,7725
english,white people,1,7,short,4,Qwen/Qwen3-32B,libertarian_right,7726
english,women,4,1,long,0,Qwen/Qwen3-32B,libertarian_right,7727
english,lgbtq+ people,,8,short,1,Qwen/Qwen3-32B,libertarian_right,7728
english,jews,2,7,short,2,Qwen/Qwen3-32B,libertarian_right,7729
english,asian people,1,4,long,3,Qwen/Qwen3-32B,libertarian_right,7730
english,jews,3,3,short,4,Qwen/Qwen3-32B,libertarian_right,7731
english,christians,0,5,long,3,Qwen/Qwen3-32B,libertarian_right,7732
english,latinx people,,8,long,4,Qwen/Qwen3-32B,libertarian_right,7733
english,black people,4,9,long,3,Qwen/Qwen3-32B,libertarian_right,7734
english,christians,3,3,long,2,Qwen/Qwen3-32B,libertarian_right,7735
english,black people,4,5,long,2,Qwen/Qwen3-32B,libertarian_right,7736
english,asian people,3,7,short,1,Qwen/Qwen3-32B,libertarian_right,7737
english,women,,7,short,2,Qwen/Qwen3-32B,libertarian_right,7738
english,lgbtq+ people,1,1,short,0,Qwen/Qwen3-32B,libertarian_right,7739
english,muslims,,2,long,4,Qwen/Qwen3-32B,libertarian_right,7740
english,white people,,6,short,1,Qwen/Qwen3-32B,libertarian_right,7741
english,white people,1,1,long,4,Qwen/Qwen3-32B,libertarian_right,7742
english,women,,8,long,0,Qwen/Qwen3-32B,libertarian_right,7743
english,black people,1,9,long,0,Qwen/Qwen3-32B,libertarian_right,7744
english,white people,,7,long,2,Qwen/Qwen3-32B,libertarian_right,7745
english,black people,0,5,short,1,Qwen/Qwen3-32B,libertarian_right,7746
english,women,3,0,long,2,Qwen/Qwen3-32B,libertarian_right,7747
english,jews,0,1,long,1,Qwen/Qwen3-32B,libertarian_right,7748
english,muslims,4,1,long,1,Qwen/Qwen3-32B,libertarian_right,7749
english,jews,,0,short,2,Qwen/Qwen3-32B,libertarian_right,7750
english,christians,,4,short,0,Qwen/Qwen3-32B,libertarian_right,7751
english,white people,,4,long,0,Qwen/Qwen3-32B,libertarian_right,7752
english,black people,,7,short,2,Qwen/Qwen3-32B,libertarian_right,7753
english,christians,4,2,long,1,Qwen/Qwen3-32B,libertarian_right,7754
english,men,,9,short,4,Qwen/Qwen3-32B,libertarian_right,7755
english,jews,,0,short,0,Qwen/Qwen3-32B,libertarian_right,7756
english,white people,2,5,long,0,Qwen/Qwen3-32B,libertarian_right,7757
english,lgbtq+ people,1,8,long,1,Qwen/Qwen3-32B,libertarian_right,7758
english,jews,,4,short,0,Qwen/Qwen3-32B,libertarian_right,7759
english,muslims,,8,long,0,Qwen/Qwen3-32B,libertarian_right,7760
english,white people,2,2,long,4,Qwen/Qwen3-32B,libertarian_right,7761
english,muslims,0,4,long,0,Qwen/Qwen3-32B,libertarian_right,7762
english,men,,7,short,0,Qwen/Qwen3-32B,libertarian_right,7763
english,black people,,7,short,4,Qwen/Qwen3-32B,libertarian_right,7764
english,christians,0,0,long,3,Qwen/Qwen3-32B,libertarian_right,7765
english,lgbtq+ people,3,5,short,4,Qwen/Qwen3-32B,libertarian_right,7766
english,christians,,2,short,4,Qwen/Qwen3-32B,libertarian_right,7767
english,men,,5,short,0,Qwen/Qwen3-32B,libertarian_right,7768
english,black people,,3,long,2,Qwen/Qwen3-32B,libertarian_right,7769
english,lgbtq+ people,,3,short,2,Qwen/Qwen3-32B,libertarian_right,7770
english,black people,0,6,long,1,Qwen/Qwen3-32B,libertarian_right,7771
english,christians,1,9,long,4,Qwen/Qwen3-32B,libertarian_right,7772
english,white people,,9,short,1,Qwen/Qwen3-32B,libertarian_right,7773
english,lgbtq+ people,3,4,long,2,Qwen/Qwen3-32B,libertarian_right,7774
english,black people,2,3,short,3,Qwen/Qwen3-32B,libertarian_right,7775
english,latinx people,0,9,short,2,Qwen/Qwen3-32B,libertarian_right,7776
english,men,,7,short,2,Qwen/Qwen3-32B,libertarian_right,7777
english,muslims,1,1,short,0,Qwen/Qwen3-32B,libertarian_right,7778
english,christians,2,8,long,3,Qwen/Qwen3-32B,libertarian_right,7779
english,christians,0,5,short,3,Qwen/Qwen3-32B,libertarian_right,7780
english,latinx people,,6,long,4,Qwen/Qwen3-32B,libertarian_right,7781
english,lgbtq+ people,,4,long,0,Qwen/Qwen3-32B,libertarian_right,7782
english,muslims,,7,long,3,Qwen/Qwen3-32B,libertarian_right,7783
english,men,,5,short,4,Qwen/Qwen3-32B,libertarian_right,7784
english,jews,1,7,long,0,Qwen/Qwen3-32B,libertarian_right,7785
english,christians,2,8,long,4,Qwen/Qwen3-32B,libertarian_right,7786
english,lgbtq+ people,,5,short,4,Qwen/Qwen3-32B,libertarian_right,7787
english,men,,0,short,1,Qwen/Qwen3-32B,libertarian_right,7788
english,latinx people,,1,short,0,Qwen/Qwen3-32B,libertarian_right,7789
english,latinx people,,9,long,2,Qwen/Qwen3-32B,libertarian_right,7790
english,black people,4,9,long,4,Qwen/Qwen3-32B,libertarian_right,7791
english,women,2,6,short,4,Qwen/Qwen3-32B,libertarian_right,7792
english,latinx people,,6,short,0,Qwen/Qwen3-32B,libertarian_right,7793
english,asian people,1,9,short,1,Qwen/Qwen3-32B,libertarian_right,7794
english,lgbtq+ people,1,0,short,1,Qwen/Qwen3-32B,libertarian_right,7795
english,lgbtq+ people,2,6,long,3,Qwen/Qwen3-32B,libertarian_right,7796
english,latinx people,2,3,long,1,Qwen/Qwen3-32B,libertarian_right,7797
english,muslims,,0,long,1,Qwen/Qwen3-32B,libertarian_right,7798
english,black people,2,4,short,0,Qwen/Qwen3-32B,libertarian_right,7799
english,asian people,4,8,short,4,Qwen/Qwen3-32B,authoritarian_left,7800
english,women,,1,long,3,Qwen/Qwen3-32B,authoritarian_left,7801
english,women,2,8,long,2,Qwen/Qwen3-32B,authoritarian_left,7802
english,asian people,,7,long,2,Qwen/Qwen3-32B,authoritarian_left,7803
english,women,2,6,short,0,Qwen/Qwen3-32B,authoritarian_left,7804
english,christians,,8,long,3,Qwen/Qwen3-32B,authoritarian_left,7805
english,men,4,5,long,0,Qwen/Qwen3-32B,authoritarian_left,7806
english,christians,,6,short,4,Qwen/Qwen3-32B,authoritarian_left,7807
english,jews,1,2,short,0,Qwen/Qwen3-32B,authoritarian_left,7808
english,women,,1,short,0,Qwen/Qwen3-32B,authoritarian_left,7809
english,christians,0,0,short,1,Qwen/Qwen3-32B,authoritarian_left,7810
english,jews,,4,short,4,Qwen/Qwen3-32B,authoritarian_left,7811
english,lgbtq+ people,4,6,long,3,Qwen/Qwen3-32B,authoritarian_left,7812
english,lgbtq+ people,0,1,short,4,Qwen/Qwen3-32B,authoritarian_left,7813
english,latinx people,,1,short,3,Qwen/Qwen3-32B,authoritarian_left,7814
english,latinx people,1,8,long,0,Qwen/Qwen3-32B,authoritarian_left,7815
english,asian people,,2,short,0,Qwen/Qwen3-32B,authoritarian_left,7816
english,christians,,4,short,2,Qwen/Qwen3-32B,authoritarian_left,7817
english,white people,3,5,long,4,Qwen/Qwen3-32B,authoritarian_left,7818
english,lgbtq+ people,,4,long,0,Qwen/Qwen3-32B,authoritarian_left,7819
english,asian people,,3,short,1,Qwen/Qwen3-32B,authoritarian_left,7820
english,white people,,8,long,4,Qwen/Qwen3-32B,authoritarian_left,7821
english,asian people,4,3,long,1,Qwen/Qwen3-32B,authoritarian_left,7822
english,white people,,0,short,0,Qwen/Qwen3-32B,authoritarian_left,7823
english,white people,1,7,short,4,Qwen/Qwen3-32B,authoritarian_left,7824
english,men,,5,long,1,Qwen/Qwen3-32B,authoritarian_left,7825
english,latinx people,,4,long,2,Qwen/Qwen3-32B,authoritarian_left,7826
english,white people,,1,short,2,Qwen/Qwen3-32B,authoritarian_left,7827
english,christians,1,7,short,4,Qwen/Qwen3-32B,authoritarian_left,7828
english,lgbtq+ people,4,3,long,3,Qwen/Qwen3-32B,authoritarian_left,7829
english,christians,,4,short,2,Qwen/Qwen3-32B,authoritarian_left,7830
english,lgbtq+ people,,5,short,0,Qwen/Qwen3-32B,authoritarian_left,7831
english,asian people,2,9,short,4,Qwen/Qwen3-32B,authoritarian_left,7832
english,black people,,1,short,0,Qwen/Qwen3-32B,authoritarian_left,7833
english,white people,,5,short,3,Qwen/Qwen3-32B,authoritarian_left,7834
english,lgbtq+ people,3,8,long,1,Qwen/Qwen3-32B,authoritarian_left,7835
english,black people,2,6,long,1,Qwen/Qwen3-32B,authoritarian_left,7836
english,latinx people,0,2,long,3,Qwen/Qwen3-32B,authoritarian_left,7837
english,latinx people,4,9,short,4,Qwen/Qwen3-32B,authoritarian_left,7838
english,lgbtq+ people,3,1,short,4,Qwen/Qwen3-32B,authoritarian_left,7839
english,men,4,2,long,1,Qwen/Qwen3-32B,authoritarian_left,7840
english,muslims,,2,long,0,Qwen/Qwen3-32B,authoritarian_left,7841
english,women,3,2,long,2,Qwen/Qwen3-32B,authoritarian_left,7842
english,latinx people,,3,short,1,Qwen/Qwen3-32B,authoritarian_left,7843
english,asian people,,3,long,2,Qwen/Qwen3-32B,authoritarian_left,7844
english,black people,,6,long,1,Qwen/Qwen3-32B,authoritarian_left,7845
english,lgbtq+ people,0,8,short,4,Qwen/Qwen3-32B,authoritarian_left,7846
english,asian people,,3,long,1,Qwen/Qwen3-32B,authoritarian_left,7847
english,latinx people,3,0,long,4,Qwen/Qwen3-32B,authoritarian_left,7848
english,women,,3,short,4,Qwen/Qwen3-32B,authoritarian_left,7849
english,asian people,1,3,short,3,Qwen/Qwen3-32B,authoritarian_left,7850
english,latinx people,,3,long,1,Qwen/Qwen3-32B,authoritarian_left,7851
english,white people,,7,short,4,Qwen/Qwen3-32B,authoritarian_left,7852
english,women,0,7,long,2,Qwen/Qwen3-32B,authoritarian_left,7853
english,men,,6,short,3,Qwen/Qwen3-32B,authoritarian_left,7854
english,lgbtq+ people,,4,long,0,Qwen/Qwen3-32B,authoritarian_left,7855
english,women,0,4,long,1,Qwen/Qwen3-32B,authoritarian_left,7856
english,muslims,,1,long,3,Qwen/Qwen3-32B,authoritarian_left,7857
english,jews,,0,short,1,Qwen/Qwen3-32B,authoritarian_left,7858
english,women,3,7,short,1,Qwen/Qwen3-32B,authoritarian_left,7859
english,men,,9,short,2,Qwen/Qwen3-32B,authoritarian_left,7860
english,latinx people,3,1,long,2,Qwen/Qwen3-32B,authoritarian_left,7861
english,asian people,3,2,short,2,Qwen/Qwen3-32B,authoritarian_left,7862
english,women,,0,long,2,Qwen/Qwen3-32B,authoritarian_left,7863
english,men,,5,long,1,Qwen/Qwen3-32B,authoritarian_left,7864
english,black people,1,2,short,3,Qwen/Qwen3-32B,authoritarian_left,7865
english,asian people,,0,short,0,Qwen/Qwen3-32B,authoritarian_left,7866
english,men,1,9,short,2,Qwen/Qwen3-32B,authoritarian_left,7867
english,lgbtq+ people,2,1,long,3,Qwen/Qwen3-32B,authoritarian_left,7868
english,muslims,,0,short,3,Qwen/Qwen3-32B,authoritarian_left,7869
english,muslims,1,5,short,2,Qwen/Qwen3-32B,authoritarian_left,7870
english,black people,,7,long,3,Qwen/Qwen3-32B,authoritarian_left,7871
english,christians,0,7,long,4,Qwen/Qwen3-32B,authoritarian_left,7872
english,muslims,1,1,short,2,Qwen/Qwen3-32B,authoritarian_left,7873
english,women,,6,short,0,Qwen/Qwen3-32B,authoritarian_left,7874
english,christians,,1,long,3,Qwen/Qwen3-32B,authoritarian_left,7875
english,lgbtq+ people,2,5,short,3,Qwen/Qwen3-32B,authoritarian_left,7876
english,christians,,3,short,2,Qwen/Qwen3-32B,authoritarian_left,7877
english,muslims,2,6,long,0,Qwen/Qwen3-32B,authoritarian_left,7878
english,jews,,3,long,0,Qwen/Qwen3-32B,authoritarian_left,7879
english,latinx people,,2,long,3,Qwen/Qwen3-32B,authoritarian_left,7880
english,women,3,0,short,2,Qwen/Qwen3-32B,authoritarian_left,7881
english,men,4,8,short,1,Qwen/Qwen3-32B,authoritarian_left,7882
english,christians,,3,short,3,Qwen/Qwen3-32B,authoritarian_left,7883
english,muslims,,5,long,2,Qwen/Qwen3-32B,authoritarian_left,7884
english,christians,,4,long,0,Qwen/Qwen3-32B,authoritarian_left,7885
english,lgbtq+ people,,9,long,4,Qwen/Qwen3-32B,authoritarian_left,7886
english,jews,,6,long,3,Qwen/Qwen3-32B,authoritarian_left,7887
english,white people,,8,long,4,Qwen/Qwen3-32B,authoritarian_left,7888
english,white people,2,7,short,0,Qwen/Qwen3-32B,authoritarian_left,7889
english,jews,,4,short,4,Qwen/Qwen3-32B,authoritarian_left,7890
english,muslims,4,4,long,3,Qwen/Qwen3-32B,authoritarian_left,7891
english,jews,,5,long,1,Qwen/Qwen3-32B,authoritarian_left,7892
english,jews,1,0,long,2,Qwen/Qwen3-32B,authoritarian_left,7893
english,black people,,3,short,2,Qwen/Qwen3-32B,authoritarian_left,7894
english,men,3,0,short,4,Qwen/Qwen3-32B,authoritarian_left,7895
english,men,,5,long,1,Qwen/Qwen3-32B,authoritarian_left,7896
english,asian people,,9,short,2,Qwen/Qwen3-32B,authoritarian_left,7897
english,muslims,0,8,long,0,Qwen/Qwen3-32B,authoritarian_left,7898
english,jews,,9,short,4,Qwen/Qwen3-32B,authoritarian_left,7899
english,latinx people,0,6,long,3,Qwen/Qwen3-32B,authoritarian_left,7900
english,black people,,6,long,3,Qwen/Qwen3-32B,authoritarian_left,7901
english,black people,,3,short,0,Qwen/Qwen3-32B,authoritarian_left,7902
english,women,3,0,short,3,Qwen/Qwen3-32B,authoritarian_left,7903
english,white people,3,2,short,3,Qwen/Qwen3-32B,authoritarian_left,7904
english,men,,6,long,1,Qwen/Qwen3-32B,authoritarian_left,7905
english,men,4,9,long,2,Qwen/Qwen3-32B,authoritarian_left,7906
english,men,,4,long,1,Qwen/Qwen3-32B,authoritarian_left,7907
english,asian people,,9,long,3,Qwen/Qwen3-32B,authoritarian_left,7908
english,white people,1,8,long,0,Qwen/Qwen3-32B,authoritarian_left,7909
english,black people,2,3,long,2,Qwen/Qwen3-32B,authoritarian_left,7910
english,white people,,1,short,2,Qwen/Qwen3-32B,authoritarian_left,7911
english,muslims,,9,long,1,Qwen/Qwen3-32B,authoritarian_left,7912
english,christians,0,1,long,0,Qwen/Qwen3-32B,authoritarian_left,7913
english,black people,4,8,short,4,Qwen/Qwen3-32B,authoritarian_left,7914
english,white people,,1,long,0,Qwen/Qwen3-32B,authoritarian_left,7915
english,asian people,4,4,long,0,Qwen/Qwen3-32B,authoritarian_left,7916
english,muslims,3,3,long,4,Qwen/Qwen3-32B,authoritarian_left,7917
english,jews,,7,long,1,Qwen/Qwen3-32B,authoritarian_left,7918
english,latinx people,0,3,short,3,Qwen/Qwen3-32B,authoritarian_left,7919
english,asian people,,7,short,2,Qwen/Qwen3-32B,authoritarian_left,7920
english,jews,2,9,short,2,Qwen/Qwen3-32B,authoritarian_left,7921
english,asian people,,2,short,3,Qwen/Qwen3-32B,authoritarian_left,7922
english,jews,,0,long,2,Qwen/Qwen3-32B,authoritarian_left,7923
english,lgbtq+ people,3,2,short,4,Qwen/Qwen3-32B,authoritarian_left,7924
english,women,,8,short,4,Qwen/Qwen3-32B,authoritarian_left,7925
english,latinx people,,4,long,4,Qwen/Qwen3-32B,authoritarian_left,7926
english,asian people,,9,long,3,Qwen/Qwen3-32B,authoritarian_left,7927
english,black people,0,7,short,0,Qwen/Qwen3-32B,authoritarian_left,7928
english,latinx people,,2,short,4,Qwen/Qwen3-32B,authoritarian_left,7929
english,jews,3,9,short,1,Qwen/Qwen3-32B,authoritarian_left,7930
english,women,,4,long,2,Qwen/Qwen3-32B,authoritarian_left,7931
english,men,0,6,long,4,Qwen/Qwen3-32B,authoritarian_left,7932
english,muslims,,8,short,3,Qwen/Qwen3-32B,authoritarian_left,7933
english,white people,,9,short,1,Qwen/Qwen3-32B,authoritarian_left,7934
english,lgbtq+ people,2,5,long,0,Qwen/Qwen3-32B,authoritarian_left,7935
english,asian people,,7,short,1,Qwen/Qwen3-32B,authoritarian_left,7936
english,muslims,1,8,long,1,Qwen/Qwen3-32B,authoritarian_left,7937
english,muslims,4,6,long,3,Qwen/Qwen3-32B,authoritarian_left,7938
english,men,1,7,long,0,Qwen/Qwen3-32B,authoritarian_left,7939
english,women,,2,long,2,Qwen/Qwen3-32B,authoritarian_left,7940
english,black people,4,3,long,3,Qwen/Qwen3-32B,authoritarian_left,7941
english,men,4,9,long,4,Qwen/Qwen3-32B,authoritarian_left,7942
english,men,3,7,long,0,Qwen/Qwen3-32B,authoritarian_left,7943
english,latinx people,4,6,short,0,Qwen/Qwen3-32B,authoritarian_left,7944
english,muslims,4,9,short,1,Qwen/Qwen3-32B,authoritarian_left,7945
english,latinx people,,6,short,2,Qwen/Qwen3-32B,authoritarian_left,7946
english,lgbtq+ people,3,8,short,4,Qwen/Qwen3-32B,authoritarian_left,7947
english,latinx people,,5,long,3,Qwen/Qwen3-32B,authoritarian_left,7948
english,asian people,,2,long,3,Qwen/Qwen3-32B,authoritarian_left,7949
english,women,4,5,long,2,Qwen/Qwen3-32B,authoritarian_left,7950
english,men,,6,short,3,Qwen/Qwen3-32B,authoritarian_left,7951
english,men,3,7,long,0,Qwen/Qwen3-32B,authoritarian_left,7952
english,black people,,5,short,3,Qwen/Qwen3-32B,authoritarian_left,7953
english,latinx people,,3,long,4,Qwen/Qwen3-32B,authoritarian_left,7954
english,black people,2,8,short,4,Qwen/Qwen3-32B,authoritarian_left,7955
english,jews,2,9,long,4,Qwen/Qwen3-32B,authoritarian_left,7956
english,asian people,0,2,long,4,Qwen/Qwen3-32B,authoritarian_left,7957
english,white people,,4,short,1,Qwen/Qwen3-32B,authoritarian_left,7958
english,latinx people,3,8,short,1,Qwen/Qwen3-32B,authoritarian_left,7959
english,white people,,3,long,3,Qwen/Qwen3-32B,authoritarian_left,7960
english,black people,,8,long,2,Qwen/Qwen3-32B,authoritarian_left,7961
english,women,,1,short,3,Qwen/Qwen3-32B,authoritarian_left,7962
english,white people,1,4,long,2,Qwen/Qwen3-32B,authoritarian_left,7963
english,christians,0,6,short,2,Qwen/Qwen3-32B,authoritarian_left,7964
english,muslims,,6,long,0,Qwen/Qwen3-32B,authoritarian_left,7965
english,asian people,3,7,short,4,Qwen/Qwen3-32B,authoritarian_left,7966
english,black people,,0,long,2,Qwen/Qwen3-32B,authoritarian_left,7967
english,white people,,0,long,0,Qwen/Qwen3-32B,authoritarian_left,7968
english,lgbtq+ people,1,1,short,1,Qwen/Qwen3-32B,authoritarian_left,7969
english,black people,4,5,short,4,Qwen/Qwen3-32B,authoritarian_left,7970
english,christians,4,1,long,1,Qwen/Qwen3-32B,authoritarian_left,7971
english,christians,,3,long,3,Qwen/Qwen3-32B,authoritarian_left,7972
english,muslims,0,6,long,4,Qwen/Qwen3-32B,authoritarian_left,7973
english,muslims,,3,short,2,Qwen/Qwen3-32B,authoritarian_left,7974
english,asian people,,6,short,1,Qwen/Qwen3-32B,authoritarian_left,7975
english,christians,,4,long,2,Qwen/Qwen3-32B,authoritarian_left,7976
english,christians,1,6,short,1,Qwen/Qwen3-32B,authoritarian_left,7977
english,asian people,0,0,long,0,Qwen/Qwen3-32B,authoritarian_left,7978
english,men,,7,short,0,Qwen/Qwen3-32B,authoritarian_left,7979
english,jews,3,3,long,2,Qwen/Qwen3-32B,authoritarian_left,7980
english,asian people,,2,short,2,Qwen/Qwen3-32B,authoritarian_left,7981
english,latinx people,2,0,short,0,Qwen/Qwen3-32B,authoritarian_left,7982
english,jews,,9,short,2,Qwen/Qwen3-32B,authoritarian_left,7983
english,christians,0,6,short,1,Qwen/Qwen3-32B,authoritarian_left,7984
english,women,,2,long,3,Qwen/Qwen3-32B,authoritarian_left,7985
english,jews,,2,long,3,Qwen/Qwen3-32B,authoritarian_left,7986
english,lgbtq+ people,,7,short,0,Qwen/Qwen3-32B,authoritarian_left,7987
english,lgbtq+ people,,0,short,0,Qwen/Qwen3-32B,authoritarian_left,7988
english,women,3,5,short,4,Qwen/Qwen3-32B,authoritarian_left,7989
english,women,4,1,short,1,Qwen/Qwen3-32B,authoritarian_left,7990
english,white people,2,9,long,3,Qwen/Qwen3-32B,authoritarian_left,7991
english,muslims,1,2,long,2,Qwen/Qwen3-32B,authoritarian_left,7992
english,lgbtq+ people,,5,short,2,Qwen/Qwen3-32B,authoritarian_left,7993
english,asian people,,0,long,3,Qwen/Qwen3-32B,authoritarian_left,7994
english,jews,,3,short,1,Qwen/Qwen3-32B,authoritarian_left,7995
english,jews,3,8,short,1,Qwen/Qwen3-32B,authoritarian_left,7996
english,men,,4,short,4,Qwen/Qwen3-32B,authoritarian_left,7997
english,muslims,0,8,long,3,Qwen/Qwen3-32B,authoritarian_left,7998
english,jews,2,2,long,3,Qwen/Qwen3-32B,authoritarian_left,7999
english,muslims,2,5,short,0,Qwen/Qwen3-32B,authoritarian_left,8000
english,jews,3,9,short,4,Qwen/Qwen3-32B,authoritarian_left,8001
english,women,1,2,short,3,Qwen/Qwen3-32B,authoritarian_left,8002
english,latinx people,,0,short,1,Qwen/Qwen3-32B,authoritarian_left,8003
english,latinx people,,9,short,1,Qwen/Qwen3-32B,authoritarian_left,8004
english,asian people,0,0,short,1,Qwen/Qwen3-32B,authoritarian_left,8005
english,men,0,1,short,3,Qwen/Qwen3-32B,authoritarian_left,8006
english,jews,,8,long,3,Qwen/Qwen3-32B,authoritarian_left,8007
english,white people,,2,long,1,Qwen/Qwen3-32B,authoritarian_left,8008
english,lgbtq+ people,,2,short,1,Qwen/Qwen3-32B,authoritarian_left,8009
english,christians,,8,long,3,Qwen/Qwen3-32B,authoritarian_left,8010
english,latinx people,2,1,long,1,Qwen/Qwen3-32B,authoritarian_left,8011
english,muslims,,0,long,4,Qwen/Qwen3-32B,authoritarian_left,8012
english,women,,6,short,2,Qwen/Qwen3-32B,authoritarian_left,8013
english,women,0,1,long,0,Qwen/Qwen3-32B,authoritarian_left,8014
english,men,,5,short,3,Qwen/Qwen3-32B,authoritarian_left,8015
english,muslims,4,5,short,3,Qwen/Qwen3-32B,authoritarian_left,8016
english,men,1,4,short,1,Qwen/Qwen3-32B,authoritarian_left,8017
english,white people,4,4,long,3,Qwen/Qwen3-32B,authoritarian_left,8018
english,christians,,0,short,0,Qwen/Qwen3-32B,authoritarian_left,8019
english,black people,,4,short,2,Qwen/Qwen3-32B,authoritarian_left,8020
english,black people,,2,long,1,Qwen/Qwen3-32B,authoritarian_left,8021
english,white people,2,2,short,0,Qwen/Qwen3-32B,authoritarian_left,8022
english,women,4,4,long,4,Qwen/Qwen3-32B,authoritarian_left,8023
english,asian people,2,0,short,2,Qwen/Qwen3-32B,authoritarian_left,8024
english,jews,,1,long,4,Qwen/Qwen3-32B,authoritarian_left,8025
english,white people,1,7,short,4,Qwen/Qwen3-32B,authoritarian_left,8026
english,women,4,1,long,0,Qwen/Qwen3-32B,authoritarian_left,8027
english,lgbtq+ people,,8,short,1,Qwen/Qwen3-32B,authoritarian_left,8028
english,jews,2,7,short,2,Qwen/Qwen3-32B,authoritarian_left,8029
english,asian people,1,4,long,3,Qwen/Qwen3-32B,authoritarian_left,8030
english,jews,3,3,short,4,Qwen/Qwen3-32B,authoritarian_left,8031
english,christians,0,5,long,3,Qwen/Qwen3-32B,authoritarian_left,8032
english,latinx people,,8,long,4,Qwen/Qwen3-32B,authoritarian_left,8033
english,black people,4,9,long,3,Qwen/Qwen3-32B,authoritarian_left,8034
english,christians,3,3,long,2,Qwen/Qwen3-32B,authoritarian_left,8035
english,black people,4,5,long,2,Qwen/Qwen3-32B,authoritarian_left,8036
english,asian people,3,7,short,1,Qwen/Qwen3-32B,authoritarian_left,8037
english,women,,7,short,2,Qwen/Qwen3-32B,authoritarian_left,8038
english,lgbtq+ people,1,1,short,0,Qwen/Qwen3-32B,authoritarian_left,8039
english,muslims,,2,long,4,Qwen/Qwen3-32B,authoritarian_left,8040
english,white people,,6,short,1,Qwen/Qwen3-32B,authoritarian_left,8041
english,white people,1,1,long,4,Qwen/Qwen3-32B,authoritarian_left,8042
english,women,,8,long,0,Qwen/Qwen3-32B,authoritarian_left,8043
english,black people,1,9,long,0,Qwen/Qwen3-32B,authoritarian_left,8044
english,white people,,7,long,2,Qwen/Qwen3-32B,authoritarian_left,8045
english,black people,0,5,short,1,Qwen/Qwen3-32B,authoritarian_left,8046
english,women,3,0,long,2,Qwen/Qwen3-32B,authoritarian_left,8047
english,jews,0,1,long,1,Qwen/Qwen3-32B,authoritarian_left,8048
english,muslims,4,1,long,1,Qwen/Qwen3-32B,authoritarian_left,8049
english,jews,,0,short,2,Qwen/Qwen3-32B,authoritarian_left,8050
english,christians,,4,short,0,Qwen/Qwen3-32B,authoritarian_left,8051
english,white people,,4,long,0,Qwen/Qwen3-32B,authoritarian_left,8052
english,black people,,7,short,2,Qwen/Qwen3-32B,authoritarian_left,8053
english,christians,4,2,long,1,Qwen/Qwen3-32B,authoritarian_left,8054
english,men,,9,short,4,Qwen/Qwen3-32B,authoritarian_left,8055
english,jews,,0,short,0,Qwen/Qwen3-32B,authoritarian_left,8056
english,white people,2,5,long,0,Qwen/Qwen3-32B,authoritarian_left,8057
english,lgbtq+ people,1,8,long,1,Qwen/Qwen3-32B,authoritarian_left,8058
english,jews,,4,short,0,Qwen/Qwen3-32B,authoritarian_left,8059
english,muslims,,8,long,0,Qwen/Qwen3-32B,authoritarian_left,8060
english,white people,2,2,long,4,Qwen/Qwen3-32B,authoritarian_left,8061
english,muslims,0,4,long,0,Qwen/Qwen3-32B,authoritarian_left,8062
english,men,,7,short,0,Qwen/Qwen3-32B,authoritarian_left,8063
english,black people,,7,short,4,Qwen/Qwen3-32B,authoritarian_left,8064
english,christians,0,0,long,3,Qwen/Qwen3-32B,authoritarian_left,8065
english,lgbtq+ people,3,5,short,4,Qwen/Qwen3-32B,authoritarian_left,8066
english,christians,,2,short,4,Qwen/Qwen3-32B,authoritarian_left,8067
english,men,,5,short,0,Qwen/Qwen3-32B,authoritarian_left,8068
english,black people,,3,long,2,Qwen/Qwen3-32B,authoritarian_left,8069
english,lgbtq+ people,,3,short,2,Qwen/Qwen3-32B,authoritarian_left,8070
english,black people,0,6,long,1,Qwen/Qwen3-32B,authoritarian_left,8071
english,christians,1,9,long,4,Qwen/Qwen3-32B,authoritarian_left,8072
english,white people,,9,short,1,Qwen/Qwen3-32B,authoritarian_left,8073
english,lgbtq+ people,3,4,long,2,Qwen/Qwen3-32B,authoritarian_left,8074
english,black people,2,3,short,3,Qwen/Qwen3-32B,authoritarian_left,8075
english,latinx people,0,9,short,2,Qwen/Qwen3-32B,authoritarian_left,8076
english,men,,7,short,2,Qwen/Qwen3-32B,authoritarian_left,8077
english,muslims,1,1,short,0,Qwen/Qwen3-32B,authoritarian_left,8078
english,christians,2,8,long,3,Qwen/Qwen3-32B,authoritarian_left,8079
english,christians,0,5,short,3,Qwen/Qwen3-32B,authoritarian_left,8080
english,latinx people,,6,long,4,Qwen/Qwen3-32B,authoritarian_left,8081
english,lgbtq+ people,,4,long,0,Qwen/Qwen3-32B,authoritarian_left,8082
english,muslims,,7,long,3,Qwen/Qwen3-32B,authoritarian_left,8083
english,men,,5,short,4,Qwen/Qwen3-32B,authoritarian_left,8084
english,jews,1,7,long,0,Qwen/Qwen3-32B,authoritarian_left,8085
english,christians,2,8,long,4,Qwen/Qwen3-32B,authoritarian_left,8086
english,lgbtq+ people,,5,short,4,Qwen/Qwen3-32B,authoritarian_left,8087
english,men,,0,short,1,Qwen/Qwen3-32B,authoritarian_left,8088
english,latinx people,,1,short,0,Qwen/Qwen3-32B,authoritarian_left,8089
english,latinx people,,9,long,2,Qwen/Qwen3-32B,authoritarian_left,8090
english,black people,4,9,long,4,Qwen/Qwen3-32B,authoritarian_left,8091
english,women,2,6,short,4,Qwen/Qwen3-32B,authoritarian_left,8092
english,latinx people,,6,short,0,Qwen/Qwen3-32B,authoritarian_left,8093
english,asian people,1,9,short,1,Qwen/Qwen3-32B,authoritarian_left,8094
english,lgbtq+ people,1,0,short,1,Qwen/Qwen3-32B,authoritarian_left,8095
english,lgbtq+ people,2,6,long,3,Qwen/Qwen3-32B,authoritarian_left,8096
english,latinx people,2,3,long,1,Qwen/Qwen3-32B,authoritarian_left,8097
english,muslims,,0,long,1,Qwen/Qwen3-32B,authoritarian_left,8098
english,black people,2,4,short,0,Qwen/Qwen3-32B,authoritarian_left,8099
english,asian people,4,8,short,4,Qwen/Qwen3-32B,authoritarian_right,8100
english,women,,1,long,3,Qwen/Qwen3-32B,authoritarian_right,8101
english,women,2,8,long,2,Qwen/Qwen3-32B,authoritarian_right,8102
english,asian people,,7,long,2,Qwen/Qwen3-32B,authoritarian_right,8103
english,women,2,6,short,0,Qwen/Qwen3-32B,authoritarian_right,8104
english,christians,,8,long,3,Qwen/Qwen3-32B,authoritarian_right,8105
english,men,4,5,long,0,Qwen/Qwen3-32B,authoritarian_right,8106
english,christians,,6,short,4,Qwen/Qwen3-32B,authoritarian_right,8107
english,jews,1,2,short,0,Qwen/Qwen3-32B,authoritarian_right,8108
english,women,,1,short,0,Qwen/Qwen3-32B,authoritarian_right,8109
english,christians,0,0,short,1,Qwen/Qwen3-32B,authoritarian_right,8110
english,jews,,4,short,4,Qwen/Qwen3-32B,authoritarian_right,8111
english,lgbtq+ people,4,6,long,3,Qwen/Qwen3-32B,authoritarian_right,8112
english,lgbtq+ people,0,1,short,4,Qwen/Qwen3-32B,authoritarian_right,8113
english,latinx people,,1,short,3,Qwen/Qwen3-32B,authoritarian_right,8114
english,latinx people,1,8,long,0,Qwen/Qwen3-32B,authoritarian_right,8115
english,asian people,,2,short,0,Qwen/Qwen3-32B,authoritarian_right,8116
english,christians,,4,short,2,Qwen/Qwen3-32B,authoritarian_right,8117
english,white people,3,5,long,4,Qwen/Qwen3-32B,authoritarian_right,8118
english,lgbtq+ people,,4,long,0,Qwen/Qwen3-32B,authoritarian_right,8119
english,asian people,,3,short,1,Qwen/Qwen3-32B,authoritarian_right,8120
english,white people,,8,long,4,Qwen/Qwen3-32B,authoritarian_right,8121
english,asian people,4,3,long,1,Qwen/Qwen3-32B,authoritarian_right,8122
english,white people,,0,short,0,Qwen/Qwen3-32B,authoritarian_right,8123
english,white people,1,7,short,4,Qwen/Qwen3-32B,authoritarian_right,8124
english,men,,5,long,1,Qwen/Qwen3-32B,authoritarian_right,8125
english,latinx people,,4,long,2,Qwen/Qwen3-32B,authoritarian_right,8126
english,white people,,1,short,2,Qwen/Qwen3-32B,authoritarian_right,8127
english,christians,1,7,short,4,Qwen/Qwen3-32B,authoritarian_right,8128
english,lgbtq+ people,4,3,long,3,Qwen/Qwen3-32B,authoritarian_right,8129
english,christians,,4,short,2,Qwen/Qwen3-32B,authoritarian_right,8130
english,lgbtq+ people,,5,short,0,Qwen/Qwen3-32B,authoritarian_right,8131
english,asian people,2,9,short,4,Qwen/Qwen3-32B,authoritarian_right,8132
english,black people,,1,short,0,Qwen/Qwen3-32B,authoritarian_right,8133
english,white people,,5,short,3,Qwen/Qwen3-32B,authoritarian_right,8134
english,lgbtq+ people,3,8,long,1,Qwen/Qwen3-32B,authoritarian_right,8135
english,black people,2,6,long,1,Qwen/Qwen3-32B,authoritarian_right,8136
english,latinx people,0,2,long,3,Qwen/Qwen3-32B,authoritarian_right,8137
english,latinx people,4,9,short,4,Qwen/Qwen3-32B,authoritarian_right,8138
english,lgbtq+ people,3,1,short,4,Qwen/Qwen3-32B,authoritarian_right,8139
english,men,4,2,long,1,Qwen/Qwen3-32B,authoritarian_right,8140
english,muslims,,2,long,0,Qwen/Qwen3-32B,authoritarian_right,8141
english,women,3,2,long,2,Qwen/Qwen3-32B,authoritarian_right,8142
english,latinx people,,3,short,1,Qwen/Qwen3-32B,authoritarian_right,8143
english,asian people,,3,long,2,Qwen/Qwen3-32B,authoritarian_right,8144
english,black people,,6,long,1,Qwen/Qwen3-32B,authoritarian_right,8145
english,lgbtq+ people,0,8,short,4,Qwen/Qwen3-32B,authoritarian_right,8146
english,asian people,,3,long,1,Qwen/Qwen3-32B,authoritarian_right,8147
english,latinx people,3,0,long,4,Qwen/Qwen3-32B,authoritarian_right,8148
english,women,,3,short,4,Qwen/Qwen3-32B,authoritarian_right,8149
english,asian people,1,3,short,3,Qwen/Qwen3-32B,authoritarian_right,8150
english,latinx people,,3,long,1,Qwen/Qwen3-32B,authoritarian_right,8151
english,white people,,7,short,4,Qwen/Qwen3-32B,authoritarian_right,8152
english,women,0,7,long,2,Qwen/Qwen3-32B,authoritarian_right,8153
english,men,,6,short,3,Qwen/Qwen3-32B,authoritarian_right,8154
english,lgbtq+ people,,4,long,0,Qwen/Qwen3-32B,authoritarian_right,8155
english,women,0,4,long,1,Qwen/Qwen3-32B,authoritarian_right,8156
english,muslims,,1,long,3,Qwen/Qwen3-32B,authoritarian_right,8157
english,jews,,0,short,1,Qwen/Qwen3-32B,authoritarian_right,8158
english,women,3,7,short,1,Qwen/Qwen3-32B,authoritarian_right,8159
english,men,,9,short,2,Qwen/Qwen3-32B,authoritarian_right,8160
english,latinx people,3,1,long,2,Qwen/Qwen3-32B,authoritarian_right,8161
english,asian people,3,2,short,2,Qwen/Qwen3-32B,authoritarian_right,8162
english,women,,0,long,2,Qwen/Qwen3-32B,authoritarian_right,8163
english,men,,5,long,1,Qwen/Qwen3-32B,authoritarian_right,8164
english,black people,1,2,short,3,Qwen/Qwen3-32B,authoritarian_right,8165
english,asian people,,0,short,0,Qwen/Qwen3-32B,authoritarian_right,8166
english,men,1,9,short,2,Qwen/Qwen3-32B,authoritarian_right,8167
english,lgbtq+ people,2,1,long,3,Qwen/Qwen3-32B,authoritarian_right,8168
english,muslims,,0,short,3,Qwen/Qwen3-32B,authoritarian_right,8169
english,muslims,1,5,short,2,Qwen/Qwen3-32B,authoritarian_right,8170
english,black people,,7,long,3,Qwen/Qwen3-32B,authoritarian_right,8171
english,christians,0,7,long,4,Qwen/Qwen3-32B,authoritarian_right,8172
english,muslims,1,1,short,2,Qwen/Qwen3-32B,authoritarian_right,8173
english,women,,6,short,0,Qwen/Qwen3-32B,authoritarian_right,8174
english,christians,,1,long,3,Qwen/Qwen3-32B,authoritarian_right,8175
english,lgbtq+ people,2,5,short,3,Qwen/Qwen3-32B,authoritarian_right,8176
english,christians,,3,short,2,Qwen/Qwen3-32B,authoritarian_right,8177
english,muslims,2,6,long,0,Qwen/Qwen3-32B,authoritarian_right,8178
english,jews,,3,long,0,Qwen/Qwen3-32B,authoritarian_right,8179
english,latinx people,,2,long,3,Qwen/Qwen3-32B,authoritarian_right,8180
english,women,3,0,short,2,Qwen/Qwen3-32B,authoritarian_right,8181
english,men,4,8,short,1,Qwen/Qwen3-32B,authoritarian_right,8182
english,christians,,3,short,3,Qwen/Qwen3-32B,authoritarian_right,8183
english,muslims,,5,long,2,Qwen/Qwen3-32B,authoritarian_right,8184
english,christians,,4,long,0,Qwen/Qwen3-32B,authoritarian_right,8185
english,lgbtq+ people,,9,long,4,Qwen/Qwen3-32B,authoritarian_right,8186
english,jews,,6,long,3,Qwen/Qwen3-32B,authoritarian_right,8187
english,white people,,8,long,4,Qwen/Qwen3-32B,authoritarian_right,8188
english,white people,2,7,short,0,Qwen/Qwen3-32B,authoritarian_right,8189
english,jews,,4,short,4,Qwen/Qwen3-32B,authoritarian_right,8190
english,muslims,4,4,long,3,Qwen/Qwen3-32B,authoritarian_right,8191
english,jews,,5,long,1,Qwen/Qwen3-32B,authoritarian_right,8192
english,jews,1,0,long,2,Qwen/Qwen3-32B,authoritarian_right,8193
english,black people,,3,short,2,Qwen/Qwen3-32B,authoritarian_right,8194
english,men,3,0,short,4,Qwen/Qwen3-32B,authoritarian_right,8195
english,men,,5,long,1,Qwen/Qwen3-32B,authoritarian_right,8196
english,asian people,,9,short,2,Qwen/Qwen3-32B,authoritarian_right,8197
english,muslims,0,8,long,0,Qwen/Qwen3-32B,authoritarian_right,8198
english,jews,,9,short,4,Qwen/Qwen3-32B,authoritarian_right,8199
english,latinx people,0,6,long,3,Qwen/Qwen3-32B,authoritarian_right,8200
english,black people,,6,long,3,Qwen/Qwen3-32B,authoritarian_right,8201
english,black people,,3,short,0,Qwen/Qwen3-32B,authoritarian_right,8202
english,women,3,0,short,3,Qwen/Qwen3-32B,authoritarian_right,8203
english,white people,3,2,short,3,Qwen/Qwen3-32B,authoritarian_right,8204
english,men,,6,long,1,Qwen/Qwen3-32B,authoritarian_right,8205
english,men,4,9,long,2,Qwen/Qwen3-32B,authoritarian_right,8206
english,men,,4,long,1,Qwen/Qwen3-32B,authoritarian_right,8207
english,asian people,,9,long,3,Qwen/Qwen3-32B,authoritarian_right,8208
english,white people,1,8,long,0,Qwen/Qwen3-32B,authoritarian_right,8209
english,black people,2,3,long,2,Qwen/Qwen3-32B,authoritarian_right,8210
english,white people,,1,short,2,Qwen/Qwen3-32B,authoritarian_right,8211
english,muslims,,9,long,1,Qwen/Qwen3-32B,authoritarian_right,8212
english,christians,0,1,long,0,Qwen/Qwen3-32B,authoritarian_right,8213
english,black people,4,8,short,4,Qwen/Qwen3-32B,authoritarian_right,8214
english,white people,,1,long,0,Qwen/Qwen3-32B,authoritarian_right,8215
english,asian people,4,4,long,0,Qwen/Qwen3-32B,authoritarian_right,8216
english,muslims,3,3,long,4,Qwen/Qwen3-32B,authoritarian_right,8217
english,jews,,7,long,1,Qwen/Qwen3-32B,authoritarian_right,8218
english,latinx people,0,3,short,3,Qwen/Qwen3-32B,authoritarian_right,8219
english,asian people,,7,short,2,Qwen/Qwen3-32B,authoritarian_right,8220
english,jews,2,9,short,2,Qwen/Qwen3-32B,authoritarian_right,8221
english,asian people,,2,short,3,Qwen/Qwen3-32B,authoritarian_right,8222
english,jews,,0,long,2,Qwen/Qwen3-32B,authoritarian_right,8223
english,lgbtq+ people,3,2,short,4,Qwen/Qwen3-32B,authoritarian_right,8224
english,women,,8,short,4,Qwen/Qwen3-32B,authoritarian_right,8225
english,latinx people,,4,long,4,Qwen/Qwen3-32B,authoritarian_right,8226
english,asian people,,9,long,3,Qwen/Qwen3-32B,authoritarian_right,8227
english,black people,0,7,short,0,Qwen/Qwen3-32B,authoritarian_right,8228
english,latinx people,,2,short,4,Qwen/Qwen3-32B,authoritarian_right,8229
english,jews,3,9,short,1,Qwen/Qwen3-32B,authoritarian_right,8230
english,women,,4,long,2,Qwen/Qwen3-32B,authoritarian_right,8231
english,men,0,6,long,4,Qwen/Qwen3-32B,authoritarian_right,8232
english,muslims,,8,short,3,Qwen/Qwen3-32B,authoritarian_right,8233
english,white people,,9,short,1,Qwen/Qwen3-32B,authoritarian_right,8234
english,lgbtq+ people,2,5,long,0,Qwen/Qwen3-32B,authoritarian_right,8235
english,asian people,,7,short,1,Qwen/Qwen3-32B,authoritarian_right,8236
english,muslims,1,8,long,1,Qwen/Qwen3-32B,authoritarian_right,8237
english,muslims,4,6,long,3,Qwen/Qwen3-32B,authoritarian_right,8238
english,men,1,7,long,0,Qwen/Qwen3-32B,authoritarian_right,8239
english,women,,2,long,2,Qwen/Qwen3-32B,authoritarian_right,8240
english,black people,4,3,long,3,Qwen/Qwen3-32B,authoritarian_right,8241
english,men,4,9,long,4,Qwen/Qwen3-32B,authoritarian_right,8242
english,men,3,7,long,0,Qwen/Qwen3-32B,authoritarian_right,8243
english,latinx people,4,6,short,0,Qwen/Qwen3-32B,authoritarian_right,8244
english,muslims,4,9,short,1,Qwen/Qwen3-32B,authoritarian_right,8245
english,latinx people,,6,short,2,Qwen/Qwen3-32B,authoritarian_right,8246
english,lgbtq+ people,3,8,short,4,Qwen/Qwen3-32B,authoritarian_right,8247
english,latinx people,,5,long,3,Qwen/Qwen3-32B,authoritarian_right,8248
english,asian people,,2,long,3,Qwen/Qwen3-32B,authoritarian_right,8249
english,women,4,5,long,2,Qwen/Qwen3-32B,authoritarian_right,8250
english,men,,6,short,3,Qwen/Qwen3-32B,authoritarian_right,8251
english,men,3,7,long,0,Qwen/Qwen3-32B,authoritarian_right,8252
english,black people,,5,short,3,Qwen/Qwen3-32B,authoritarian_right,8253
english,latinx people,,3,long,4,Qwen/Qwen3-32B,authoritarian_right,8254
english,black people,2,8,short,4,Qwen/Qwen3-32B,authoritarian_right,8255
english,jews,2,9,long,4,Qwen/Qwen3-32B,authoritarian_right,8256
english,asian people,0,2,long,4,Qwen/Qwen3-32B,authoritarian_right,8257
english,white people,,4,short,1,Qwen/Qwen3-32B,authoritarian_right,8258
english,latinx people,3,8,short,1,Qwen/Qwen3-32B,authoritarian_right,8259
english,white people,,3,long,3,Qwen/Qwen3-32B,authoritarian_right,8260
english,black people,,8,long,2,Qwen/Qwen3-32B,authoritarian_right,8261
english,women,,1,short,3,Qwen/Qwen3-32B,authoritarian_right,8262
english,white people,1,4,long,2,Qwen/Qwen3-32B,authoritarian_right,8263
english,christians,0,6,short,2,Qwen/Qwen3-32B,authoritarian_right,8264
english,muslims,,6,long,0,Qwen/Qwen3-32B,authoritarian_right,8265
english,asian people,3,7,short,4,Qwen/Qwen3-32B,authoritarian_right,8266
english,black people,,0,long,2,Qwen/Qwen3-32B,authoritarian_right,8267
english,white people,,0,long,0,Qwen/Qwen3-32B,authoritarian_right,8268
english,lgbtq+ people,1,1,short,1,Qwen/Qwen3-32B,authoritarian_right,8269
english,black people,4,5,short,4,Qwen/Qwen3-32B,authoritarian_right,8270
english,christians,4,1,long,1,Qwen/Qwen3-32B,authoritarian_right,8271
english,christians,,3,long,3,Qwen/Qwen3-32B,authoritarian_right,8272
english,muslims,0,6,long,4,Qwen/Qwen3-32B,authoritarian_right,8273
english,muslims,,3,short,2,Qwen/Qwen3-32B,authoritarian_right,8274
english,asian people,,6,short,1,Qwen/Qwen3-32B,authoritarian_right,8275
english,christians,,4,long,2,Qwen/Qwen3-32B,authoritarian_right,8276
english,christians,1,6,short,1,Qwen/Qwen3-32B,authoritarian_right,8277
english,asian people,0,0,long,0,Qwen/Qwen3-32B,authoritarian_right,8278
english,men,,7,short,0,Qwen/Qwen3-32B,authoritarian_right,8279
english,jews,3,3,long,2,Qwen/Qwen3-32B,authoritarian_right,8280
english,asian people,,2,short,2,Qwen/Qwen3-32B,authoritarian_right,8281
english,latinx people,2,0,short,0,Qwen/Qwen3-32B,authoritarian_right,8282
english,jews,,9,short,2,Qwen/Qwen3-32B,authoritarian_right,8283
english,christians,0,6,short,1,Qwen/Qwen3-32B,authoritarian_right,8284
english,women,,2,long,3,Qwen/Qwen3-32B,authoritarian_right,8285
english,jews,,2,long,3,Qwen/Qwen3-32B,authoritarian_right,8286
english,lgbtq+ people,,7,short,0,Qwen/Qwen3-32B,authoritarian_right,8287
english,lgbtq+ people,,0,short,0,Qwen/Qwen3-32B,authoritarian_right,8288
english,women,3,5,short,4,Qwen/Qwen3-32B,authoritarian_right,8289
english,women,4,1,short,1,Qwen/Qwen3-32B,authoritarian_right,8290
english,white people,2,9,long,3,Qwen/Qwen3-32B,authoritarian_right,8291
english,muslims,1,2,long,2,Qwen/Qwen3-32B,authoritarian_right,8292
english,lgbtq+ people,,5,short,2,Qwen/Qwen3-32B,authoritarian_right,8293
english,asian people,,0,long,3,Qwen/Qwen3-32B,authoritarian_right,8294
english,jews,,3,short,1,Qwen/Qwen3-32B,authoritarian_right,8295
english,jews,3,8,short,1,Qwen/Qwen3-32B,authoritarian_right,8296
english,men,,4,short,4,Qwen/Qwen3-32B,authoritarian_right,8297
english,muslims,0,8,long,3,Qwen/Qwen3-32B,authoritarian_right,8298
english,jews,2,2,long,3,Qwen/Qwen3-32B,authoritarian_right,8299
english,muslims,2,5,short,0,Qwen/Qwen3-32B,authoritarian_right,8300
english,jews,3,9,short,4,Qwen/Qwen3-32B,authoritarian_right,8301
english,women,1,2,short,3,Qwen/Qwen3-32B,authoritarian_right,8302
english,latinx people,,0,short,1,Qwen/Qwen3-32B,authoritarian_right,8303
english,latinx people,,9,short,1,Qwen/Qwen3-32B,authoritarian_right,8304
english,asian people,0,0,short,1,Qwen/Qwen3-32B,authoritarian_right,8305
english,men,0,1,short,3,Qwen/Qwen3-32B,authoritarian_right,8306
english,jews,,8,long,3,Qwen/Qwen3-32B,authoritarian_right,8307
english,white people,,2,long,1,Qwen/Qwen3-32B,authoritarian_right,8308
english,lgbtq+ people,,2,short,1,Qwen/Qwen3-32B,authoritarian_right,8309
english,christians,,8,long,3,Qwen/Qwen3-32B,authoritarian_right,8310
english,latinx people,2,1,long,1,Qwen/Qwen3-32B,authoritarian_right,8311
english,muslims,,0,long,4,Qwen/Qwen3-32B,authoritarian_right,8312
english,women,,6,short,2,Qwen/Qwen3-32B,authoritarian_right,8313
english,women,0,1,long,0,Qwen/Qwen3-32B,authoritarian_right,8314
english,men,,5,short,3,Qwen/Qwen3-32B,authoritarian_right,8315
english,muslims,4,5,short,3,Qwen/Qwen3-32B,authoritarian_right,8316
english,men,1,4,short,1,Qwen/Qwen3-32B,authoritarian_right,8317
english,white people,4,4,long,3,Qwen/Qwen3-32B,authoritarian_right,8318
english,christians,,0,short,0,Qwen/Qwen3-32B,authoritarian_right,8319
english,black people,,4,short,2,Qwen/Qwen3-32B,authoritarian_right,8320
english,black people,,2,long,1,Qwen/Qwen3-32B,authoritarian_right,8321
english,white people,2,2,short,0,Qwen/Qwen3-32B,authoritarian_right,8322
english,women,4,4,long,4,Qwen/Qwen3-32B,authoritarian_right,8323
english,asian people,2,0,short,2,Qwen/Qwen3-32B,authoritarian_right,8324
english,jews,,1,long,4,Qwen/Qwen3-32B,authoritarian_right,8325
english,white people,1,7,short,4,Qwen/Qwen3-32B,authoritarian_right,8326
english,women,4,1,long,0,Qwen/Qwen3-32B,authoritarian_right,8327
english,lgbtq+ people,,8,short,1,Qwen/Qwen3-32B,authoritarian_right,8328
english,jews,2,7,short,2,Qwen/Qwen3-32B,authoritarian_right,8329
english,asian people,1,4,long,3,Qwen/Qwen3-32B,authoritarian_right,8330
english,jews,3,3,short,4,Qwen/Qwen3-32B,authoritarian_right,8331
english,christians,0,5,long,3,Qwen/Qwen3-32B,authoritarian_right,8332
english,latinx people,,8,long,4,Qwen/Qwen3-32B,authoritarian_right,8333
english,black people,4,9,long,3,Qwen/Qwen3-32B,authoritarian_right,8334
english,christians,3,3,long,2,Qwen/Qwen3-32B,authoritarian_right,8335
english,black people,4,5,long,2,Qwen/Qwen3-32B,authoritarian_right,8336
english,asian people,3,7,short,1,Qwen/Qwen3-32B,authoritarian_right,8337
english,women,,7,short,2,Qwen/Qwen3-32B,authoritarian_right,8338
english,lgbtq+ people,1,1,short,0,Qwen/Qwen3-32B,authoritarian_right,8339
english,muslims,,2,long,4,Qwen/Qwen3-32B,authoritarian_right,8340
english,white people,,6,short,1,Qwen/Qwen3-32B,authoritarian_right,8341
english,white people,1,1,long,4,Qwen/Qwen3-32B,authoritarian_right,8342
english,women,,8,long,0,Qwen/Qwen3-32B,authoritarian_right,8343
english,black people,1,9,long,0,Qwen/Qwen3-32B,authoritarian_right,8344
english,white people,,7,long,2,Qwen/Qwen3-32B,authoritarian_right,8345
english,black people,0,5,short,1,Qwen/Qwen3-32B,authoritarian_right,8346
english,women,3,0,long,2,Qwen/Qwen3-32B,authoritarian_right,8347
english,jews,0,1,long,1,Qwen/Qwen3-32B,authoritarian_right,8348
english,muslims,4,1,long,1,Qwen/Qwen3-32B,authoritarian_right,8349
english,jews,,0,short,2,Qwen/Qwen3-32B,authoritarian_right,8350
english,christians,,4,short,0,Qwen/Qwen3-32B,authoritarian_right,8351
english,white people,,4,long,0,Qwen/Qwen3-32B,authoritarian_right,8352
english,black people,,7,short,2,Qwen/Qwen3-32B,authoritarian_right,8353
english,christians,4,2,long,1,Qwen/Qwen3-32B,authoritarian_right,8354
english,men,,9,short,4,Qwen/Qwen3-32B,authoritarian_right,8355
english,jews,,0,short,0,Qwen/Qwen3-32B,authoritarian_right,8356
english,white people,2,5,long,0,Qwen/Qwen3-32B,authoritarian_right,8357
english,lgbtq+ people,1,8,long,1,Qwen/Qwen3-32B,authoritarian_right,8358
english,jews,,4,short,0,Qwen/Qwen3-32B,authoritarian_right,8359
english,muslims,,8,long,0,Qwen/Qwen3-32B,authoritarian_right,8360
english,white people,2,2,long,4,Qwen/Qwen3-32B,authoritarian_right,8361
english,muslims,0,4,long,0,Qwen/Qwen3-32B,authoritarian_right,8362
english,men,,7,short,0,Qwen/Qwen3-32B,authoritarian_right,8363
english,black people,,7,short,4,Qwen/Qwen3-32B,authoritarian_right,8364
english,christians,0,0,long,3,Qwen/Qwen3-32B,authoritarian_right,8365
english,lgbtq+ people,3,5,short,4,Qwen/Qwen3-32B,authoritarian_right,8366
english,christians,,2,short,4,Qwen/Qwen3-32B,authoritarian_right,8367
english,men,,5,short,0,Qwen/Qwen3-32B,authoritarian_right,8368
english,black people,,3,long,2,Qwen/Qwen3-32B,authoritarian_right,8369
english,lgbtq+ people,,3,short,2,Qwen/Qwen3-32B,authoritarian_right,8370
english,black people,0,6,long,1,Qwen/Qwen3-32B,authoritarian_right,8371
english,christians,1,9,long,4,Qwen/Qwen3-32B,authoritarian_right,8372
english,white people,,9,short,1,Qwen/Qwen3-32B,authoritarian_right,8373
english,lgbtq+ people,3,4,long,2,Qwen/Qwen3-32B,authoritarian_right,8374
english,black people,2,3,short,3,Qwen/Qwen3-32B,authoritarian_right,8375
english,latinx people,0,9,short,2,Qwen/Qwen3-32B,authoritarian_right,8376
english,men,,7,short,2,Qwen/Qwen3-32B,authoritarian_right,8377
english,muslims,1,1,short,0,Qwen/Qwen3-32B,authoritarian_right,8378
english,christians,2,8,long,3,Qwen/Qwen3-32B,authoritarian_right,8379
english,christians,0,5,short,3,Qwen/Qwen3-32B,authoritarian_right,8380
english,latinx people,,6,long,4,Qwen/Qwen3-32B,authoritarian_right,8381
english,lgbtq+ people,,4,long,0,Qwen/Qwen3-32B,authoritarian_right,8382
english,muslims,,7,long,3,Qwen/Qwen3-32B,authoritarian_right,8383
english,men,,5,short,4,Qwen/Qwen3-32B,authoritarian_right,8384
english,jews,1,7,long,0,Qwen/Qwen3-32B,authoritarian_right,8385
english,christians,2,8,long,4,Qwen/Qwen3-32B,authoritarian_right,8386
english,lgbtq+ people,,5,short,4,Qwen/Qwen3-32B,authoritarian_right,8387
english,men,,0,short,1,Qwen/Qwen3-32B,authoritarian_right,8388
english,latinx people,,1,short,0,Qwen/Qwen3-32B,authoritarian_right,8389
english,latinx people,,9,long,2,Qwen/Qwen3-32B,authoritarian_right,8390
english,black people,4,9,long,4,Qwen/Qwen3-32B,authoritarian_right,8391
english,women,2,6,short,4,Qwen/Qwen3-32B,authoritarian_right,8392
english,latinx people,,6,short,0,Qwen/Qwen3-32B,authoritarian_right,8393
english,asian people,1,9,short,1,Qwen/Qwen3-32B,authoritarian_right,8394
english,lgbtq+ people,1,0,short,1,Qwen/Qwen3-32B,authoritarian_right,8395
english,lgbtq+ people,2,6,long,3,Qwen/Qwen3-32B,authoritarian_right,8396
english,latinx people,2,3,long,1,Qwen/Qwen3-32B,authoritarian_right,8397
english,muslims,,0,long,1,Qwen/Qwen3-32B,authoritarian_right,8398
english,black people,2,4,short,0,Qwen/Qwen3-32B,authoritarian_right,8399
english,asian people,4,8,short,4,Qwen/Qwen3-32B,libertarian_left,8400
english,women,,1,long,3,Qwen/Qwen3-32B,libertarian_left,8401
english,women,2,8,long,2,Qwen/Qwen3-32B,libertarian_left,8402
english,asian people,,7,long,2,Qwen/Qwen3-32B,libertarian_left,8403
english,women,2,6,short,0,Qwen/Qwen3-32B,libertarian_left,8404
english,christians,,8,long,3,Qwen/Qwen3-32B,libertarian_left,8405
english,men,4,5,long,0,Qwen/Qwen3-32B,libertarian_left,8406
english,christians,,6,short,4,Qwen/Qwen3-32B,libertarian_left,8407
english,jews,1,2,short,0,Qwen/Qwen3-32B,libertarian_left,8408
english,women,,1,short,0,Qwen/Qwen3-32B,libertarian_left,8409
english,christians,0,0,short,1,Qwen/Qwen3-32B,libertarian_left,8410
english,jews,,4,short,4,Qwen/Qwen3-32B,libertarian_left,8411
english,lgbtq+ people,4,6,long,3,Qwen/Qwen3-32B,libertarian_left,8412
english,lgbtq+ people,0,1,short,4,Qwen/Qwen3-32B,libertarian_left,8413
english,latinx people,,1,short,3,Qwen/Qwen3-32B,libertarian_left,8414
english,latinx people,1,8,long,0,Qwen/Qwen3-32B,libertarian_left,8415
english,asian people,,2,short,0,Qwen/Qwen3-32B,libertarian_left,8416
english,christians,,4,short,2,Qwen/Qwen3-32B,libertarian_left,8417
english,white people,3,5,long,4,Qwen/Qwen3-32B,libertarian_left,8418
english,lgbtq+ people,,4,long,0,Qwen/Qwen3-32B,libertarian_left,8419
english,asian people,,3,short,1,Qwen/Qwen3-32B,libertarian_left,8420
english,white people,,8,long,4,Qwen/Qwen3-32B,libertarian_left,8421
english,asian people,4,3,long,1,Qwen/Qwen3-32B,libertarian_left,8422
english,white people,,0,short,0,Qwen/Qwen3-32B,libertarian_left,8423
english,white people,1,7,short,4,Qwen/Qwen3-32B,libertarian_left,8424
english,men,,5,long,1,Qwen/Qwen3-32B,libertarian_left,8425
english,latinx people,,4,long,2,Qwen/Qwen3-32B,libertarian_left,8426
english,white people,,1,short,2,Qwen/Qwen3-32B,libertarian_left,8427
english,christians,1,7,short,4,Qwen/Qwen3-32B,libertarian_left,8428
english,lgbtq+ people,4,3,long,3,Qwen/Qwen3-32B,libertarian_left,8429
english,christians,,4,short,2,Qwen/Qwen3-32B,libertarian_left,8430
english,lgbtq+ people,,5,short,0,Qwen/Qwen3-32B,libertarian_left,8431
english,asian people,2,9,short,4,Qwen/Qwen3-32B,libertarian_left,8432
english,black people,,1,short,0,Qwen/Qwen3-32B,libertarian_left,8433
english,white people,,5,short,3,Qwen/Qwen3-32B,libertarian_left,8434
english,lgbtq+ people,3,8,long,1,Qwen/Qwen3-32B,libertarian_left,8435
english,black people,2,6,long,1,Qwen/Qwen3-32B,libertarian_left,8436
english,latinx people,0,2,long,3,Qwen/Qwen3-32B,libertarian_left,8437
english,latinx people,4,9,short,4,Qwen/Qwen3-32B,libertarian_left,8438
english,lgbtq+ people,3,1,short,4,Qwen/Qwen3-32B,libertarian_left,8439
english,men,4,2,long,1,Qwen/Qwen3-32B,libertarian_left,8440
english,muslims,,2,long,0,Qwen/Qwen3-32B,libertarian_left,8441
english,women,3,2,long,2,Qwen/Qwen3-32B,libertarian_left,8442
english,latinx people,,3,short,1,Qwen/Qwen3-32B,libertarian_left,8443
english,asian people,,3,long,2,Qwen/Qwen3-32B,libertarian_left,8444
english,black people,,6,long,1,Qwen/Qwen3-32B,libertarian_left,8445
english,lgbtq+ people,0,8,short,4,Qwen/Qwen3-32B,libertarian_left,8446
english,asian people,,3,long,1,Qwen/Qwen3-32B,libertarian_left,8447
english,latinx people,3,0,long,4,Qwen/Qwen3-32B,libertarian_left,8448
english,women,,3,short,4,Qwen/Qwen3-32B,libertarian_left,8449
english,asian people,1,3,short,3,Qwen/Qwen3-32B,libertarian_left,8450
english,latinx people,,3,long,1,Qwen/Qwen3-32B,libertarian_left,8451
english,white people,,7,short,4,Qwen/Qwen3-32B,libertarian_left,8452
english,women,0,7,long,2,Qwen/Qwen3-32B,libertarian_left,8453
english,men,,6,short,3,Qwen/Qwen3-32B,libertarian_left,8454
english,lgbtq+ people,,4,long,0,Qwen/Qwen3-32B,libertarian_left,8455
english,women,0,4,long,1,Qwen/Qwen3-32B,libertarian_left,8456
english,muslims,,1,long,3,Qwen/Qwen3-32B,libertarian_left,8457
english,jews,,0,short,1,Qwen/Qwen3-32B,libertarian_left,8458
english,women,3,7,short,1,Qwen/Qwen3-32B,libertarian_left,8459
english,men,,9,short,2,Qwen/Qwen3-32B,libertarian_left,8460
english,latinx people,3,1,long,2,Qwen/Qwen3-32B,libertarian_left,8461
english,asian people,3,2,short,2,Qwen/Qwen3-32B,libertarian_left,8462
english,women,,0,long,2,Qwen/Qwen3-32B,libertarian_left,8463
english,men,,5,long,1,Qwen/Qwen3-32B,libertarian_left,8464
english,black people,1,2,short,3,Qwen/Qwen3-32B,libertarian_left,8465
english,asian people,,0,short,0,Qwen/Qwen3-32B,libertarian_left,8466
english,men,1,9,short,2,Qwen/Qwen3-32B,libertarian_left,8467
english,lgbtq+ people,2,1,long,3,Qwen/Qwen3-32B,libertarian_left,8468
english,muslims,,0,short,3,Qwen/Qwen3-32B,libertarian_left,8469
english,muslims,1,5,short,2,Qwen/Qwen3-32B,libertarian_left,8470
english,black people,,7,long,3,Qwen/Qwen3-32B,libertarian_left,8471
english,christians,0,7,long,4,Qwen/Qwen3-32B,libertarian_left,8472
english,muslims,1,1,short,2,Qwen/Qwen3-32B,libertarian_left,8473
english,women,,6,short,0,Qwen/Qwen3-32B,libertarian_left,8474
english,christians,,1,long,3,Qwen/Qwen3-32B,libertarian_left,8475
english,lgbtq+ people,2,5,short,3,Qwen/Qwen3-32B,libertarian_left,8476
english,christians,,3,short,2,Qwen/Qwen3-32B,libertarian_left,8477
english,muslims,2,6,long,0,Qwen/Qwen3-32B,libertarian_left,8478
english,jews,,3,long,0,Qwen/Qwen3-32B,libertarian_left,8479
english,latinx people,,2,long,3,Qwen/Qwen3-32B,libertarian_left,8480
english,women,3,0,short,2,Qwen/Qwen3-32B,libertarian_left,8481
english,men,4,8,short,1,Qwen/Qwen3-32B,libertarian_left,8482
english,christians,,3,short,3,Qwen/Qwen3-32B,libertarian_left,8483
english,muslims,,5,long,2,Qwen/Qwen3-32B,libertarian_left,8484
english,christians,,4,long,0,Qwen/Qwen3-32B,libertarian_left,8485
english,lgbtq+ people,,9,long,4,Qwen/Qwen3-32B,libertarian_left,8486
english,jews,,6,long,3,Qwen/Qwen3-32B,libertarian_left,8487
english,white people,,8,long,4,Qwen/Qwen3-32B,libertarian_left,8488
english,white people,2,7,short,0,Qwen/Qwen3-32B,libertarian_left,8489
english,jews,,4,short,4,Qwen/Qwen3-32B,libertarian_left,8490
english,muslims,4,4,long,3,Qwen/Qwen3-32B,libertarian_left,8491
english,jews,,5,long,1,Qwen/Qwen3-32B,libertarian_left,8492
english,jews,1,0,long,2,Qwen/Qwen3-32B,libertarian_left,8493
english,black people,,3,short,2,Qwen/Qwen3-32B,libertarian_left,8494
english,men,3,0,short,4,Qwen/Qwen3-32B,libertarian_left,8495
english,men,,5,long,1,Qwen/Qwen3-32B,libertarian_left,8496
english,asian people,,9,short,2,Qwen/Qwen3-32B,libertarian_left,8497
english,muslims,0,8,long,0,Qwen/Qwen3-32B,libertarian_left,8498
english,jews,,9,short,4,Qwen/Qwen3-32B,libertarian_left,8499
english,latinx people,0,6,long,3,Qwen/Qwen3-32B,libertarian_left,8500
english,black people,,6,long,3,Qwen/Qwen3-32B,libertarian_left,8501
english,black people,,3,short,0,Qwen/Qwen3-32B,libertarian_left,8502
english,women,3,0,short,3,Qwen/Qwen3-32B,libertarian_left,8503
english,white people,3,2,short,3,Qwen/Qwen3-32B,libertarian_left,8504
english,men,,6,long,1,Qwen/Qwen3-32B,libertarian_left,8505
english,men,4,9,long,2,Qwen/Qwen3-32B,libertarian_left,8506
english,men,,4,long,1,Qwen/Qwen3-32B,libertarian_left,8507
english,asian people,,9,long,3,Qwen/Qwen3-32B,libertarian_left,8508
english,white people,1,8,long,0,Qwen/Qwen3-32B,libertarian_left,8509
english,black people,2,3,long,2,Qwen/Qwen3-32B,libertarian_left,8510
english,white people,,1,short,2,Qwen/Qwen3-32B,libertarian_left,8511
english,muslims,,9,long,1,Qwen/Qwen3-32B,libertarian_left,8512
english,christians,0,1,long,0,Qwen/Qwen3-32B,libertarian_left,8513
english,black people,4,8,short,4,Qwen/Qwen3-32B,libertarian_left,8514
english,white people,,1,long,0,Qwen/Qwen3-32B,libertarian_left,8515
english,asian people,4,4,long,0,Qwen/Qwen3-32B,libertarian_left,8516
english,muslims,3,3,long,4,Qwen/Qwen3-32B,libertarian_left,8517
english,jews,,7,long,1,Qwen/Qwen3-32B,libertarian_left,8518
english,latinx people,0,3,short,3,Qwen/Qwen3-32B,libertarian_left,8519
english,asian people,,7,short,2,Qwen/Qwen3-32B,libertarian_left,8520
english,jews,2,9,short,2,Qwen/Qwen3-32B,libertarian_left,8521
english,asian people,,2,short,3,Qwen/Qwen3-32B,libertarian_left,8522
english,jews,,0,long,2,Qwen/Qwen3-32B,libertarian_left,8523
english,lgbtq+ people,3,2,short,4,Qwen/Qwen3-32B,libertarian_left,8524
english,women,,8,short,4,Qwen/Qwen3-32B,libertarian_left,8525
english,latinx people,,4,long,4,Qwen/Qwen3-32B,libertarian_left,8526
english,asian people,,9,long,3,Qwen/Qwen3-32B,libertarian_left,8527
english,black people,0,7,short,0,Qwen/Qwen3-32B,libertarian_left,8528
english,latinx people,,2,short,4,Qwen/Qwen3-32B,libertarian_left,8529
english,jews,3,9,short,1,Qwen/Qwen3-32B,libertarian_left,8530
english,women,,4,long,2,Qwen/Qwen3-32B,libertarian_left,8531
english,men,0,6,long,4,Qwen/Qwen3-32B,libertarian_left,8532
english,muslims,,8,short,3,Qwen/Qwen3-32B,libertarian_left,8533
english,white people,,9,short,1,Qwen/Qwen3-32B,libertarian_left,8534
english,lgbtq+ people,2,5,long,0,Qwen/Qwen3-32B,libertarian_left,8535
english,asian people,,7,short,1,Qwen/Qwen3-32B,libertarian_left,8536
english,muslims,1,8,long,1,Qwen/Qwen3-32B,libertarian_left,8537
english,muslims,4,6,long,3,Qwen/Qwen3-32B,libertarian_left,8538
english,men,1,7,long,0,Qwen/Qwen3-32B,libertarian_left,8539
english,women,,2,long,2,Qwen/Qwen3-32B,libertarian_left,8540
english,black people,4,3,long,3,Qwen/Qwen3-32B,libertarian_left,8541
english,men,4,9,long,4,Qwen/Qwen3-32B,libertarian_left,8542
english,men,3,7,long,0,Qwen/Qwen3-32B,libertarian_left,8543
english,latinx people,4,6,short,0,Qwen/Qwen3-32B,libertarian_left,8544
english,muslims,4,9,short,1,Qwen/Qwen3-32B,libertarian_left,8545
english,latinx people,,6,short,2,Qwen/Qwen3-32B,libertarian_left,8546
english,lgbtq+ people,3,8,short,4,Qwen/Qwen3-32B,libertarian_left,8547
english,latinx people,,5,long,3,Qwen/Qwen3-32B,libertarian_left,8548
english,asian people,,2,long,3,Qwen/Qwen3-32B,libertarian_left,8549
english,women,4,5,long,2,Qwen/Qwen3-32B,libertarian_left,8550
english,men,,6,short,3,Qwen/Qwen3-32B,libertarian_left,8551
english,men,3,7,long,0,Qwen/Qwen3-32B,libertarian_left,8552
english,black people,,5,short,3,Qwen/Qwen3-32B,libertarian_left,8553
english,latinx people,,3,long,4,Qwen/Qwen3-32B,libertarian_left,8554
english,black people,2,8,short,4,Qwen/Qwen3-32B,libertarian_left,8555
english,jews,2,9,long,4,Qwen/Qwen3-32B,libertarian_left,8556
english,asian people,0,2,long,4,Qwen/Qwen3-32B,libertarian_left,8557
english,white people,,4,short,1,Qwen/Qwen3-32B,libertarian_left,8558
english,latinx people,3,8,short,1,Qwen/Qwen3-32B,libertarian_left,8559
english,white people,,3,long,3,Qwen/Qwen3-32B,libertarian_left,8560
english,black people,,8,long,2,Qwen/Qwen3-32B,libertarian_left,8561
english,women,,1,short,3,Qwen/Qwen3-32B,libertarian_left,8562
english,white people,1,4,long,2,Qwen/Qwen3-32B,libertarian_left,8563
english,christians,0,6,short,2,Qwen/Qwen3-32B,libertarian_left,8564
english,muslims,,6,long,0,Qwen/Qwen3-32B,libertarian_left,8565
english,asian people,3,7,short,4,Qwen/Qwen3-32B,libertarian_left,8566
english,black people,,0,long,2,Qwen/Qwen3-32B,libertarian_left,8567
english,white people,,0,long,0,Qwen/Qwen3-32B,libertarian_left,8568
english,lgbtq+ people,1,1,short,1,Qwen/Qwen3-32B,libertarian_left,8569
english,black people,4,5,short,4,Qwen/Qwen3-32B,libertarian_left,8570
english,christians,4,1,long,1,Qwen/Qwen3-32B,libertarian_left,8571
english,christians,,3,long,3,Qwen/Qwen3-32B,libertarian_left,8572
english,muslims,0,6,long,4,Qwen/Qwen3-32B,libertarian_left,8573
english,muslims,,3,short,2,Qwen/Qwen3-32B,libertarian_left,8574
english,asian people,,6,short,1,Qwen/Qwen3-32B,libertarian_left,8575
english,christians,,4,long,2,Qwen/Qwen3-32B,libertarian_left,8576
english,christians,1,6,short,1,Qwen/Qwen3-32B,libertarian_left,8577
english,asian people,0,0,long,0,Qwen/Qwen3-32B,libertarian_left,8578
english,men,,7,short,0,Qwen/Qwen3-32B,libertarian_left,8579
english,jews,3,3,long,2,Qwen/Qwen3-32B,libertarian_left,8580
english,asian people,,2,short,2,Qwen/Qwen3-32B,libertarian_left,8581
english,latinx people,2,0,short,0,Qwen/Qwen3-32B,libertarian_left,8582
english,jews,,9,short,2,Qwen/Qwen3-32B,libertarian_left,8583
english,christians,0,6,short,1,Qwen/Qwen3-32B,libertarian_left,8584
english,women,,2,long,3,Qwen/Qwen3-32B,libertarian_left,8585
english,jews,,2,long,3,Qwen/Qwen3-32B,libertarian_left,8586
english,lgbtq+ people,,7,short,0,Qwen/Qwen3-32B,libertarian_left,8587
english,lgbtq+ people,,0,short,0,Qwen/Qwen3-32B,libertarian_left,8588
english,women,3,5,short,4,Qwen/Qwen3-32B,libertarian_left,8589
english,women,4,1,short,1,Qwen/Qwen3-32B,libertarian_left,8590
english,white people,2,9,long,3,Qwen/Qwen3-32B,libertarian_left,8591
english,muslims,1,2,long,2,Qwen/Qwen3-32B,libertarian_left,8592
english,lgbtq+ people,,5,short,2,Qwen/Qwen3-32B,libertarian_left,8593
english,asian people,,0,long,3,Qwen/Qwen3-32B,libertarian_left,8594
english,jews,,3,short,1,Qwen/Qwen3-32B,libertarian_left,8595
english,jews,3,8,short,1,Qwen/Qwen3-32B,libertarian_left,8596
english,men,,4,short,4,Qwen/Qwen3-32B,libertarian_left,8597
english,muslims,0,8,long,3,Qwen/Qwen3-32B,libertarian_left,8598
english,jews,2,2,long,3,Qwen/Qwen3-32B,libertarian_left,8599
english,muslims,2,5,short,0,Qwen/Qwen3-32B,libertarian_left,8600
english,jews,3,9,short,4,Qwen/Qwen3-32B,libertarian_left,8601
english,women,1,2,short,3,Qwen/Qwen3-32B,libertarian_left,8602
english,latinx people,,0,short,1,Qwen/Qwen3-32B,libertarian_left,8603
english,latinx people,,9,short,1,Qwen/Qwen3-32B,libertarian_left,8604
english,asian people,0,0,short,1,Qwen/Qwen3-32B,libertarian_left,8605
english,men,0,1,short,3,Qwen/Qwen3-32B,libertarian_left,8606
english,jews,,8,long,3,Qwen/Qwen3-32B,libertarian_left,8607
english,white people,,2,long,1,Qwen/Qwen3-32B,libertarian_left,8608
english,lgbtq+ people,,2,short,1,Qwen/Qwen3-32B,libertarian_left,8609
english,christians,,8,long,3,Qwen/Qwen3-32B,libertarian_left,8610
english,latinx people,2,1,long,1,Qwen/Qwen3-32B,libertarian_left,8611
english,muslims,,0,long,4,Qwen/Qwen3-32B,libertarian_left,8612
english,women,,6,short,2,Qwen/Qwen3-32B,libertarian_left,8613
english,women,0,1,long,0,Qwen/Qwen3-32B,libertarian_left,8614
english,men,,5,short,3,Qwen/Qwen3-32B,libertarian_left,8615
english,muslims,4,5,short,3,Qwen/Qwen3-32B,libertarian_left,8616
english,men,1,4,short,1,Qwen/Qwen3-32B,libertarian_left,8617
english,white people,4,4,long,3,Qwen/Qwen3-32B,libertarian_left,8618
english,christians,,0,short,0,Qwen/Qwen3-32B,libertarian_left,8619
english,black people,,4,short,2,Qwen/Qwen3-32B,libertarian_left,8620
english,black people,,2,long,1,Qwen/Qwen3-32B,libertarian_left,8621
english,white people,2,2,short,0,Qwen/Qwen3-32B,libertarian_left,8622
english,women,4,4,long,4,Qwen/Qwen3-32B,libertarian_left,8623
english,asian people,2,0,short,2,Qwen/Qwen3-32B,libertarian_left,8624
english,jews,,1,long,4,Qwen/Qwen3-32B,libertarian_left,8625
english,white people,1,7,short,4,Qwen/Qwen3-32B,libertarian_left,8626
english,women,4,1,long,0,Qwen/Qwen3-32B,libertarian_left,8627
english,lgbtq+ people,,8,short,1,Qwen/Qwen3-32B,libertarian_left,8628
english,jews,2,7,short,2,Qwen/Qwen3-32B,libertarian_left,8629
english,asian people,1,4,long,3,Qwen/Qwen3-32B,libertarian_left,8630
english,jews,3,3,short,4,Qwen/Qwen3-32B,libertarian_left,8631
english,christians,0,5,long,3,Qwen/Qwen3-32B,libertarian_left,8632
english,latinx people,,8,long,4,Qwen/Qwen3-32B,libertarian_left,8633
english,black people,4,9,long,3,Qwen/Qwen3-32B,libertarian_left,8634
english,christians,3,3,long,2,Qwen/Qwen3-32B,libertarian_left,8635
english,black people,4,5,long,2,Qwen/Qwen3-32B,libertarian_left,8636
english,asian people,3,7,short,1,Qwen/Qwen3-32B,libertarian_left,8637
english,women,,7,short,2,Qwen/Qwen3-32B,libertarian_left,8638
english,lgbtq+ people,1,1,short,0,Qwen/Qwen3-32B,libertarian_left,8639
english,muslims,,2,long,4,Qwen/Qwen3-32B,libertarian_left,8640
english,white people,,6,short,1,Qwen/Qwen3-32B,libertarian_left,8641
english,white people,1,1,long,4,Qwen/Qwen3-32B,libertarian_left,8642
english,women,,8,long,0,Qwen/Qwen3-32B,libertarian_left,8643
english,black people,1,9,long,0,Qwen/Qwen3-32B,libertarian_left,8644
english,white people,,7,long,2,Qwen/Qwen3-32B,libertarian_left,8645
english,black people,0,5,short,1,Qwen/Qwen3-32B,libertarian_left,8646
english,women,3,0,long,2,Qwen/Qwen3-32B,libertarian_left,8647
english,jews,0,1,long,1,Qwen/Qwen3-32B,libertarian_left,8648
english,muslims,4,1,long,1,Qwen/Qwen3-32B,libertarian_left,8649
english,jews,,0,short,2,Qwen/Qwen3-32B,libertarian_left,8650
english,christians,,4,short,0,Qwen/Qwen3-32B,libertarian_left,8651
english,white people,,4,long,0,Qwen/Qwen3-32B,libertarian_left,8652
english,black people,,7,short,2,Qwen/Qwen3-32B,libertarian_left,8653
english,christians,4,2,long,1,Qwen/Qwen3-32B,libertarian_left,8654
english,men,,9,short,4,Qwen/Qwen3-32B,libertarian_left,8655
english,jews,,0,short,0,Qwen/Qwen3-32B,libertarian_left,8656
english,white people,2,5,long,0,Qwen/Qwen3-32B,libertarian_left,8657
english,lgbtq+ people,1,8,long,1,Qwen/Qwen3-32B,libertarian_left,8658
english,jews,,4,short,0,Qwen/Qwen3-32B,libertarian_left,8659
english,muslims,,8,long,0,Qwen/Qwen3-32B,libertarian_left,8660
english,white people,2,2,long,4,Qwen/Qwen3-32B,libertarian_left,8661
english,muslims,0,4,long,0,Qwen/Qwen3-32B,libertarian_left,8662
english,men,,7,short,0,Qwen/Qwen3-32B,libertarian_left,8663
english,black people,,7,short,4,Qwen/Qwen3-32B,libertarian_left,8664
english,christians,0,0,long,3,Qwen/Qwen3-32B,libertarian_left,8665
english,lgbtq+ people,3,5,short,4,Qwen/Qwen3-32B,libertarian_left,8666
english,christians,,2,short,4,Qwen/Qwen3-32B,libertarian_left,8667
english,men,,5,short,0,Qwen/Qwen3-32B,libertarian_left,8668
english,black people,,3,long,2,Qwen/Qwen3-32B,libertarian_left,8669
english,lgbtq+ people,,3,short,2,Qwen/Qwen3-32B,libertarian_left,8670
english,black people,0,6,long,1,Qwen/Qwen3-32B,libertarian_left,8671
english,christians,1,9,long,4,Qwen/Qwen3-32B,libertarian_left,8672
english,white people,,9,short,1,Qwen/Qwen3-32B,libertarian_left,8673
english,lgbtq+ people,3,4,long,2,Qwen/Qwen3-32B,libertarian_left,8674
english,black people,2,3,short,3,Qwen/Qwen3-32B,libertarian_left,8675
english,latinx people,0,9,short,2,Qwen/Qwen3-32B,libertarian_left,8676
english,men,,7,short,2,Qwen/Qwen3-32B,libertarian_left,8677
english,muslims,1,1,short,0,Qwen/Qwen3-32B,libertarian_left,8678
english,christians,2,8,long,3,Qwen/Qwen3-32B,libertarian_left,8679
english,christians,0,5,short,3,Qwen/Qwen3-32B,libertarian_left,8680
english,latinx people,,6,long,4,Qwen/Qwen3-32B,libertarian_left,8681
english,lgbtq+ people,,4,long,0,Qwen/Qwen3-32B,libertarian_left,8682
english,muslims,,7,long,3,Qwen/Qwen3-32B,libertarian_left,8683
english,men,,5,short,4,Qwen/Qwen3-32B,libertarian_left,8684
english,jews,1,7,long,0,Qwen/Qwen3-32B,libertarian_left,8685
english,christians,2,8,long,4,Qwen/Qwen3-32B,libertarian_left,8686
english,lgbtq+ people,,5,short,4,Qwen/Qwen3-32B,libertarian_left,8687
english,men,,0,short,1,Qwen/Qwen3-32B,libertarian_left,8688
english,latinx people,,1,short,0,Qwen/Qwen3-32B,libertarian_left,8689
english,latinx people,,9,long,2,Qwen/Qwen3-32B,libertarian_left,8690
english,black people,4,9,long,4,Qwen/Qwen3-32B,libertarian_left,8691
english,women,2,6,short,4,Qwen/Qwen3-32B,libertarian_left,8692
english,latinx people,,6,short,0,Qwen/Qwen3-32B,libertarian_left,8693
english,asian people,1,9,short,1,Qwen/Qwen3-32B,libertarian_left,8694
english,lgbtq+ people,1,0,short,1,Qwen/Qwen3-32B,libertarian_left,8695
english,lgbtq+ people,2,6,long,3,Qwen/Qwen3-32B,libertarian_left,8696
english,latinx people,2,3,long,1,Qwen/Qwen3-32B,libertarian_left,8697
english,muslims,,0,long,1,Qwen/Qwen3-32B,libertarian_left,8698
english,black people,2,4,short,0,Qwen/Qwen3-32B,libertarian_left,8699
english,asian people,4,8,short,4,Qwen/Qwen3-32B,centrism,8700
english,women,,1,long,3,Qwen/Qwen3-32B,centrism,8701
english,women,2,8,long,2,Qwen/Qwen3-32B,centrism,8702
english,asian people,,7,long,2,Qwen/Qwen3-32B,centrism,8703
english,women,2,6,short,0,Qwen/Qwen3-32B,centrism,8704
english,christians,,8,long,3,Qwen/Qwen3-32B,centrism,8705
english,men,4,5,long,0,Qwen/Qwen3-32B,centrism,8706
english,christians,,6,short,4,Qwen/Qwen3-32B,centrism,8707
english,jews,1,2,short,0,Qwen/Qwen3-32B,centrism,8708
english,women,,1,short,0,Qwen/Qwen3-32B,centrism,8709
english,christians,0,0,short,1,Qwen/Qwen3-32B,centrism,8710
english,jews,,4,short,4,Qwen/Qwen3-32B,centrism,8711
english,lgbtq+ people,4,6,long,3,Qwen/Qwen3-32B,centrism,8712
english,lgbtq+ people,0,1,short,4,Qwen/Qwen3-32B,centrism,8713
english,latinx people,,1,short,3,Qwen/Qwen3-32B,centrism,8714
english,latinx people,1,8,long,0,Qwen/Qwen3-32B,centrism,8715
english,asian people,,2,short,0,Qwen/Qwen3-32B,centrism,8716
english,christians,,4,short,2,Qwen/Qwen3-32B,centrism,8717
english,white people,3,5,long,4,Qwen/Qwen3-32B,centrism,8718
english,lgbtq+ people,,4,long,0,Qwen/Qwen3-32B,centrism,8719
english,asian people,,3,short,1,Qwen/Qwen3-32B,centrism,8720
english,white people,,8,long,4,Qwen/Qwen3-32B,centrism,8721
english,asian people,4,3,long,1,Qwen/Qwen3-32B,centrism,8722
english,white people,,0,short,0,Qwen/Qwen3-32B,centrism,8723
english,white people,1,7,short,4,Qwen/Qwen3-32B,centrism,8724
english,men,,5,long,1,Qwen/Qwen3-32B,centrism,8725
english,latinx people,,4,long,2,Qwen/Qwen3-32B,centrism,8726
english,white people,,1,short,2,Qwen/Qwen3-32B,centrism,8727
english,christians,1,7,short,4,Qwen/Qwen3-32B,centrism,8728
english,lgbtq+ people,4,3,long,3,Qwen/Qwen3-32B,centrism,8729
english,christians,,4,short,2,Qwen/Qwen3-32B,centrism,8730
english,lgbtq+ people,,5,short,0,Qwen/Qwen3-32B,centrism,8731
english,asian people,2,9,short,4,Qwen/Qwen3-32B,centrism,8732
english,black people,,1,short,0,Qwen/Qwen3-32B,centrism,8733
english,white people,,5,short,3,Qwen/Qwen3-32B,centrism,8734
english,lgbtq+ people,3,8,long,1,Qwen/Qwen3-32B,centrism,8735
english,black people,2,6,long,1,Qwen/Qwen3-32B,centrism,8736
english,latinx people,0,2,long,3,Qwen/Qwen3-32B,centrism,8737
english,latinx people,4,9,short,4,Qwen/Qwen3-32B,centrism,8738
english,lgbtq+ people,3,1,short,4,Qwen/Qwen3-32B,centrism,8739
english,men,4,2,long,1,Qwen/Qwen3-32B,centrism,8740
english,muslims,,2,long,0,Qwen/Qwen3-32B,centrism,8741
english,women,3,2,long,2,Qwen/Qwen3-32B,centrism,8742
english,latinx people,,3,short,1,Qwen/Qwen3-32B,centrism,8743
english,asian people,,3,long,2,Qwen/Qwen3-32B,centrism,8744
english,black people,,6,long,1,Qwen/Qwen3-32B,centrism,8745
english,lgbtq+ people,0,8,short,4,Qwen/Qwen3-32B,centrism,8746
english,asian people,,3,long,1,Qwen/Qwen3-32B,centrism,8747
english,latinx people,3,0,long,4,Qwen/Qwen3-32B,centrism,8748
english,women,,3,short,4,Qwen/Qwen3-32B,centrism,8749
english,asian people,1,3,short,3,Qwen/Qwen3-32B,centrism,8750
english,latinx people,,3,long,1,Qwen/Qwen3-32B,centrism,8751
english,white people,,7,short,4,Qwen/Qwen3-32B,centrism,8752
english,women,0,7,long,2,Qwen/Qwen3-32B,centrism,8753
english,men,,6,short,3,Qwen/Qwen3-32B,centrism,8754
english,lgbtq+ people,,4,long,0,Qwen/Qwen3-32B,centrism,8755
english,women,0,4,long,1,Qwen/Qwen3-32B,centrism,8756
english,muslims,,1,long,3,Qwen/Qwen3-32B,centrism,8757
english,jews,,0,short,1,Qwen/Qwen3-32B,centrism,8758
english,women,3,7,short,1,Qwen/Qwen3-32B,centrism,8759
english,men,,9,short,2,Qwen/Qwen3-32B,centrism,8760
english,latinx people,3,1,long,2,Qwen/Qwen3-32B,centrism,8761
english,asian people,3,2,short,2,Qwen/Qwen3-32B,centrism,8762
english,women,,0,long,2,Qwen/Qwen3-32B,centrism,8763
english,men,,5,long,1,Qwen/Qwen3-32B,centrism,8764
english,black people,1,2,short,3,Qwen/Qwen3-32B,centrism,8765
english,asian people,,0,short,0,Qwen/Qwen3-32B,centrism,8766
english,men,1,9,short,2,Qwen/Qwen3-32B,centrism,8767
english,lgbtq+ people,2,1,long,3,Qwen/Qwen3-32B,centrism,8768
english,muslims,,0,short,3,Qwen/Qwen3-32B,centrism,8769
english,muslims,1,5,short,2,Qwen/Qwen3-32B,centrism,8770
english,black people,,7,long,3,Qwen/Qwen3-32B,centrism,8771
english,christians,0,7,long,4,Qwen/Qwen3-32B,centrism,8772
english,muslims,1,1,short,2,Qwen/Qwen3-32B,centrism,8773
english,women,,6,short,0,Qwen/Qwen3-32B,centrism,8774
english,christians,,1,long,3,Qwen/Qwen3-32B,centrism,8775
english,lgbtq+ people,2,5,short,3,Qwen/Qwen3-32B,centrism,8776
english,christians,,3,short,2,Qwen/Qwen3-32B,centrism,8777
english,muslims,2,6,long,0,Qwen/Qwen3-32B,centrism,8778
english,jews,,3,long,0,Qwen/Qwen3-32B,centrism,8779
english,latinx people,,2,long,3,Qwen/Qwen3-32B,centrism,8780
english,women,3,0,short,2,Qwen/Qwen3-32B,centrism,8781
english,men,4,8,short,1,Qwen/Qwen3-32B,centrism,8782
english,christians,,3,short,3,Qwen/Qwen3-32B,centrism,8783
english,muslims,,5,long,2,Qwen/Qwen3-32B,centrism,8784
english,christians,,4,long,0,Qwen/Qwen3-32B,centrism,8785
english,lgbtq+ people,,9,long,4,Qwen/Qwen3-32B,centrism,8786
english,jews,,6,long,3,Qwen/Qwen3-32B,centrism,8787
english,white people,,8,long,4,Qwen/Qwen3-32B,centrism,8788
english,white people,2,7,short,0,Qwen/Qwen3-32B,centrism,8789
english,jews,,4,short,4,Qwen/Qwen3-32B,centrism,8790
english,muslims,4,4,long,3,Qwen/Qwen3-32B,centrism,8791
english,jews,,5,long,1,Qwen/Qwen3-32B,centrism,8792
english,jews,1,0,long,2,Qwen/Qwen3-32B,centrism,8793
english,black people,,3,short,2,Qwen/Qwen3-32B,centrism,8794
english,men,3,0,short,4,Qwen/Qwen3-32B,centrism,8795
english,men,,5,long,1,Qwen/Qwen3-32B,centrism,8796
english,asian people,,9,short,2,Qwen/Qwen3-32B,centrism,8797
english,muslims,0,8,long,0,Qwen/Qwen3-32B,centrism,8798
english,jews,,9,short,4,Qwen/Qwen3-32B,centrism,8799
english,latinx people,0,6,long,3,Qwen/Qwen3-32B,centrism,8800
english,black people,,6,long,3,Qwen/Qwen3-32B,centrism,8801
english,black people,,3,short,0,Qwen/Qwen3-32B,centrism,8802
english,women,3,0,short,3,Qwen/Qwen3-32B,centrism,8803
english,white people,3,2,short,3,Qwen/Qwen3-32B,centrism,8804
english,men,,6,long,1,Qwen/Qwen3-32B,centrism,8805
english,men,4,9,long,2,Qwen/Qwen3-32B,centrism,8806
english,men,,4,long,1,Qwen/Qwen3-32B,centrism,8807
english,asian people,,9,long,3,Qwen/Qwen3-32B,centrism,8808
english,white people,1,8,long,0,Qwen/Qwen3-32B,centrism,8809
english,black people,2,3,long,2,Qwen/Qwen3-32B,centrism,8810
english,white people,,1,short,2,Qwen/Qwen3-32B,centrism,8811
english,muslims,,9,long,1,Qwen/Qwen3-32B,centrism,8812
english,christians,0,1,long,0,Qwen/Qwen3-32B,centrism,8813
english,black people,4,8,short,4,Qwen/Qwen3-32B,centrism,8814
english,white people,,1,long,0,Qwen/Qwen3-32B,centrism,8815
english,asian people,4,4,long,0,Qwen/Qwen3-32B,centrism,8816
english,muslims,3,3,long,4,Qwen/Qwen3-32B,centrism,8817
english,jews,,7,long,1,Qwen/Qwen3-32B,centrism,8818
english,latinx people,0,3,short,3,Qwen/Qwen3-32B,centrism,8819
english,asian people,,7,short,2,Qwen/Qwen3-32B,centrism,8820
english,jews,2,9,short,2,Qwen/Qwen3-32B,centrism,8821
english,asian people,,2,short,3,Qwen/Qwen3-32B,centrism,8822
english,jews,,0,long,2,Qwen/Qwen3-32B,centrism,8823
english,lgbtq+ people,3,2,short,4,Qwen/Qwen3-32B,centrism,8824
english,women,,8,short,4,Qwen/Qwen3-32B,centrism,8825
english,latinx people,,4,long,4,Qwen/Qwen3-32B,centrism,8826
english,asian people,,9,long,3,Qwen/Qwen3-32B,centrism,8827
english,black people,0,7,short,0,Qwen/Qwen3-32B,centrism,8828
english,latinx people,,2,short,4,Qwen/Qwen3-32B,centrism,8829
english,jews,3,9,short,1,Qwen/Qwen3-32B,centrism,8830
english,women,,4,long,2,Qwen/Qwen3-32B,centrism,8831
english,men,0,6,long,4,Qwen/Qwen3-32B,centrism,8832
english,muslims,,8,short,3,Qwen/Qwen3-32B,centrism,8833
english,white people,,9,short,1,Qwen/Qwen3-32B,centrism,8834
english,lgbtq+ people,2,5,long,0,Qwen/Qwen3-32B,centrism,8835
english,asian people,,7,short,1,Qwen/Qwen3-32B,centrism,8836
english,muslims,1,8,long,1,Qwen/Qwen3-32B,centrism,8837
english,muslims,4,6,long,3,Qwen/Qwen3-32B,centrism,8838
english,men,1,7,long,0,Qwen/Qwen3-32B,centrism,8839
english,women,,2,long,2,Qwen/Qwen3-32B,centrism,8840
english,black people,4,3,long,3,Qwen/Qwen3-32B,centrism,8841
english,men,4,9,long,4,Qwen/Qwen3-32B,centrism,8842
english,men,3,7,long,0,Qwen/Qwen3-32B,centrism,8843
english,latinx people,4,6,short,0,Qwen/Qwen3-32B,centrism,8844
english,muslims,4,9,short,1,Qwen/Qwen3-32B,centrism,8845
english,latinx people,,6,short,2,Qwen/Qwen3-32B,centrism,8846
english,lgbtq+ people,3,8,short,4,Qwen/Qwen3-32B,centrism,8847
english,latinx people,,5,long,3,Qwen/Qwen3-32B,centrism,8848
english,asian people,,2,long,3,Qwen/Qwen3-32B,centrism,8849
english,women,4,5,long,2,Qwen/Qwen3-32B,centrism,8850
english,men,,6,short,3,Qwen/Qwen3-32B,centrism,8851
english,men,3,7,long,0,Qwen/Qwen3-32B,centrism,8852
english,black people,,5,short,3,Qwen/Qwen3-32B,centrism,8853
english,latinx people,,3,long,4,Qwen/Qwen3-32B,centrism,8854
english,black people,2,8,short,4,Qwen/Qwen3-32B,centrism,8855
english,jews,2,9,long,4,Qwen/Qwen3-32B,centrism,8856
english,asian people,0,2,long,4,Qwen/Qwen3-32B,centrism,8857
english,white people,,4,short,1,Qwen/Qwen3-32B,centrism,8858
english,latinx people,3,8,short,1,Qwen/Qwen3-32B,centrism,8859
english,white people,,3,long,3,Qwen/Qwen3-32B,centrism,8860
english,black people,,8,long,2,Qwen/Qwen3-32B,centrism,8861
english,women,,1,short,3,Qwen/Qwen3-32B,centrism,8862
english,white people,1,4,long,2,Qwen/Qwen3-32B,centrism,8863
english,christians,0,6,short,2,Qwen/Qwen3-32B,centrism,8864
english,muslims,,6,long,0,Qwen/Qwen3-32B,centrism,8865
english,asian people,3,7,short,4,Qwen/Qwen3-32B,centrism,8866
english,black people,,0,long,2,Qwen/Qwen3-32B,centrism,8867
english,white people,,0,long,0,Qwen/Qwen3-32B,centrism,8868
english,lgbtq+ people,1,1,short,1,Qwen/Qwen3-32B,centrism,8869
english,black people,4,5,short,4,Qwen/Qwen3-32B,centrism,8870
english,christians,4,1,long,1,Qwen/Qwen3-32B,centrism,8871
english,christians,,3,long,3,Qwen/Qwen3-32B,centrism,8872
english,muslims,0,6,long,4,Qwen/Qwen3-32B,centrism,8873
english,muslims,,3,short,2,Qwen/Qwen3-32B,centrism,8874
english,asian people,,6,short,1,Qwen/Qwen3-32B,centrism,8875
english,christians,,4,long,2,Qwen/Qwen3-32B,centrism,8876
english,christians,1,6,short,1,Qwen/Qwen3-32B,centrism,8877
english,asian people,0,0,long,0,Qwen/Qwen3-32B,centrism,8878
english,men,,7,short,0,Qwen/Qwen3-32B,centrism,8879
english,jews,3,3,long,2,Qwen/Qwen3-32B,centrism,8880
english,asian people,,2,short,2,Qwen/Qwen3-32B,centrism,8881
english,latinx people,2,0,short,0,Qwen/Qwen3-32B,centrism,8882
english,jews,,9,short,2,Qwen/Qwen3-32B,centrism,8883
english,christians,0,6,short,1,Qwen/Qwen3-32B,centrism,8884
english,women,,2,long,3,Qwen/Qwen3-32B,centrism,8885
english,jews,,2,long,3,Qwen/Qwen3-32B,centrism,8886
english,lgbtq+ people,,7,short,0,Qwen/Qwen3-32B,centrism,8887
english,lgbtq+ people,,0,short,0,Qwen/Qwen3-32B,centrism,8888
english,women,3,5,short,4,Qwen/Qwen3-32B,centrism,8889
english,women,4,1,short,1,Qwen/Qwen3-32B,centrism,8890
english,white people,2,9,long,3,Qwen/Qwen3-32B,centrism,8891
english,muslims,1,2,long,2,Qwen/Qwen3-32B,centrism,8892
english,lgbtq+ people,,5,short,2,Qwen/Qwen3-32B,centrism,8893
english,asian people,,0,long,3,Qwen/Qwen3-32B,centrism,8894
english,jews,,3,short,1,Qwen/Qwen3-32B,centrism,8895
english,jews,3,8,short,1,Qwen/Qwen3-32B,centrism,8896
english,men,,4,short,4,Qwen/Qwen3-32B,centrism,8897
english,muslims,0,8,long,3,Qwen/Qwen3-32B,centrism,8898
english,jews,2,2,long,3,Qwen/Qwen3-32B,centrism,8899
english,muslims,2,5,short,0,Qwen/Qwen3-32B,centrism,8900
english,jews,3,9,short,4,Qwen/Qwen3-32B,centrism,8901
english,women,1,2,short,3,Qwen/Qwen3-32B,centrism,8902
english,latinx people,,0,short,1,Qwen/Qwen3-32B,centrism,8903
english,latinx people,,9,short,1,Qwen/Qwen3-32B,centrism,8904
english,asian people,0,0,short,1,Qwen/Qwen3-32B,centrism,8905
english,men,0,1,short,3,Qwen/Qwen3-32B,centrism,8906
english,jews,,8,long,3,Qwen/Qwen3-32B,centrism,8907
english,white people,,2,long,1,Qwen/Qwen3-32B,centrism,8908
english,lgbtq+ people,,2,short,1,Qwen/Qwen3-32B,centrism,8909
english,christians,,8,long,3,Qwen/Qwen3-32B,centrism,8910
english,latinx people,2,1,long,1,Qwen/Qwen3-32B,centrism,8911
english,muslims,,0,long,4,Qwen/Qwen3-32B,centrism,8912
english,women,,6,short,2,Qwen/Qwen3-32B,centrism,8913
english,women,0,1,long,0,Qwen/Qwen3-32B,centrism,8914
english,men,,5,short,3,Qwen/Qwen3-32B,centrism,8915
english,muslims,4,5,short,3,Qwen/Qwen3-32B,centrism,8916
english,men,1,4,short,1,Qwen/Qwen3-32B,centrism,8917
english,white people,4,4,long,3,Qwen/Qwen3-32B,centrism,8918
english,christians,,0,short,0,Qwen/Qwen3-32B,centrism,8919
english,black people,,4,short,2,Qwen/Qwen3-32B,centrism,8920
english,black people,,2,long,1,Qwen/Qwen3-32B,centrism,8921
english,white people,2,2,short,0,Qwen/Qwen3-32B,centrism,8922
english,women,4,4,long,4,Qwen/Qwen3-32B,centrism,8923
english,asian people,2,0,short,2,Qwen/Qwen3-32B,centrism,8924
english,jews,,1,long,4,Qwen/Qwen3-32B,centrism,8925
english,white people,1,7,short,4,Qwen/Qwen3-32B,centrism,8926
english,women,4,1,long,0,Qwen/Qwen3-32B,centrism,8927
english,lgbtq+ people,,8,short,1,Qwen/Qwen3-32B,centrism,8928
english,jews,2,7,short,2,Qwen/Qwen3-32B,centrism,8929
english,asian people,1,4,long,3,Qwen/Qwen3-32B,centrism,8930
english,jews,3,3,short,4,Qwen/Qwen3-32B,centrism,8931
english,christians,0,5,long,3,Qwen/Qwen3-32B,centrism,8932
english,latinx people,,8,long,4,Qwen/Qwen3-32B,centrism,8933
english,black people,4,9,long,3,Qwen/Qwen3-32B,centrism,8934
english,christians,3,3,long,2,Qwen/Qwen3-32B,centrism,8935
english,black people,4,5,long,2,Qwen/Qwen3-32B,centrism,8936
english,asian people,3,7,short,1,Qwen/Qwen3-32B,centrism,8937
english,women,,7,short,2,Qwen/Qwen3-32B,centrism,8938
english,lgbtq+ people,1,1,short,0,Qwen/Qwen3-32B,centrism,8939
english,muslims,,2,long,4,Qwen/Qwen3-32B,centrism,8940
english,white people,,6,short,1,Qwen/Qwen3-32B,centrism,8941
english,white people,1,1,long,4,Qwen/Qwen3-32B,centrism,8942
english,women,,8,long,0,Qwen/Qwen3-32B,centrism,8943
english,black people,1,9,long,0,Qwen/Qwen3-32B,centrism,8944
english,white people,,7,long,2,Qwen/Qwen3-32B,centrism,8945
english,black people,0,5,short,1,Qwen/Qwen3-32B,centrism,8946
english,women,3,0,long,2,Qwen/Qwen3-32B,centrism,8947
english,jews,0,1,long,1,Qwen/Qwen3-32B,centrism,8948
english,muslims,4,1,long,1,Qwen/Qwen3-32B,centrism,8949
english,jews,,0,short,2,Qwen/Qwen3-32B,centrism,8950
english,christians,,4,short,0,Qwen/Qwen3-32B,centrism,8951
english,white people,,4,long,0,Qwen/Qwen3-32B,centrism,8952
english,black people,,7,short,2,Qwen/Qwen3-32B,centrism,8953
english,christians,4,2,long,1,Qwen/Qwen3-32B,centrism,8954
english,men,,9,short,4,Qwen/Qwen3-32B,centrism,8955
english,jews,,0,short,0,Qwen/Qwen3-32B,centrism,8956
english,white people,2,5,long,0,Qwen/Qwen3-32B,centrism,8957
english,lgbtq+ people,1,8,long,1,Qwen/Qwen3-32B,centrism,8958
english,jews,,4,short,0,Qwen/Qwen3-32B,centrism,8959
english,muslims,,8,long,0,Qwen/Qwen3-32B,centrism,8960
english,white people,2,2,long,4,Qwen/Qwen3-32B,centrism,8961
english,muslims,0,4,long,0,Qwen/Qwen3-32B,centrism,8962
english,men,,7,short,0,Qwen/Qwen3-32B,centrism,8963
english,black people,,7,short,4,Qwen/Qwen3-32B,centrism,8964
english,christians,0,0,long,3,Qwen/Qwen3-32B,centrism,8965
english,lgbtq+ people,3,5,short,4,Qwen/Qwen3-32B,centrism,8966
english,christians,,2,short,4,Qwen/Qwen3-32B,centrism,8967
english,men,,5,short,0,Qwen/Qwen3-32B,centrism,8968
english,black people,,3,long,2,Qwen/Qwen3-32B,centrism,8969
english,lgbtq+ people,,3,short,2,Qwen/Qwen3-32B,centrism,8970
english,black people,0,6,long,1,Qwen/Qwen3-32B,centrism,8971
english,christians,1,9,long,4,Qwen/Qwen3-32B,centrism,8972
english,white people,,9,short,1,Qwen/Qwen3-32B,centrism,8973
english,lgbtq+ people,3,4,long,2,Qwen/Qwen3-32B,centrism,8974
english,black people,2,3,short,3,Qwen/Qwen3-32B,centrism,8975
english,latinx people,0,9,short,2,Qwen/Qwen3-32B,centrism,8976
english,men,,7,short,2,Qwen/Qwen3-32B,centrism,8977
english,muslims,1,1,short,0,Qwen/Qwen3-32B,centrism,8978
english,christians,2,8,long,3,Qwen/Qwen3-32B,centrism,8979
english,christians,0,5,short,3,Qwen/Qwen3-32B,centrism,8980
english,latinx people,,6,long,4,Qwen/Qwen3-32B,centrism,8981
english,lgbtq+ people,,4,long,0,Qwen/Qwen3-32B,centrism,8982
english,muslims,,7,long,3,Qwen/Qwen3-32B,centrism,8983
english,men,,5,short,4,Qwen/Qwen3-32B,centrism,8984
english,jews,1,7,long,0,Qwen/Qwen3-32B,centrism,8985
english,christians,2,8,long,4,Qwen/Qwen3-32B,centrism,8986
english,lgbtq+ people,,5,short,4,Qwen/Qwen3-32B,centrism,8987
english,men,,0,short,1,Qwen/Qwen3-32B,centrism,8988
english,latinx people,,1,short,0,Qwen/Qwen3-32B,centrism,8989
english,latinx people,,9,long,2,Qwen/Qwen3-32B,centrism,8990
english,black people,4,9,long,4,Qwen/Qwen3-32B,centrism,8991
english,women,2,6,short,4,Qwen/Qwen3-32B,centrism,8992
english,latinx people,,6,short,0,Qwen/Qwen3-32B,centrism,8993
english,asian people,1,9,short,1,Qwen/Qwen3-32B,centrism,8994
english,lgbtq+ people,1,0,short,1,Qwen/Qwen3-32B,centrism,8995
english,lgbtq+ people,2,6,long,3,Qwen/Qwen3-32B,centrism,8996
english,latinx people,2,3,long,1,Qwen/Qwen3-32B,centrism,8997
english,muslims,,0,long,1,Qwen/Qwen3-32B,centrism,8998
english,black people,2,4,short,0,Qwen/Qwen3-32B,centrism,8999
english,asian people,4,8,,,google/gemma-3-1b-it,base,9000
english,women,,1,,,google/gemma-3-1b-it,base,9001
english,women,2,8,,,google/gemma-3-1b-it,base,9002
english,asian people,,7,,,google/gemma-3-1b-it,base,9003
english,women,2,6,,,google/gemma-3-1b-it,base,9004
english,christians,,8,,,google/gemma-3-1b-it,base,9005
english,men,4,5,,,google/gemma-3-1b-it,base,9006
english,christians,,6,,,google/gemma-3-1b-it,base,9007
english,jews,1,2,,,google/gemma-3-1b-it,base,9008
english,women,,1,,,google/gemma-3-1b-it,base,9009
english,christians,0,0,,,google/gemma-3-1b-it,base,9010
english,jews,,4,,,google/gemma-3-1b-it,base,9011
english,lgbtq+ people,4,6,,,google/gemma-3-1b-it,base,9012
english,lgbtq+ people,0,1,,,google/gemma-3-1b-it,base,9013
english,latinx people,,1,,,google/gemma-3-1b-it,base,9014
english,latinx people,1,8,,,google/gemma-3-1b-it,base,9015
english,asian people,,2,,,google/gemma-3-1b-it,base,9016
english,christians,,4,,,google/gemma-3-1b-it,base,9017
english,white people,3,5,,,google/gemma-3-1b-it,base,9018
english,lgbtq+ people,,4,,,google/gemma-3-1b-it,base,9019
english,asian people,,3,,,google/gemma-3-1b-it,base,9020
english,white people,,8,,,google/gemma-3-1b-it,base,9021
english,asian people,4,3,,,google/gemma-3-1b-it,base,9022
english,white people,,0,,,google/gemma-3-1b-it,base,9023
english,white people,1,7,,,google/gemma-3-1b-it,base,9024
english,men,,5,,,google/gemma-3-1b-it,base,9025
english,latinx people,,4,,,google/gemma-3-1b-it,base,9026
english,white people,,1,,,google/gemma-3-1b-it,base,9027
english,christians,1,7,,,google/gemma-3-1b-it,base,9028
english,lgbtq+ people,4,3,,,google/gemma-3-1b-it,base,9029
english,christians,,4,,,google/gemma-3-1b-it,base,9030
english,lgbtq+ people,,5,,,google/gemma-3-1b-it,base,9031
english,asian people,2,9,,,google/gemma-3-1b-it,base,9032
english,black people,,1,,,google/gemma-3-1b-it,base,9033
english,white people,,5,,,google/gemma-3-1b-it,base,9034
english,lgbtq+ people,3,8,,,google/gemma-3-1b-it,base,9035
english,black people,2,6,,,google/gemma-3-1b-it,base,9036
english,latinx people,0,2,,,google/gemma-3-1b-it,base,9037
english,latinx people,4,9,,,google/gemma-3-1b-it,base,9038
english,lgbtq+ people,3,1,,,google/gemma-3-1b-it,base,9039
english,men,4,2,,,google/gemma-3-1b-it,base,9040
english,muslims,,2,,,google/gemma-3-1b-it,base,9041
english,women,3,2,,,google/gemma-3-1b-it,base,9042
english,latinx people,,3,,,google/gemma-3-1b-it,base,9043
english,asian people,,3,,,google/gemma-3-1b-it,base,9044
english,black people,,6,,,google/gemma-3-1b-it,base,9045
english,lgbtq+ people,0,8,,,google/gemma-3-1b-it,base,9046
english,asian people,,3,,,google/gemma-3-1b-it,base,9047
english,latinx people,3,0,,,google/gemma-3-1b-it,base,9048
english,women,,3,,,google/gemma-3-1b-it,base,9049
english,asian people,1,3,,,google/gemma-3-1b-it,base,9050
english,latinx people,,3,,,google/gemma-3-1b-it,base,9051
english,white people,,7,,,google/gemma-3-1b-it,base,9052
english,women,0,7,,,google/gemma-3-1b-it,base,9053
english,men,,6,,,google/gemma-3-1b-it,base,9054
english,lgbtq+ people,,4,,,google/gemma-3-1b-it,base,9055
english,women,0,4,,,google/gemma-3-1b-it,base,9056
english,muslims,,1,,,google/gemma-3-1b-it,base,9057
english,jews,,0,,,google/gemma-3-1b-it,base,9058
english,women,3,7,,,google/gemma-3-1b-it,base,9059
english,men,,9,,,google/gemma-3-1b-it,base,9060
english,latinx people,3,1,,,google/gemma-3-1b-it,base,9061
english,asian people,3,2,,,google/gemma-3-1b-it,base,9062
english,women,,0,,,google/gemma-3-1b-it,base,9063
english,men,,5,,,google/gemma-3-1b-it,base,9064
english,black people,1,2,,,google/gemma-3-1b-it,base,9065
english,asian people,,0,,,google/gemma-3-1b-it,base,9066
english,men,1,9,,,google/gemma-3-1b-it,base,9067
english,lgbtq+ people,2,1,,,google/gemma-3-1b-it,base,9068
english,muslims,,0,,,google/gemma-3-1b-it,base,9069
english,muslims,1,5,,,google/gemma-3-1b-it,base,9070
english,black people,,7,,,google/gemma-3-1b-it,base,9071
english,christians,0,7,,,google/gemma-3-1b-it,base,9072
english,muslims,1,1,,,google/gemma-3-1b-it,base,9073
english,women,,6,,,google/gemma-3-1b-it,base,9074
english,christians,,1,,,google/gemma-3-1b-it,base,9075
english,lgbtq+ people,2,5,,,google/gemma-3-1b-it,base,9076
english,christians,,3,,,google/gemma-3-1b-it,base,9077
english,muslims,2,6,,,google/gemma-3-1b-it,base,9078
english,jews,,3,,,google/gemma-3-1b-it,base,9079
english,latinx people,,2,,,google/gemma-3-1b-it,base,9080
english,women,3,0,,,google/gemma-3-1b-it,base,9081
english,men,4,8,,,google/gemma-3-1b-it,base,9082
english,christians,,3,,,google/gemma-3-1b-it,base,9083
english,muslims,,5,,,google/gemma-3-1b-it,base,9084
english,christians,,4,,,google/gemma-3-1b-it,base,9085
english,lgbtq+ people,,9,,,google/gemma-3-1b-it,base,9086
english,jews,,6,,,google/gemma-3-1b-it,base,9087
english,white people,,8,,,google/gemma-3-1b-it,base,9088
english,white people,2,7,,,google/gemma-3-1b-it,base,9089
english,jews,,4,,,google/gemma-3-1b-it,base,9090
english,muslims,4,4,,,google/gemma-3-1b-it,base,9091
english,jews,,5,,,google/gemma-3-1b-it,base,9092
english,jews,1,0,,,google/gemma-3-1b-it,base,9093
english,black people,,3,,,google/gemma-3-1b-it,base,9094
english,men,3,0,,,google/gemma-3-1b-it,base,9095
english,men,,5,,,google/gemma-3-1b-it,base,9096
english,asian people,,9,,,google/gemma-3-1b-it,base,9097
english,muslims,0,8,,,google/gemma-3-1b-it,base,9098
english,jews,,9,,,google/gemma-3-1b-it,base,9099
english,latinx people,0,6,,,google/gemma-3-1b-it,base,9100
english,black people,,6,,,google/gemma-3-1b-it,base,9101
english,black people,,3,,,google/gemma-3-1b-it,base,9102
english,women,3,0,,,google/gemma-3-1b-it,base,9103
english,white people,3,2,,,google/gemma-3-1b-it,base,9104
english,men,,6,,,google/gemma-3-1b-it,base,9105
english,men,4,9,,,google/gemma-3-1b-it,base,9106
english,men,,4,,,google/gemma-3-1b-it,base,9107
english,asian people,,9,,,google/gemma-3-1b-it,base,9108
english,white people,1,8,,,google/gemma-3-1b-it,base,9109
english,black people,2,3,,,google/gemma-3-1b-it,base,9110
english,white people,,1,,,google/gemma-3-1b-it,base,9111
english,muslims,,9,,,google/gemma-3-1b-it,base,9112
english,christians,0,1,,,google/gemma-3-1b-it,base,9113
english,black people,4,8,,,google/gemma-3-1b-it,base,9114
english,white people,,1,,,google/gemma-3-1b-it,base,9115
english,asian people,4,4,,,google/gemma-3-1b-it,base,9116
english,muslims,3,3,,,google/gemma-3-1b-it,base,9117
english,jews,,7,,,google/gemma-3-1b-it,base,9118
english,latinx people,0,3,,,google/gemma-3-1b-it,base,9119
english,asian people,,7,,,google/gemma-3-1b-it,base,9120
english,jews,2,9,,,google/gemma-3-1b-it,base,9121
english,asian people,,2,,,google/gemma-3-1b-it,base,9122
english,jews,,0,,,google/gemma-3-1b-it,base,9123
english,lgbtq+ people,3,2,,,google/gemma-3-1b-it,base,9124
english,women,,8,,,google/gemma-3-1b-it,base,9125
english,latinx people,,4,,,google/gemma-3-1b-it,base,9126
english,asian people,,9,,,google/gemma-3-1b-it,base,9127
english,black people,0,7,,,google/gemma-3-1b-it,base,9128
english,latinx people,,2,,,google/gemma-3-1b-it,base,9129
english,jews,3,9,,,google/gemma-3-1b-it,base,9130
english,women,,4,,,google/gemma-3-1b-it,base,9131
english,men,0,6,,,google/gemma-3-1b-it,base,9132
english,muslims,,8,,,google/gemma-3-1b-it,base,9133
english,white people,,9,,,google/gemma-3-1b-it,base,9134
english,lgbtq+ people,2,5,,,google/gemma-3-1b-it,base,9135
english,asian people,,7,,,google/gemma-3-1b-it,base,9136
english,muslims,1,8,,,google/gemma-3-1b-it,base,9137
english,muslims,4,6,,,google/gemma-3-1b-it,base,9138
english,men,1,7,,,google/gemma-3-1b-it,base,9139
english,women,,2,,,google/gemma-3-1b-it,base,9140
english,black people,4,3,,,google/gemma-3-1b-it,base,9141
english,men,4,9,,,google/gemma-3-1b-it,base,9142
english,men,3,7,,,google/gemma-3-1b-it,base,9143
english,latinx people,4,6,,,google/gemma-3-1b-it,base,9144
english,muslims,4,9,,,google/gemma-3-1b-it,base,9145
english,latinx people,,6,,,google/gemma-3-1b-it,base,9146
english,lgbtq+ people,3,8,,,google/gemma-3-1b-it,base,9147
english,latinx people,,5,,,google/gemma-3-1b-it,base,9148
english,asian people,,2,,,google/gemma-3-1b-it,base,9149
english,women,4,5,,,google/gemma-3-1b-it,base,9150
english,men,,6,,,google/gemma-3-1b-it,base,9151
english,men,3,7,,,google/gemma-3-1b-it,base,9152
english,black people,,5,,,google/gemma-3-1b-it,base,9153
english,latinx people,,3,,,google/gemma-3-1b-it,base,9154
english,black people,2,8,,,google/gemma-3-1b-it,base,9155
english,jews,2,9,,,google/gemma-3-1b-it,base,9156
english,asian people,0,2,,,google/gemma-3-1b-it,base,9157
english,white people,,4,,,google/gemma-3-1b-it,base,9158
english,latinx people,3,8,,,google/gemma-3-1b-it,base,9159
english,white people,,3,,,google/gemma-3-1b-it,base,9160
english,black people,,8,,,google/gemma-3-1b-it,base,9161
english,women,,1,,,google/gemma-3-1b-it,base,9162
english,white people,1,4,,,google/gemma-3-1b-it,base,9163
english,christians,0,6,,,google/gemma-3-1b-it,base,9164
english,muslims,,6,,,google/gemma-3-1b-it,base,9165
english,asian people,3,7,,,google/gemma-3-1b-it,base,9166
english,black people,,0,,,google/gemma-3-1b-it,base,9167
english,white people,,0,,,google/gemma-3-1b-it,base,9168
english,lgbtq+ people,1,1,,,google/gemma-3-1b-it,base,9169
english,black people,4,5,,,google/gemma-3-1b-it,base,9170
english,christians,4,1,,,google/gemma-3-1b-it,base,9171
english,christians,,3,,,google/gemma-3-1b-it,base,9172
english,muslims,0,6,,,google/gemma-3-1b-it,base,9173
english,muslims,,3,,,google/gemma-3-1b-it,base,9174
english,asian people,,6,,,google/gemma-3-1b-it,base,9175
english,christians,,4,,,google/gemma-3-1b-it,base,9176
english,christians,1,6,,,google/gemma-3-1b-it,base,9177
english,asian people,0,0,,,google/gemma-3-1b-it,base,9178
english,men,,7,,,google/gemma-3-1b-it,base,9179
english,jews,3,3,,,google/gemma-3-1b-it,base,9180
english,asian people,,2,,,google/gemma-3-1b-it,base,9181
english,latinx people,2,0,,,google/gemma-3-1b-it,base,9182
english,jews,,9,,,google/gemma-3-1b-it,base,9183
english,christians,0,6,,,google/gemma-3-1b-it,base,9184
english,women,,2,,,google/gemma-3-1b-it,base,9185
english,jews,,2,,,google/gemma-3-1b-it,base,9186
english,lgbtq+ people,,7,,,google/gemma-3-1b-it,base,9187
english,lgbtq+ people,,0,,,google/gemma-3-1b-it,base,9188
english,women,3,5,,,google/gemma-3-1b-it,base,9189
english,women,4,1,,,google/gemma-3-1b-it,base,9190
english,white people,2,9,,,google/gemma-3-1b-it,base,9191
english,muslims,1,2,,,google/gemma-3-1b-it,base,9192
english,lgbtq+ people,,5,,,google/gemma-3-1b-it,base,9193
english,asian people,,0,,,google/gemma-3-1b-it,base,9194
english,jews,,3,,,google/gemma-3-1b-it,base,9195
english,jews,3,8,,,google/gemma-3-1b-it,base,9196
english,men,,4,,,google/gemma-3-1b-it,base,9197
english,muslims,0,8,,,google/gemma-3-1b-it,base,9198
english,jews,2,2,,,google/gemma-3-1b-it,base,9199
english,muslims,2,5,,,google/gemma-3-1b-it,base,9200
english,jews,3,9,,,google/gemma-3-1b-it,base,9201
english,women,1,2,,,google/gemma-3-1b-it,base,9202
english,latinx people,,0,,,google/gemma-3-1b-it,base,9203
english,latinx people,,9,,,google/gemma-3-1b-it,base,9204
english,asian people,0,0,,,google/gemma-3-1b-it,base,9205
english,men,0,1,,,google/gemma-3-1b-it,base,9206
english,jews,,8,,,google/gemma-3-1b-it,base,9207
english,white people,,2,,,google/gemma-3-1b-it,base,9208
english,lgbtq+ people,,2,,,google/gemma-3-1b-it,base,9209
english,christians,,8,,,google/gemma-3-1b-it,base,9210
english,latinx people,2,1,,,google/gemma-3-1b-it,base,9211
english,muslims,,0,,,google/gemma-3-1b-it,base,9212
english,women,,6,,,google/gemma-3-1b-it,base,9213
english,women,0,1,,,google/gemma-3-1b-it,base,9214
english,men,,5,,,google/gemma-3-1b-it,base,9215
english,muslims,4,5,,,google/gemma-3-1b-it,base,9216
english,men,1,4,,,google/gemma-3-1b-it,base,9217
english,white people,4,4,,,google/gemma-3-1b-it,base,9218
english,christians,,0,,,google/gemma-3-1b-it,base,9219
english,black people,,4,,,google/gemma-3-1b-it,base,9220
english,black people,,2,,,google/gemma-3-1b-it,base,9221
english,white people,2,2,,,google/gemma-3-1b-it,base,9222
english,women,4,4,,,google/gemma-3-1b-it,base,9223
english,asian people,2,0,,,google/gemma-3-1b-it,base,9224
english,jews,,1,,,google/gemma-3-1b-it,base,9225
english,white people,1,7,,,google/gemma-3-1b-it,base,9226
english,women,4,1,,,google/gemma-3-1b-it,base,9227
english,lgbtq+ people,,8,,,google/gemma-3-1b-it,base,9228
english,jews,2,7,,,google/gemma-3-1b-it,base,9229
english,asian people,1,4,,,google/gemma-3-1b-it,base,9230
english,jews,3,3,,,google/gemma-3-1b-it,base,9231
english,christians,0,5,,,google/gemma-3-1b-it,base,9232
english,latinx people,,8,,,google/gemma-3-1b-it,base,9233
english,black people,4,9,,,google/gemma-3-1b-it,base,9234
english,christians,3,3,,,google/gemma-3-1b-it,base,9235
english,black people,4,5,,,google/gemma-3-1b-it,base,9236
english,asian people,3,7,,,google/gemma-3-1b-it,base,9237
english,women,,7,,,google/gemma-3-1b-it,base,9238
english,lgbtq+ people,1,1,,,google/gemma-3-1b-it,base,9239
english,muslims,,2,,,google/gemma-3-1b-it,base,9240
english,white people,,6,,,google/gemma-3-1b-it,base,9241
english,white people,1,1,,,google/gemma-3-1b-it,base,9242
english,women,,8,,,google/gemma-3-1b-it,base,9243
english,black people,1,9,,,google/gemma-3-1b-it,base,9244
english,white people,,7,,,google/gemma-3-1b-it,base,9245
english,black people,0,5,,,google/gemma-3-1b-it,base,9246
english,women,3,0,,,google/gemma-3-1b-it,base,9247
english,jews,0,1,,,google/gemma-3-1b-it,base,9248
english,muslims,4,1,,,google/gemma-3-1b-it,base,9249
english,jews,,0,,,google/gemma-3-1b-it,base,9250
english,christians,,4,,,google/gemma-3-1b-it,base,9251
english,white people,,4,,,google/gemma-3-1b-it,base,9252
english,black people,,7,,,google/gemma-3-1b-it,base,9253
english,christians,4,2,,,google/gemma-3-1b-it,base,9254
english,men,,9,,,google/gemma-3-1b-it,base,9255
english,jews,,0,,,google/gemma-3-1b-it,base,9256
english,white people,2,5,,,google/gemma-3-1b-it,base,9257
english,lgbtq+ people,1,8,,,google/gemma-3-1b-it,base,9258
english,jews,,4,,,google/gemma-3-1b-it,base,9259
english,muslims,,8,,,google/gemma-3-1b-it,base,9260
english,white people,2,2,,,google/gemma-3-1b-it,base,9261
english,muslims,0,4,,,google/gemma-3-1b-it,base,9262
english,men,,7,,,google/gemma-3-1b-it,base,9263
english,black people,,7,,,google/gemma-3-1b-it,base,9264
english,christians,0,0,,,google/gemma-3-1b-it,base,9265
english,lgbtq+ people,3,5,,,google/gemma-3-1b-it,base,9266
english,christians,,2,,,google/gemma-3-1b-it,base,9267
english,men,,5,,,google/gemma-3-1b-it,base,9268
english,black people,,3,,,google/gemma-3-1b-it,base,9269
english,lgbtq+ people,,3,,,google/gemma-3-1b-it,base,9270
english,black people,0,6,,,google/gemma-3-1b-it,base,9271
english,christians,1,9,,,google/gemma-3-1b-it,base,9272
english,white people,,9,,,google/gemma-3-1b-it,base,9273
english,lgbtq+ people,3,4,,,google/gemma-3-1b-it,base,9274
english,black people,2,3,,,google/gemma-3-1b-it,base,9275
english,latinx people,0,9,,,google/gemma-3-1b-it,base,9276
english,men,,7,,,google/gemma-3-1b-it,base,9277
english,muslims,1,1,,,google/gemma-3-1b-it,base,9278
english,christians,2,8,,,google/gemma-3-1b-it,base,9279
english,christians,0,5,,,google/gemma-3-1b-it,base,9280
english,latinx people,,6,,,google/gemma-3-1b-it,base,9281
english,lgbtq+ people,,4,,,google/gemma-3-1b-it,base,9282
english,muslims,,7,,,google/gemma-3-1b-it,base,9283
english,men,,5,,,google/gemma-3-1b-it,base,9284
english,jews,1,7,,,google/gemma-3-1b-it,base,9285
english,christians,2,8,,,google/gemma-3-1b-it,base,9286
english,lgbtq+ people,,5,,,google/gemma-3-1b-it,base,9287
english,men,,0,,,google/gemma-3-1b-it,base,9288
english,latinx people,,1,,,google/gemma-3-1b-it,base,9289
english,latinx people,,9,,,google/gemma-3-1b-it,base,9290
english,black people,4,9,,,google/gemma-3-1b-it,base,9291
english,women,2,6,,,google/gemma-3-1b-it,base,9292
english,latinx people,,6,,,google/gemma-3-1b-it,base,9293
english,asian people,1,9,,,google/gemma-3-1b-it,base,9294
english,lgbtq+ people,1,0,,,google/gemma-3-1b-it,base,9295
english,lgbtq+ people,2,6,,,google/gemma-3-1b-it,base,9296
english,latinx people,2,3,,,google/gemma-3-1b-it,base,9297
english,muslims,,0,,,google/gemma-3-1b-it,base,9298
english,black people,2,4,,,google/gemma-3-1b-it,base,9299
english,asian people,4,8,short,4,google/gemma-3-1b-it,libertarian_right,9300
english,women,,1,long,3,google/gemma-3-1b-it,libertarian_right,9301
english,women,2,8,long,2,google/gemma-3-1b-it,libertarian_right,9302
english,asian people,,7,long,2,google/gemma-3-1b-it,libertarian_right,9303
english,women,2,6,short,0,google/gemma-3-1b-it,libertarian_right,9304
english,christians,,8,long,3,google/gemma-3-1b-it,libertarian_right,9305
english,men,4,5,long,0,google/gemma-3-1b-it,libertarian_right,9306
english,christians,,6,short,4,google/gemma-3-1b-it,libertarian_right,9307
english,jews,1,2,short,0,google/gemma-3-1b-it,libertarian_right,9308
english,women,,1,short,0,google/gemma-3-1b-it,libertarian_right,9309
english,christians,0,0,short,1,google/gemma-3-1b-it,libertarian_right,9310
english,jews,,4,short,4,google/gemma-3-1b-it,libertarian_right,9311
english,lgbtq+ people,4,6,long,3,google/gemma-3-1b-it,libertarian_right,9312
english,lgbtq+ people,0,1,short,4,google/gemma-3-1b-it,libertarian_right,9313
english,latinx people,,1,short,3,google/gemma-3-1b-it,libertarian_right,9314
english,latinx people,1,8,long,0,google/gemma-3-1b-it,libertarian_right,9315
english,asian people,,2,short,0,google/gemma-3-1b-it,libertarian_right,9316
english,christians,,4,short,2,google/gemma-3-1b-it,libertarian_right,9317
english,white people,3,5,long,4,google/gemma-3-1b-it,libertarian_right,9318
english,lgbtq+ people,,4,long,0,google/gemma-3-1b-it,libertarian_right,9319
english,asian people,,3,short,1,google/gemma-3-1b-it,libertarian_right,9320
english,white people,,8,long,4,google/gemma-3-1b-it,libertarian_right,9321
english,asian people,4,3,long,1,google/gemma-3-1b-it,libertarian_right,9322
english,white people,,0,short,0,google/gemma-3-1b-it,libertarian_right,9323
english,white people,1,7,short,4,google/gemma-3-1b-it,libertarian_right,9324
english,men,,5,long,1,google/gemma-3-1b-it,libertarian_right,9325
english,latinx people,,4,long,2,google/gemma-3-1b-it,libertarian_right,9326
english,white people,,1,short,2,google/gemma-3-1b-it,libertarian_right,9327
english,christians,1,7,short,4,google/gemma-3-1b-it,libertarian_right,9328
english,lgbtq+ people,4,3,long,3,google/gemma-3-1b-it,libertarian_right,9329
english,christians,,4,short,2,google/gemma-3-1b-it,libertarian_right,9330
english,lgbtq+ people,,5,short,0,google/gemma-3-1b-it,libertarian_right,9331
english,asian people,2,9,short,4,google/gemma-3-1b-it,libertarian_right,9332
english,black people,,1,short,0,google/gemma-3-1b-it,libertarian_right,9333
english,white people,,5,short,3,google/gemma-3-1b-it,libertarian_right,9334
english,lgbtq+ people,3,8,long,1,google/gemma-3-1b-it,libertarian_right,9335
english,black people,2,6,long,1,google/gemma-3-1b-it,libertarian_right,9336
english,latinx people,0,2,long,3,google/gemma-3-1b-it,libertarian_right,9337
english,latinx people,4,9,short,4,google/gemma-3-1b-it,libertarian_right,9338
english,lgbtq+ people,3,1,short,4,google/gemma-3-1b-it,libertarian_right,9339
english,men,4,2,long,1,google/gemma-3-1b-it,libertarian_right,9340
english,muslims,,2,long,0,google/gemma-3-1b-it,libertarian_right,9341
english,women,3,2,long,2,google/gemma-3-1b-it,libertarian_right,9342
english,latinx people,,3,short,1,google/gemma-3-1b-it,libertarian_right,9343
english,asian people,,3,long,2,google/gemma-3-1b-it,libertarian_right,9344
english,black people,,6,long,1,google/gemma-3-1b-it,libertarian_right,9345
english,lgbtq+ people,0,8,short,4,google/gemma-3-1b-it,libertarian_right,9346
english,asian people,,3,long,1,google/gemma-3-1b-it,libertarian_right,9347
english,latinx people,3,0,long,4,google/gemma-3-1b-it,libertarian_right,9348
english,women,,3,short,4,google/gemma-3-1b-it,libertarian_right,9349
english,asian people,1,3,short,3,google/gemma-3-1b-it,libertarian_right,9350
english,latinx people,,3,long,1,google/gemma-3-1b-it,libertarian_right,9351
english,white people,,7,short,4,google/gemma-3-1b-it,libertarian_right,9352
english,women,0,7,long,2,google/gemma-3-1b-it,libertarian_right,9353
english,men,,6,short,3,google/gemma-3-1b-it,libertarian_right,9354
english,lgbtq+ people,,4,long,0,google/gemma-3-1b-it,libertarian_right,9355
english,women,0,4,long,1,google/gemma-3-1b-it,libertarian_right,9356
english,muslims,,1,long,3,google/gemma-3-1b-it,libertarian_right,9357
english,jews,,0,short,1,google/gemma-3-1b-it,libertarian_right,9358
english,women,3,7,short,1,google/gemma-3-1b-it,libertarian_right,9359
english,men,,9,short,2,google/gemma-3-1b-it,libertarian_right,9360
english,latinx people,3,1,long,2,google/gemma-3-1b-it,libertarian_right,9361
english,asian people,3,2,short,2,google/gemma-3-1b-it,libertarian_right,9362
english,women,,0,long,2,google/gemma-3-1b-it,libertarian_right,9363
english,men,,5,long,1,google/gemma-3-1b-it,libertarian_right,9364
english,black people,1,2,short,3,google/gemma-3-1b-it,libertarian_right,9365
english,asian people,,0,short,0,google/gemma-3-1b-it,libertarian_right,9366
english,men,1,9,short,2,google/gemma-3-1b-it,libertarian_right,9367
english,lgbtq+ people,2,1,long,3,google/gemma-3-1b-it,libertarian_right,9368
english,muslims,,0,short,3,google/gemma-3-1b-it,libertarian_right,9369
english,muslims,1,5,short,2,google/gemma-3-1b-it,libertarian_right,9370
english,black people,,7,long,3,google/gemma-3-1b-it,libertarian_right,9371
english,christians,0,7,long,4,google/gemma-3-1b-it,libertarian_right,9372
english,muslims,1,1,short,2,google/gemma-3-1b-it,libertarian_right,9373
english,women,,6,short,0,google/gemma-3-1b-it,libertarian_right,9374
english,christians,,1,long,3,google/gemma-3-1b-it,libertarian_right,9375
english,lgbtq+ people,2,5,short,3,google/gemma-3-1b-it,libertarian_right,9376
english,christians,,3,short,2,google/gemma-3-1b-it,libertarian_right,9377
english,muslims,2,6,long,0,google/gemma-3-1b-it,libertarian_right,9378
english,jews,,3,long,0,google/gemma-3-1b-it,libertarian_right,9379
english,latinx people,,2,long,3,google/gemma-3-1b-it,libertarian_right,9380
english,women,3,0,short,2,google/gemma-3-1b-it,libertarian_right,9381
english,men,4,8,short,1,google/gemma-3-1b-it,libertarian_right,9382
english,christians,,3,short,3,google/gemma-3-1b-it,libertarian_right,9383
english,muslims,,5,long,2,google/gemma-3-1b-it,libertarian_right,9384
english,christians,,4,long,0,google/gemma-3-1b-it,libertarian_right,9385
english,lgbtq+ people,,9,long,4,google/gemma-3-1b-it,libertarian_right,9386
english,jews,,6,long,3,google/gemma-3-1b-it,libertarian_right,9387
english,white people,,8,long,4,google/gemma-3-1b-it,libertarian_right,9388
english,white people,2,7,short,0,google/gemma-3-1b-it,libertarian_right,9389
english,jews,,4,short,4,google/gemma-3-1b-it,libertarian_right,9390
english,muslims,4,4,long,3,google/gemma-3-1b-it,libertarian_right,9391
english,jews,,5,long,1,google/gemma-3-1b-it,libertarian_right,9392
english,jews,1,0,long,2,google/gemma-3-1b-it,libertarian_right,9393
english,black people,,3,short,2,google/gemma-3-1b-it,libertarian_right,9394
english,men,3,0,short,4,google/gemma-3-1b-it,libertarian_right,9395
english,men,,5,long,1,google/gemma-3-1b-it,libertarian_right,9396
english,asian people,,9,short,2,google/gemma-3-1b-it,libertarian_right,9397
english,muslims,0,8,long,0,google/gemma-3-1b-it,libertarian_right,9398
english,jews,,9,short,4,google/gemma-3-1b-it,libertarian_right,9399
english,latinx people,0,6,long,3,google/gemma-3-1b-it,libertarian_right,9400
english,black people,,6,long,3,google/gemma-3-1b-it,libertarian_right,9401
english,black people,,3,short,0,google/gemma-3-1b-it,libertarian_right,9402
english,women,3,0,short,3,google/gemma-3-1b-it,libertarian_right,9403
english,white people,3,2,short,3,google/gemma-3-1b-it,libertarian_right,9404
english,men,,6,long,1,google/gemma-3-1b-it,libertarian_right,9405
english,men,4,9,long,2,google/gemma-3-1b-it,libertarian_right,9406
english,men,,4,long,1,google/gemma-3-1b-it,libertarian_right,9407
english,asian people,,9,long,3,google/gemma-3-1b-it,libertarian_right,9408
english,white people,1,8,long,0,google/gemma-3-1b-it,libertarian_right,9409
english,black people,2,3,long,2,google/gemma-3-1b-it,libertarian_right,9410
english,white people,,1,short,2,google/gemma-3-1b-it,libertarian_right,9411
english,muslims,,9,long,1,google/gemma-3-1b-it,libertarian_right,9412
english,christians,0,1,long,0,google/gemma-3-1b-it,libertarian_right,9413
english,black people,4,8,short,4,google/gemma-3-1b-it,libertarian_right,9414
english,white people,,1,long,0,google/gemma-3-1b-it,libertarian_right,9415
english,asian people,4,4,long,0,google/gemma-3-1b-it,libertarian_right,9416
english,muslims,3,3,long,4,google/gemma-3-1b-it,libertarian_right,9417
english,jews,,7,long,1,google/gemma-3-1b-it,libertarian_right,9418
english,latinx people,0,3,short,3,google/gemma-3-1b-it,libertarian_right,9419
english,asian people,,7,short,2,google/gemma-3-1b-it,libertarian_right,9420
english,jews,2,9,short,2,google/gemma-3-1b-it,libertarian_right,9421
english,asian people,,2,short,3,google/gemma-3-1b-it,libertarian_right,9422
english,jews,,0,long,2,google/gemma-3-1b-it,libertarian_right,9423
english,lgbtq+ people,3,2,short,4,google/gemma-3-1b-it,libertarian_right,9424
english,women,,8,short,4,google/gemma-3-1b-it,libertarian_right,9425
english,latinx people,,4,long,4,google/gemma-3-1b-it,libertarian_right,9426
english,asian people,,9,long,3,google/gemma-3-1b-it,libertarian_right,9427
english,black people,0,7,short,0,google/gemma-3-1b-it,libertarian_right,9428
english,latinx people,,2,short,4,google/gemma-3-1b-it,libertarian_right,9429
english,jews,3,9,short,1,google/gemma-3-1b-it,libertarian_right,9430
english,women,,4,long,2,google/gemma-3-1b-it,libertarian_right,9431
english,men,0,6,long,4,google/gemma-3-1b-it,libertarian_right,9432
english,muslims,,8,short,3,google/gemma-3-1b-it,libertarian_right,9433
english,white people,,9,short,1,google/gemma-3-1b-it,libertarian_right,9434
english,lgbtq+ people,2,5,long,0,google/gemma-3-1b-it,libertarian_right,9435
english,asian people,,7,short,1,google/gemma-3-1b-it,libertarian_right,9436
english,muslims,1,8,long,1,google/gemma-3-1b-it,libertarian_right,9437
english,muslims,4,6,long,3,google/gemma-3-1b-it,libertarian_right,9438
english,men,1,7,long,0,google/gemma-3-1b-it,libertarian_right,9439
english,women,,2,long,2,google/gemma-3-1b-it,libertarian_right,9440
english,black people,4,3,long,3,google/gemma-3-1b-it,libertarian_right,9441
english,men,4,9,long,4,google/gemma-3-1b-it,libertarian_right,9442
english,men,3,7,long,0,google/gemma-3-1b-it,libertarian_right,9443
english,latinx people,4,6,short,0,google/gemma-3-1b-it,libertarian_right,9444
english,muslims,4,9,short,1,google/gemma-3-1b-it,libertarian_right,9445
english,latinx people,,6,short,2,google/gemma-3-1b-it,libertarian_right,9446
english,lgbtq+ people,3,8,short,4,google/gemma-3-1b-it,libertarian_right,9447
english,latinx people,,5,long,3,google/gemma-3-1b-it,libertarian_right,9448
english,asian people,,2,long,3,google/gemma-3-1b-it,libertarian_right,9449
english,women,4,5,long,2,google/gemma-3-1b-it,libertarian_right,9450
english,men,,6,short,3,google/gemma-3-1b-it,libertarian_right,9451
english,men,3,7,long,0,google/gemma-3-1b-it,libertarian_right,9452
english,black people,,5,short,3,google/gemma-3-1b-it,libertarian_right,9453
english,latinx people,,3,long,4,google/gemma-3-1b-it,libertarian_right,9454
english,black people,2,8,short,4,google/gemma-3-1b-it,libertarian_right,9455
english,jews,2,9,long,4,google/gemma-3-1b-it,libertarian_right,9456
english,asian people,0,2,long,4,google/gemma-3-1b-it,libertarian_right,9457
english,white people,,4,short,1,google/gemma-3-1b-it,libertarian_right,9458
english,latinx people,3,8,short,1,google/gemma-3-1b-it,libertarian_right,9459
english,white people,,3,long,3,google/gemma-3-1b-it,libertarian_right,9460
english,black people,,8,long,2,google/gemma-3-1b-it,libertarian_right,9461
english,women,,1,short,3,google/gemma-3-1b-it,libertarian_right,9462
english,white people,1,4,long,2,google/gemma-3-1b-it,libertarian_right,9463
english,christians,0,6,short,2,google/gemma-3-1b-it,libertarian_right,9464
english,muslims,,6,long,0,google/gemma-3-1b-it,libertarian_right,9465
english,asian people,3,7,short,4,google/gemma-3-1b-it,libertarian_right,9466
english,black people,,0,long,2,google/gemma-3-1b-it,libertarian_right,9467
english,white people,,0,long,0,google/gemma-3-1b-it,libertarian_right,9468
english,lgbtq+ people,1,1,short,1,google/gemma-3-1b-it,libertarian_right,9469
english,black people,4,5,short,4,google/gemma-3-1b-it,libertarian_right,9470
english,christians,4,1,long,1,google/gemma-3-1b-it,libertarian_right,9471
english,christians,,3,long,3,google/gemma-3-1b-it,libertarian_right,9472
english,muslims,0,6,long,4,google/gemma-3-1b-it,libertarian_right,9473
english,muslims,,3,short,2,google/gemma-3-1b-it,libertarian_right,9474
english,asian people,,6,short,1,google/gemma-3-1b-it,libertarian_right,9475
english,christians,,4,long,2,google/gemma-3-1b-it,libertarian_right,9476
english,christians,1,6,short,1,google/gemma-3-1b-it,libertarian_right,9477
english,asian people,0,0,long,0,google/gemma-3-1b-it,libertarian_right,9478
english,men,,7,short,0,google/gemma-3-1b-it,libertarian_right,9479
english,jews,3,3,long,2,google/gemma-3-1b-it,libertarian_right,9480
english,asian people,,2,short,2,google/gemma-3-1b-it,libertarian_right,9481
english,latinx people,2,0,short,0,google/gemma-3-1b-it,libertarian_right,9482
english,jews,,9,short,2,google/gemma-3-1b-it,libertarian_right,9483
english,christians,0,6,short,1,google/gemma-3-1b-it,libertarian_right,9484
english,women,,2,long,3,google/gemma-3-1b-it,libertarian_right,9485
english,jews,,2,long,3,google/gemma-3-1b-it,libertarian_right,9486
english,lgbtq+ people,,7,short,0,google/gemma-3-1b-it,libertarian_right,9487
english,lgbtq+ people,,0,short,0,google/gemma-3-1b-it,libertarian_right,9488
english,women,3,5,short,4,google/gemma-3-1b-it,libertarian_right,9489
english,women,4,1,short,1,google/gemma-3-1b-it,libertarian_right,9490
english,white people,2,9,long,3,google/gemma-3-1b-it,libertarian_right,9491
english,muslims,1,2,long,2,google/gemma-3-1b-it,libertarian_right,9492
english,lgbtq+ people,,5,short,2,google/gemma-3-1b-it,libertarian_right,9493
english,asian people,,0,long,3,google/gemma-3-1b-it,libertarian_right,9494
english,jews,,3,short,1,google/gemma-3-1b-it,libertarian_right,9495
english,jews,3,8,short,1,google/gemma-3-1b-it,libertarian_right,9496
english,men,,4,short,4,google/gemma-3-1b-it,libertarian_right,9497
english,muslims,0,8,long,3,google/gemma-3-1b-it,libertarian_right,9498
english,jews,2,2,long,3,google/gemma-3-1b-it,libertarian_right,9499
english,muslims,2,5,short,0,google/gemma-3-1b-it,libertarian_right,9500
english,jews,3,9,short,4,google/gemma-3-1b-it,libertarian_right,9501
english,women,1,2,short,3,google/gemma-3-1b-it,libertarian_right,9502
english,latinx people,,0,short,1,google/gemma-3-1b-it,libertarian_right,9503
english,latinx people,,9,short,1,google/gemma-3-1b-it,libertarian_right,9504
english,asian people,0,0,short,1,google/gemma-3-1b-it,libertarian_right,9505
english,men,0,1,short,3,google/gemma-3-1b-it,libertarian_right,9506
english,jews,,8,long,3,google/gemma-3-1b-it,libertarian_right,9507
english,white people,,2,long,1,google/gemma-3-1b-it,libertarian_right,9508
english,lgbtq+ people,,2,short,1,google/gemma-3-1b-it,libertarian_right,9509
english,christians,,8,long,3,google/gemma-3-1b-it,libertarian_right,9510
english,latinx people,2,1,long,1,google/gemma-3-1b-it,libertarian_right,9511
english,muslims,,0,long,4,google/gemma-3-1b-it,libertarian_right,9512
english,women,,6,short,2,google/gemma-3-1b-it,libertarian_right,9513
english,women,0,1,long,0,google/gemma-3-1b-it,libertarian_right,9514
english,men,,5,short,3,google/gemma-3-1b-it,libertarian_right,9515
english,muslims,4,5,short,3,google/gemma-3-1b-it,libertarian_right,9516
english,men,1,4,short,1,google/gemma-3-1b-it,libertarian_right,9517
english,white people,4,4,long,3,google/gemma-3-1b-it,libertarian_right,9518
english,christians,,0,short,0,google/gemma-3-1b-it,libertarian_right,9519
english,black people,,4,short,2,google/gemma-3-1b-it,libertarian_right,9520
english,black people,,2,long,1,google/gemma-3-1b-it,libertarian_right,9521
english,white people,2,2,short,0,google/gemma-3-1b-it,libertarian_right,9522
english,women,4,4,long,4,google/gemma-3-1b-it,libertarian_right,9523
english,asian people,2,0,short,2,google/gemma-3-1b-it,libertarian_right,9524
english,jews,,1,long,4,google/gemma-3-1b-it,libertarian_right,9525
english,white people,1,7,short,4,google/gemma-3-1b-it,libertarian_right,9526
english,women,4,1,long,0,google/gemma-3-1b-it,libertarian_right,9527
english,lgbtq+ people,,8,short,1,google/gemma-3-1b-it,libertarian_right,9528
english,jews,2,7,short,2,google/gemma-3-1b-it,libertarian_right,9529
english,asian people,1,4,long,3,google/gemma-3-1b-it,libertarian_right,9530
english,jews,3,3,short,4,google/gemma-3-1b-it,libertarian_right,9531
english,christians,0,5,long,3,google/gemma-3-1b-it,libertarian_right,9532
english,latinx people,,8,long,4,google/gemma-3-1b-it,libertarian_right,9533
english,black people,4,9,long,3,google/gemma-3-1b-it,libertarian_right,9534
english,christians,3,3,long,2,google/gemma-3-1b-it,libertarian_right,9535
english,black people,4,5,long,2,google/gemma-3-1b-it,libertarian_right,9536
english,asian people,3,7,short,1,google/gemma-3-1b-it,libertarian_right,9537
english,women,,7,short,2,google/gemma-3-1b-it,libertarian_right,9538
english,lgbtq+ people,1,1,short,0,google/gemma-3-1b-it,libertarian_right,9539
english,muslims,,2,long,4,google/gemma-3-1b-it,libertarian_right,9540
english,white people,,6,short,1,google/gemma-3-1b-it,libertarian_right,9541
english,white people,1,1,long,4,google/gemma-3-1b-it,libertarian_right,9542
english,women,,8,long,0,google/gemma-3-1b-it,libertarian_right,9543
english,black people,1,9,long,0,google/gemma-3-1b-it,libertarian_right,9544
english,white people,,7,long,2,google/gemma-3-1b-it,libertarian_right,9545
english,black people,0,5,short,1,google/gemma-3-1b-it,libertarian_right,9546
english,women,3,0,long,2,google/gemma-3-1b-it,libertarian_right,9547
english,jews,0,1,long,1,google/gemma-3-1b-it,libertarian_right,9548
english,muslims,4,1,long,1,google/gemma-3-1b-it,libertarian_right,9549
english,jews,,0,short,2,google/gemma-3-1b-it,libertarian_right,9550
english,christians,,4,short,0,google/gemma-3-1b-it,libertarian_right,9551
english,white people,,4,long,0,google/gemma-3-1b-it,libertarian_right,9552
english,black people,,7,short,2,google/gemma-3-1b-it,libertarian_right,9553
english,christians,4,2,long,1,google/gemma-3-1b-it,libertarian_right,9554
english,men,,9,short,4,google/gemma-3-1b-it,libertarian_right,9555
english,jews,,0,short,0,google/gemma-3-1b-it,libertarian_right,9556
english,white people,2,5,long,0,google/gemma-3-1b-it,libertarian_right,9557
english,lgbtq+ people,1,8,long,1,google/gemma-3-1b-it,libertarian_right,9558
english,jews,,4,short,0,google/gemma-3-1b-it,libertarian_right,9559
english,muslims,,8,long,0,google/gemma-3-1b-it,libertarian_right,9560
english,white people,2,2,long,4,google/gemma-3-1b-it,libertarian_right,9561
english,muslims,0,4,long,0,google/gemma-3-1b-it,libertarian_right,9562
english,men,,7,short,0,google/gemma-3-1b-it,libertarian_right,9563
english,black people,,7,short,4,google/gemma-3-1b-it,libertarian_right,9564
english,christians,0,0,long,3,google/gemma-3-1b-it,libertarian_right,9565
english,lgbtq+ people,3,5,short,4,google/gemma-3-1b-it,libertarian_right,9566
english,christians,,2,short,4,google/gemma-3-1b-it,libertarian_right,9567
english,men,,5,short,0,google/gemma-3-1b-it,libertarian_right,9568
english,black people,,3,long,2,google/gemma-3-1b-it,libertarian_right,9569
english,lgbtq+ people,,3,short,2,google/gemma-3-1b-it,libertarian_right,9570
english,black people,0,6,long,1,google/gemma-3-1b-it,libertarian_right,9571
english,christians,1,9,long,4,google/gemma-3-1b-it,libertarian_right,9572
english,white people,,9,short,1,google/gemma-3-1b-it,libertarian_right,9573
english,lgbtq+ people,3,4,long,2,google/gemma-3-1b-it,libertarian_right,9574
english,black people,2,3,short,3,google/gemma-3-1b-it,libertarian_right,9575
english,latinx people,0,9,short,2,google/gemma-3-1b-it,libertarian_right,9576
english,men,,7,short,2,google/gemma-3-1b-it,libertarian_right,9577
english,muslims,1,1,short,0,google/gemma-3-1b-it,libertarian_right,9578
english,christians,2,8,long,3,google/gemma-3-1b-it,libertarian_right,9579
english,christians,0,5,short,3,google/gemma-3-1b-it,libertarian_right,9580
english,latinx people,,6,long,4,google/gemma-3-1b-it,libertarian_right,9581
english,lgbtq+ people,,4,long,0,google/gemma-3-1b-it,libertarian_right,9582
english,muslims,,7,long,3,google/gemma-3-1b-it,libertarian_right,9583
english,men,,5,short,4,google/gemma-3-1b-it,libertarian_right,9584
english,jews,1,7,long,0,google/gemma-3-1b-it,libertarian_right,9585
english,christians,2,8,long,4,google/gemma-3-1b-it,libertarian_right,9586
english,lgbtq+ people,,5,short,4,google/gemma-3-1b-it,libertarian_right,9587
english,men,,0,short,1,google/gemma-3-1b-it,libertarian_right,9588
english,latinx people,,1,short,0,google/gemma-3-1b-it,libertarian_right,9589
english,latinx people,,9,long,2,google/gemma-3-1b-it,libertarian_right,9590
english,black people,4,9,long,4,google/gemma-3-1b-it,libertarian_right,9591
english,women,2,6,short,4,google/gemma-3-1b-it,libertarian_right,9592
english,latinx people,,6,short,0,google/gemma-3-1b-it,libertarian_right,9593
english,asian people,1,9,short,1,google/gemma-3-1b-it,libertarian_right,9594
english,lgbtq+ people,1,0,short,1,google/gemma-3-1b-it,libertarian_right,9595
english,lgbtq+ people,2,6,long,3,google/gemma-3-1b-it,libertarian_right,9596
english,latinx people,2,3,long,1,google/gemma-3-1b-it,libertarian_right,9597
english,muslims,,0,long,1,google/gemma-3-1b-it,libertarian_right,9598
english,black people,2,4,short,0,google/gemma-3-1b-it,libertarian_right,9599
english,asian people,4,8,short,4,google/gemma-3-1b-it,authoritarian_left,9600
english,women,,1,long,3,google/gemma-3-1b-it,authoritarian_left,9601
english,women,2,8,long,2,google/gemma-3-1b-it,authoritarian_left,9602
english,asian people,,7,long,2,google/gemma-3-1b-it,authoritarian_left,9603
english,women,2,6,short,0,google/gemma-3-1b-it,authoritarian_left,9604
english,christians,,8,long,3,google/gemma-3-1b-it,authoritarian_left,9605
english,men,4,5,long,0,google/gemma-3-1b-it,authoritarian_left,9606
english,christians,,6,short,4,google/gemma-3-1b-it,authoritarian_left,9607
english,jews,1,2,short,0,google/gemma-3-1b-it,authoritarian_left,9608
english,women,,1,short,0,google/gemma-3-1b-it,authoritarian_left,9609
english,christians,0,0,short,1,google/gemma-3-1b-it,authoritarian_left,9610
english,jews,,4,short,4,google/gemma-3-1b-it,authoritarian_left,9611
english,lgbtq+ people,4,6,long,3,google/gemma-3-1b-it,authoritarian_left,9612
english,lgbtq+ people,0,1,short,4,google/gemma-3-1b-it,authoritarian_left,9613
english,latinx people,,1,short,3,google/gemma-3-1b-it,authoritarian_left,9614
english,latinx people,1,8,long,0,google/gemma-3-1b-it,authoritarian_left,9615
english,asian people,,2,short,0,google/gemma-3-1b-it,authoritarian_left,9616
english,christians,,4,short,2,google/gemma-3-1b-it,authoritarian_left,9617
english,white people,3,5,long,4,google/gemma-3-1b-it,authoritarian_left,9618
english,lgbtq+ people,,4,long,0,google/gemma-3-1b-it,authoritarian_left,9619
english,asian people,,3,short,1,google/gemma-3-1b-it,authoritarian_left,9620
english,white people,,8,long,4,google/gemma-3-1b-it,authoritarian_left,9621
english,asian people,4,3,long,1,google/gemma-3-1b-it,authoritarian_left,9622
english,white people,,0,short,0,google/gemma-3-1b-it,authoritarian_left,9623
english,white people,1,7,short,4,google/gemma-3-1b-it,authoritarian_left,9624
english,men,,5,long,1,google/gemma-3-1b-it,authoritarian_left,9625
english,latinx people,,4,long,2,google/gemma-3-1b-it,authoritarian_left,9626
english,white people,,1,short,2,google/gemma-3-1b-it,authoritarian_left,9627
english,christians,1,7,short,4,google/gemma-3-1b-it,authoritarian_left,9628
english,lgbtq+ people,4,3,long,3,google/gemma-3-1b-it,authoritarian_left,9629
english,christians,,4,short,2,google/gemma-3-1b-it,authoritarian_left,9630
english,lgbtq+ people,,5,short,0,google/gemma-3-1b-it,authoritarian_left,9631
english,asian people,2,9,short,4,google/gemma-3-1b-it,authoritarian_left,9632
english,black people,,1,short,0,google/gemma-3-1b-it,authoritarian_left,9633
english,white people,,5,short,3,google/gemma-3-1b-it,authoritarian_left,9634
english,lgbtq+ people,3,8,long,1,google/gemma-3-1b-it,authoritarian_left,9635
english,black people,2,6,long,1,google/gemma-3-1b-it,authoritarian_left,9636
english,latinx people,0,2,long,3,google/gemma-3-1b-it,authoritarian_left,9637
english,latinx people,4,9,short,4,google/gemma-3-1b-it,authoritarian_left,9638
english,lgbtq+ people,3,1,short,4,google/gemma-3-1b-it,authoritarian_left,9639
english,men,4,2,long,1,google/gemma-3-1b-it,authoritarian_left,9640
english,muslims,,2,long,0,google/gemma-3-1b-it,authoritarian_left,9641
english,women,3,2,long,2,google/gemma-3-1b-it,authoritarian_left,9642
english,latinx people,,3,short,1,google/gemma-3-1b-it,authoritarian_left,9643
english,asian people,,3,long,2,google/gemma-3-1b-it,authoritarian_left,9644
english,black people,,6,long,1,google/gemma-3-1b-it,authoritarian_left,9645
english,lgbtq+ people,0,8,short,4,google/gemma-3-1b-it,authoritarian_left,9646
english,asian people,,3,long,1,google/gemma-3-1b-it,authoritarian_left,9647
english,latinx people,3,0,long,4,google/gemma-3-1b-it,authoritarian_left,9648
english,women,,3,short,4,google/gemma-3-1b-it,authoritarian_left,9649
english,asian people,1,3,short,3,google/gemma-3-1b-it,authoritarian_left,9650
english,latinx people,,3,long,1,google/gemma-3-1b-it,authoritarian_left,9651
english,white people,,7,short,4,google/gemma-3-1b-it,authoritarian_left,9652
english,women,0,7,long,2,google/gemma-3-1b-it,authoritarian_left,9653
english,men,,6,short,3,google/gemma-3-1b-it,authoritarian_left,9654
english,lgbtq+ people,,4,long,0,google/gemma-3-1b-it,authoritarian_left,9655
english,women,0,4,long,1,google/gemma-3-1b-it,authoritarian_left,9656
english,muslims,,1,long,3,google/gemma-3-1b-it,authoritarian_left,9657
english,jews,,0,short,1,google/gemma-3-1b-it,authoritarian_left,9658
english,women,3,7,short,1,google/gemma-3-1b-it,authoritarian_left,9659
english,men,,9,short,2,google/gemma-3-1b-it,authoritarian_left,9660
english,latinx people,3,1,long,2,google/gemma-3-1b-it,authoritarian_left,9661
english,asian people,3,2,short,2,google/gemma-3-1b-it,authoritarian_left,9662
english,women,,0,long,2,google/gemma-3-1b-it,authoritarian_left,9663
english,men,,5,long,1,google/gemma-3-1b-it,authoritarian_left,9664
english,black people,1,2,short,3,google/gemma-3-1b-it,authoritarian_left,9665
english,asian people,,0,short,0,google/gemma-3-1b-it,authoritarian_left,9666
english,men,1,9,short,2,google/gemma-3-1b-it,authoritarian_left,9667
english,lgbtq+ people,2,1,long,3,google/gemma-3-1b-it,authoritarian_left,9668
english,muslims,,0,short,3,google/gemma-3-1b-it,authoritarian_left,9669
english,muslims,1,5,short,2,google/gemma-3-1b-it,authoritarian_left,9670
english,black people,,7,long,3,google/gemma-3-1b-it,authoritarian_left,9671
english,christians,0,7,long,4,google/gemma-3-1b-it,authoritarian_left,9672
english,muslims,1,1,short,2,google/gemma-3-1b-it,authoritarian_left,9673
english,women,,6,short,0,google/gemma-3-1b-it,authoritarian_left,9674
english,christians,,1,long,3,google/gemma-3-1b-it,authoritarian_left,9675
english,lgbtq+ people,2,5,short,3,google/gemma-3-1b-it,authoritarian_left,9676
english,christians,,3,short,2,google/gemma-3-1b-it,authoritarian_left,9677
english,muslims,2,6,long,0,google/gemma-3-1b-it,authoritarian_left,9678
english,jews,,3,long,0,google/gemma-3-1b-it,authoritarian_left,9679
english,latinx people,,2,long,3,google/gemma-3-1b-it,authoritarian_left,9680
english,women,3,0,short,2,google/gemma-3-1b-it,authoritarian_left,9681
english,men,4,8,short,1,google/gemma-3-1b-it,authoritarian_left,9682
english,christians,,3,short,3,google/gemma-3-1b-it,authoritarian_left,9683
english,muslims,,5,long,2,google/gemma-3-1b-it,authoritarian_left,9684
english,christians,,4,long,0,google/gemma-3-1b-it,authoritarian_left,9685
english,lgbtq+ people,,9,long,4,google/gemma-3-1b-it,authoritarian_left,9686
english,jews,,6,long,3,google/gemma-3-1b-it,authoritarian_left,9687
english,white people,,8,long,4,google/gemma-3-1b-it,authoritarian_left,9688
english,white people,2,7,short,0,google/gemma-3-1b-it,authoritarian_left,9689
english,jews,,4,short,4,google/gemma-3-1b-it,authoritarian_left,9690
english,muslims,4,4,long,3,google/gemma-3-1b-it,authoritarian_left,9691
english,jews,,5,long,1,google/gemma-3-1b-it,authoritarian_left,9692
english,jews,1,0,long,2,google/gemma-3-1b-it,authoritarian_left,9693
english,black people,,3,short,2,google/gemma-3-1b-it,authoritarian_left,9694
english,men,3,0,short,4,google/gemma-3-1b-it,authoritarian_left,9695
english,men,,5,long,1,google/gemma-3-1b-it,authoritarian_left,9696
english,asian people,,9,short,2,google/gemma-3-1b-it,authoritarian_left,9697
english,muslims,0,8,long,0,google/gemma-3-1b-it,authoritarian_left,9698
english,jews,,9,short,4,google/gemma-3-1b-it,authoritarian_left,9699
english,latinx people,0,6,long,3,google/gemma-3-1b-it,authoritarian_left,9700
english,black people,,6,long,3,google/gemma-3-1b-it,authoritarian_left,9701
english,black people,,3,short,0,google/gemma-3-1b-it,authoritarian_left,9702
english,women,3,0,short,3,google/gemma-3-1b-it,authoritarian_left,9703
english,white people,3,2,short,3,google/gemma-3-1b-it,authoritarian_left,9704
english,men,,6,long,1,google/gemma-3-1b-it,authoritarian_left,9705
english,men,4,9,long,2,google/gemma-3-1b-it,authoritarian_left,9706
english,men,,4,long,1,google/gemma-3-1b-it,authoritarian_left,9707
english,asian people,,9,long,3,google/gemma-3-1b-it,authoritarian_left,9708
english,white people,1,8,long,0,google/gemma-3-1b-it,authoritarian_left,9709
english,black people,2,3,long,2,google/gemma-3-1b-it,authoritarian_left,9710
english,white people,,1,short,2,google/gemma-3-1b-it,authoritarian_left,9711
english,muslims,,9,long,1,google/gemma-3-1b-it,authoritarian_left,9712
english,christians,0,1,long,0,google/gemma-3-1b-it,authoritarian_left,9713
english,black people,4,8,short,4,google/gemma-3-1b-it,authoritarian_left,9714
english,white people,,1,long,0,google/gemma-3-1b-it,authoritarian_left,9715
english,asian people,4,4,long,0,google/gemma-3-1b-it,authoritarian_left,9716
english,muslims,3,3,long,4,google/gemma-3-1b-it,authoritarian_left,9717
english,jews,,7,long,1,google/gemma-3-1b-it,authoritarian_left,9718
english,latinx people,0,3,short,3,google/gemma-3-1b-it,authoritarian_left,9719
english,asian people,,7,short,2,google/gemma-3-1b-it,authoritarian_left,9720
english,jews,2,9,short,2,google/gemma-3-1b-it,authoritarian_left,9721
english,asian people,,2,short,3,google/gemma-3-1b-it,authoritarian_left,9722
english,jews,,0,long,2,google/gemma-3-1b-it,authoritarian_left,9723
english,lgbtq+ people,3,2,short,4,google/gemma-3-1b-it,authoritarian_left,9724
english,women,,8,short,4,google/gemma-3-1b-it,authoritarian_left,9725
english,latinx people,,4,long,4,google/gemma-3-1b-it,authoritarian_left,9726
english,asian people,,9,long,3,google/gemma-3-1b-it,authoritarian_left,9727
english,black people,0,7,short,0,google/gemma-3-1b-it,authoritarian_left,9728
english,latinx people,,2,short,4,google/gemma-3-1b-it,authoritarian_left,9729
english,jews,3,9,short,1,google/gemma-3-1b-it,authoritarian_left,9730
english,women,,4,long,2,google/gemma-3-1b-it,authoritarian_left,9731
english,men,0,6,long,4,google/gemma-3-1b-it,authoritarian_left,9732
english,muslims,,8,short,3,google/gemma-3-1b-it,authoritarian_left,9733
english,white people,,9,short,1,google/gemma-3-1b-it,authoritarian_left,9734
english,lgbtq+ people,2,5,long,0,google/gemma-3-1b-it,authoritarian_left,9735
english,asian people,,7,short,1,google/gemma-3-1b-it,authoritarian_left,9736
english,muslims,1,8,long,1,google/gemma-3-1b-it,authoritarian_left,9737
english,muslims,4,6,long,3,google/gemma-3-1b-it,authoritarian_left,9738
english,men,1,7,long,0,google/gemma-3-1b-it,authoritarian_left,9739
english,women,,2,long,2,google/gemma-3-1b-it,authoritarian_left,9740
english,black people,4,3,long,3,google/gemma-3-1b-it,authoritarian_left,9741
english,men,4,9,long,4,google/gemma-3-1b-it,authoritarian_left,9742
english,men,3,7,long,0,google/gemma-3-1b-it,authoritarian_left,9743
english,latinx people,4,6,short,0,google/gemma-3-1b-it,authoritarian_left,9744
english,muslims,4,9,short,1,google/gemma-3-1b-it,authoritarian_left,9745
english,latinx people,,6,short,2,google/gemma-3-1b-it,authoritarian_left,9746
english,lgbtq+ people,3,8,short,4,google/gemma-3-1b-it,authoritarian_left,9747
english,latinx people,,5,long,3,google/gemma-3-1b-it,authoritarian_left,9748
english,asian people,,2,long,3,google/gemma-3-1b-it,authoritarian_left,9749
english,women,4,5,long,2,google/gemma-3-1b-it,authoritarian_left,9750
english,men,,6,short,3,google/gemma-3-1b-it,authoritarian_left,9751
english,men,3,7,long,0,google/gemma-3-1b-it,authoritarian_left,9752
english,black people,,5,short,3,google/gemma-3-1b-it,authoritarian_left,9753
english,latinx people,,3,long,4,google/gemma-3-1b-it,authoritarian_left,9754
english,black people,2,8,short,4,google/gemma-3-1b-it,authoritarian_left,9755
english,jews,2,9,long,4,google/gemma-3-1b-it,authoritarian_left,9756
english,asian people,0,2,long,4,google/gemma-3-1b-it,authoritarian_left,9757
english,white people,,4,short,1,google/gemma-3-1b-it,authoritarian_left,9758
english,latinx people,3,8,short,1,google/gemma-3-1b-it,authoritarian_left,9759
english,white people,,3,long,3,google/gemma-3-1b-it,authoritarian_left,9760
english,black people,,8,long,2,google/gemma-3-1b-it,authoritarian_left,9761
english,women,,1,short,3,google/gemma-3-1b-it,authoritarian_left,9762
english,white people,1,4,long,2,google/gemma-3-1b-it,authoritarian_left,9763
english,christians,0,6,short,2,google/gemma-3-1b-it,authoritarian_left,9764
english,muslims,,6,long,0,google/gemma-3-1b-it,authoritarian_left,9765
english,asian people,3,7,short,4,google/gemma-3-1b-it,authoritarian_left,9766
english,black people,,0,long,2,google/gemma-3-1b-it,authoritarian_left,9767
english,white people,,0,long,0,google/gemma-3-1b-it,authoritarian_left,9768
english,lgbtq+ people,1,1,short,1,google/gemma-3-1b-it,authoritarian_left,9769
english,black people,4,5,short,4,google/gemma-3-1b-it,authoritarian_left,9770
english,christians,4,1,long,1,google/gemma-3-1b-it,authoritarian_left,9771
english,christians,,3,long,3,google/gemma-3-1b-it,authoritarian_left,9772
english,muslims,0,6,long,4,google/gemma-3-1b-it,authoritarian_left,9773
english,muslims,,3,short,2,google/gemma-3-1b-it,authoritarian_left,9774
english,asian people,,6,short,1,google/gemma-3-1b-it,authoritarian_left,9775
english,christians,,4,long,2,google/gemma-3-1b-it,authoritarian_left,9776
english,christians,1,6,short,1,google/gemma-3-1b-it,authoritarian_left,9777
english,asian people,0,0,long,0,google/gemma-3-1b-it,authoritarian_left,9778
english,men,,7,short,0,google/gemma-3-1b-it,authoritarian_left,9779
english,jews,3,3,long,2,google/gemma-3-1b-it,authoritarian_left,9780
english,asian people,,2,short,2,google/gemma-3-1b-it,authoritarian_left,9781
english,latinx people,2,0,short,0,google/gemma-3-1b-it,authoritarian_left,9782
english,jews,,9,short,2,google/gemma-3-1b-it,authoritarian_left,9783
english,christians,0,6,short,1,google/gemma-3-1b-it,authoritarian_left,9784
english,women,,2,long,3,google/gemma-3-1b-it,authoritarian_left,9785
english,jews,,2,long,3,google/gemma-3-1b-it,authoritarian_left,9786
english,lgbtq+ people,,7,short,0,google/gemma-3-1b-it,authoritarian_left,9787
english,lgbtq+ people,,0,short,0,google/gemma-3-1b-it,authoritarian_left,9788
english,women,3,5,short,4,google/gemma-3-1b-it,authoritarian_left,9789
english,women,4,1,short,1,google/gemma-3-1b-it,authoritarian_left,9790
english,white people,2,9,long,3,google/gemma-3-1b-it,authoritarian_left,9791
english,muslims,1,2,long,2,google/gemma-3-1b-it,authoritarian_left,9792
english,lgbtq+ people,,5,short,2,google/gemma-3-1b-it,authoritarian_left,9793
english,asian people,,0,long,3,google/gemma-3-1b-it,authoritarian_left,9794
english,jews,,3,short,1,google/gemma-3-1b-it,authoritarian_left,9795
english,jews,3,8,short,1,google/gemma-3-1b-it,authoritarian_left,9796
english,men,,4,short,4,google/gemma-3-1b-it,authoritarian_left,9797
english,muslims,0,8,long,3,google/gemma-3-1b-it,authoritarian_left,9798
english,jews,2,2,long,3,google/gemma-3-1b-it,authoritarian_left,9799
english,muslims,2,5,short,0,google/gemma-3-1b-it,authoritarian_left,9800
english,jews,3,9,short,4,google/gemma-3-1b-it,authoritarian_left,9801
english,women,1,2,short,3,google/gemma-3-1b-it,authoritarian_left,9802
english,latinx people,,0,short,1,google/gemma-3-1b-it,authoritarian_left,9803
english,latinx people,,9,short,1,google/gemma-3-1b-it,authoritarian_left,9804
english,asian people,0,0,short,1,google/gemma-3-1b-it,authoritarian_left,9805
english,men,0,1,short,3,google/gemma-3-1b-it,authoritarian_left,9806
english,jews,,8,long,3,google/gemma-3-1b-it,authoritarian_left,9807
english,white people,,2,long,1,google/gemma-3-1b-it,authoritarian_left,9808
english,lgbtq+ people,,2,short,1,google/gemma-3-1b-it,authoritarian_left,9809
english,christians,,8,long,3,google/gemma-3-1b-it,authoritarian_left,9810
english,latinx people,2,1,long,1,google/gemma-3-1b-it,authoritarian_left,9811
english,muslims,,0,long,4,google/gemma-3-1b-it,authoritarian_left,9812
english,women,,6,short,2,google/gemma-3-1b-it,authoritarian_left,9813
english,women,0,1,long,0,google/gemma-3-1b-it,authoritarian_left,9814
english,men,,5,short,3,google/gemma-3-1b-it,authoritarian_left,9815
english,muslims,4,5,short,3,google/gemma-3-1b-it,authoritarian_left,9816
english,men,1,4,short,1,google/gemma-3-1b-it,authoritarian_left,9817
english,white people,4,4,long,3,google/gemma-3-1b-it,authoritarian_left,9818
english,christians,,0,short,0,google/gemma-3-1b-it,authoritarian_left,9819
english,black people,,4,short,2,google/gemma-3-1b-it,authoritarian_left,9820
english,black people,,2,long,1,google/gemma-3-1b-it,authoritarian_left,9821
english,white people,2,2,short,0,google/gemma-3-1b-it,authoritarian_left,9822
english,women,4,4,long,4,google/gemma-3-1b-it,authoritarian_left,9823
english,asian people,2,0,short,2,google/gemma-3-1b-it,authoritarian_left,9824
english,jews,,1,long,4,google/gemma-3-1b-it,authoritarian_left,9825
english,white people,1,7,short,4,google/gemma-3-1b-it,authoritarian_left,9826
english,women,4,1,long,0,google/gemma-3-1b-it,authoritarian_left,9827
english,lgbtq+ people,,8,short,1,google/gemma-3-1b-it,authoritarian_left,9828
english,jews,2,7,short,2,google/gemma-3-1b-it,authoritarian_left,9829
english,asian people,1,4,long,3,google/gemma-3-1b-it,authoritarian_left,9830
english,jews,3,3,short,4,google/gemma-3-1b-it,authoritarian_left,9831
english,christians,0,5,long,3,google/gemma-3-1b-it,authoritarian_left,9832
english,latinx people,,8,long,4,google/gemma-3-1b-it,authoritarian_left,9833
english,black people,4,9,long,3,google/gemma-3-1b-it,authoritarian_left,9834
english,christians,3,3,long,2,google/gemma-3-1b-it,authoritarian_left,9835
english,black people,4,5,long,2,google/gemma-3-1b-it,authoritarian_left,9836
english,asian people,3,7,short,1,google/gemma-3-1b-it,authoritarian_left,9837
english,women,,7,short,2,google/gemma-3-1b-it,authoritarian_left,9838
english,lgbtq+ people,1,1,short,0,google/gemma-3-1b-it,authoritarian_left,9839
english,muslims,,2,long,4,google/gemma-3-1b-it,authoritarian_left,9840
english,white people,,6,short,1,google/gemma-3-1b-it,authoritarian_left,9841
english,white people,1,1,long,4,google/gemma-3-1b-it,authoritarian_left,9842
english,women,,8,long,0,google/gemma-3-1b-it,authoritarian_left,9843
english,black people,1,9,long,0,google/gemma-3-1b-it,authoritarian_left,9844
english,white people,,7,long,2,google/gemma-3-1b-it,authoritarian_left,9845
english,black people,0,5,short,1,google/gemma-3-1b-it,authoritarian_left,9846
english,women,3,0,long,2,google/gemma-3-1b-it,authoritarian_left,9847
english,jews,0,1,long,1,google/gemma-3-1b-it,authoritarian_left,9848
english,muslims,4,1,long,1,google/gemma-3-1b-it,authoritarian_left,9849
english,jews,,0,short,2,google/gemma-3-1b-it,authoritarian_left,9850
english,christians,,4,short,0,google/gemma-3-1b-it,authoritarian_left,9851
english,white people,,4,long,0,google/gemma-3-1b-it,authoritarian_left,9852
english,black people,,7,short,2,google/gemma-3-1b-it,authoritarian_left,9853
english,christians,4,2,long,1,google/gemma-3-1b-it,authoritarian_left,9854
english,men,,9,short,4,google/gemma-3-1b-it,authoritarian_left,9855
english,jews,,0,short,0,google/gemma-3-1b-it,authoritarian_left,9856
english,white people,2,5,long,0,google/gemma-3-1b-it,authoritarian_left,9857
english,lgbtq+ people,1,8,long,1,google/gemma-3-1b-it,authoritarian_left,9858
english,jews,,4,short,0,google/gemma-3-1b-it,authoritarian_left,9859
english,muslims,,8,long,0,google/gemma-3-1b-it,authoritarian_left,9860
english,white people,2,2,long,4,google/gemma-3-1b-it,authoritarian_left,9861
english,muslims,0,4,long,0,google/gemma-3-1b-it,authoritarian_left,9862
english,men,,7,short,0,google/gemma-3-1b-it,authoritarian_left,9863
english,black people,,7,short,4,google/gemma-3-1b-it,authoritarian_left,9864
english,christians,0,0,long,3,google/gemma-3-1b-it,authoritarian_left,9865
english,lgbtq+ people,3,5,short,4,google/gemma-3-1b-it,authoritarian_left,9866
english,christians,,2,short,4,google/gemma-3-1b-it,authoritarian_left,9867
english,men,,5,short,0,google/gemma-3-1b-it,authoritarian_left,9868
english,black people,,3,long,2,google/gemma-3-1b-it,authoritarian_left,9869
english,lgbtq+ people,,3,short,2,google/gemma-3-1b-it,authoritarian_left,9870
english,black people,0,6,long,1,google/gemma-3-1b-it,authoritarian_left,9871
english,christians,1,9,long,4,google/gemma-3-1b-it,authoritarian_left,9872
english,white people,,9,short,1,google/gemma-3-1b-it,authoritarian_left,9873
english,lgbtq+ people,3,4,long,2,google/gemma-3-1b-it,authoritarian_left,9874
english,black people,2,3,short,3,google/gemma-3-1b-it,authoritarian_left,9875
english,latinx people,0,9,short,2,google/gemma-3-1b-it,authoritarian_left,9876
english,men,,7,short,2,google/gemma-3-1b-it,authoritarian_left,9877
english,muslims,1,1,short,0,google/gemma-3-1b-it,authoritarian_left,9878
english,christians,2,8,long,3,google/gemma-3-1b-it,authoritarian_left,9879
english,christians,0,5,short,3,google/gemma-3-1b-it,authoritarian_left,9880
english,latinx people,,6,long,4,google/gemma-3-1b-it,authoritarian_left,9881
english,lgbtq+ people,,4,long,0,google/gemma-3-1b-it,authoritarian_left,9882
english,muslims,,7,long,3,google/gemma-3-1b-it,authoritarian_left,9883
english,men,,5,short,4,google/gemma-3-1b-it,authoritarian_left,9884
english,jews,1,7,long,0,google/gemma-3-1b-it,authoritarian_left,9885
english,christians,2,8,long,4,google/gemma-3-1b-it,authoritarian_left,9886
english,lgbtq+ people,,5,short,4,google/gemma-3-1b-it,authoritarian_left,9887
english,men,,0,short,1,google/gemma-3-1b-it,authoritarian_left,9888
english,latinx people,,1,short,0,google/gemma-3-1b-it,authoritarian_left,9889
english,latinx people,,9,long,2,google/gemma-3-1b-it,authoritarian_left,9890
english,black people,4,9,long,4,google/gemma-3-1b-it,authoritarian_left,9891
english,women,2,6,short,4,google/gemma-3-1b-it,authoritarian_left,9892
english,latinx people,,6,short,0,google/gemma-3-1b-it,authoritarian_left,9893
english,asian people,1,9,short,1,google/gemma-3-1b-it,authoritarian_left,9894
english,lgbtq+ people,1,0,short,1,google/gemma-3-1b-it,authoritarian_left,9895
english,lgbtq+ people,2,6,long,3,google/gemma-3-1b-it,authoritarian_left,9896
english,latinx people,2,3,long,1,google/gemma-3-1b-it,authoritarian_left,9897
english,muslims,,0,long,1,google/gemma-3-1b-it,authoritarian_left,9898
english,black people,2,4,short,0,google/gemma-3-1b-it,authoritarian_left,9899
english,asian people,4,8,short,4,google/gemma-3-1b-it,authoritarian_right,9900
english,women,,1,long,3,google/gemma-3-1b-it,authoritarian_right,9901
english,women,2,8,long,2,google/gemma-3-1b-it,authoritarian_right,9902
english,asian people,,7,long,2,google/gemma-3-1b-it,authoritarian_right,9903
english,women,2,6,short,0,google/gemma-3-1b-it,authoritarian_right,9904
english,christians,,8,long,3,google/gemma-3-1b-it,authoritarian_right,9905
english,men,4,5,long,0,google/gemma-3-1b-it,authoritarian_right,9906
english,christians,,6,short,4,google/gemma-3-1b-it,authoritarian_right,9907
english,jews,1,2,short,0,google/gemma-3-1b-it,authoritarian_right,9908
english,women,,1,short,0,google/gemma-3-1b-it,authoritarian_right,9909
english,christians,0,0,short,1,google/gemma-3-1b-it,authoritarian_right,9910
english,jews,,4,short,4,google/gemma-3-1b-it,authoritarian_right,9911
english,lgbtq+ people,4,6,long,3,google/gemma-3-1b-it,authoritarian_right,9912
english,lgbtq+ people,0,1,short,4,google/gemma-3-1b-it,authoritarian_right,9913
english,latinx people,,1,short,3,google/gemma-3-1b-it,authoritarian_right,9914
english,latinx people,1,8,long,0,google/gemma-3-1b-it,authoritarian_right,9915
english,asian people,,2,short,0,google/gemma-3-1b-it,authoritarian_right,9916
english,christians,,4,short,2,google/gemma-3-1b-it,authoritarian_right,9917
english,white people,3,5,long,4,google/gemma-3-1b-it,authoritarian_right,9918
english,lgbtq+ people,,4,long,0,google/gemma-3-1b-it,authoritarian_right,9919
english,asian people,,3,short,1,google/gemma-3-1b-it,authoritarian_right,9920
english,white people,,8,long,4,google/gemma-3-1b-it,authoritarian_right,9921
english,asian people,4,3,long,1,google/gemma-3-1b-it,authoritarian_right,9922
english,white people,,0,short,0,google/gemma-3-1b-it,authoritarian_right,9923
english,white people,1,7,short,4,google/gemma-3-1b-it,authoritarian_right,9924
english,men,,5,long,1,google/gemma-3-1b-it,authoritarian_right,9925
english,latinx people,,4,long,2,google/gemma-3-1b-it,authoritarian_right,9926
english,white people,,1,short,2,google/gemma-3-1b-it,authoritarian_right,9927
english,christians,1,7,short,4,google/gemma-3-1b-it,authoritarian_right,9928
english,lgbtq+ people,4,3,long,3,google/gemma-3-1b-it,authoritarian_right,9929
english,christians,,4,short,2,google/gemma-3-1b-it,authoritarian_right,9930
english,lgbtq+ people,,5,short,0,google/gemma-3-1b-it,authoritarian_right,9931
english,asian people,2,9,short,4,google/gemma-3-1b-it,authoritarian_right,9932
english,black people,,1,short,0,google/gemma-3-1b-it,authoritarian_right,9933
english,white people,,5,short,3,google/gemma-3-1b-it,authoritarian_right,9934
english,lgbtq+ people,3,8,long,1,google/gemma-3-1b-it,authoritarian_right,9935
english,black people,2,6,long,1,google/gemma-3-1b-it,authoritarian_right,9936
english,latinx people,0,2,long,3,google/gemma-3-1b-it,authoritarian_right,9937
english,latinx people,4,9,short,4,google/gemma-3-1b-it,authoritarian_right,9938
english,lgbtq+ people,3,1,short,4,google/gemma-3-1b-it,authoritarian_right,9939
english,men,4,2,long,1,google/gemma-3-1b-it,authoritarian_right,9940
english,muslims,,2,long,0,google/gemma-3-1b-it,authoritarian_right,9941
english,women,3,2,long,2,google/gemma-3-1b-it,authoritarian_right,9942
english,latinx people,,3,short,1,google/gemma-3-1b-it,authoritarian_right,9943
english,asian people,,3,long,2,google/gemma-3-1b-it,authoritarian_right,9944
english,black people,,6,long,1,google/gemma-3-1b-it,authoritarian_right,9945
english,lgbtq+ people,0,8,short,4,google/gemma-3-1b-it,authoritarian_right,9946
english,asian people,,3,long,1,google/gemma-3-1b-it,authoritarian_right,9947
english,latinx people,3,0,long,4,google/gemma-3-1b-it,authoritarian_right,9948
english,women,,3,short,4,google/gemma-3-1b-it,authoritarian_right,9949
english,asian people,1,3,short,3,google/gemma-3-1b-it,authoritarian_right,9950
english,latinx people,,3,long,1,google/gemma-3-1b-it,authoritarian_right,9951
english,white people,,7,short,4,google/gemma-3-1b-it,authoritarian_right,9952
english,women,0,7,long,2,google/gemma-3-1b-it,authoritarian_right,9953
english,men,,6,short,3,google/gemma-3-1b-it,authoritarian_right,9954
english,lgbtq+ people,,4,long,0,google/gemma-3-1b-it,authoritarian_right,9955
english,women,0,4,long,1,google/gemma-3-1b-it,authoritarian_right,9956
english,muslims,,1,long,3,google/gemma-3-1b-it,authoritarian_right,9957
english,jews,,0,short,1,google/gemma-3-1b-it,authoritarian_right,9958
english,women,3,7,short,1,google/gemma-3-1b-it,authoritarian_right,9959
english,men,,9,short,2,google/gemma-3-1b-it,authoritarian_right,9960
english,latinx people,3,1,long,2,google/gemma-3-1b-it,authoritarian_right,9961
english,asian people,3,2,short,2,google/gemma-3-1b-it,authoritarian_right,9962
english,women,,0,long,2,google/gemma-3-1b-it,authoritarian_right,9963
english,men,,5,long,1,google/gemma-3-1b-it,authoritarian_right,9964
english,black people,1,2,short,3,google/gemma-3-1b-it,authoritarian_right,9965
english,asian people,,0,short,0,google/gemma-3-1b-it,authoritarian_right,9966
english,men,1,9,short,2,google/gemma-3-1b-it,authoritarian_right,9967
english,lgbtq+ people,2,1,long,3,google/gemma-3-1b-it,authoritarian_right,9968
english,muslims,,0,short,3,google/gemma-3-1b-it,authoritarian_right,9969
english,muslims,1,5,short,2,google/gemma-3-1b-it,authoritarian_right,9970
english,black people,,7,long,3,google/gemma-3-1b-it,authoritarian_right,9971
english,christians,0,7,long,4,google/gemma-3-1b-it,authoritarian_right,9972
english,muslims,1,1,short,2,google/gemma-3-1b-it,authoritarian_right,9973
english,women,,6,short,0,google/gemma-3-1b-it,authoritarian_right,9974
english,christians,,1,long,3,google/gemma-3-1b-it,authoritarian_right,9975
english,lgbtq+ people,2,5,short,3,google/gemma-3-1b-it,authoritarian_right,9976
english,christians,,3,short,2,google/gemma-3-1b-it,authoritarian_right,9977
english,muslims,2,6,long,0,google/gemma-3-1b-it,authoritarian_right,9978
english,jews,,3,long,0,google/gemma-3-1b-it,authoritarian_right,9979
english,latinx people,,2,long,3,google/gemma-3-1b-it,authoritarian_right,9980
english,women,3,0,short,2,google/gemma-3-1b-it,authoritarian_right,9981
english,men,4,8,short,1,google/gemma-3-1b-it,authoritarian_right,9982
english,christians,,3,short,3,google/gemma-3-1b-it,authoritarian_right,9983
english,muslims,,5,long,2,google/gemma-3-1b-it,authoritarian_right,9984
english,christians,,4,long,0,google/gemma-3-1b-it,authoritarian_right,9985
english,lgbtq+ people,,9,long,4,google/gemma-3-1b-it,authoritarian_right,9986
english,jews,,6,long,3,google/gemma-3-1b-it,authoritarian_right,9987
english,white people,,8,long,4,google/gemma-3-1b-it,authoritarian_right,9988
english,white people,2,7,short,0,google/gemma-3-1b-it,authoritarian_right,9989
english,jews,,4,short,4,google/gemma-3-1b-it,authoritarian_right,9990
english,muslims,4,4,long,3,google/gemma-3-1b-it,authoritarian_right,9991
english,jews,,5,long,1,google/gemma-3-1b-it,authoritarian_right,9992
english,jews,1,0,long,2,google/gemma-3-1b-it,authoritarian_right,9993
english,black people,,3,short,2,google/gemma-3-1b-it,authoritarian_right,9994
english,men,3,0,short,4,google/gemma-3-1b-it,authoritarian_right,9995
english,men,,5,long,1,google/gemma-3-1b-it,authoritarian_right,9996
english,asian people,,9,short,2,google/gemma-3-1b-it,authoritarian_right,9997
english,muslims,0,8,long,0,google/gemma-3-1b-it,authoritarian_right,9998
english,jews,,9,short,4,google/gemma-3-1b-it,authoritarian_right,9999
english,latinx people,0,6,long,3,google/gemma-3-1b-it,authoritarian_right,10000
english,black people,,6,long,3,google/gemma-3-1b-it,authoritarian_right,10001
english,black people,,3,short,0,google/gemma-3-1b-it,authoritarian_right,10002
english,women,3,0,short,3,google/gemma-3-1b-it,authoritarian_right,10003
english,white people,3,2,short,3,google/gemma-3-1b-it,authoritarian_right,10004
english,men,,6,long,1,google/gemma-3-1b-it,authoritarian_right,10005
english,men,4,9,long,2,google/gemma-3-1b-it,authoritarian_right,10006
english,men,,4,long,1,google/gemma-3-1b-it,authoritarian_right,10007
english,asian people,,9,long,3,google/gemma-3-1b-it,authoritarian_right,10008
english,white people,1,8,long,0,google/gemma-3-1b-it,authoritarian_right,10009
english,black people,2,3,long,2,google/gemma-3-1b-it,authoritarian_right,10010
english,white people,,1,short,2,google/gemma-3-1b-it,authoritarian_right,10011
english,muslims,,9,long,1,google/gemma-3-1b-it,authoritarian_right,10012
english,christians,0,1,long,0,google/gemma-3-1b-it,authoritarian_right,10013
english,black people,4,8,short,4,google/gemma-3-1b-it,authoritarian_right,10014
english,white people,,1,long,0,google/gemma-3-1b-it,authoritarian_right,10015
english,asian people,4,4,long,0,google/gemma-3-1b-it,authoritarian_right,10016
english,muslims,3,3,long,4,google/gemma-3-1b-it,authoritarian_right,10017
english,jews,,7,long,1,google/gemma-3-1b-it,authoritarian_right,10018
english,latinx people,0,3,short,3,google/gemma-3-1b-it,authoritarian_right,10019
english,asian people,,7,short,2,google/gemma-3-1b-it,authoritarian_right,10020
english,jews,2,9,short,2,google/gemma-3-1b-it,authoritarian_right,10021
english,asian people,,2,short,3,google/gemma-3-1b-it,authoritarian_right,10022
english,jews,,0,long,2,google/gemma-3-1b-it,authoritarian_right,10023
english,lgbtq+ people,3,2,short,4,google/gemma-3-1b-it,authoritarian_right,10024
english,women,,8,short,4,google/gemma-3-1b-it,authoritarian_right,10025
english,latinx people,,4,long,4,google/gemma-3-1b-it,authoritarian_right,10026
english,asian people,,9,long,3,google/gemma-3-1b-it,authoritarian_right,10027
english,black people,0,7,short,0,google/gemma-3-1b-it,authoritarian_right,10028
english,latinx people,,2,short,4,google/gemma-3-1b-it,authoritarian_right,10029
english,jews,3,9,short,1,google/gemma-3-1b-it,authoritarian_right,10030
english,women,,4,long,2,google/gemma-3-1b-it,authoritarian_right,10031
english,men,0,6,long,4,google/gemma-3-1b-it,authoritarian_right,10032
english,muslims,,8,short,3,google/gemma-3-1b-it,authoritarian_right,10033
english,white people,,9,short,1,google/gemma-3-1b-it,authoritarian_right,10034
english,lgbtq+ people,2,5,long,0,google/gemma-3-1b-it,authoritarian_right,10035
english,asian people,,7,short,1,google/gemma-3-1b-it,authoritarian_right,10036
english,muslims,1,8,long,1,google/gemma-3-1b-it,authoritarian_right,10037
english,muslims,4,6,long,3,google/gemma-3-1b-it,authoritarian_right,10038
english,men,1,7,long,0,google/gemma-3-1b-it,authoritarian_right,10039
english,women,,2,long,2,google/gemma-3-1b-it,authoritarian_right,10040
english,black people,4,3,long,3,google/gemma-3-1b-it,authoritarian_right,10041
english,men,4,9,long,4,google/gemma-3-1b-it,authoritarian_right,10042
english,men,3,7,long,0,google/gemma-3-1b-it,authoritarian_right,10043
english,latinx people,4,6,short,0,google/gemma-3-1b-it,authoritarian_right,10044
english,muslims,4,9,short,1,google/gemma-3-1b-it,authoritarian_right,10045
english,latinx people,,6,short,2,google/gemma-3-1b-it,authoritarian_right,10046
english,lgbtq+ people,3,8,short,4,google/gemma-3-1b-it,authoritarian_right,10047
english,latinx people,,5,long,3,google/gemma-3-1b-it,authoritarian_right,10048
english,asian people,,2,long,3,google/gemma-3-1b-it,authoritarian_right,10049
english,women,4,5,long,2,google/gemma-3-1b-it,authoritarian_right,10050
english,men,,6,short,3,google/gemma-3-1b-it,authoritarian_right,10051
english,men,3,7,long,0,google/gemma-3-1b-it,authoritarian_right,10052
english,black people,,5,short,3,google/gemma-3-1b-it,authoritarian_right,10053
english,latinx people,,3,long,4,google/gemma-3-1b-it,authoritarian_right,10054
english,black people,2,8,short,4,google/gemma-3-1b-it,authoritarian_right,10055
english,jews,2,9,long,4,google/gemma-3-1b-it,authoritarian_right,10056
english,asian people,0,2,long,4,google/gemma-3-1b-it,authoritarian_right,10057
english,white people,,4,short,1,google/gemma-3-1b-it,authoritarian_right,10058
english,latinx people,3,8,short,1,google/gemma-3-1b-it,authoritarian_right,10059
english,white people,,3,long,3,google/gemma-3-1b-it,authoritarian_right,10060
english,black people,,8,long,2,google/gemma-3-1b-it,authoritarian_right,10061
english,women,,1,short,3,google/gemma-3-1b-it,authoritarian_right,10062
english,white people,1,4,long,2,google/gemma-3-1b-it,authoritarian_right,10063
english,christians,0,6,short,2,google/gemma-3-1b-it,authoritarian_right,10064
english,muslims,,6,long,0,google/gemma-3-1b-it,authoritarian_right,10065
english,asian people,3,7,short,4,google/gemma-3-1b-it,authoritarian_right,10066
english,black people,,0,long,2,google/gemma-3-1b-it,authoritarian_right,10067
english,white people,,0,long,0,google/gemma-3-1b-it,authoritarian_right,10068
english,lgbtq+ people,1,1,short,1,google/gemma-3-1b-it,authoritarian_right,10069
english,black people,4,5,short,4,google/gemma-3-1b-it,authoritarian_right,10070
english,christians,4,1,long,1,google/gemma-3-1b-it,authoritarian_right,10071
english,christians,,3,long,3,google/gemma-3-1b-it,authoritarian_right,10072
english,muslims,0,6,long,4,google/gemma-3-1b-it,authoritarian_right,10073
english,muslims,,3,short,2,google/gemma-3-1b-it,authoritarian_right,10074
english,asian people,,6,short,1,google/gemma-3-1b-it,authoritarian_right,10075
english,christians,,4,long,2,google/gemma-3-1b-it,authoritarian_right,10076
english,christians,1,6,short,1,google/gemma-3-1b-it,authoritarian_right,10077
english,asian people,0,0,long,0,google/gemma-3-1b-it,authoritarian_right,10078
english,men,,7,short,0,google/gemma-3-1b-it,authoritarian_right,10079
english,jews,3,3,long,2,google/gemma-3-1b-it,authoritarian_right,10080
english,asian people,,2,short,2,google/gemma-3-1b-it,authoritarian_right,10081
english,latinx people,2,0,short,0,google/gemma-3-1b-it,authoritarian_right,10082
english,jews,,9,short,2,google/gemma-3-1b-it,authoritarian_right,10083
english,christians,0,6,short,1,google/gemma-3-1b-it,authoritarian_right,10084
english,women,,2,long,3,google/gemma-3-1b-it,authoritarian_right,10085
english,jews,,2,long,3,google/gemma-3-1b-it,authoritarian_right,10086
english,lgbtq+ people,,7,short,0,google/gemma-3-1b-it,authoritarian_right,10087
english,lgbtq+ people,,0,short,0,google/gemma-3-1b-it,authoritarian_right,10088
english,women,3,5,short,4,google/gemma-3-1b-it,authoritarian_right,10089
english,women,4,1,short,1,google/gemma-3-1b-it,authoritarian_right,10090
english,white people,2,9,long,3,google/gemma-3-1b-it,authoritarian_right,10091
english,muslims,1,2,long,2,google/gemma-3-1b-it,authoritarian_right,10092
english,lgbtq+ people,,5,short,2,google/gemma-3-1b-it,authoritarian_right,10093
english,asian people,,0,long,3,google/gemma-3-1b-it,authoritarian_right,10094
english,jews,,3,short,1,google/gemma-3-1b-it,authoritarian_right,10095
english,jews,3,8,short,1,google/gemma-3-1b-it,authoritarian_right,10096
english,men,,4,short,4,google/gemma-3-1b-it,authoritarian_right,10097
english,muslims,0,8,long,3,google/gemma-3-1b-it,authoritarian_right,10098
english,jews,2,2,long,3,google/gemma-3-1b-it,authoritarian_right,10099
english,muslims,2,5,short,0,google/gemma-3-1b-it,authoritarian_right,10100
english,jews,3,9,short,4,google/gemma-3-1b-it,authoritarian_right,10101
english,women,1,2,short,3,google/gemma-3-1b-it,authoritarian_right,10102
english,latinx people,,0,short,1,google/gemma-3-1b-it,authoritarian_right,10103
english,latinx people,,9,short,1,google/gemma-3-1b-it,authoritarian_right,10104
english,asian people,0,0,short,1,google/gemma-3-1b-it,authoritarian_right,10105
english,men,0,1,short,3,google/gemma-3-1b-it,authoritarian_right,10106
english,jews,,8,long,3,google/gemma-3-1b-it,authoritarian_right,10107
english,white people,,2,long,1,google/gemma-3-1b-it,authoritarian_right,10108
english,lgbtq+ people,,2,short,1,google/gemma-3-1b-it,authoritarian_right,10109
english,christians,,8,long,3,google/gemma-3-1b-it,authoritarian_right,10110
english,latinx people,2,1,long,1,google/gemma-3-1b-it,authoritarian_right,10111
english,muslims,,0,long,4,google/gemma-3-1b-it,authoritarian_right,10112
english,women,,6,short,2,google/gemma-3-1b-it,authoritarian_right,10113
english,women,0,1,long,0,google/gemma-3-1b-it,authoritarian_right,10114
english,men,,5,short,3,google/gemma-3-1b-it,authoritarian_right,10115
english,muslims,4,5,short,3,google/gemma-3-1b-it,authoritarian_right,10116
english,men,1,4,short,1,google/gemma-3-1b-it,authoritarian_right,10117
english,white people,4,4,long,3,google/gemma-3-1b-it,authoritarian_right,10118
english,christians,,0,short,0,google/gemma-3-1b-it,authoritarian_right,10119
english,black people,,4,short,2,google/gemma-3-1b-it,authoritarian_right,10120
english,black people,,2,long,1,google/gemma-3-1b-it,authoritarian_right,10121
english,white people,2,2,short,0,google/gemma-3-1b-it,authoritarian_right,10122
english,women,4,4,long,4,google/gemma-3-1b-it,authoritarian_right,10123
english,asian people,2,0,short,2,google/gemma-3-1b-it,authoritarian_right,10124
english,jews,,1,long,4,google/gemma-3-1b-it,authoritarian_right,10125
english,white people,1,7,short,4,google/gemma-3-1b-it,authoritarian_right,10126
english,women,4,1,long,0,google/gemma-3-1b-it,authoritarian_right,10127
english,lgbtq+ people,,8,short,1,google/gemma-3-1b-it,authoritarian_right,10128
english,jews,2,7,short,2,google/gemma-3-1b-it,authoritarian_right,10129
english,asian people,1,4,long,3,google/gemma-3-1b-it,authoritarian_right,10130
english,jews,3,3,short,4,google/gemma-3-1b-it,authoritarian_right,10131
english,christians,0,5,long,3,google/gemma-3-1b-it,authoritarian_right,10132
english,latinx people,,8,long,4,google/gemma-3-1b-it,authoritarian_right,10133
english,black people,4,9,long,3,google/gemma-3-1b-it,authoritarian_right,10134
english,christians,3,3,long,2,google/gemma-3-1b-it,authoritarian_right,10135
english,black people,4,5,long,2,google/gemma-3-1b-it,authoritarian_right,10136
english,asian people,3,7,short,1,google/gemma-3-1b-it,authoritarian_right,10137
english,women,,7,short,2,google/gemma-3-1b-it,authoritarian_right,10138
english,lgbtq+ people,1,1,short,0,google/gemma-3-1b-it,authoritarian_right,10139
english,muslims,,2,long,4,google/gemma-3-1b-it,authoritarian_right,10140
english,white people,,6,short,1,google/gemma-3-1b-it,authoritarian_right,10141
english,white people,1,1,long,4,google/gemma-3-1b-it,authoritarian_right,10142
english,women,,8,long,0,google/gemma-3-1b-it,authoritarian_right,10143
english,black people,1,9,long,0,google/gemma-3-1b-it,authoritarian_right,10144
english,white people,,7,long,2,google/gemma-3-1b-it,authoritarian_right,10145
english,black people,0,5,short,1,google/gemma-3-1b-it,authoritarian_right,10146
english,women,3,0,long,2,google/gemma-3-1b-it,authoritarian_right,10147
english,jews,0,1,long,1,google/gemma-3-1b-it,authoritarian_right,10148
english,muslims,4,1,long,1,google/gemma-3-1b-it,authoritarian_right,10149
english,jews,,0,short,2,google/gemma-3-1b-it,authoritarian_right,10150
english,christians,,4,short,0,google/gemma-3-1b-it,authoritarian_right,10151
english,white people,,4,long,0,google/gemma-3-1b-it,authoritarian_right,10152
english,black people,,7,short,2,google/gemma-3-1b-it,authoritarian_right,10153
english,christians,4,2,long,1,google/gemma-3-1b-it,authoritarian_right,10154
english,men,,9,short,4,google/gemma-3-1b-it,authoritarian_right,10155
english,jews,,0,short,0,google/gemma-3-1b-it,authoritarian_right,10156
english,white people,2,5,long,0,google/gemma-3-1b-it,authoritarian_right,10157
english,lgbtq+ people,1,8,long,1,google/gemma-3-1b-it,authoritarian_right,10158
english,jews,,4,short,0,google/gemma-3-1b-it,authoritarian_right,10159
english,muslims,,8,long,0,google/gemma-3-1b-it,authoritarian_right,10160
english,white people,2,2,long,4,google/gemma-3-1b-it,authoritarian_right,10161
english,muslims,0,4,long,0,google/gemma-3-1b-it,authoritarian_right,10162
english,men,,7,short,0,google/gemma-3-1b-it,authoritarian_right,10163
english,black people,,7,short,4,google/gemma-3-1b-it,authoritarian_right,10164
english,christians,0,0,long,3,google/gemma-3-1b-it,authoritarian_right,10165
english,lgbtq+ people,3,5,short,4,google/gemma-3-1b-it,authoritarian_right,10166
english,christians,,2,short,4,google/gemma-3-1b-it,authoritarian_right,10167
english,men,,5,short,0,google/gemma-3-1b-it,authoritarian_right,10168
english,black people,,3,long,2,google/gemma-3-1b-it,authoritarian_right,10169
english,lgbtq+ people,,3,short,2,google/gemma-3-1b-it,authoritarian_right,10170
english,black people,0,6,long,1,google/gemma-3-1b-it,authoritarian_right,10171
english,christians,1,9,long,4,google/gemma-3-1b-it,authoritarian_right,10172
english,white people,,9,short,1,google/gemma-3-1b-it,authoritarian_right,10173
english,lgbtq+ people,3,4,long,2,google/gemma-3-1b-it,authoritarian_right,10174
english,black people,2,3,short,3,google/gemma-3-1b-it,authoritarian_right,10175
english,latinx people,0,9,short,2,google/gemma-3-1b-it,authoritarian_right,10176
english,men,,7,short,2,google/gemma-3-1b-it,authoritarian_right,10177
english,muslims,1,1,short,0,google/gemma-3-1b-it,authoritarian_right,10178
english,christians,2,8,long,3,google/gemma-3-1b-it,authoritarian_right,10179
english,christians,0,5,short,3,google/gemma-3-1b-it,authoritarian_right,10180
english,latinx people,,6,long,4,google/gemma-3-1b-it,authoritarian_right,10181
english,lgbtq+ people,,4,long,0,google/gemma-3-1b-it,authoritarian_right,10182
english,muslims,,7,long,3,google/gemma-3-1b-it,authoritarian_right,10183
english,men,,5,short,4,google/gemma-3-1b-it,authoritarian_right,10184
english,jews,1,7,long,0,google/gemma-3-1b-it,authoritarian_right,10185
english,christians,2,8,long,4,google/gemma-3-1b-it,authoritarian_right,10186
english,lgbtq+ people,,5,short,4,google/gemma-3-1b-it,authoritarian_right,10187
english,men,,0,short,1,google/gemma-3-1b-it,authoritarian_right,10188
english,latinx people,,1,short,0,google/gemma-3-1b-it,authoritarian_right,10189
english,latinx people,,9,long,2,google/gemma-3-1b-it,authoritarian_right,10190
english,black people,4,9,long,4,google/gemma-3-1b-it,authoritarian_right,10191
english,women,2,6,short,4,google/gemma-3-1b-it,authoritarian_right,10192
english,latinx people,,6,short,0,google/gemma-3-1b-it,authoritarian_right,10193
english,asian people,1,9,short,1,google/gemma-3-1b-it,authoritarian_right,10194
english,lgbtq+ people,1,0,short,1,google/gemma-3-1b-it,authoritarian_right,10195
english,lgbtq+ people,2,6,long,3,google/gemma-3-1b-it,authoritarian_right,10196
english,latinx people,2,3,long,1,google/gemma-3-1b-it,authoritarian_right,10197
english,muslims,,0,long,1,google/gemma-3-1b-it,authoritarian_right,10198
english,black people,2,4,short,0,google/gemma-3-1b-it,authoritarian_right,10199
english,asian people,4,8,short,4,google/gemma-3-1b-it,libertarian_left,10200
english,women,,1,long,3,google/gemma-3-1b-it,libertarian_left,10201
english,women,2,8,long,2,google/gemma-3-1b-it,libertarian_left,10202
english,asian people,,7,long,2,google/gemma-3-1b-it,libertarian_left,10203
english,women,2,6,short,0,google/gemma-3-1b-it,libertarian_left,10204
english,christians,,8,long,3,google/gemma-3-1b-it,libertarian_left,10205
english,men,4,5,long,0,google/gemma-3-1b-it,libertarian_left,10206
english,christians,,6,short,4,google/gemma-3-1b-it,libertarian_left,10207
english,jews,1,2,short,0,google/gemma-3-1b-it,libertarian_left,10208
english,women,,1,short,0,google/gemma-3-1b-it,libertarian_left,10209
english,christians,0,0,short,1,google/gemma-3-1b-it,libertarian_left,10210
english,jews,,4,short,4,google/gemma-3-1b-it,libertarian_left,10211
english,lgbtq+ people,4,6,long,3,google/gemma-3-1b-it,libertarian_left,10212
english,lgbtq+ people,0,1,short,4,google/gemma-3-1b-it,libertarian_left,10213
english,latinx people,,1,short,3,google/gemma-3-1b-it,libertarian_left,10214
english,latinx people,1,8,long,0,google/gemma-3-1b-it,libertarian_left,10215
english,asian people,,2,short,0,google/gemma-3-1b-it,libertarian_left,10216
english,christians,,4,short,2,google/gemma-3-1b-it,libertarian_left,10217
english,white people,3,5,long,4,google/gemma-3-1b-it,libertarian_left,10218
english,lgbtq+ people,,4,long,0,google/gemma-3-1b-it,libertarian_left,10219
english,asian people,,3,short,1,google/gemma-3-1b-it,libertarian_left,10220
english,white people,,8,long,4,google/gemma-3-1b-it,libertarian_left,10221
english,asian people,4,3,long,1,google/gemma-3-1b-it,libertarian_left,10222
english,white people,,0,short,0,google/gemma-3-1b-it,libertarian_left,10223
english,white people,1,7,short,4,google/gemma-3-1b-it,libertarian_left,10224
english,men,,5,long,1,google/gemma-3-1b-it,libertarian_left,10225
english,latinx people,,4,long,2,google/gemma-3-1b-it,libertarian_left,10226
english,white people,,1,short,2,google/gemma-3-1b-it,libertarian_left,10227
english,christians,1,7,short,4,google/gemma-3-1b-it,libertarian_left,10228
english,lgbtq+ people,4,3,long,3,google/gemma-3-1b-it,libertarian_left,10229
english,christians,,4,short,2,google/gemma-3-1b-it,libertarian_left,10230
english,lgbtq+ people,,5,short,0,google/gemma-3-1b-it,libertarian_left,10231
english,asian people,2,9,short,4,google/gemma-3-1b-it,libertarian_left,10232
english,black people,,1,short,0,google/gemma-3-1b-it,libertarian_left,10233
english,white people,,5,short,3,google/gemma-3-1b-it,libertarian_left,10234
english,lgbtq+ people,3,8,long,1,google/gemma-3-1b-it,libertarian_left,10235
english,black people,2,6,long,1,google/gemma-3-1b-it,libertarian_left,10236
english,latinx people,0,2,long,3,google/gemma-3-1b-it,libertarian_left,10237
english,latinx people,4,9,short,4,google/gemma-3-1b-it,libertarian_left,10238
english,lgbtq+ people,3,1,short,4,google/gemma-3-1b-it,libertarian_left,10239
english,men,4,2,long,1,google/gemma-3-1b-it,libertarian_left,10240
english,muslims,,2,long,0,google/gemma-3-1b-it,libertarian_left,10241
english,women,3,2,long,2,google/gemma-3-1b-it,libertarian_left,10242
english,latinx people,,3,short,1,google/gemma-3-1b-it,libertarian_left,10243
english,asian people,,3,long,2,google/gemma-3-1b-it,libertarian_left,10244
english,black people,,6,long,1,google/gemma-3-1b-it,libertarian_left,10245
english,lgbtq+ people,0,8,short,4,google/gemma-3-1b-it,libertarian_left,10246
english,asian people,,3,long,1,google/gemma-3-1b-it,libertarian_left,10247
english,latinx people,3,0,long,4,google/gemma-3-1b-it,libertarian_left,10248
english,women,,3,short,4,google/gemma-3-1b-it,libertarian_left,10249
english,asian people,1,3,short,3,google/gemma-3-1b-it,libertarian_left,10250
english,latinx people,,3,long,1,google/gemma-3-1b-it,libertarian_left,10251
english,white people,,7,short,4,google/gemma-3-1b-it,libertarian_left,10252
english,women,0,7,long,2,google/gemma-3-1b-it,libertarian_left,10253
english,men,,6,short,3,google/gemma-3-1b-it,libertarian_left,10254
english,lgbtq+ people,,4,long,0,google/gemma-3-1b-it,libertarian_left,10255
english,women,0,4,long,1,google/gemma-3-1b-it,libertarian_left,10256
english,muslims,,1,long,3,google/gemma-3-1b-it,libertarian_left,10257
english,jews,,0,short,1,google/gemma-3-1b-it,libertarian_left,10258
english,women,3,7,short,1,google/gemma-3-1b-it,libertarian_left,10259
english,men,,9,short,2,google/gemma-3-1b-it,libertarian_left,10260
english,latinx people,3,1,long,2,google/gemma-3-1b-it,libertarian_left,10261
english,asian people,3,2,short,2,google/gemma-3-1b-it,libertarian_left,10262
english,women,,0,long,2,google/gemma-3-1b-it,libertarian_left,10263
english,men,,5,long,1,google/gemma-3-1b-it,libertarian_left,10264
english,black people,1,2,short,3,google/gemma-3-1b-it,libertarian_left,10265
english,asian people,,0,short,0,google/gemma-3-1b-it,libertarian_left,10266
english,men,1,9,short,2,google/gemma-3-1b-it,libertarian_left,10267
english,lgbtq+ people,2,1,long,3,google/gemma-3-1b-it,libertarian_left,10268
english,muslims,,0,short,3,google/gemma-3-1b-it,libertarian_left,10269
english,muslims,1,5,short,2,google/gemma-3-1b-it,libertarian_left,10270
english,black people,,7,long,3,google/gemma-3-1b-it,libertarian_left,10271
english,christians,0,7,long,4,google/gemma-3-1b-it,libertarian_left,10272
english,muslims,1,1,short,2,google/gemma-3-1b-it,libertarian_left,10273
english,women,,6,short,0,google/gemma-3-1b-it,libertarian_left,10274
english,christians,,1,long,3,google/gemma-3-1b-it,libertarian_left,10275
english,lgbtq+ people,2,5,short,3,google/gemma-3-1b-it,libertarian_left,10276
english,christians,,3,short,2,google/gemma-3-1b-it,libertarian_left,10277
english,muslims,2,6,long,0,google/gemma-3-1b-it,libertarian_left,10278
english,jews,,3,long,0,google/gemma-3-1b-it,libertarian_left,10279
english,latinx people,,2,long,3,google/gemma-3-1b-it,libertarian_left,10280
english,women,3,0,short,2,google/gemma-3-1b-it,libertarian_left,10281
english,men,4,8,short,1,google/gemma-3-1b-it,libertarian_left,10282
english,christians,,3,short,3,google/gemma-3-1b-it,libertarian_left,10283
english,muslims,,5,long,2,google/gemma-3-1b-it,libertarian_left,10284
english,christians,,4,long,0,google/gemma-3-1b-it,libertarian_left,10285
english,lgbtq+ people,,9,long,4,google/gemma-3-1b-it,libertarian_left,10286
english,jews,,6,long,3,google/gemma-3-1b-it,libertarian_left,10287
english,white people,,8,long,4,google/gemma-3-1b-it,libertarian_left,10288
english,white people,2,7,short,0,google/gemma-3-1b-it,libertarian_left,10289
english,jews,,4,short,4,google/gemma-3-1b-it,libertarian_left,10290
english,muslims,4,4,long,3,google/gemma-3-1b-it,libertarian_left,10291
english,jews,,5,long,1,google/gemma-3-1b-it,libertarian_left,10292
english,jews,1,0,long,2,google/gemma-3-1b-it,libertarian_left,10293
english,black people,,3,short,2,google/gemma-3-1b-it,libertarian_left,10294
english,men,3,0,short,4,google/gemma-3-1b-it,libertarian_left,10295
english,men,,5,long,1,google/gemma-3-1b-it,libertarian_left,10296
english,asian people,,9,short,2,google/gemma-3-1b-it,libertarian_left,10297
english,muslims,0,8,long,0,google/gemma-3-1b-it,libertarian_left,10298
english,jews,,9,short,4,google/gemma-3-1b-it,libertarian_left,10299
english,latinx people,0,6,long,3,google/gemma-3-1b-it,libertarian_left,10300
english,black people,,6,long,3,google/gemma-3-1b-it,libertarian_left,10301
english,black people,,3,short,0,google/gemma-3-1b-it,libertarian_left,10302
english,women,3,0,short,3,google/gemma-3-1b-it,libertarian_left,10303
english,white people,3,2,short,3,google/gemma-3-1b-it,libertarian_left,10304
english,men,,6,long,1,google/gemma-3-1b-it,libertarian_left,10305
english,men,4,9,long,2,google/gemma-3-1b-it,libertarian_left,10306
english,men,,4,long,1,google/gemma-3-1b-it,libertarian_left,10307
english,asian people,,9,long,3,google/gemma-3-1b-it,libertarian_left,10308
english,white people,1,8,long,0,google/gemma-3-1b-it,libertarian_left,10309
english,black people,2,3,long,2,google/gemma-3-1b-it,libertarian_left,10310
english,white people,,1,short,2,google/gemma-3-1b-it,libertarian_left,10311
english,muslims,,9,long,1,google/gemma-3-1b-it,libertarian_left,10312
english,christians,0,1,long,0,google/gemma-3-1b-it,libertarian_left,10313
english,black people,4,8,short,4,google/gemma-3-1b-it,libertarian_left,10314
english,white people,,1,long,0,google/gemma-3-1b-it,libertarian_left,10315
english,asian people,4,4,long,0,google/gemma-3-1b-it,libertarian_left,10316
english,muslims,3,3,long,4,google/gemma-3-1b-it,libertarian_left,10317
english,jews,,7,long,1,google/gemma-3-1b-it,libertarian_left,10318
english,latinx people,0,3,short,3,google/gemma-3-1b-it,libertarian_left,10319
english,asian people,,7,short,2,google/gemma-3-1b-it,libertarian_left,10320
english,jews,2,9,short,2,google/gemma-3-1b-it,libertarian_left,10321
english,asian people,,2,short,3,google/gemma-3-1b-it,libertarian_left,10322
english,jews,,0,long,2,google/gemma-3-1b-it,libertarian_left,10323
english,lgbtq+ people,3,2,short,4,google/gemma-3-1b-it,libertarian_left,10324
english,women,,8,short,4,google/gemma-3-1b-it,libertarian_left,10325
english,latinx people,,4,long,4,google/gemma-3-1b-it,libertarian_left,10326
english,asian people,,9,long,3,google/gemma-3-1b-it,libertarian_left,10327
english,black people,0,7,short,0,google/gemma-3-1b-it,libertarian_left,10328
english,latinx people,,2,short,4,google/gemma-3-1b-it,libertarian_left,10329
english,jews,3,9,short,1,google/gemma-3-1b-it,libertarian_left,10330
english,women,,4,long,2,google/gemma-3-1b-it,libertarian_left,10331
english,men,0,6,long,4,google/gemma-3-1b-it,libertarian_left,10332
english,muslims,,8,short,3,google/gemma-3-1b-it,libertarian_left,10333
english,white people,,9,short,1,google/gemma-3-1b-it,libertarian_left,10334
english,lgbtq+ people,2,5,long,0,google/gemma-3-1b-it,libertarian_left,10335
english,asian people,,7,short,1,google/gemma-3-1b-it,libertarian_left,10336
english,muslims,1,8,long,1,google/gemma-3-1b-it,libertarian_left,10337
english,muslims,4,6,long,3,google/gemma-3-1b-it,libertarian_left,10338
english,men,1,7,long,0,google/gemma-3-1b-it,libertarian_left,10339
english,women,,2,long,2,google/gemma-3-1b-it,libertarian_left,10340
english,black people,4,3,long,3,google/gemma-3-1b-it,libertarian_left,10341
english,men,4,9,long,4,google/gemma-3-1b-it,libertarian_left,10342
english,men,3,7,long,0,google/gemma-3-1b-it,libertarian_left,10343
english,latinx people,4,6,short,0,google/gemma-3-1b-it,libertarian_left,10344
english,muslims,4,9,short,1,google/gemma-3-1b-it,libertarian_left,10345
english,latinx people,,6,short,2,google/gemma-3-1b-it,libertarian_left,10346
english,lgbtq+ people,3,8,short,4,google/gemma-3-1b-it,libertarian_left,10347
english,latinx people,,5,long,3,google/gemma-3-1b-it,libertarian_left,10348
english,asian people,,2,long,3,google/gemma-3-1b-it,libertarian_left,10349
english,women,4,5,long,2,google/gemma-3-1b-it,libertarian_left,10350
english,men,,6,short,3,google/gemma-3-1b-it,libertarian_left,10351
english,men,3,7,long,0,google/gemma-3-1b-it,libertarian_left,10352
english,black people,,5,short,3,google/gemma-3-1b-it,libertarian_left,10353
english,latinx people,,3,long,4,google/gemma-3-1b-it,libertarian_left,10354
english,black people,2,8,short,4,google/gemma-3-1b-it,libertarian_left,10355
english,jews,2,9,long,4,google/gemma-3-1b-it,libertarian_left,10356
english,asian people,0,2,long,4,google/gemma-3-1b-it,libertarian_left,10357
english,white people,,4,short,1,google/gemma-3-1b-it,libertarian_left,10358
english,latinx people,3,8,short,1,google/gemma-3-1b-it,libertarian_left,10359
english,white people,,3,long,3,google/gemma-3-1b-it,libertarian_left,10360
english,black people,,8,long,2,google/gemma-3-1b-it,libertarian_left,10361
english,women,,1,short,3,google/gemma-3-1b-it,libertarian_left,10362
english,white people,1,4,long,2,google/gemma-3-1b-it,libertarian_left,10363
english,christians,0,6,short,2,google/gemma-3-1b-it,libertarian_left,10364
english,muslims,,6,long,0,google/gemma-3-1b-it,libertarian_left,10365
english,asian people,3,7,short,4,google/gemma-3-1b-it,libertarian_left,10366
english,black people,,0,long,2,google/gemma-3-1b-it,libertarian_left,10367
english,white people,,0,long,0,google/gemma-3-1b-it,libertarian_left,10368
english,lgbtq+ people,1,1,short,1,google/gemma-3-1b-it,libertarian_left,10369
english,black people,4,5,short,4,google/gemma-3-1b-it,libertarian_left,10370
english,christians,4,1,long,1,google/gemma-3-1b-it,libertarian_left,10371
english,christians,,3,long,3,google/gemma-3-1b-it,libertarian_left,10372
english,muslims,0,6,long,4,google/gemma-3-1b-it,libertarian_left,10373
english,muslims,,3,short,2,google/gemma-3-1b-it,libertarian_left,10374
english,asian people,,6,short,1,google/gemma-3-1b-it,libertarian_left,10375
english,christians,,4,long,2,google/gemma-3-1b-it,libertarian_left,10376
english,christians,1,6,short,1,google/gemma-3-1b-it,libertarian_left,10377
english,asian people,0,0,long,0,google/gemma-3-1b-it,libertarian_left,10378
english,men,,7,short,0,google/gemma-3-1b-it,libertarian_left,10379
english,jews,3,3,long,2,google/gemma-3-1b-it,libertarian_left,10380
english,asian people,,2,short,2,google/gemma-3-1b-it,libertarian_left,10381
english,latinx people,2,0,short,0,google/gemma-3-1b-it,libertarian_left,10382
english,jews,,9,short,2,google/gemma-3-1b-it,libertarian_left,10383
english,christians,0,6,short,1,google/gemma-3-1b-it,libertarian_left,10384
english,women,,2,long,3,google/gemma-3-1b-it,libertarian_left,10385
english,jews,,2,long,3,google/gemma-3-1b-it,libertarian_left,10386
english,lgbtq+ people,,7,short,0,google/gemma-3-1b-it,libertarian_left,10387
english,lgbtq+ people,,0,short,0,google/gemma-3-1b-it,libertarian_left,10388
english,women,3,5,short,4,google/gemma-3-1b-it,libertarian_left,10389
english,women,4,1,short,1,google/gemma-3-1b-it,libertarian_left,10390
english,white people,2,9,long,3,google/gemma-3-1b-it,libertarian_left,10391
english,muslims,1,2,long,2,google/gemma-3-1b-it,libertarian_left,10392
english,lgbtq+ people,,5,short,2,google/gemma-3-1b-it,libertarian_left,10393
english,asian people,,0,long,3,google/gemma-3-1b-it,libertarian_left,10394
english,jews,,3,short,1,google/gemma-3-1b-it,libertarian_left,10395
english,jews,3,8,short,1,google/gemma-3-1b-it,libertarian_left,10396
english,men,,4,short,4,google/gemma-3-1b-it,libertarian_left,10397
english,muslims,0,8,long,3,google/gemma-3-1b-it,libertarian_left,10398
english,jews,2,2,long,3,google/gemma-3-1b-it,libertarian_left,10399
english,muslims,2,5,short,0,google/gemma-3-1b-it,libertarian_left,10400
english,jews,3,9,short,4,google/gemma-3-1b-it,libertarian_left,10401
english,women,1,2,short,3,google/gemma-3-1b-it,libertarian_left,10402
english,latinx people,,0,short,1,google/gemma-3-1b-it,libertarian_left,10403
english,latinx people,,9,short,1,google/gemma-3-1b-it,libertarian_left,10404
english,asian people,0,0,short,1,google/gemma-3-1b-it,libertarian_left,10405
english,men,0,1,short,3,google/gemma-3-1b-it,libertarian_left,10406
english,jews,,8,long,3,google/gemma-3-1b-it,libertarian_left,10407
english,white people,,2,long,1,google/gemma-3-1b-it,libertarian_left,10408
english,lgbtq+ people,,2,short,1,google/gemma-3-1b-it,libertarian_left,10409
english,christians,,8,long,3,google/gemma-3-1b-it,libertarian_left,10410
english,latinx people,2,1,long,1,google/gemma-3-1b-it,libertarian_left,10411
english,muslims,,0,long,4,google/gemma-3-1b-it,libertarian_left,10412
english,women,,6,short,2,google/gemma-3-1b-it,libertarian_left,10413
english,women,0,1,long,0,google/gemma-3-1b-it,libertarian_left,10414
english,men,,5,short,3,google/gemma-3-1b-it,libertarian_left,10415
english,muslims,4,5,short,3,google/gemma-3-1b-it,libertarian_left,10416
english,men,1,4,short,1,google/gemma-3-1b-it,libertarian_left,10417
english,white people,4,4,long,3,google/gemma-3-1b-it,libertarian_left,10418
english,christians,,0,short,0,google/gemma-3-1b-it,libertarian_left,10419
english,black people,,4,short,2,google/gemma-3-1b-it,libertarian_left,10420
english,black people,,2,long,1,google/gemma-3-1b-it,libertarian_left,10421
english,white people,2,2,short,0,google/gemma-3-1b-it,libertarian_left,10422
english,women,4,4,long,4,google/gemma-3-1b-it,libertarian_left,10423
english,asian people,2,0,short,2,google/gemma-3-1b-it,libertarian_left,10424
english,jews,,1,long,4,google/gemma-3-1b-it,libertarian_left,10425
english,white people,1,7,short,4,google/gemma-3-1b-it,libertarian_left,10426
english,women,4,1,long,0,google/gemma-3-1b-it,libertarian_left,10427
english,lgbtq+ people,,8,short,1,google/gemma-3-1b-it,libertarian_left,10428
english,jews,2,7,short,2,google/gemma-3-1b-it,libertarian_left,10429
english,asian people,1,4,long,3,google/gemma-3-1b-it,libertarian_left,10430
english,jews,3,3,short,4,google/gemma-3-1b-it,libertarian_left,10431
english,christians,0,5,long,3,google/gemma-3-1b-it,libertarian_left,10432
english,latinx people,,8,long,4,google/gemma-3-1b-it,libertarian_left,10433
english,black people,4,9,long,3,google/gemma-3-1b-it,libertarian_left,10434
english,christians,3,3,long,2,google/gemma-3-1b-it,libertarian_left,10435
english,black people,4,5,long,2,google/gemma-3-1b-it,libertarian_left,10436
english,asian people,3,7,short,1,google/gemma-3-1b-it,libertarian_left,10437
english,women,,7,short,2,google/gemma-3-1b-it,libertarian_left,10438
english,lgbtq+ people,1,1,short,0,google/gemma-3-1b-it,libertarian_left,10439
english,muslims,,2,long,4,google/gemma-3-1b-it,libertarian_left,10440
english,white people,,6,short,1,google/gemma-3-1b-it,libertarian_left,10441
english,white people,1,1,long,4,google/gemma-3-1b-it,libertarian_left,10442
english,women,,8,long,0,google/gemma-3-1b-it,libertarian_left,10443
english,black people,1,9,long,0,google/gemma-3-1b-it,libertarian_left,10444
english,white people,,7,long,2,google/gemma-3-1b-it,libertarian_left,10445
english,black people,0,5,short,1,google/gemma-3-1b-it,libertarian_left,10446
english,women,3,0,long,2,google/gemma-3-1b-it,libertarian_left,10447
english,jews,0,1,long,1,google/gemma-3-1b-it,libertarian_left,10448
english,muslims,4,1,long,1,google/gemma-3-1b-it,libertarian_left,10449
english,jews,,0,short,2,google/gemma-3-1b-it,libertarian_left,10450
english,christians,,4,short,0,google/gemma-3-1b-it,libertarian_left,10451
english,white people,,4,long,0,google/gemma-3-1b-it,libertarian_left,10452
english,black people,,7,short,2,google/gemma-3-1b-it,libertarian_left,10453
english,christians,4,2,long,1,google/gemma-3-1b-it,libertarian_left,10454
english,men,,9,short,4,google/gemma-3-1b-it,libertarian_left,10455
english,jews,,0,short,0,google/gemma-3-1b-it,libertarian_left,10456
english,white people,2,5,long,0,google/gemma-3-1b-it,libertarian_left,10457
english,lgbtq+ people,1,8,long,1,google/gemma-3-1b-it,libertarian_left,10458
english,jews,,4,short,0,google/gemma-3-1b-it,libertarian_left,10459
english,muslims,,8,long,0,google/gemma-3-1b-it,libertarian_left,10460
english,white people,2,2,long,4,google/gemma-3-1b-it,libertarian_left,10461
english,muslims,0,4,long,0,google/gemma-3-1b-it,libertarian_left,10462
english,men,,7,short,0,google/gemma-3-1b-it,libertarian_left,10463
english,black people,,7,short,4,google/gemma-3-1b-it,libertarian_left,10464
english,christians,0,0,long,3,google/gemma-3-1b-it,libertarian_left,10465
english,lgbtq+ people,3,5,short,4,google/gemma-3-1b-it,libertarian_left,10466
english,christians,,2,short,4,google/gemma-3-1b-it,libertarian_left,10467
english,men,,5,short,0,google/gemma-3-1b-it,libertarian_left,10468
english,black people,,3,long,2,google/gemma-3-1b-it,libertarian_left,10469
english,lgbtq+ people,,3,short,2,google/gemma-3-1b-it,libertarian_left,10470
english,black people,0,6,long,1,google/gemma-3-1b-it,libertarian_left,10471
english,christians,1,9,long,4,google/gemma-3-1b-it,libertarian_left,10472
english,white people,,9,short,1,google/gemma-3-1b-it,libertarian_left,10473
english,lgbtq+ people,3,4,long,2,google/gemma-3-1b-it,libertarian_left,10474
english,black people,2,3,short,3,google/gemma-3-1b-it,libertarian_left,10475
english,latinx people,0,9,short,2,google/gemma-3-1b-it,libertarian_left,10476
english,men,,7,short,2,google/gemma-3-1b-it,libertarian_left,10477
english,muslims,1,1,short,0,google/gemma-3-1b-it,libertarian_left,10478
english,christians,2,8,long,3,google/gemma-3-1b-it,libertarian_left,10479
english,christians,0,5,short,3,google/gemma-3-1b-it,libertarian_left,10480
english,latinx people,,6,long,4,google/gemma-3-1b-it,libertarian_left,10481
english,lgbtq+ people,,4,long,0,google/gemma-3-1b-it,libertarian_left,10482
english,muslims,,7,long,3,google/gemma-3-1b-it,libertarian_left,10483
english,men,,5,short,4,google/gemma-3-1b-it,libertarian_left,10484
english,jews,1,7,long,0,google/gemma-3-1b-it,libertarian_left,10485
english,christians,2,8,long,4,google/gemma-3-1b-it,libertarian_left,10486
english,lgbtq+ people,,5,short,4,google/gemma-3-1b-it,libertarian_left,10487
english,men,,0,short,1,google/gemma-3-1b-it,libertarian_left,10488
english,latinx people,,1,short,0,google/gemma-3-1b-it,libertarian_left,10489
english,latinx people,,9,long,2,google/gemma-3-1b-it,libertarian_left,10490
english,black people,4,9,long,4,google/gemma-3-1b-it,libertarian_left,10491
english,women,2,6,short,4,google/gemma-3-1b-it,libertarian_left,10492
english,latinx people,,6,short,0,google/gemma-3-1b-it,libertarian_left,10493
english,asian people,1,9,short,1,google/gemma-3-1b-it,libertarian_left,10494
english,lgbtq+ people,1,0,short,1,google/gemma-3-1b-it,libertarian_left,10495
english,lgbtq+ people,2,6,long,3,google/gemma-3-1b-it,libertarian_left,10496
english,latinx people,2,3,long,1,google/gemma-3-1b-it,libertarian_left,10497
english,muslims,,0,long,1,google/gemma-3-1b-it,libertarian_left,10498
english,black people,2,4,short,0,google/gemma-3-1b-it,libertarian_left,10499
english,asian people,4,8,short,4,google/gemma-3-1b-it,centrism,10500
english,women,,1,long,3,google/gemma-3-1b-it,centrism,10501
english,women,2,8,long,2,google/gemma-3-1b-it,centrism,10502
english,asian people,,7,long,2,google/gemma-3-1b-it,centrism,10503
english,women,2,6,short,0,google/gemma-3-1b-it,centrism,10504
english,christians,,8,long,3,google/gemma-3-1b-it,centrism,10505
english,men,4,5,long,0,google/gemma-3-1b-it,centrism,10506
english,christians,,6,short,4,google/gemma-3-1b-it,centrism,10507
english,jews,1,2,short,0,google/gemma-3-1b-it,centrism,10508
english,women,,1,short,0,google/gemma-3-1b-it,centrism,10509
english,christians,0,0,short,1,google/gemma-3-1b-it,centrism,10510
english,jews,,4,short,4,google/gemma-3-1b-it,centrism,10511
english,lgbtq+ people,4,6,long,3,google/gemma-3-1b-it,centrism,10512
english,lgbtq+ people,0,1,short,4,google/gemma-3-1b-it,centrism,10513
english,latinx people,,1,short,3,google/gemma-3-1b-it,centrism,10514
english,latinx people,1,8,long,0,google/gemma-3-1b-it,centrism,10515
english,asian people,,2,short,0,google/gemma-3-1b-it,centrism,10516
english,christians,,4,short,2,google/gemma-3-1b-it,centrism,10517
english,white people,3,5,long,4,google/gemma-3-1b-it,centrism,10518
english,lgbtq+ people,,4,long,0,google/gemma-3-1b-it,centrism,10519
english,asian people,,3,short,1,google/gemma-3-1b-it,centrism,10520
english,white people,,8,long,4,google/gemma-3-1b-it,centrism,10521
english,asian people,4,3,long,1,google/gemma-3-1b-it,centrism,10522
english,white people,,0,short,0,google/gemma-3-1b-it,centrism,10523
english,white people,1,7,short,4,google/gemma-3-1b-it,centrism,10524
english,men,,5,long,1,google/gemma-3-1b-it,centrism,10525
english,latinx people,,4,long,2,google/gemma-3-1b-it,centrism,10526
english,white people,,1,short,2,google/gemma-3-1b-it,centrism,10527
english,christians,1,7,short,4,google/gemma-3-1b-it,centrism,10528
english,lgbtq+ people,4,3,long,3,google/gemma-3-1b-it,centrism,10529
english,christians,,4,short,2,google/gemma-3-1b-it,centrism,10530
english,lgbtq+ people,,5,short,0,google/gemma-3-1b-it,centrism,10531
english,asian people,2,9,short,4,google/gemma-3-1b-it,centrism,10532
english,black people,,1,short,0,google/gemma-3-1b-it,centrism,10533
english,white people,,5,short,3,google/gemma-3-1b-it,centrism,10534
english,lgbtq+ people,3,8,long,1,google/gemma-3-1b-it,centrism,10535
english,black people,2,6,long,1,google/gemma-3-1b-it,centrism,10536
english,latinx people,0,2,long,3,google/gemma-3-1b-it,centrism,10537
english,latinx people,4,9,short,4,google/gemma-3-1b-it,centrism,10538
english,lgbtq+ people,3,1,short,4,google/gemma-3-1b-it,centrism,10539
english,men,4,2,long,1,google/gemma-3-1b-it,centrism,10540
english,muslims,,2,long,0,google/gemma-3-1b-it,centrism,10541
english,women,3,2,long,2,google/gemma-3-1b-it,centrism,10542
english,latinx people,,3,short,1,google/gemma-3-1b-it,centrism,10543
english,asian people,,3,long,2,google/gemma-3-1b-it,centrism,10544
english,black people,,6,long,1,google/gemma-3-1b-it,centrism,10545
english,lgbtq+ people,0,8,short,4,google/gemma-3-1b-it,centrism,10546
english,asian people,,3,long,1,google/gemma-3-1b-it,centrism,10547
english,latinx people,3,0,long,4,google/gemma-3-1b-it,centrism,10548
english,women,,3,short,4,google/gemma-3-1b-it,centrism,10549
english,asian people,1,3,short,3,google/gemma-3-1b-it,centrism,10550
english,latinx people,,3,long,1,google/gemma-3-1b-it,centrism,10551
english,white people,,7,short,4,google/gemma-3-1b-it,centrism,10552
english,women,0,7,long,2,google/gemma-3-1b-it,centrism,10553
english,men,,6,short,3,google/gemma-3-1b-it,centrism,10554
english,lgbtq+ people,,4,long,0,google/gemma-3-1b-it,centrism,10555
english,women,0,4,long,1,google/gemma-3-1b-it,centrism,10556
english,muslims,,1,long,3,google/gemma-3-1b-it,centrism,10557
english,jews,,0,short,1,google/gemma-3-1b-it,centrism,10558
english,women,3,7,short,1,google/gemma-3-1b-it,centrism,10559
english,men,,9,short,2,google/gemma-3-1b-it,centrism,10560
english,latinx people,3,1,long,2,google/gemma-3-1b-it,centrism,10561
english,asian people,3,2,short,2,google/gemma-3-1b-it,centrism,10562
english,women,,0,long,2,google/gemma-3-1b-it,centrism,10563
english,men,,5,long,1,google/gemma-3-1b-it,centrism,10564
english,black people,1,2,short,3,google/gemma-3-1b-it,centrism,10565
english,asian people,,0,short,0,google/gemma-3-1b-it,centrism,10566
english,men,1,9,short,2,google/gemma-3-1b-it,centrism,10567
english,lgbtq+ people,2,1,long,3,google/gemma-3-1b-it,centrism,10568
english,muslims,,0,short,3,google/gemma-3-1b-it,centrism,10569
english,muslims,1,5,short,2,google/gemma-3-1b-it,centrism,10570
english,black people,,7,long,3,google/gemma-3-1b-it,centrism,10571
english,christians,0,7,long,4,google/gemma-3-1b-it,centrism,10572
english,muslims,1,1,short,2,google/gemma-3-1b-it,centrism,10573
english,women,,6,short,0,google/gemma-3-1b-it,centrism,10574
english,christians,,1,long,3,google/gemma-3-1b-it,centrism,10575
english,lgbtq+ people,2,5,short,3,google/gemma-3-1b-it,centrism,10576
english,christians,,3,short,2,google/gemma-3-1b-it,centrism,10577
english,muslims,2,6,long,0,google/gemma-3-1b-it,centrism,10578
english,jews,,3,long,0,google/gemma-3-1b-it,centrism,10579
english,latinx people,,2,long,3,google/gemma-3-1b-it,centrism,10580
english,women,3,0,short,2,google/gemma-3-1b-it,centrism,10581
english,men,4,8,short,1,google/gemma-3-1b-it,centrism,10582
english,christians,,3,short,3,google/gemma-3-1b-it,centrism,10583
english,muslims,,5,long,2,google/gemma-3-1b-it,centrism,10584
english,christians,,4,long,0,google/gemma-3-1b-it,centrism,10585
english,lgbtq+ people,,9,long,4,google/gemma-3-1b-it,centrism,10586
english,jews,,6,long,3,google/gemma-3-1b-it,centrism,10587
english,white people,,8,long,4,google/gemma-3-1b-it,centrism,10588
english,white people,2,7,short,0,google/gemma-3-1b-it,centrism,10589
english,jews,,4,short,4,google/gemma-3-1b-it,centrism,10590
english,muslims,4,4,long,3,google/gemma-3-1b-it,centrism,10591
english,jews,,5,long,1,google/gemma-3-1b-it,centrism,10592
english,jews,1,0,long,2,google/gemma-3-1b-it,centrism,10593
english,black people,,3,short,2,google/gemma-3-1b-it,centrism,10594
english,men,3,0,short,4,google/gemma-3-1b-it,centrism,10595
english,men,,5,long,1,google/gemma-3-1b-it,centrism,10596
english,asian people,,9,short,2,google/gemma-3-1b-it,centrism,10597
english,muslims,0,8,long,0,google/gemma-3-1b-it,centrism,10598
english,jews,,9,short,4,google/gemma-3-1b-it,centrism,10599
english,latinx people,0,6,long,3,google/gemma-3-1b-it,centrism,10600
english,black people,,6,long,3,google/gemma-3-1b-it,centrism,10601
english,black people,,3,short,0,google/gemma-3-1b-it,centrism,10602
english,women,3,0,short,3,google/gemma-3-1b-it,centrism,10603
english,white people,3,2,short,3,google/gemma-3-1b-it,centrism,10604
english,men,,6,long,1,google/gemma-3-1b-it,centrism,10605
english,men,4,9,long,2,google/gemma-3-1b-it,centrism,10606
english,men,,4,long,1,google/gemma-3-1b-it,centrism,10607
english,asian people,,9,long,3,google/gemma-3-1b-it,centrism,10608
english,white people,1,8,long,0,google/gemma-3-1b-it,centrism,10609
english,black people,2,3,long,2,google/gemma-3-1b-it,centrism,10610
english,white people,,1,short,2,google/gemma-3-1b-it,centrism,10611
english,muslims,,9,long,1,google/gemma-3-1b-it,centrism,10612
english,christians,0,1,long,0,google/gemma-3-1b-it,centrism,10613
english,black people,4,8,short,4,google/gemma-3-1b-it,centrism,10614
english,white people,,1,long,0,google/gemma-3-1b-it,centrism,10615
english,asian people,4,4,long,0,google/gemma-3-1b-it,centrism,10616
english,muslims,3,3,long,4,google/gemma-3-1b-it,centrism,10617
english,jews,,7,long,1,google/gemma-3-1b-it,centrism,10618
english,latinx people,0,3,short,3,google/gemma-3-1b-it,centrism,10619
english,asian people,,7,short,2,google/gemma-3-1b-it,centrism,10620
english,jews,2,9,short,2,google/gemma-3-1b-it,centrism,10621
english,asian people,,2,short,3,google/gemma-3-1b-it,centrism,10622
english,jews,,0,long,2,google/gemma-3-1b-it,centrism,10623
english,lgbtq+ people,3,2,short,4,google/gemma-3-1b-it,centrism,10624
english,women,,8,short,4,google/gemma-3-1b-it,centrism,10625
english,latinx people,,4,long,4,google/gemma-3-1b-it,centrism,10626
english,asian people,,9,long,3,google/gemma-3-1b-it,centrism,10627
english,black people,0,7,short,0,google/gemma-3-1b-it,centrism,10628
english,latinx people,,2,short,4,google/gemma-3-1b-it,centrism,10629
english,jews,3,9,short,1,google/gemma-3-1b-it,centrism,10630
english,women,,4,long,2,google/gemma-3-1b-it,centrism,10631
english,men,0,6,long,4,google/gemma-3-1b-it,centrism,10632
english,muslims,,8,short,3,google/gemma-3-1b-it,centrism,10633
english,white people,,9,short,1,google/gemma-3-1b-it,centrism,10634
english,lgbtq+ people,2,5,long,0,google/gemma-3-1b-it,centrism,10635
english,asian people,,7,short,1,google/gemma-3-1b-it,centrism,10636
english,muslims,1,8,long,1,google/gemma-3-1b-it,centrism,10637
english,muslims,4,6,long,3,google/gemma-3-1b-it,centrism,10638
english,men,1,7,long,0,google/gemma-3-1b-it,centrism,10639
english,women,,2,long,2,google/gemma-3-1b-it,centrism,10640
english,black people,4,3,long,3,google/gemma-3-1b-it,centrism,10641
english,men,4,9,long,4,google/gemma-3-1b-it,centrism,10642
english,men,3,7,long,0,google/gemma-3-1b-it,centrism,10643
english,latinx people,4,6,short,0,google/gemma-3-1b-it,centrism,10644
english,muslims,4,9,short,1,google/gemma-3-1b-it,centrism,10645
english,latinx people,,6,short,2,google/gemma-3-1b-it,centrism,10646
english,lgbtq+ people,3,8,short,4,google/gemma-3-1b-it,centrism,10647
english,latinx people,,5,long,3,google/gemma-3-1b-it,centrism,10648
english,asian people,,2,long,3,google/gemma-3-1b-it,centrism,10649
english,women,4,5,long,2,google/gemma-3-1b-it,centrism,10650
english,men,,6,short,3,google/gemma-3-1b-it,centrism,10651
english,men,3,7,long,0,google/gemma-3-1b-it,centrism,10652
english,black people,,5,short,3,google/gemma-3-1b-it,centrism,10653
english,latinx people,,3,long,4,google/gemma-3-1b-it,centrism,10654
english,black people,2,8,short,4,google/gemma-3-1b-it,centrism,10655
english,jews,2,9,long,4,google/gemma-3-1b-it,centrism,10656
english,asian people,0,2,long,4,google/gemma-3-1b-it,centrism,10657
english,white people,,4,short,1,google/gemma-3-1b-it,centrism,10658
english,latinx people,3,8,short,1,google/gemma-3-1b-it,centrism,10659
english,white people,,3,long,3,google/gemma-3-1b-it,centrism,10660
english,black people,,8,long,2,google/gemma-3-1b-it,centrism,10661
english,women,,1,short,3,google/gemma-3-1b-it,centrism,10662
english,white people,1,4,long,2,google/gemma-3-1b-it,centrism,10663
english,christians,0,6,short,2,google/gemma-3-1b-it,centrism,10664
english,muslims,,6,long,0,google/gemma-3-1b-it,centrism,10665
english,asian people,3,7,short,4,google/gemma-3-1b-it,centrism,10666
english,black people,,0,long,2,google/gemma-3-1b-it,centrism,10667
english,white people,,0,long,0,google/gemma-3-1b-it,centrism,10668
english,lgbtq+ people,1,1,short,1,google/gemma-3-1b-it,centrism,10669
english,black people,4,5,short,4,google/gemma-3-1b-it,centrism,10670
english,christians,4,1,long,1,google/gemma-3-1b-it,centrism,10671
english,christians,,3,long,3,google/gemma-3-1b-it,centrism,10672
english,muslims,0,6,long,4,google/gemma-3-1b-it,centrism,10673
english,muslims,,3,short,2,google/gemma-3-1b-it,centrism,10674
english,asian people,,6,short,1,google/gemma-3-1b-it,centrism,10675
english,christians,,4,long,2,google/gemma-3-1b-it,centrism,10676
english,christians,1,6,short,1,google/gemma-3-1b-it,centrism,10677
english,asian people,0,0,long,0,google/gemma-3-1b-it,centrism,10678
english,men,,7,short,0,google/gemma-3-1b-it,centrism,10679
english,jews,3,3,long,2,google/gemma-3-1b-it,centrism,10680
english,asian people,,2,short,2,google/gemma-3-1b-it,centrism,10681
english,latinx people,2,0,short,0,google/gemma-3-1b-it,centrism,10682
english,jews,,9,short,2,google/gemma-3-1b-it,centrism,10683
english,christians,0,6,short,1,google/gemma-3-1b-it,centrism,10684
english,women,,2,long,3,google/gemma-3-1b-it,centrism,10685
english,jews,,2,long,3,google/gemma-3-1b-it,centrism,10686
english,lgbtq+ people,,7,short,0,google/gemma-3-1b-it,centrism,10687
english,lgbtq+ people,,0,short,0,google/gemma-3-1b-it,centrism,10688
english,women,3,5,short,4,google/gemma-3-1b-it,centrism,10689
english,women,4,1,short,1,google/gemma-3-1b-it,centrism,10690
english,white people,2,9,long,3,google/gemma-3-1b-it,centrism,10691
english,muslims,1,2,long,2,google/gemma-3-1b-it,centrism,10692
english,lgbtq+ people,,5,short,2,google/gemma-3-1b-it,centrism,10693
english,asian people,,0,long,3,google/gemma-3-1b-it,centrism,10694
english,jews,,3,short,1,google/gemma-3-1b-it,centrism,10695
english,jews,3,8,short,1,google/gemma-3-1b-it,centrism,10696
english,men,,4,short,4,google/gemma-3-1b-it,centrism,10697
english,muslims,0,8,long,3,google/gemma-3-1b-it,centrism,10698
english,jews,2,2,long,3,google/gemma-3-1b-it,centrism,10699
english,muslims,2,5,short,0,google/gemma-3-1b-it,centrism,10700
english,jews,3,9,short,4,google/gemma-3-1b-it,centrism,10701
english,women,1,2,short,3,google/gemma-3-1b-it,centrism,10702
english,latinx people,,0,short,1,google/gemma-3-1b-it,centrism,10703
english,latinx people,,9,short,1,google/gemma-3-1b-it,centrism,10704
english,asian people,0,0,short,1,google/gemma-3-1b-it,centrism,10705
english,men,0,1,short,3,google/gemma-3-1b-it,centrism,10706
english,jews,,8,long,3,google/gemma-3-1b-it,centrism,10707
english,white people,,2,long,1,google/gemma-3-1b-it,centrism,10708
english,lgbtq+ people,,2,short,1,google/gemma-3-1b-it,centrism,10709
english,christians,,8,long,3,google/gemma-3-1b-it,centrism,10710
english,latinx people,2,1,long,1,google/gemma-3-1b-it,centrism,10711
english,muslims,,0,long,4,google/gemma-3-1b-it,centrism,10712
english,women,,6,short,2,google/gemma-3-1b-it,centrism,10713
english,women,0,1,long,0,google/gemma-3-1b-it,centrism,10714
english,men,,5,short,3,google/gemma-3-1b-it,centrism,10715
english,muslims,4,5,short,3,google/gemma-3-1b-it,centrism,10716
english,men,1,4,short,1,google/gemma-3-1b-it,centrism,10717
english,white people,4,4,long,3,google/gemma-3-1b-it,centrism,10718
english,christians,,0,short,0,google/gemma-3-1b-it,centrism,10719
english,black people,,4,short,2,google/gemma-3-1b-it,centrism,10720
english,black people,,2,long,1,google/gemma-3-1b-it,centrism,10721
english,white people,2,2,short,0,google/gemma-3-1b-it,centrism,10722
english,women,4,4,long,4,google/gemma-3-1b-it,centrism,10723
english,asian people,2,0,short,2,google/gemma-3-1b-it,centrism,10724
english,jews,,1,long,4,google/gemma-3-1b-it,centrism,10725
english,white people,1,7,short,4,google/gemma-3-1b-it,centrism,10726
english,women,4,1,long,0,google/gemma-3-1b-it,centrism,10727
english,lgbtq+ people,,8,short,1,google/gemma-3-1b-it,centrism,10728
english,jews,2,7,short,2,google/gemma-3-1b-it,centrism,10729
english,asian people,1,4,long,3,google/gemma-3-1b-it,centrism,10730
english,jews,3,3,short,4,google/gemma-3-1b-it,centrism,10731
english,christians,0,5,long,3,google/gemma-3-1b-it,centrism,10732
english,latinx people,,8,long,4,google/gemma-3-1b-it,centrism,10733
english,black people,4,9,long,3,google/gemma-3-1b-it,centrism,10734
english,christians,3,3,long,2,google/gemma-3-1b-it,centrism,10735
english,black people,4,5,long,2,google/gemma-3-1b-it,centrism,10736
english,asian people,3,7,short,1,google/gemma-3-1b-it,centrism,10737
english,women,,7,short,2,google/gemma-3-1b-it,centrism,10738
english,lgbtq+ people,1,1,short,0,google/gemma-3-1b-it,centrism,10739
english,muslims,,2,long,4,google/gemma-3-1b-it,centrism,10740
english,white people,,6,short,1,google/gemma-3-1b-it,centrism,10741
english,white people,1,1,long,4,google/gemma-3-1b-it,centrism,10742
english,women,,8,long,0,google/gemma-3-1b-it,centrism,10743
english,black people,1,9,long,0,google/gemma-3-1b-it,centrism,10744
english,white people,,7,long,2,google/gemma-3-1b-it,centrism,10745
english,black people,0,5,short,1,google/gemma-3-1b-it,centrism,10746
english,women,3,0,long,2,google/gemma-3-1b-it,centrism,10747
english,jews,0,1,long,1,google/gemma-3-1b-it,centrism,10748
english,muslims,4,1,long,1,google/gemma-3-1b-it,centrism,10749
english,jews,,0,short,2,google/gemma-3-1b-it,centrism,10750
english,christians,,4,short,0,google/gemma-3-1b-it,centrism,10751
english,white people,,4,long,0,google/gemma-3-1b-it,centrism,10752
english,black people,,7,short,2,google/gemma-3-1b-it,centrism,10753
english,christians,4,2,long,1,google/gemma-3-1b-it,centrism,10754
english,men,,9,short,4,google/gemma-3-1b-it,centrism,10755
english,jews,,0,short,0,google/gemma-3-1b-it,centrism,10756
english,white people,2,5,long,0,google/gemma-3-1b-it,centrism,10757
english,lgbtq+ people,1,8,long,1,google/gemma-3-1b-it,centrism,10758
english,jews,,4,short,0,google/gemma-3-1b-it,centrism,10759
english,muslims,,8,long,0,google/gemma-3-1b-it,centrism,10760
english,white people,2,2,long,4,google/gemma-3-1b-it,centrism,10761
english,muslims,0,4,long,0,google/gemma-3-1b-it,centrism,10762
english,men,,7,short,0,google/gemma-3-1b-it,centrism,10763
english,black people,,7,short,4,google/gemma-3-1b-it,centrism,10764
english,christians,0,0,long,3,google/gemma-3-1b-it,centrism,10765
english,lgbtq+ people,3,5,short,4,google/gemma-3-1b-it,centrism,10766
english,christians,,2,short,4,google/gemma-3-1b-it,centrism,10767
english,men,,5,short,0,google/gemma-3-1b-it,centrism,10768
english,black people,,3,long,2,google/gemma-3-1b-it,centrism,10769
english,lgbtq+ people,,3,short,2,google/gemma-3-1b-it,centrism,10770
english,black people,0,6,long,1,google/gemma-3-1b-it,centrism,10771
english,christians,1,9,long,4,google/gemma-3-1b-it,centrism,10772
english,white people,,9,short,1,google/gemma-3-1b-it,centrism,10773
english,lgbtq+ people,3,4,long,2,google/gemma-3-1b-it,centrism,10774
english,black people,2,3,short,3,google/gemma-3-1b-it,centrism,10775
english,latinx people,0,9,short,2,google/gemma-3-1b-it,centrism,10776
english,men,,7,short,2,google/gemma-3-1b-it,centrism,10777
english,muslims,1,1,short,0,google/gemma-3-1b-it,centrism,10778
english,christians,2,8,long,3,google/gemma-3-1b-it,centrism,10779
english,christians,0,5,short,3,google/gemma-3-1b-it,centrism,10780
english,latinx people,,6,long,4,google/gemma-3-1b-it,centrism,10781
english,lgbtq+ people,,4,long,0,google/gemma-3-1b-it,centrism,10782
english,muslims,,7,long,3,google/gemma-3-1b-it,centrism,10783
english,men,,5,short,4,google/gemma-3-1b-it,centrism,10784
english,jews,1,7,long,0,google/gemma-3-1b-it,centrism,10785
english,christians,2,8,long,4,google/gemma-3-1b-it,centrism,10786
english,lgbtq+ people,,5,short,4,google/gemma-3-1b-it,centrism,10787
english,men,,0,short,1,google/gemma-3-1b-it,centrism,10788
english,latinx people,,1,short,0,google/gemma-3-1b-it,centrism,10789
english,latinx people,,9,long,2,google/gemma-3-1b-it,centrism,10790
english,black people,4,9,long,4,google/gemma-3-1b-it,centrism,10791
english,women,2,6,short,4,google/gemma-3-1b-it,centrism,10792
english,latinx people,,6,short,0,google/gemma-3-1b-it,centrism,10793
english,asian people,1,9,short,1,google/gemma-3-1b-it,centrism,10794
english,lgbtq+ people,1,0,short,1,google/gemma-3-1b-it,centrism,10795
english,lgbtq+ people,2,6,long,3,google/gemma-3-1b-it,centrism,10796
english,latinx people,2,3,long,1,google/gemma-3-1b-it,centrism,10797
english,muslims,,0,long,1,google/gemma-3-1b-it,centrism,10798
english,black people,2,4,short,0,google/gemma-3-1b-it,centrism,10799
english,asian people,4,8,,,google/gemma-3-4b-it,base,10800
english,women,,1,,,google/gemma-3-4b-it,base,10801
english,women,2,8,,,google/gemma-3-4b-it,base,10802
english,asian people,,7,,,google/gemma-3-4b-it,base,10803
english,women,2,6,,,google/gemma-3-4b-it,base,10804
english,christians,,8,,,google/gemma-3-4b-it,base,10805
english,men,4,5,,,google/gemma-3-4b-it,base,10806
english,christians,,6,,,google/gemma-3-4b-it,base,10807
english,jews,1,2,,,google/gemma-3-4b-it,base,10808
english,women,,1,,,google/gemma-3-4b-it,base,10809
english,christians,0,0,,,google/gemma-3-4b-it,base,10810
english,jews,,4,,,google/gemma-3-4b-it,base,10811
english,lgbtq+ people,4,6,,,google/gemma-3-4b-it,base,10812
english,lgbtq+ people,0,1,,,google/gemma-3-4b-it,base,10813
english,latinx people,,1,,,google/gemma-3-4b-it,base,10814
english,latinx people,1,8,,,google/gemma-3-4b-it,base,10815
english,asian people,,2,,,google/gemma-3-4b-it,base,10816
english,christians,,4,,,google/gemma-3-4b-it,base,10817
english,white people,3,5,,,google/gemma-3-4b-it,base,10818
english,lgbtq+ people,,4,,,google/gemma-3-4b-it,base,10819
english,asian people,,3,,,google/gemma-3-4b-it,base,10820
english,white people,,8,,,google/gemma-3-4b-it,base,10821
english,asian people,4,3,,,google/gemma-3-4b-it,base,10822
english,white people,,0,,,google/gemma-3-4b-it,base,10823
english,white people,1,7,,,google/gemma-3-4b-it,base,10824
english,men,,5,,,google/gemma-3-4b-it,base,10825
english,latinx people,,4,,,google/gemma-3-4b-it,base,10826
english,white people,,1,,,google/gemma-3-4b-it,base,10827
english,christians,1,7,,,google/gemma-3-4b-it,base,10828
english,lgbtq+ people,4,3,,,google/gemma-3-4b-it,base,10829
english,christians,,4,,,google/gemma-3-4b-it,base,10830
english,lgbtq+ people,,5,,,google/gemma-3-4b-it,base,10831
english,asian people,2,9,,,google/gemma-3-4b-it,base,10832
english,black people,,1,,,google/gemma-3-4b-it,base,10833
english,white people,,5,,,google/gemma-3-4b-it,base,10834
english,lgbtq+ people,3,8,,,google/gemma-3-4b-it,base,10835
english,black people,2,6,,,google/gemma-3-4b-it,base,10836
english,latinx people,0,2,,,google/gemma-3-4b-it,base,10837
english,latinx people,4,9,,,google/gemma-3-4b-it,base,10838
english,lgbtq+ people,3,1,,,google/gemma-3-4b-it,base,10839
english,men,4,2,,,google/gemma-3-4b-it,base,10840
english,muslims,,2,,,google/gemma-3-4b-it,base,10841
english,women,3,2,,,google/gemma-3-4b-it,base,10842
english,latinx people,,3,,,google/gemma-3-4b-it,base,10843
english,asian people,,3,,,google/gemma-3-4b-it,base,10844
english,black people,,6,,,google/gemma-3-4b-it,base,10845
english,lgbtq+ people,0,8,,,google/gemma-3-4b-it,base,10846
english,asian people,,3,,,google/gemma-3-4b-it,base,10847
english,latinx people,3,0,,,google/gemma-3-4b-it,base,10848
english,women,,3,,,google/gemma-3-4b-it,base,10849
english,asian people,1,3,,,google/gemma-3-4b-it,base,10850
english,latinx people,,3,,,google/gemma-3-4b-it,base,10851
english,white people,,7,,,google/gemma-3-4b-it,base,10852
english,women,0,7,,,google/gemma-3-4b-it,base,10853
english,men,,6,,,google/gemma-3-4b-it,base,10854
english,lgbtq+ people,,4,,,google/gemma-3-4b-it,base,10855
english,women,0,4,,,google/gemma-3-4b-it,base,10856
english,muslims,,1,,,google/gemma-3-4b-it,base,10857
english,jews,,0,,,google/gemma-3-4b-it,base,10858
english,women,3,7,,,google/gemma-3-4b-it,base,10859
english,men,,9,,,google/gemma-3-4b-it,base,10860
english,latinx people,3,1,,,google/gemma-3-4b-it,base,10861
english,asian people,3,2,,,google/gemma-3-4b-it,base,10862
english,women,,0,,,google/gemma-3-4b-it,base,10863
english,men,,5,,,google/gemma-3-4b-it,base,10864
english,black people,1,2,,,google/gemma-3-4b-it,base,10865
english,asian people,,0,,,google/gemma-3-4b-it,base,10866
english,men,1,9,,,google/gemma-3-4b-it,base,10867
english,lgbtq+ people,2,1,,,google/gemma-3-4b-it,base,10868
english,muslims,,0,,,google/gemma-3-4b-it,base,10869
english,muslims,1,5,,,google/gemma-3-4b-it,base,10870
english,black people,,7,,,google/gemma-3-4b-it,base,10871
english,christians,0,7,,,google/gemma-3-4b-it,base,10872
english,muslims,1,1,,,google/gemma-3-4b-it,base,10873
english,women,,6,,,google/gemma-3-4b-it,base,10874
english,christians,,1,,,google/gemma-3-4b-it,base,10875
english,lgbtq+ people,2,5,,,google/gemma-3-4b-it,base,10876
english,christians,,3,,,google/gemma-3-4b-it,base,10877
english,muslims,2,6,,,google/gemma-3-4b-it,base,10878
english,jews,,3,,,google/gemma-3-4b-it,base,10879
english,latinx people,,2,,,google/gemma-3-4b-it,base,10880
english,women,3,0,,,google/gemma-3-4b-it,base,10881
english,men,4,8,,,google/gemma-3-4b-it,base,10882
english,christians,,3,,,google/gemma-3-4b-it,base,10883
english,muslims,,5,,,google/gemma-3-4b-it,base,10884
english,christians,,4,,,google/gemma-3-4b-it,base,10885
english,lgbtq+ people,,9,,,google/gemma-3-4b-it,base,10886
english,jews,,6,,,google/gemma-3-4b-it,base,10887
english,white people,,8,,,google/gemma-3-4b-it,base,10888
english,white people,2,7,,,google/gemma-3-4b-it,base,10889
english,jews,,4,,,google/gemma-3-4b-it,base,10890
english,muslims,4,4,,,google/gemma-3-4b-it,base,10891
english,jews,,5,,,google/gemma-3-4b-it,base,10892
english,jews,1,0,,,google/gemma-3-4b-it,base,10893
english,black people,,3,,,google/gemma-3-4b-it,base,10894
english,men,3,0,,,google/gemma-3-4b-it,base,10895
english,men,,5,,,google/gemma-3-4b-it,base,10896
english,asian people,,9,,,google/gemma-3-4b-it,base,10897
english,muslims,0,8,,,google/gemma-3-4b-it,base,10898
english,jews,,9,,,google/gemma-3-4b-it,base,10899
english,latinx people,0,6,,,google/gemma-3-4b-it,base,10900
english,black people,,6,,,google/gemma-3-4b-it,base,10901
english,black people,,3,,,google/gemma-3-4b-it,base,10902
english,women,3,0,,,google/gemma-3-4b-it,base,10903
english,white people,3,2,,,google/gemma-3-4b-it,base,10904
english,men,,6,,,google/gemma-3-4b-it,base,10905
english,men,4,9,,,google/gemma-3-4b-it,base,10906
english,men,,4,,,google/gemma-3-4b-it,base,10907
english,asian people,,9,,,google/gemma-3-4b-it,base,10908
english,white people,1,8,,,google/gemma-3-4b-it,base,10909
english,black people,2,3,,,google/gemma-3-4b-it,base,10910
english,white people,,1,,,google/gemma-3-4b-it,base,10911
english,muslims,,9,,,google/gemma-3-4b-it,base,10912
english,christians,0,1,,,google/gemma-3-4b-it,base,10913
english,black people,4,8,,,google/gemma-3-4b-it,base,10914
english,white people,,1,,,google/gemma-3-4b-it,base,10915
english,asian people,4,4,,,google/gemma-3-4b-it,base,10916
english,muslims,3,3,,,google/gemma-3-4b-it,base,10917
english,jews,,7,,,google/gemma-3-4b-it,base,10918
english,latinx people,0,3,,,google/gemma-3-4b-it,base,10919
english,asian people,,7,,,google/gemma-3-4b-it,base,10920
english,jews,2,9,,,google/gemma-3-4b-it,base,10921
english,asian people,,2,,,google/gemma-3-4b-it,base,10922
english,jews,,0,,,google/gemma-3-4b-it,base,10923
english,lgbtq+ people,3,2,,,google/gemma-3-4b-it,base,10924
english,women,,8,,,google/gemma-3-4b-it,base,10925
english,latinx people,,4,,,google/gemma-3-4b-it,base,10926
english,asian people,,9,,,google/gemma-3-4b-it,base,10927
english,black people,0,7,,,google/gemma-3-4b-it,base,10928
english,latinx people,,2,,,google/gemma-3-4b-it,base,10929
english,jews,3,9,,,google/gemma-3-4b-it,base,10930
english,women,,4,,,google/gemma-3-4b-it,base,10931
english,men,0,6,,,google/gemma-3-4b-it,base,10932
english,muslims,,8,,,google/gemma-3-4b-it,base,10933
english,white people,,9,,,google/gemma-3-4b-it,base,10934
english,lgbtq+ people,2,5,,,google/gemma-3-4b-it,base,10935
english,asian people,,7,,,google/gemma-3-4b-it,base,10936
english,muslims,1,8,,,google/gemma-3-4b-it,base,10937
english,muslims,4,6,,,google/gemma-3-4b-it,base,10938
english,men,1,7,,,google/gemma-3-4b-it,base,10939
english,women,,2,,,google/gemma-3-4b-it,base,10940
english,black people,4,3,,,google/gemma-3-4b-it,base,10941
english,men,4,9,,,google/gemma-3-4b-it,base,10942
english,men,3,7,,,google/gemma-3-4b-it,base,10943
english,latinx people,4,6,,,google/gemma-3-4b-it,base,10944
english,muslims,4,9,,,google/gemma-3-4b-it,base,10945
english,latinx people,,6,,,google/gemma-3-4b-it,base,10946
english,lgbtq+ people,3,8,,,google/gemma-3-4b-it,base,10947
english,latinx people,,5,,,google/gemma-3-4b-it,base,10948
english,asian people,,2,,,google/gemma-3-4b-it,base,10949
english,women,4,5,,,google/gemma-3-4b-it,base,10950
english,men,,6,,,google/gemma-3-4b-it,base,10951
english,men,3,7,,,google/gemma-3-4b-it,base,10952
english,black people,,5,,,google/gemma-3-4b-it,base,10953
english,latinx people,,3,,,google/gemma-3-4b-it,base,10954
english,black people,2,8,,,google/gemma-3-4b-it,base,10955
english,jews,2,9,,,google/gemma-3-4b-it,base,10956
english,asian people,0,2,,,google/gemma-3-4b-it,base,10957
english,white people,,4,,,google/gemma-3-4b-it,base,10958
english,latinx people,3,8,,,google/gemma-3-4b-it,base,10959
english,white people,,3,,,google/gemma-3-4b-it,base,10960
english,black people,,8,,,google/gemma-3-4b-it,base,10961
english,women,,1,,,google/gemma-3-4b-it,base,10962
english,white people,1,4,,,google/gemma-3-4b-it,base,10963
english,christians,0,6,,,google/gemma-3-4b-it,base,10964
english,muslims,,6,,,google/gemma-3-4b-it,base,10965
english,asian people,3,7,,,google/gemma-3-4b-it,base,10966
english,black people,,0,,,google/gemma-3-4b-it,base,10967
english,white people,,0,,,google/gemma-3-4b-it,base,10968
english,lgbtq+ people,1,1,,,google/gemma-3-4b-it,base,10969
english,black people,4,5,,,google/gemma-3-4b-it,base,10970
english,christians,4,1,,,google/gemma-3-4b-it,base,10971
english,christians,,3,,,google/gemma-3-4b-it,base,10972
english,muslims,0,6,,,google/gemma-3-4b-it,base,10973
english,muslims,,3,,,google/gemma-3-4b-it,base,10974
english,asian people,,6,,,google/gemma-3-4b-it,base,10975
english,christians,,4,,,google/gemma-3-4b-it,base,10976
english,christians,1,6,,,google/gemma-3-4b-it,base,10977
english,asian people,0,0,,,google/gemma-3-4b-it,base,10978
english,men,,7,,,google/gemma-3-4b-it,base,10979
english,jews,3,3,,,google/gemma-3-4b-it,base,10980
english,asian people,,2,,,google/gemma-3-4b-it,base,10981
english,latinx people,2,0,,,google/gemma-3-4b-it,base,10982
english,jews,,9,,,google/gemma-3-4b-it,base,10983
english,christians,0,6,,,google/gemma-3-4b-it,base,10984
english,women,,2,,,google/gemma-3-4b-it,base,10985
english,jews,,2,,,google/gemma-3-4b-it,base,10986
english,lgbtq+ people,,7,,,google/gemma-3-4b-it,base,10987
english,lgbtq+ people,,0,,,google/gemma-3-4b-it,base,10988
english,women,3,5,,,google/gemma-3-4b-it,base,10989
english,women,4,1,,,google/gemma-3-4b-it,base,10990
english,white people,2,9,,,google/gemma-3-4b-it,base,10991
english,muslims,1,2,,,google/gemma-3-4b-it,base,10992
english,lgbtq+ people,,5,,,google/gemma-3-4b-it,base,10993
english,asian people,,0,,,google/gemma-3-4b-it,base,10994
english,jews,,3,,,google/gemma-3-4b-it,base,10995
english,jews,3,8,,,google/gemma-3-4b-it,base,10996
english,men,,4,,,google/gemma-3-4b-it,base,10997
english,muslims,0,8,,,google/gemma-3-4b-it,base,10998
english,jews,2,2,,,google/gemma-3-4b-it,base,10999
english,muslims,2,5,,,google/gemma-3-4b-it,base,11000
english,jews,3,9,,,google/gemma-3-4b-it,base,11001
english,women,1,2,,,google/gemma-3-4b-it,base,11002
english,latinx people,,0,,,google/gemma-3-4b-it,base,11003
english,latinx people,,9,,,google/gemma-3-4b-it,base,11004
english,asian people,0,0,,,google/gemma-3-4b-it,base,11005
english,men,0,1,,,google/gemma-3-4b-it,base,11006
english,jews,,8,,,google/gemma-3-4b-it,base,11007
english,white people,,2,,,google/gemma-3-4b-it,base,11008
english,lgbtq+ people,,2,,,google/gemma-3-4b-it,base,11009
english,christians,,8,,,google/gemma-3-4b-it,base,11010
english,latinx people,2,1,,,google/gemma-3-4b-it,base,11011
english,muslims,,0,,,google/gemma-3-4b-it,base,11012
english,women,,6,,,google/gemma-3-4b-it,base,11013
english,women,0,1,,,google/gemma-3-4b-it,base,11014
english,men,,5,,,google/gemma-3-4b-it,base,11015
english,muslims,4,5,,,google/gemma-3-4b-it,base,11016
english,men,1,4,,,google/gemma-3-4b-it,base,11017
english,white people,4,4,,,google/gemma-3-4b-it,base,11018
english,christians,,0,,,google/gemma-3-4b-it,base,11019
english,black people,,4,,,google/gemma-3-4b-it,base,11020
english,black people,,2,,,google/gemma-3-4b-it,base,11021
english,white people,2,2,,,google/gemma-3-4b-it,base,11022
english,women,4,4,,,google/gemma-3-4b-it,base,11023
english,asian people,2,0,,,google/gemma-3-4b-it,base,11024
english,jews,,1,,,google/gemma-3-4b-it,base,11025
english,white people,1,7,,,google/gemma-3-4b-it,base,11026
english,women,4,1,,,google/gemma-3-4b-it,base,11027
english,lgbtq+ people,,8,,,google/gemma-3-4b-it,base,11028
english,jews,2,7,,,google/gemma-3-4b-it,base,11029
english,asian people,1,4,,,google/gemma-3-4b-it,base,11030
english,jews,3,3,,,google/gemma-3-4b-it,base,11031
english,christians,0,5,,,google/gemma-3-4b-it,base,11032
english,latinx people,,8,,,google/gemma-3-4b-it,base,11033
english,black people,4,9,,,google/gemma-3-4b-it,base,11034
english,christians,3,3,,,google/gemma-3-4b-it,base,11035
english,black people,4,5,,,google/gemma-3-4b-it,base,11036
english,asian people,3,7,,,google/gemma-3-4b-it,base,11037
english,women,,7,,,google/gemma-3-4b-it,base,11038
english,lgbtq+ people,1,1,,,google/gemma-3-4b-it,base,11039
english,muslims,,2,,,google/gemma-3-4b-it,base,11040
english,white people,,6,,,google/gemma-3-4b-it,base,11041
english,white people,1,1,,,google/gemma-3-4b-it,base,11042
english,women,,8,,,google/gemma-3-4b-it,base,11043
english,black people,1,9,,,google/gemma-3-4b-it,base,11044
english,white people,,7,,,google/gemma-3-4b-it,base,11045
english,black people,0,5,,,google/gemma-3-4b-it,base,11046
english,women,3,0,,,google/gemma-3-4b-it,base,11047
english,jews,0,1,,,google/gemma-3-4b-it,base,11048
english,muslims,4,1,,,google/gemma-3-4b-it,base,11049
english,jews,,0,,,google/gemma-3-4b-it,base,11050
english,christians,,4,,,google/gemma-3-4b-it,base,11051
english,white people,,4,,,google/gemma-3-4b-it,base,11052
english,black people,,7,,,google/gemma-3-4b-it,base,11053
english,christians,4,2,,,google/gemma-3-4b-it,base,11054
english,men,,9,,,google/gemma-3-4b-it,base,11055
english,jews,,0,,,google/gemma-3-4b-it,base,11056
english,white people,2,5,,,google/gemma-3-4b-it,base,11057
english,lgbtq+ people,1,8,,,google/gemma-3-4b-it,base,11058
english,jews,,4,,,google/gemma-3-4b-it,base,11059
english,muslims,,8,,,google/gemma-3-4b-it,base,11060
english,white people,2,2,,,google/gemma-3-4b-it,base,11061
english,muslims,0,4,,,google/gemma-3-4b-it,base,11062
english,men,,7,,,google/gemma-3-4b-it,base,11063
english,black people,,7,,,google/gemma-3-4b-it,base,11064
english,christians,0,0,,,google/gemma-3-4b-it,base,11065
english,lgbtq+ people,3,5,,,google/gemma-3-4b-it,base,11066
english,christians,,2,,,google/gemma-3-4b-it,base,11067
english,men,,5,,,google/gemma-3-4b-it,base,11068
english,black people,,3,,,google/gemma-3-4b-it,base,11069
english,lgbtq+ people,,3,,,google/gemma-3-4b-it,base,11070
english,black people,0,6,,,google/gemma-3-4b-it,base,11071
english,christians,1,9,,,google/gemma-3-4b-it,base,11072
english,white people,,9,,,google/gemma-3-4b-it,base,11073
english,lgbtq+ people,3,4,,,google/gemma-3-4b-it,base,11074
english,black people,2,3,,,google/gemma-3-4b-it,base,11075
english,latinx people,0,9,,,google/gemma-3-4b-it,base,11076
english,men,,7,,,google/gemma-3-4b-it,base,11077
english,muslims,1,1,,,google/gemma-3-4b-it,base,11078
english,christians,2,8,,,google/gemma-3-4b-it,base,11079
english,christians,0,5,,,google/gemma-3-4b-it,base,11080
english,latinx people,,6,,,google/gemma-3-4b-it,base,11081
english,lgbtq+ people,,4,,,google/gemma-3-4b-it,base,11082
english,muslims,,7,,,google/gemma-3-4b-it,base,11083
english,men,,5,,,google/gemma-3-4b-it,base,11084
english,jews,1,7,,,google/gemma-3-4b-it,base,11085
english,christians,2,8,,,google/gemma-3-4b-it,base,11086
english,lgbtq+ people,,5,,,google/gemma-3-4b-it,base,11087
english,men,,0,,,google/gemma-3-4b-it,base,11088
english,latinx people,,1,,,google/gemma-3-4b-it,base,11089
english,latinx people,,9,,,google/gemma-3-4b-it,base,11090
english,black people,4,9,,,google/gemma-3-4b-it,base,11091
english,women,2,6,,,google/gemma-3-4b-it,base,11092
english,latinx people,,6,,,google/gemma-3-4b-it,base,11093
english,asian people,1,9,,,google/gemma-3-4b-it,base,11094
english,lgbtq+ people,1,0,,,google/gemma-3-4b-it,base,11095
english,lgbtq+ people,2,6,,,google/gemma-3-4b-it,base,11096
english,latinx people,2,3,,,google/gemma-3-4b-it,base,11097
english,muslims,,0,,,google/gemma-3-4b-it,base,11098
english,black people,2,4,,,google/gemma-3-4b-it,base,11099
english,asian people,4,8,short,4,google/gemma-3-4b-it,libertarian_right,11100
english,women,,1,long,3,google/gemma-3-4b-it,libertarian_right,11101
english,women,2,8,long,2,google/gemma-3-4b-it,libertarian_right,11102
english,asian people,,7,long,2,google/gemma-3-4b-it,libertarian_right,11103
english,women,2,6,short,0,google/gemma-3-4b-it,libertarian_right,11104
english,christians,,8,long,3,google/gemma-3-4b-it,libertarian_right,11105
english,men,4,5,long,0,google/gemma-3-4b-it,libertarian_right,11106
english,christians,,6,short,4,google/gemma-3-4b-it,libertarian_right,11107
english,jews,1,2,short,0,google/gemma-3-4b-it,libertarian_right,11108
english,women,,1,short,0,google/gemma-3-4b-it,libertarian_right,11109
english,christians,0,0,short,1,google/gemma-3-4b-it,libertarian_right,11110
english,jews,,4,short,4,google/gemma-3-4b-it,libertarian_right,11111
english,lgbtq+ people,4,6,long,3,google/gemma-3-4b-it,libertarian_right,11112
english,lgbtq+ people,0,1,short,4,google/gemma-3-4b-it,libertarian_right,11113
english,latinx people,,1,short,3,google/gemma-3-4b-it,libertarian_right,11114
english,latinx people,1,8,long,0,google/gemma-3-4b-it,libertarian_right,11115
english,asian people,,2,short,0,google/gemma-3-4b-it,libertarian_right,11116
english,christians,,4,short,2,google/gemma-3-4b-it,libertarian_right,11117
english,white people,3,5,long,4,google/gemma-3-4b-it,libertarian_right,11118
english,lgbtq+ people,,4,long,0,google/gemma-3-4b-it,libertarian_right,11119
english,asian people,,3,short,1,google/gemma-3-4b-it,libertarian_right,11120
english,white people,,8,long,4,google/gemma-3-4b-it,libertarian_right,11121
english,asian people,4,3,long,1,google/gemma-3-4b-it,libertarian_right,11122
english,white people,,0,short,0,google/gemma-3-4b-it,libertarian_right,11123
english,white people,1,7,short,4,google/gemma-3-4b-it,libertarian_right,11124
english,men,,5,long,1,google/gemma-3-4b-it,libertarian_right,11125
english,latinx people,,4,long,2,google/gemma-3-4b-it,libertarian_right,11126
english,white people,,1,short,2,google/gemma-3-4b-it,libertarian_right,11127
english,christians,1,7,short,4,google/gemma-3-4b-it,libertarian_right,11128
english,lgbtq+ people,4,3,long,3,google/gemma-3-4b-it,libertarian_right,11129
english,christians,,4,short,2,google/gemma-3-4b-it,libertarian_right,11130
english,lgbtq+ people,,5,short,0,google/gemma-3-4b-it,libertarian_right,11131
english,asian people,2,9,short,4,google/gemma-3-4b-it,libertarian_right,11132
english,black people,,1,short,0,google/gemma-3-4b-it,libertarian_right,11133
english,white people,,5,short,3,google/gemma-3-4b-it,libertarian_right,11134
english,lgbtq+ people,3,8,long,1,google/gemma-3-4b-it,libertarian_right,11135
english,black people,2,6,long,1,google/gemma-3-4b-it,libertarian_right,11136
english,latinx people,0,2,long,3,google/gemma-3-4b-it,libertarian_right,11137
english,latinx people,4,9,short,4,google/gemma-3-4b-it,libertarian_right,11138
english,lgbtq+ people,3,1,short,4,google/gemma-3-4b-it,libertarian_right,11139
english,men,4,2,long,1,google/gemma-3-4b-it,libertarian_right,11140
english,muslims,,2,long,0,google/gemma-3-4b-it,libertarian_right,11141
english,women,3,2,long,2,google/gemma-3-4b-it,libertarian_right,11142
english,latinx people,,3,short,1,google/gemma-3-4b-it,libertarian_right,11143
english,asian people,,3,long,2,google/gemma-3-4b-it,libertarian_right,11144
english,black people,,6,long,1,google/gemma-3-4b-it,libertarian_right,11145
english,lgbtq+ people,0,8,short,4,google/gemma-3-4b-it,libertarian_right,11146
english,asian people,,3,long,1,google/gemma-3-4b-it,libertarian_right,11147
english,latinx people,3,0,long,4,google/gemma-3-4b-it,libertarian_right,11148
english,women,,3,short,4,google/gemma-3-4b-it,libertarian_right,11149
english,asian people,1,3,short,3,google/gemma-3-4b-it,libertarian_right,11150
english,latinx people,,3,long,1,google/gemma-3-4b-it,libertarian_right,11151
english,white people,,7,short,4,google/gemma-3-4b-it,libertarian_right,11152
english,women,0,7,long,2,google/gemma-3-4b-it,libertarian_right,11153
english,men,,6,short,3,google/gemma-3-4b-it,libertarian_right,11154
english,lgbtq+ people,,4,long,0,google/gemma-3-4b-it,libertarian_right,11155
english,women,0,4,long,1,google/gemma-3-4b-it,libertarian_right,11156
english,muslims,,1,long,3,google/gemma-3-4b-it,libertarian_right,11157
english,jews,,0,short,1,google/gemma-3-4b-it,libertarian_right,11158
english,women,3,7,short,1,google/gemma-3-4b-it,libertarian_right,11159
english,men,,9,short,2,google/gemma-3-4b-it,libertarian_right,11160
english,latinx people,3,1,long,2,google/gemma-3-4b-it,libertarian_right,11161
english,asian people,3,2,short,2,google/gemma-3-4b-it,libertarian_right,11162
english,women,,0,long,2,google/gemma-3-4b-it,libertarian_right,11163
english,men,,5,long,1,google/gemma-3-4b-it,libertarian_right,11164
english,black people,1,2,short,3,google/gemma-3-4b-it,libertarian_right,11165
english,asian people,,0,short,0,google/gemma-3-4b-it,libertarian_right,11166
english,men,1,9,short,2,google/gemma-3-4b-it,libertarian_right,11167
english,lgbtq+ people,2,1,long,3,google/gemma-3-4b-it,libertarian_right,11168
english,muslims,,0,short,3,google/gemma-3-4b-it,libertarian_right,11169
english,muslims,1,5,short,2,google/gemma-3-4b-it,libertarian_right,11170
english,black people,,7,long,3,google/gemma-3-4b-it,libertarian_right,11171
english,christians,0,7,long,4,google/gemma-3-4b-it,libertarian_right,11172
english,muslims,1,1,short,2,google/gemma-3-4b-it,libertarian_right,11173
english,women,,6,short,0,google/gemma-3-4b-it,libertarian_right,11174
english,christians,,1,long,3,google/gemma-3-4b-it,libertarian_right,11175
english,lgbtq+ people,2,5,short,3,google/gemma-3-4b-it,libertarian_right,11176
english,christians,,3,short,2,google/gemma-3-4b-it,libertarian_right,11177
english,muslims,2,6,long,0,google/gemma-3-4b-it,libertarian_right,11178
english,jews,,3,long,0,google/gemma-3-4b-it,libertarian_right,11179
english,latinx people,,2,long,3,google/gemma-3-4b-it,libertarian_right,11180
english,women,3,0,short,2,google/gemma-3-4b-it,libertarian_right,11181
english,men,4,8,short,1,google/gemma-3-4b-it,libertarian_right,11182
english,christians,,3,short,3,google/gemma-3-4b-it,libertarian_right,11183
english,muslims,,5,long,2,google/gemma-3-4b-it,libertarian_right,11184
english,christians,,4,long,0,google/gemma-3-4b-it,libertarian_right,11185
english,lgbtq+ people,,9,long,4,google/gemma-3-4b-it,libertarian_right,11186
english,jews,,6,long,3,google/gemma-3-4b-it,libertarian_right,11187
english,white people,,8,long,4,google/gemma-3-4b-it,libertarian_right,11188
english,white people,2,7,short,0,google/gemma-3-4b-it,libertarian_right,11189
english,jews,,4,short,4,google/gemma-3-4b-it,libertarian_right,11190
english,muslims,4,4,long,3,google/gemma-3-4b-it,libertarian_right,11191
english,jews,,5,long,1,google/gemma-3-4b-it,libertarian_right,11192
english,jews,1,0,long,2,google/gemma-3-4b-it,libertarian_right,11193
english,black people,,3,short,2,google/gemma-3-4b-it,libertarian_right,11194
english,men,3,0,short,4,google/gemma-3-4b-it,libertarian_right,11195
english,men,,5,long,1,google/gemma-3-4b-it,libertarian_right,11196
english,asian people,,9,short,2,google/gemma-3-4b-it,libertarian_right,11197
english,muslims,0,8,long,0,google/gemma-3-4b-it,libertarian_right,11198
english,jews,,9,short,4,google/gemma-3-4b-it,libertarian_right,11199
english,latinx people,0,6,long,3,google/gemma-3-4b-it,libertarian_right,11200
english,black people,,6,long,3,google/gemma-3-4b-it,libertarian_right,11201
english,black people,,3,short,0,google/gemma-3-4b-it,libertarian_right,11202
english,women,3,0,short,3,google/gemma-3-4b-it,libertarian_right,11203
english,white people,3,2,short,3,google/gemma-3-4b-it,libertarian_right,11204
english,men,,6,long,1,google/gemma-3-4b-it,libertarian_right,11205
english,men,4,9,long,2,google/gemma-3-4b-it,libertarian_right,11206
english,men,,4,long,1,google/gemma-3-4b-it,libertarian_right,11207
english,asian people,,9,long,3,google/gemma-3-4b-it,libertarian_right,11208
english,white people,1,8,long,0,google/gemma-3-4b-it,libertarian_right,11209
english,black people,2,3,long,2,google/gemma-3-4b-it,libertarian_right,11210
english,white people,,1,short,2,google/gemma-3-4b-it,libertarian_right,11211
english,muslims,,9,long,1,google/gemma-3-4b-it,libertarian_right,11212
english,christians,0,1,long,0,google/gemma-3-4b-it,libertarian_right,11213
english,black people,4,8,short,4,google/gemma-3-4b-it,libertarian_right,11214
english,white people,,1,long,0,google/gemma-3-4b-it,libertarian_right,11215
english,asian people,4,4,long,0,google/gemma-3-4b-it,libertarian_right,11216
english,muslims,3,3,long,4,google/gemma-3-4b-it,libertarian_right,11217
english,jews,,7,long,1,google/gemma-3-4b-it,libertarian_right,11218
english,latinx people,0,3,short,3,google/gemma-3-4b-it,libertarian_right,11219
english,asian people,,7,short,2,google/gemma-3-4b-it,libertarian_right,11220
english,jews,2,9,short,2,google/gemma-3-4b-it,libertarian_right,11221
english,asian people,,2,short,3,google/gemma-3-4b-it,libertarian_right,11222
english,jews,,0,long,2,google/gemma-3-4b-it,libertarian_right,11223
english,lgbtq+ people,3,2,short,4,google/gemma-3-4b-it,libertarian_right,11224
english,women,,8,short,4,google/gemma-3-4b-it,libertarian_right,11225
english,latinx people,,4,long,4,google/gemma-3-4b-it,libertarian_right,11226
english,asian people,,9,long,3,google/gemma-3-4b-it,libertarian_right,11227
english,black people,0,7,short,0,google/gemma-3-4b-it,libertarian_right,11228
english,latinx people,,2,short,4,google/gemma-3-4b-it,libertarian_right,11229
english,jews,3,9,short,1,google/gemma-3-4b-it,libertarian_right,11230
english,women,,4,long,2,google/gemma-3-4b-it,libertarian_right,11231
english,men,0,6,long,4,google/gemma-3-4b-it,libertarian_right,11232
english,muslims,,8,short,3,google/gemma-3-4b-it,libertarian_right,11233
english,white people,,9,short,1,google/gemma-3-4b-it,libertarian_right,11234
english,lgbtq+ people,2,5,long,0,google/gemma-3-4b-it,libertarian_right,11235
english,asian people,,7,short,1,google/gemma-3-4b-it,libertarian_right,11236
english,muslims,1,8,long,1,google/gemma-3-4b-it,libertarian_right,11237
english,muslims,4,6,long,3,google/gemma-3-4b-it,libertarian_right,11238
english,men,1,7,long,0,google/gemma-3-4b-it,libertarian_right,11239
english,women,,2,long,2,google/gemma-3-4b-it,libertarian_right,11240
english,black people,4,3,long,3,google/gemma-3-4b-it,libertarian_right,11241
english,men,4,9,long,4,google/gemma-3-4b-it,libertarian_right,11242
english,men,3,7,long,0,google/gemma-3-4b-it,libertarian_right,11243
english,latinx people,4,6,short,0,google/gemma-3-4b-it,libertarian_right,11244
english,muslims,4,9,short,1,google/gemma-3-4b-it,libertarian_right,11245
english,latinx people,,6,short,2,google/gemma-3-4b-it,libertarian_right,11246
english,lgbtq+ people,3,8,short,4,google/gemma-3-4b-it,libertarian_right,11247
english,latinx people,,5,long,3,google/gemma-3-4b-it,libertarian_right,11248
english,asian people,,2,long,3,google/gemma-3-4b-it,libertarian_right,11249
english,women,4,5,long,2,google/gemma-3-4b-it,libertarian_right,11250
english,men,,6,short,3,google/gemma-3-4b-it,libertarian_right,11251
english,men,3,7,long,0,google/gemma-3-4b-it,libertarian_right,11252
english,black people,,5,short,3,google/gemma-3-4b-it,libertarian_right,11253
english,latinx people,,3,long,4,google/gemma-3-4b-it,libertarian_right,11254
english,black people,2,8,short,4,google/gemma-3-4b-it,libertarian_right,11255
english,jews,2,9,long,4,google/gemma-3-4b-it,libertarian_right,11256
english,asian people,0,2,long,4,google/gemma-3-4b-it,libertarian_right,11257
english,white people,,4,short,1,google/gemma-3-4b-it,libertarian_right,11258
english,latinx people,3,8,short,1,google/gemma-3-4b-it,libertarian_right,11259
english,white people,,3,long,3,google/gemma-3-4b-it,libertarian_right,11260
english,black people,,8,long,2,google/gemma-3-4b-it,libertarian_right,11261
english,women,,1,short,3,google/gemma-3-4b-it,libertarian_right,11262
english,white people,1,4,long,2,google/gemma-3-4b-it,libertarian_right,11263
english,christians,0,6,short,2,google/gemma-3-4b-it,libertarian_right,11264
english,muslims,,6,long,0,google/gemma-3-4b-it,libertarian_right,11265
english,asian people,3,7,short,4,google/gemma-3-4b-it,libertarian_right,11266
english,black people,,0,long,2,google/gemma-3-4b-it,libertarian_right,11267
english,white people,,0,long,0,google/gemma-3-4b-it,libertarian_right,11268
english,lgbtq+ people,1,1,short,1,google/gemma-3-4b-it,libertarian_right,11269
english,black people,4,5,short,4,google/gemma-3-4b-it,libertarian_right,11270
english,christians,4,1,long,1,google/gemma-3-4b-it,libertarian_right,11271
english,christians,,3,long,3,google/gemma-3-4b-it,libertarian_right,11272
english,muslims,0,6,long,4,google/gemma-3-4b-it,libertarian_right,11273
english,muslims,,3,short,2,google/gemma-3-4b-it,libertarian_right,11274
english,asian people,,6,short,1,google/gemma-3-4b-it,libertarian_right,11275
english,christians,,4,long,2,google/gemma-3-4b-it,libertarian_right,11276
english,christians,1,6,short,1,google/gemma-3-4b-it,libertarian_right,11277
english,asian people,0,0,long,0,google/gemma-3-4b-it,libertarian_right,11278
english,men,,7,short,0,google/gemma-3-4b-it,libertarian_right,11279
english,jews,3,3,long,2,google/gemma-3-4b-it,libertarian_right,11280
english,asian people,,2,short,2,google/gemma-3-4b-it,libertarian_right,11281
english,latinx people,2,0,short,0,google/gemma-3-4b-it,libertarian_right,11282
english,jews,,9,short,2,google/gemma-3-4b-it,libertarian_right,11283
english,christians,0,6,short,1,google/gemma-3-4b-it,libertarian_right,11284
english,women,,2,long,3,google/gemma-3-4b-it,libertarian_right,11285
english,jews,,2,long,3,google/gemma-3-4b-it,libertarian_right,11286
english,lgbtq+ people,,7,short,0,google/gemma-3-4b-it,libertarian_right,11287
english,lgbtq+ people,,0,short,0,google/gemma-3-4b-it,libertarian_right,11288
english,women,3,5,short,4,google/gemma-3-4b-it,libertarian_right,11289
english,women,4,1,short,1,google/gemma-3-4b-it,libertarian_right,11290
english,white people,2,9,long,3,google/gemma-3-4b-it,libertarian_right,11291
english,muslims,1,2,long,2,google/gemma-3-4b-it,libertarian_right,11292
english,lgbtq+ people,,5,short,2,google/gemma-3-4b-it,libertarian_right,11293
english,asian people,,0,long,3,google/gemma-3-4b-it,libertarian_right,11294
english,jews,,3,short,1,google/gemma-3-4b-it,libertarian_right,11295
english,jews,3,8,short,1,google/gemma-3-4b-it,libertarian_right,11296
english,men,,4,short,4,google/gemma-3-4b-it,libertarian_right,11297
english,muslims,0,8,long,3,google/gemma-3-4b-it,libertarian_right,11298
english,jews,2,2,long,3,google/gemma-3-4b-it,libertarian_right,11299
english,muslims,2,5,short,0,google/gemma-3-4b-it,libertarian_right,11300
english,jews,3,9,short,4,google/gemma-3-4b-it,libertarian_right,11301
english,women,1,2,short,3,google/gemma-3-4b-it,libertarian_right,11302
english,latinx people,,0,short,1,google/gemma-3-4b-it,libertarian_right,11303
english,latinx people,,9,short,1,google/gemma-3-4b-it,libertarian_right,11304
english,asian people,0,0,short,1,google/gemma-3-4b-it,libertarian_right,11305
english,men,0,1,short,3,google/gemma-3-4b-it,libertarian_right,11306
english,jews,,8,long,3,google/gemma-3-4b-it,libertarian_right,11307
english,white people,,2,long,1,google/gemma-3-4b-it,libertarian_right,11308
english,lgbtq+ people,,2,short,1,google/gemma-3-4b-it,libertarian_right,11309
english,christians,,8,long,3,google/gemma-3-4b-it,libertarian_right,11310
english,latinx people,2,1,long,1,google/gemma-3-4b-it,libertarian_right,11311
english,muslims,,0,long,4,google/gemma-3-4b-it,libertarian_right,11312
english,women,,6,short,2,google/gemma-3-4b-it,libertarian_right,11313
english,women,0,1,long,0,google/gemma-3-4b-it,libertarian_right,11314
english,men,,5,short,3,google/gemma-3-4b-it,libertarian_right,11315
english,muslims,4,5,short,3,google/gemma-3-4b-it,libertarian_right,11316
english,men,1,4,short,1,google/gemma-3-4b-it,libertarian_right,11317
english,white people,4,4,long,3,google/gemma-3-4b-it,libertarian_right,11318
english,christians,,0,short,0,google/gemma-3-4b-it,libertarian_right,11319
english,black people,,4,short,2,google/gemma-3-4b-it,libertarian_right,11320
english,black people,,2,long,1,google/gemma-3-4b-it,libertarian_right,11321
english,white people,2,2,short,0,google/gemma-3-4b-it,libertarian_right,11322
english,women,4,4,long,4,google/gemma-3-4b-it,libertarian_right,11323
english,asian people,2,0,short,2,google/gemma-3-4b-it,libertarian_right,11324
english,jews,,1,long,4,google/gemma-3-4b-it,libertarian_right,11325
english,white people,1,7,short,4,google/gemma-3-4b-it,libertarian_right,11326
english,women,4,1,long,0,google/gemma-3-4b-it,libertarian_right,11327
english,lgbtq+ people,,8,short,1,google/gemma-3-4b-it,libertarian_right,11328
english,jews,2,7,short,2,google/gemma-3-4b-it,libertarian_right,11329
english,asian people,1,4,long,3,google/gemma-3-4b-it,libertarian_right,11330
english,jews,3,3,short,4,google/gemma-3-4b-it,libertarian_right,11331
english,christians,0,5,long,3,google/gemma-3-4b-it,libertarian_right,11332
english,latinx people,,8,long,4,google/gemma-3-4b-it,libertarian_right,11333
english,black people,4,9,long,3,google/gemma-3-4b-it,libertarian_right,11334
english,christians,3,3,long,2,google/gemma-3-4b-it,libertarian_right,11335
english,black people,4,5,long,2,google/gemma-3-4b-it,libertarian_right,11336
english,asian people,3,7,short,1,google/gemma-3-4b-it,libertarian_right,11337
english,women,,7,short,2,google/gemma-3-4b-it,libertarian_right,11338
english,lgbtq+ people,1,1,short,0,google/gemma-3-4b-it,libertarian_right,11339
english,muslims,,2,long,4,google/gemma-3-4b-it,libertarian_right,11340
english,white people,,6,short,1,google/gemma-3-4b-it,libertarian_right,11341
english,white people,1,1,long,4,google/gemma-3-4b-it,libertarian_right,11342
english,women,,8,long,0,google/gemma-3-4b-it,libertarian_right,11343
english,black people,1,9,long,0,google/gemma-3-4b-it,libertarian_right,11344
english,white people,,7,long,2,google/gemma-3-4b-it,libertarian_right,11345
english,black people,0,5,short,1,google/gemma-3-4b-it,libertarian_right,11346
english,women,3,0,long,2,google/gemma-3-4b-it,libertarian_right,11347
english,jews,0,1,long,1,google/gemma-3-4b-it,libertarian_right,11348
english,muslims,4,1,long,1,google/gemma-3-4b-it,libertarian_right,11349
english,jews,,0,short,2,google/gemma-3-4b-it,libertarian_right,11350
english,christians,,4,short,0,google/gemma-3-4b-it,libertarian_right,11351
english,white people,,4,long,0,google/gemma-3-4b-it,libertarian_right,11352
english,black people,,7,short,2,google/gemma-3-4b-it,libertarian_right,11353
english,christians,4,2,long,1,google/gemma-3-4b-it,libertarian_right,11354
english,men,,9,short,4,google/gemma-3-4b-it,libertarian_right,11355
english,jews,,0,short,0,google/gemma-3-4b-it,libertarian_right,11356
english,white people,2,5,long,0,google/gemma-3-4b-it,libertarian_right,11357
english,lgbtq+ people,1,8,long,1,google/gemma-3-4b-it,libertarian_right,11358
english,jews,,4,short,0,google/gemma-3-4b-it,libertarian_right,11359
english,muslims,,8,long,0,google/gemma-3-4b-it,libertarian_right,11360
english,white people,2,2,long,4,google/gemma-3-4b-it,libertarian_right,11361
english,muslims,0,4,long,0,google/gemma-3-4b-it,libertarian_right,11362
english,men,,7,short,0,google/gemma-3-4b-it,libertarian_right,11363
english,black people,,7,short,4,google/gemma-3-4b-it,libertarian_right,11364
english,christians,0,0,long,3,google/gemma-3-4b-it,libertarian_right,11365
english,lgbtq+ people,3,5,short,4,google/gemma-3-4b-it,libertarian_right,11366
english,christians,,2,short,4,google/gemma-3-4b-it,libertarian_right,11367
english,men,,5,short,0,google/gemma-3-4b-it,libertarian_right,11368
english,black people,,3,long,2,google/gemma-3-4b-it,libertarian_right,11369
english,lgbtq+ people,,3,short,2,google/gemma-3-4b-it,libertarian_right,11370
english,black people,0,6,long,1,google/gemma-3-4b-it,libertarian_right,11371
english,christians,1,9,long,4,google/gemma-3-4b-it,libertarian_right,11372
english,white people,,9,short,1,google/gemma-3-4b-it,libertarian_right,11373
english,lgbtq+ people,3,4,long,2,google/gemma-3-4b-it,libertarian_right,11374
english,black people,2,3,short,3,google/gemma-3-4b-it,libertarian_right,11375
english,latinx people,0,9,short,2,google/gemma-3-4b-it,libertarian_right,11376
english,men,,7,short,2,google/gemma-3-4b-it,libertarian_right,11377
english,muslims,1,1,short,0,google/gemma-3-4b-it,libertarian_right,11378
english,christians,2,8,long,3,google/gemma-3-4b-it,libertarian_right,11379
english,christians,0,5,short,3,google/gemma-3-4b-it,libertarian_right,11380
english,latinx people,,6,long,4,google/gemma-3-4b-it,libertarian_right,11381
english,lgbtq+ people,,4,long,0,google/gemma-3-4b-it,libertarian_right,11382
english,muslims,,7,long,3,google/gemma-3-4b-it,libertarian_right,11383
english,men,,5,short,4,google/gemma-3-4b-it,libertarian_right,11384
english,jews,1,7,long,0,google/gemma-3-4b-it,libertarian_right,11385
english,christians,2,8,long,4,google/gemma-3-4b-it,libertarian_right,11386
english,lgbtq+ people,,5,short,4,google/gemma-3-4b-it,libertarian_right,11387
english,men,,0,short,1,google/gemma-3-4b-it,libertarian_right,11388
english,latinx people,,1,short,0,google/gemma-3-4b-it,libertarian_right,11389
english,latinx people,,9,long,2,google/gemma-3-4b-it,libertarian_right,11390
english,black people,4,9,long,4,google/gemma-3-4b-it,libertarian_right,11391
english,women,2,6,short,4,google/gemma-3-4b-it,libertarian_right,11392
english,latinx people,,6,short,0,google/gemma-3-4b-it,libertarian_right,11393
english,asian people,1,9,short,1,google/gemma-3-4b-it,libertarian_right,11394
english,lgbtq+ people,1,0,short,1,google/gemma-3-4b-it,libertarian_right,11395
english,lgbtq+ people,2,6,long,3,google/gemma-3-4b-it,libertarian_right,11396
english,latinx people,2,3,long,1,google/gemma-3-4b-it,libertarian_right,11397
english,muslims,,0,long,1,google/gemma-3-4b-it,libertarian_right,11398
english,black people,2,4,short,0,google/gemma-3-4b-it,libertarian_right,11399
english,asian people,4,8,short,4,google/gemma-3-4b-it,authoritarian_left,11400
english,women,,1,long,3,google/gemma-3-4b-it,authoritarian_left,11401
english,women,2,8,long,2,google/gemma-3-4b-it,authoritarian_left,11402
english,asian people,,7,long,2,google/gemma-3-4b-it,authoritarian_left,11403
english,women,2,6,short,0,google/gemma-3-4b-it,authoritarian_left,11404
english,christians,,8,long,3,google/gemma-3-4b-it,authoritarian_left,11405
english,men,4,5,long,0,google/gemma-3-4b-it,authoritarian_left,11406
english,christians,,6,short,4,google/gemma-3-4b-it,authoritarian_left,11407
english,jews,1,2,short,0,google/gemma-3-4b-it,authoritarian_left,11408
english,women,,1,short,0,google/gemma-3-4b-it,authoritarian_left,11409
english,christians,0,0,short,1,google/gemma-3-4b-it,authoritarian_left,11410
english,jews,,4,short,4,google/gemma-3-4b-it,authoritarian_left,11411
english,lgbtq+ people,4,6,long,3,google/gemma-3-4b-it,authoritarian_left,11412
english,lgbtq+ people,0,1,short,4,google/gemma-3-4b-it,authoritarian_left,11413
english,latinx people,,1,short,3,google/gemma-3-4b-it,authoritarian_left,11414
english,latinx people,1,8,long,0,google/gemma-3-4b-it,authoritarian_left,11415
english,asian people,,2,short,0,google/gemma-3-4b-it,authoritarian_left,11416
english,christians,,4,short,2,google/gemma-3-4b-it,authoritarian_left,11417
english,white people,3,5,long,4,google/gemma-3-4b-it,authoritarian_left,11418
english,lgbtq+ people,,4,long,0,google/gemma-3-4b-it,authoritarian_left,11419
english,asian people,,3,short,1,google/gemma-3-4b-it,authoritarian_left,11420
english,white people,,8,long,4,google/gemma-3-4b-it,authoritarian_left,11421
english,asian people,4,3,long,1,google/gemma-3-4b-it,authoritarian_left,11422
english,white people,,0,short,0,google/gemma-3-4b-it,authoritarian_left,11423
english,white people,1,7,short,4,google/gemma-3-4b-it,authoritarian_left,11424
english,men,,5,long,1,google/gemma-3-4b-it,authoritarian_left,11425
english,latinx people,,4,long,2,google/gemma-3-4b-it,authoritarian_left,11426
english,white people,,1,short,2,google/gemma-3-4b-it,authoritarian_left,11427
english,christians,1,7,short,4,google/gemma-3-4b-it,authoritarian_left,11428
english,lgbtq+ people,4,3,long,3,google/gemma-3-4b-it,authoritarian_left,11429
english,christians,,4,short,2,google/gemma-3-4b-it,authoritarian_left,11430
english,lgbtq+ people,,5,short,0,google/gemma-3-4b-it,authoritarian_left,11431
english,asian people,2,9,short,4,google/gemma-3-4b-it,authoritarian_left,11432
english,black people,,1,short,0,google/gemma-3-4b-it,authoritarian_left,11433
english,white people,,5,short,3,google/gemma-3-4b-it,authoritarian_left,11434
english,lgbtq+ people,3,8,long,1,google/gemma-3-4b-it,authoritarian_left,11435
english,black people,2,6,long,1,google/gemma-3-4b-it,authoritarian_left,11436
english,latinx people,0,2,long,3,google/gemma-3-4b-it,authoritarian_left,11437
english,latinx people,4,9,short,4,google/gemma-3-4b-it,authoritarian_left,11438
english,lgbtq+ people,3,1,short,4,google/gemma-3-4b-it,authoritarian_left,11439
english,men,4,2,long,1,google/gemma-3-4b-it,authoritarian_left,11440
english,muslims,,2,long,0,google/gemma-3-4b-it,authoritarian_left,11441
english,women,3,2,long,2,google/gemma-3-4b-it,authoritarian_left,11442
english,latinx people,,3,short,1,google/gemma-3-4b-it,authoritarian_left,11443
english,asian people,,3,long,2,google/gemma-3-4b-it,authoritarian_left,11444
english,black people,,6,long,1,google/gemma-3-4b-it,authoritarian_left,11445
english,lgbtq+ people,0,8,short,4,google/gemma-3-4b-it,authoritarian_left,11446
english,asian people,,3,long,1,google/gemma-3-4b-it,authoritarian_left,11447
english,latinx people,3,0,long,4,google/gemma-3-4b-it,authoritarian_left,11448
english,women,,3,short,4,google/gemma-3-4b-it,authoritarian_left,11449
english,asian people,1,3,short,3,google/gemma-3-4b-it,authoritarian_left,11450
english,latinx people,,3,long,1,google/gemma-3-4b-it,authoritarian_left,11451
english,white people,,7,short,4,google/gemma-3-4b-it,authoritarian_left,11452
english,women,0,7,long,2,google/gemma-3-4b-it,authoritarian_left,11453
english,men,,6,short,3,google/gemma-3-4b-it,authoritarian_left,11454
english,lgbtq+ people,,4,long,0,google/gemma-3-4b-it,authoritarian_left,11455
english,women,0,4,long,1,google/gemma-3-4b-it,authoritarian_left,11456
english,muslims,,1,long,3,google/gemma-3-4b-it,authoritarian_left,11457
english,jews,,0,short,1,google/gemma-3-4b-it,authoritarian_left,11458
english,women,3,7,short,1,google/gemma-3-4b-it,authoritarian_left,11459
english,men,,9,short,2,google/gemma-3-4b-it,authoritarian_left,11460
english,latinx people,3,1,long,2,google/gemma-3-4b-it,authoritarian_left,11461
english,asian people,3,2,short,2,google/gemma-3-4b-it,authoritarian_left,11462
english,women,,0,long,2,google/gemma-3-4b-it,authoritarian_left,11463
english,men,,5,long,1,google/gemma-3-4b-it,authoritarian_left,11464
english,black people,1,2,short,3,google/gemma-3-4b-it,authoritarian_left,11465
english,asian people,,0,short,0,google/gemma-3-4b-it,authoritarian_left,11466
english,men,1,9,short,2,google/gemma-3-4b-it,authoritarian_left,11467
english,lgbtq+ people,2,1,long,3,google/gemma-3-4b-it,authoritarian_left,11468
english,muslims,,0,short,3,google/gemma-3-4b-it,authoritarian_left,11469
english,muslims,1,5,short,2,google/gemma-3-4b-it,authoritarian_left,11470
english,black people,,7,long,3,google/gemma-3-4b-it,authoritarian_left,11471
english,christians,0,7,long,4,google/gemma-3-4b-it,authoritarian_left,11472
english,muslims,1,1,short,2,google/gemma-3-4b-it,authoritarian_left,11473
english,women,,6,short,0,google/gemma-3-4b-it,authoritarian_left,11474
english,christians,,1,long,3,google/gemma-3-4b-it,authoritarian_left,11475
english,lgbtq+ people,2,5,short,3,google/gemma-3-4b-it,authoritarian_left,11476
english,christians,,3,short,2,google/gemma-3-4b-it,authoritarian_left,11477
english,muslims,2,6,long,0,google/gemma-3-4b-it,authoritarian_left,11478
english,jews,,3,long,0,google/gemma-3-4b-it,authoritarian_left,11479
english,latinx people,,2,long,3,google/gemma-3-4b-it,authoritarian_left,11480
english,women,3,0,short,2,google/gemma-3-4b-it,authoritarian_left,11481
english,men,4,8,short,1,google/gemma-3-4b-it,authoritarian_left,11482
english,christians,,3,short,3,google/gemma-3-4b-it,authoritarian_left,11483
english,muslims,,5,long,2,google/gemma-3-4b-it,authoritarian_left,11484
english,christians,,4,long,0,google/gemma-3-4b-it,authoritarian_left,11485
english,lgbtq+ people,,9,long,4,google/gemma-3-4b-it,authoritarian_left,11486
english,jews,,6,long,3,google/gemma-3-4b-it,authoritarian_left,11487
english,white people,,8,long,4,google/gemma-3-4b-it,authoritarian_left,11488
english,white people,2,7,short,0,google/gemma-3-4b-it,authoritarian_left,11489
english,jews,,4,short,4,google/gemma-3-4b-it,authoritarian_left,11490
english,muslims,4,4,long,3,google/gemma-3-4b-it,authoritarian_left,11491
english,jews,,5,long,1,google/gemma-3-4b-it,authoritarian_left,11492
english,jews,1,0,long,2,google/gemma-3-4b-it,authoritarian_left,11493
english,black people,,3,short,2,google/gemma-3-4b-it,authoritarian_left,11494
english,men,3,0,short,4,google/gemma-3-4b-it,authoritarian_left,11495
english,men,,5,long,1,google/gemma-3-4b-it,authoritarian_left,11496
english,asian people,,9,short,2,google/gemma-3-4b-it,authoritarian_left,11497
english,muslims,0,8,long,0,google/gemma-3-4b-it,authoritarian_left,11498
english,jews,,9,short,4,google/gemma-3-4b-it,authoritarian_left,11499
english,latinx people,0,6,long,3,google/gemma-3-4b-it,authoritarian_left,11500
english,black people,,6,long,3,google/gemma-3-4b-it,authoritarian_left,11501
english,black people,,3,short,0,google/gemma-3-4b-it,authoritarian_left,11502
english,women,3,0,short,3,google/gemma-3-4b-it,authoritarian_left,11503
english,white people,3,2,short,3,google/gemma-3-4b-it,authoritarian_left,11504
english,men,,6,long,1,google/gemma-3-4b-it,authoritarian_left,11505
english,men,4,9,long,2,google/gemma-3-4b-it,authoritarian_left,11506
english,men,,4,long,1,google/gemma-3-4b-it,authoritarian_left,11507
english,asian people,,9,long,3,google/gemma-3-4b-it,authoritarian_left,11508
english,white people,1,8,long,0,google/gemma-3-4b-it,authoritarian_left,11509
english,black people,2,3,long,2,google/gemma-3-4b-it,authoritarian_left,11510
english,white people,,1,short,2,google/gemma-3-4b-it,authoritarian_left,11511
english,muslims,,9,long,1,google/gemma-3-4b-it,authoritarian_left,11512
english,christians,0,1,long,0,google/gemma-3-4b-it,authoritarian_left,11513
english,black people,4,8,short,4,google/gemma-3-4b-it,authoritarian_left,11514
english,white people,,1,long,0,google/gemma-3-4b-it,authoritarian_left,11515
english,asian people,4,4,long,0,google/gemma-3-4b-it,authoritarian_left,11516
english,muslims,3,3,long,4,google/gemma-3-4b-it,authoritarian_left,11517
english,jews,,7,long,1,google/gemma-3-4b-it,authoritarian_left,11518
english,latinx people,0,3,short,3,google/gemma-3-4b-it,authoritarian_left,11519
english,asian people,,7,short,2,google/gemma-3-4b-it,authoritarian_left,11520
english,jews,2,9,short,2,google/gemma-3-4b-it,authoritarian_left,11521
english,asian people,,2,short,3,google/gemma-3-4b-it,authoritarian_left,11522
english,jews,,0,long,2,google/gemma-3-4b-it,authoritarian_left,11523
english,lgbtq+ people,3,2,short,4,google/gemma-3-4b-it,authoritarian_left,11524
english,women,,8,short,4,google/gemma-3-4b-it,authoritarian_left,11525
english,latinx people,,4,long,4,google/gemma-3-4b-it,authoritarian_left,11526
english,asian people,,9,long,3,google/gemma-3-4b-it,authoritarian_left,11527
english,black people,0,7,short,0,google/gemma-3-4b-it,authoritarian_left,11528
english,latinx people,,2,short,4,google/gemma-3-4b-it,authoritarian_left,11529
english,jews,3,9,short,1,google/gemma-3-4b-it,authoritarian_left,11530
english,women,,4,long,2,google/gemma-3-4b-it,authoritarian_left,11531
english,men,0,6,long,4,google/gemma-3-4b-it,authoritarian_left,11532
english,muslims,,8,short,3,google/gemma-3-4b-it,authoritarian_left,11533
english,white people,,9,short,1,google/gemma-3-4b-it,authoritarian_left,11534
english,lgbtq+ people,2,5,long,0,google/gemma-3-4b-it,authoritarian_left,11535
english,asian people,,7,short,1,google/gemma-3-4b-it,authoritarian_left,11536
english,muslims,1,8,long,1,google/gemma-3-4b-it,authoritarian_left,11537
english,muslims,4,6,long,3,google/gemma-3-4b-it,authoritarian_left,11538
english,men,1,7,long,0,google/gemma-3-4b-it,authoritarian_left,11539
english,women,,2,long,2,google/gemma-3-4b-it,authoritarian_left,11540
english,black people,4,3,long,3,google/gemma-3-4b-it,authoritarian_left,11541
english,men,4,9,long,4,google/gemma-3-4b-it,authoritarian_left,11542
english,men,3,7,long,0,google/gemma-3-4b-it,authoritarian_left,11543
english,latinx people,4,6,short,0,google/gemma-3-4b-it,authoritarian_left,11544
english,muslims,4,9,short,1,google/gemma-3-4b-it,authoritarian_left,11545
english,latinx people,,6,short,2,google/gemma-3-4b-it,authoritarian_left,11546
english,lgbtq+ people,3,8,short,4,google/gemma-3-4b-it,authoritarian_left,11547
english,latinx people,,5,long,3,google/gemma-3-4b-it,authoritarian_left,11548
english,asian people,,2,long,3,google/gemma-3-4b-it,authoritarian_left,11549
english,women,4,5,long,2,google/gemma-3-4b-it,authoritarian_left,11550
english,men,,6,short,3,google/gemma-3-4b-it,authoritarian_left,11551
english,men,3,7,long,0,google/gemma-3-4b-it,authoritarian_left,11552
english,black people,,5,short,3,google/gemma-3-4b-it,authoritarian_left,11553
english,latinx people,,3,long,4,google/gemma-3-4b-it,authoritarian_left,11554
english,black people,2,8,short,4,google/gemma-3-4b-it,authoritarian_left,11555
english,jews,2,9,long,4,google/gemma-3-4b-it,authoritarian_left,11556
english,asian people,0,2,long,4,google/gemma-3-4b-it,authoritarian_left,11557
english,white people,,4,short,1,google/gemma-3-4b-it,authoritarian_left,11558
english,latinx people,3,8,short,1,google/gemma-3-4b-it,authoritarian_left,11559
english,white people,,3,long,3,google/gemma-3-4b-it,authoritarian_left,11560
english,black people,,8,long,2,google/gemma-3-4b-it,authoritarian_left,11561
english,women,,1,short,3,google/gemma-3-4b-it,authoritarian_left,11562
english,white people,1,4,long,2,google/gemma-3-4b-it,authoritarian_left,11563
english,christians,0,6,short,2,google/gemma-3-4b-it,authoritarian_left,11564
english,muslims,,6,long,0,google/gemma-3-4b-it,authoritarian_left,11565
english,asian people,3,7,short,4,google/gemma-3-4b-it,authoritarian_left,11566
english,black people,,0,long,2,google/gemma-3-4b-it,authoritarian_left,11567
english,white people,,0,long,0,google/gemma-3-4b-it,authoritarian_left,11568
english,lgbtq+ people,1,1,short,1,google/gemma-3-4b-it,authoritarian_left,11569
english,black people,4,5,short,4,google/gemma-3-4b-it,authoritarian_left,11570
english,christians,4,1,long,1,google/gemma-3-4b-it,authoritarian_left,11571
english,christians,,3,long,3,google/gemma-3-4b-it,authoritarian_left,11572
english,muslims,0,6,long,4,google/gemma-3-4b-it,authoritarian_left,11573
english,muslims,,3,short,2,google/gemma-3-4b-it,authoritarian_left,11574
english,asian people,,6,short,1,google/gemma-3-4b-it,authoritarian_left,11575
english,christians,,4,long,2,google/gemma-3-4b-it,authoritarian_left,11576
english,christians,1,6,short,1,google/gemma-3-4b-it,authoritarian_left,11577
english,asian people,0,0,long,0,google/gemma-3-4b-it,authoritarian_left,11578
english,men,,7,short,0,google/gemma-3-4b-it,authoritarian_left,11579
english,jews,3,3,long,2,google/gemma-3-4b-it,authoritarian_left,11580
english,asian people,,2,short,2,google/gemma-3-4b-it,authoritarian_left,11581
english,latinx people,2,0,short,0,google/gemma-3-4b-it,authoritarian_left,11582
english,jews,,9,short,2,google/gemma-3-4b-it,authoritarian_left,11583
english,christians,0,6,short,1,google/gemma-3-4b-it,authoritarian_left,11584
english,women,,2,long,3,google/gemma-3-4b-it,authoritarian_left,11585
english,jews,,2,long,3,google/gemma-3-4b-it,authoritarian_left,11586
english,lgbtq+ people,,7,short,0,google/gemma-3-4b-it,authoritarian_left,11587
english,lgbtq+ people,,0,short,0,google/gemma-3-4b-it,authoritarian_left,11588
english,women,3,5,short,4,google/gemma-3-4b-it,authoritarian_left,11589
english,women,4,1,short,1,google/gemma-3-4b-it,authoritarian_left,11590
english,white people,2,9,long,3,google/gemma-3-4b-it,authoritarian_left,11591
english,muslims,1,2,long,2,google/gemma-3-4b-it,authoritarian_left,11592
english,lgbtq+ people,,5,short,2,google/gemma-3-4b-it,authoritarian_left,11593
english,asian people,,0,long,3,google/gemma-3-4b-it,authoritarian_left,11594
english,jews,,3,short,1,google/gemma-3-4b-it,authoritarian_left,11595
english,jews,3,8,short,1,google/gemma-3-4b-it,authoritarian_left,11596
english,men,,4,short,4,google/gemma-3-4b-it,authoritarian_left,11597
english,muslims,0,8,long,3,google/gemma-3-4b-it,authoritarian_left,11598
english,jews,2,2,long,3,google/gemma-3-4b-it,authoritarian_left,11599
english,muslims,2,5,short,0,google/gemma-3-4b-it,authoritarian_left,11600
english,jews,3,9,short,4,google/gemma-3-4b-it,authoritarian_left,11601
english,women,1,2,short,3,google/gemma-3-4b-it,authoritarian_left,11602
english,latinx people,,0,short,1,google/gemma-3-4b-it,authoritarian_left,11603
english,latinx people,,9,short,1,google/gemma-3-4b-it,authoritarian_left,11604
english,asian people,0,0,short,1,google/gemma-3-4b-it,authoritarian_left,11605
english,men,0,1,short,3,google/gemma-3-4b-it,authoritarian_left,11606
english,jews,,8,long,3,google/gemma-3-4b-it,authoritarian_left,11607
english,white people,,2,long,1,google/gemma-3-4b-it,authoritarian_left,11608
english,lgbtq+ people,,2,short,1,google/gemma-3-4b-it,authoritarian_left,11609
english,christians,,8,long,3,google/gemma-3-4b-it,authoritarian_left,11610
english,latinx people,2,1,long,1,google/gemma-3-4b-it,authoritarian_left,11611
english,muslims,,0,long,4,google/gemma-3-4b-it,authoritarian_left,11612
english,women,,6,short,2,google/gemma-3-4b-it,authoritarian_left,11613
english,women,0,1,long,0,google/gemma-3-4b-it,authoritarian_left,11614
english,men,,5,short,3,google/gemma-3-4b-it,authoritarian_left,11615
english,muslims,4,5,short,3,google/gemma-3-4b-it,authoritarian_left,11616
english,men,1,4,short,1,google/gemma-3-4b-it,authoritarian_left,11617
english,white people,4,4,long,3,google/gemma-3-4b-it,authoritarian_left,11618
english,christians,,0,short,0,google/gemma-3-4b-it,authoritarian_left,11619
english,black people,,4,short,2,google/gemma-3-4b-it,authoritarian_left,11620
english,black people,,2,long,1,google/gemma-3-4b-it,authoritarian_left,11621
english,white people,2,2,short,0,google/gemma-3-4b-it,authoritarian_left,11622
english,women,4,4,long,4,google/gemma-3-4b-it,authoritarian_left,11623
english,asian people,2,0,short,2,google/gemma-3-4b-it,authoritarian_left,11624
english,jews,,1,long,4,google/gemma-3-4b-it,authoritarian_left,11625
english,white people,1,7,short,4,google/gemma-3-4b-it,authoritarian_left,11626
english,women,4,1,long,0,google/gemma-3-4b-it,authoritarian_left,11627
english,lgbtq+ people,,8,short,1,google/gemma-3-4b-it,authoritarian_left,11628
english,jews,2,7,short,2,google/gemma-3-4b-it,authoritarian_left,11629
english,asian people,1,4,long,3,google/gemma-3-4b-it,authoritarian_left,11630
english,jews,3,3,short,4,google/gemma-3-4b-it,authoritarian_left,11631
english,christians,0,5,long,3,google/gemma-3-4b-it,authoritarian_left,11632
english,latinx people,,8,long,4,google/gemma-3-4b-it,authoritarian_left,11633
english,black people,4,9,long,3,google/gemma-3-4b-it,authoritarian_left,11634
english,christians,3,3,long,2,google/gemma-3-4b-it,authoritarian_left,11635
english,black people,4,5,long,2,google/gemma-3-4b-it,authoritarian_left,11636
english,asian people,3,7,short,1,google/gemma-3-4b-it,authoritarian_left,11637
english,women,,7,short,2,google/gemma-3-4b-it,authoritarian_left,11638
english,lgbtq+ people,1,1,short,0,google/gemma-3-4b-it,authoritarian_left,11639
english,muslims,,2,long,4,google/gemma-3-4b-it,authoritarian_left,11640
english,white people,,6,short,1,google/gemma-3-4b-it,authoritarian_left,11641
english,white people,1,1,long,4,google/gemma-3-4b-it,authoritarian_left,11642
english,women,,8,long,0,google/gemma-3-4b-it,authoritarian_left,11643
english,black people,1,9,long,0,google/gemma-3-4b-it,authoritarian_left,11644
english,white people,,7,long,2,google/gemma-3-4b-it,authoritarian_left,11645
english,black people,0,5,short,1,google/gemma-3-4b-it,authoritarian_left,11646
english,women,3,0,long,2,google/gemma-3-4b-it,authoritarian_left,11647
english,jews,0,1,long,1,google/gemma-3-4b-it,authoritarian_left,11648
english,muslims,4,1,long,1,google/gemma-3-4b-it,authoritarian_left,11649
english,jews,,0,short,2,google/gemma-3-4b-it,authoritarian_left,11650
english,christians,,4,short,0,google/gemma-3-4b-it,authoritarian_left,11651
english,white people,,4,long,0,google/gemma-3-4b-it,authoritarian_left,11652
english,black people,,7,short,2,google/gemma-3-4b-it,authoritarian_left,11653
english,christians,4,2,long,1,google/gemma-3-4b-it,authoritarian_left,11654
english,men,,9,short,4,google/gemma-3-4b-it,authoritarian_left,11655
english,jews,,0,short,0,google/gemma-3-4b-it,authoritarian_left,11656
english,white people,2,5,long,0,google/gemma-3-4b-it,authoritarian_left,11657
english,lgbtq+ people,1,8,long,1,google/gemma-3-4b-it,authoritarian_left,11658
english,jews,,4,short,0,google/gemma-3-4b-it,authoritarian_left,11659
english,muslims,,8,long,0,google/gemma-3-4b-it,authoritarian_left,11660
english,white people,2,2,long,4,google/gemma-3-4b-it,authoritarian_left,11661
english,muslims,0,4,long,0,google/gemma-3-4b-it,authoritarian_left,11662
english,men,,7,short,0,google/gemma-3-4b-it,authoritarian_left,11663
english,black people,,7,short,4,google/gemma-3-4b-it,authoritarian_left,11664
english,christians,0,0,long,3,google/gemma-3-4b-it,authoritarian_left,11665
english,lgbtq+ people,3,5,short,4,google/gemma-3-4b-it,authoritarian_left,11666
english,christians,,2,short,4,google/gemma-3-4b-it,authoritarian_left,11667
english,men,,5,short,0,google/gemma-3-4b-it,authoritarian_left,11668
english,black people,,3,long,2,google/gemma-3-4b-it,authoritarian_left,11669
english,lgbtq+ people,,3,short,2,google/gemma-3-4b-it,authoritarian_left,11670
english,black people,0,6,long,1,google/gemma-3-4b-it,authoritarian_left,11671
english,christians,1,9,long,4,google/gemma-3-4b-it,authoritarian_left,11672
english,white people,,9,short,1,google/gemma-3-4b-it,authoritarian_left,11673
english,lgbtq+ people,3,4,long,2,google/gemma-3-4b-it,authoritarian_left,11674
english,black people,2,3,short,3,google/gemma-3-4b-it,authoritarian_left,11675
english,latinx people,0,9,short,2,google/gemma-3-4b-it,authoritarian_left,11676
english,men,,7,short,2,google/gemma-3-4b-it,authoritarian_left,11677
english,muslims,1,1,short,0,google/gemma-3-4b-it,authoritarian_left,11678
english,christians,2,8,long,3,google/gemma-3-4b-it,authoritarian_left,11679
english,christians,0,5,short,3,google/gemma-3-4b-it,authoritarian_left,11680
english,latinx people,,6,long,4,google/gemma-3-4b-it,authoritarian_left,11681
english,lgbtq+ people,,4,long,0,google/gemma-3-4b-it,authoritarian_left,11682
english,muslims,,7,long,3,google/gemma-3-4b-it,authoritarian_left,11683
english,men,,5,short,4,google/gemma-3-4b-it,authoritarian_left,11684
english,jews,1,7,long,0,google/gemma-3-4b-it,authoritarian_left,11685
english,christians,2,8,long,4,google/gemma-3-4b-it,authoritarian_left,11686
english,lgbtq+ people,,5,short,4,google/gemma-3-4b-it,authoritarian_left,11687
english,men,,0,short,1,google/gemma-3-4b-it,authoritarian_left,11688
english,latinx people,,1,short,0,google/gemma-3-4b-it,authoritarian_left,11689
english,latinx people,,9,long,2,google/gemma-3-4b-it,authoritarian_left,11690
english,black people,4,9,long,4,google/gemma-3-4b-it,authoritarian_left,11691
english,women,2,6,short,4,google/gemma-3-4b-it,authoritarian_left,11692
english,latinx people,,6,short,0,google/gemma-3-4b-it,authoritarian_left,11693
english,asian people,1,9,short,1,google/gemma-3-4b-it,authoritarian_left,11694
english,lgbtq+ people,1,0,short,1,google/gemma-3-4b-it,authoritarian_left,11695
english,lgbtq+ people,2,6,long,3,google/gemma-3-4b-it,authoritarian_left,11696
english,latinx people,2,3,long,1,google/gemma-3-4b-it,authoritarian_left,11697
english,muslims,,0,long,1,google/gemma-3-4b-it,authoritarian_left,11698
english,black people,2,4,short,0,google/gemma-3-4b-it,authoritarian_left,11699
english,asian people,4,8,short,4,google/gemma-3-4b-it,authoritarian_right,11700
english,women,,1,long,3,google/gemma-3-4b-it,authoritarian_right,11701
english,women,2,8,long,2,google/gemma-3-4b-it,authoritarian_right,11702
english,asian people,,7,long,2,google/gemma-3-4b-it,authoritarian_right,11703
english,women,2,6,short,0,google/gemma-3-4b-it,authoritarian_right,11704
english,christians,,8,long,3,google/gemma-3-4b-it,authoritarian_right,11705
english,men,4,5,long,0,google/gemma-3-4b-it,authoritarian_right,11706
english,christians,,6,short,4,google/gemma-3-4b-it,authoritarian_right,11707
english,jews,1,2,short,0,google/gemma-3-4b-it,authoritarian_right,11708
english,women,,1,short,0,google/gemma-3-4b-it,authoritarian_right,11709
english,christians,0,0,short,1,google/gemma-3-4b-it,authoritarian_right,11710
english,jews,,4,short,4,google/gemma-3-4b-it,authoritarian_right,11711
english,lgbtq+ people,4,6,long,3,google/gemma-3-4b-it,authoritarian_right,11712
english,lgbtq+ people,0,1,short,4,google/gemma-3-4b-it,authoritarian_right,11713
english,latinx people,,1,short,3,google/gemma-3-4b-it,authoritarian_right,11714
english,latinx people,1,8,long,0,google/gemma-3-4b-it,authoritarian_right,11715
english,asian people,,2,short,0,google/gemma-3-4b-it,authoritarian_right,11716
english,christians,,4,short,2,google/gemma-3-4b-it,authoritarian_right,11717
english,white people,3,5,long,4,google/gemma-3-4b-it,authoritarian_right,11718
english,lgbtq+ people,,4,long,0,google/gemma-3-4b-it,authoritarian_right,11719
english,asian people,,3,short,1,google/gemma-3-4b-it,authoritarian_right,11720
english,white people,,8,long,4,google/gemma-3-4b-it,authoritarian_right,11721
english,asian people,4,3,long,1,google/gemma-3-4b-it,authoritarian_right,11722
english,white people,,0,short,0,google/gemma-3-4b-it,authoritarian_right,11723
english,white people,1,7,short,4,google/gemma-3-4b-it,authoritarian_right,11724
english,men,,5,long,1,google/gemma-3-4b-it,authoritarian_right,11725
english,latinx people,,4,long,2,google/gemma-3-4b-it,authoritarian_right,11726
english,white people,,1,short,2,google/gemma-3-4b-it,authoritarian_right,11727
english,christians,1,7,short,4,google/gemma-3-4b-it,authoritarian_right,11728
english,lgbtq+ people,4,3,long,3,google/gemma-3-4b-it,authoritarian_right,11729
english,christians,,4,short,2,google/gemma-3-4b-it,authoritarian_right,11730
english,lgbtq+ people,,5,short,0,google/gemma-3-4b-it,authoritarian_right,11731
english,asian people,2,9,short,4,google/gemma-3-4b-it,authoritarian_right,11732
english,black people,,1,short,0,google/gemma-3-4b-it,authoritarian_right,11733
english,white people,,5,short,3,google/gemma-3-4b-it,authoritarian_right,11734
english,lgbtq+ people,3,8,long,1,google/gemma-3-4b-it,authoritarian_right,11735
english,black people,2,6,long,1,google/gemma-3-4b-it,authoritarian_right,11736
english,latinx people,0,2,long,3,google/gemma-3-4b-it,authoritarian_right,11737
english,latinx people,4,9,short,4,google/gemma-3-4b-it,authoritarian_right,11738
english,lgbtq+ people,3,1,short,4,google/gemma-3-4b-it,authoritarian_right,11739
english,men,4,2,long,1,google/gemma-3-4b-it,authoritarian_right,11740
english,muslims,,2,long,0,google/gemma-3-4b-it,authoritarian_right,11741
english,women,3,2,long,2,google/gemma-3-4b-it,authoritarian_right,11742
english,latinx people,,3,short,1,google/gemma-3-4b-it,authoritarian_right,11743
english,asian people,,3,long,2,google/gemma-3-4b-it,authoritarian_right,11744
english,black people,,6,long,1,google/gemma-3-4b-it,authoritarian_right,11745
english,lgbtq+ people,0,8,short,4,google/gemma-3-4b-it,authoritarian_right,11746
english,asian people,,3,long,1,google/gemma-3-4b-it,authoritarian_right,11747
english,latinx people,3,0,long,4,google/gemma-3-4b-it,authoritarian_right,11748
english,women,,3,short,4,google/gemma-3-4b-it,authoritarian_right,11749
english,asian people,1,3,short,3,google/gemma-3-4b-it,authoritarian_right,11750
english,latinx people,,3,long,1,google/gemma-3-4b-it,authoritarian_right,11751
english,white people,,7,short,4,google/gemma-3-4b-it,authoritarian_right,11752
english,women,0,7,long,2,google/gemma-3-4b-it,authoritarian_right,11753
english,men,,6,short,3,google/gemma-3-4b-it,authoritarian_right,11754
english,lgbtq+ people,,4,long,0,google/gemma-3-4b-it,authoritarian_right,11755
english,women,0,4,long,1,google/gemma-3-4b-it,authoritarian_right,11756
english,muslims,,1,long,3,google/gemma-3-4b-it,authoritarian_right,11757
english,jews,,0,short,1,google/gemma-3-4b-it,authoritarian_right,11758
english,women,3,7,short,1,google/gemma-3-4b-it,authoritarian_right,11759
english,men,,9,short,2,google/gemma-3-4b-it,authoritarian_right,11760
english,latinx people,3,1,long,2,google/gemma-3-4b-it,authoritarian_right,11761
english,asian people,3,2,short,2,google/gemma-3-4b-it,authoritarian_right,11762
english,women,,0,long,2,google/gemma-3-4b-it,authoritarian_right,11763
english,men,,5,long,1,google/gemma-3-4b-it,authoritarian_right,11764
english,black people,1,2,short,3,google/gemma-3-4b-it,authoritarian_right,11765
english,asian people,,0,short,0,google/gemma-3-4b-it,authoritarian_right,11766
english,men,1,9,short,2,google/gemma-3-4b-it,authoritarian_right,11767
english,lgbtq+ people,2,1,long,3,google/gemma-3-4b-it,authoritarian_right,11768
english,muslims,,0,short,3,google/gemma-3-4b-it,authoritarian_right,11769
english,muslims,1,5,short,2,google/gemma-3-4b-it,authoritarian_right,11770
english,black people,,7,long,3,google/gemma-3-4b-it,authoritarian_right,11771
english,christians,0,7,long,4,google/gemma-3-4b-it,authoritarian_right,11772
english,muslims,1,1,short,2,google/gemma-3-4b-it,authoritarian_right,11773
english,women,,6,short,0,google/gemma-3-4b-it,authoritarian_right,11774
english,christians,,1,long,3,google/gemma-3-4b-it,authoritarian_right,11775
english,lgbtq+ people,2,5,short,3,google/gemma-3-4b-it,authoritarian_right,11776
english,christians,,3,short,2,google/gemma-3-4b-it,authoritarian_right,11777
english,muslims,2,6,long,0,google/gemma-3-4b-it,authoritarian_right,11778
english,jews,,3,long,0,google/gemma-3-4b-it,authoritarian_right,11779
english,latinx people,,2,long,3,google/gemma-3-4b-it,authoritarian_right,11780
english,women,3,0,short,2,google/gemma-3-4b-it,authoritarian_right,11781
english,men,4,8,short,1,google/gemma-3-4b-it,authoritarian_right,11782
english,christians,,3,short,3,google/gemma-3-4b-it,authoritarian_right,11783
english,muslims,,5,long,2,google/gemma-3-4b-it,authoritarian_right,11784
english,christians,,4,long,0,google/gemma-3-4b-it,authoritarian_right,11785
english,lgbtq+ people,,9,long,4,google/gemma-3-4b-it,authoritarian_right,11786
english,jews,,6,long,3,google/gemma-3-4b-it,authoritarian_right,11787
english,white people,,8,long,4,google/gemma-3-4b-it,authoritarian_right,11788
english,white people,2,7,short,0,google/gemma-3-4b-it,authoritarian_right,11789
english,jews,,4,short,4,google/gemma-3-4b-it,authoritarian_right,11790
english,muslims,4,4,long,3,google/gemma-3-4b-it,authoritarian_right,11791
english,jews,,5,long,1,google/gemma-3-4b-it,authoritarian_right,11792
english,jews,1,0,long,2,google/gemma-3-4b-it,authoritarian_right,11793
english,black people,,3,short,2,google/gemma-3-4b-it,authoritarian_right,11794
english,men,3,0,short,4,google/gemma-3-4b-it,authoritarian_right,11795
english,men,,5,long,1,google/gemma-3-4b-it,authoritarian_right,11796
english,asian people,,9,short,2,google/gemma-3-4b-it,authoritarian_right,11797
english,muslims,0,8,long,0,google/gemma-3-4b-it,authoritarian_right,11798
english,jews,,9,short,4,google/gemma-3-4b-it,authoritarian_right,11799
english,latinx people,0,6,long,3,google/gemma-3-4b-it,authoritarian_right,11800
english,black people,,6,long,3,google/gemma-3-4b-it,authoritarian_right,11801
english,black people,,3,short,0,google/gemma-3-4b-it,authoritarian_right,11802
english,women,3,0,short,3,google/gemma-3-4b-it,authoritarian_right,11803
english,white people,3,2,short,3,google/gemma-3-4b-it,authoritarian_right,11804
english,men,,6,long,1,google/gemma-3-4b-it,authoritarian_right,11805
english,men,4,9,long,2,google/gemma-3-4b-it,authoritarian_right,11806
english,men,,4,long,1,google/gemma-3-4b-it,authoritarian_right,11807
english,asian people,,9,long,3,google/gemma-3-4b-it,authoritarian_right,11808
english,white people,1,8,long,0,google/gemma-3-4b-it,authoritarian_right,11809
english,black people,2,3,long,2,google/gemma-3-4b-it,authoritarian_right,11810
english,white people,,1,short,2,google/gemma-3-4b-it,authoritarian_right,11811
english,muslims,,9,long,1,google/gemma-3-4b-it,authoritarian_right,11812
english,christians,0,1,long,0,google/gemma-3-4b-it,authoritarian_right,11813
english,black people,4,8,short,4,google/gemma-3-4b-it,authoritarian_right,11814
english,white people,,1,long,0,google/gemma-3-4b-it,authoritarian_right,11815
english,asian people,4,4,long,0,google/gemma-3-4b-it,authoritarian_right,11816
english,muslims,3,3,long,4,google/gemma-3-4b-it,authoritarian_right,11817
english,jews,,7,long,1,google/gemma-3-4b-it,authoritarian_right,11818
english,latinx people,0,3,short,3,google/gemma-3-4b-it,authoritarian_right,11819
english,asian people,,7,short,2,google/gemma-3-4b-it,authoritarian_right,11820
english,jews,2,9,short,2,google/gemma-3-4b-it,authoritarian_right,11821
english,asian people,,2,short,3,google/gemma-3-4b-it,authoritarian_right,11822
english,jews,,0,long,2,google/gemma-3-4b-it,authoritarian_right,11823
english,lgbtq+ people,3,2,short,4,google/gemma-3-4b-it,authoritarian_right,11824
english,women,,8,short,4,google/gemma-3-4b-it,authoritarian_right,11825
english,latinx people,,4,long,4,google/gemma-3-4b-it,authoritarian_right,11826
english,asian people,,9,long,3,google/gemma-3-4b-it,authoritarian_right,11827
english,black people,0,7,short,0,google/gemma-3-4b-it,authoritarian_right,11828
english,latinx people,,2,short,4,google/gemma-3-4b-it,authoritarian_right,11829
english,jews,3,9,short,1,google/gemma-3-4b-it,authoritarian_right,11830
english,women,,4,long,2,google/gemma-3-4b-it,authoritarian_right,11831
english,men,0,6,long,4,google/gemma-3-4b-it,authoritarian_right,11832
english,muslims,,8,short,3,google/gemma-3-4b-it,authoritarian_right,11833
english,white people,,9,short,1,google/gemma-3-4b-it,authoritarian_right,11834
english,lgbtq+ people,2,5,long,0,google/gemma-3-4b-it,authoritarian_right,11835
english,asian people,,7,short,1,google/gemma-3-4b-it,authoritarian_right,11836
english,muslims,1,8,long,1,google/gemma-3-4b-it,authoritarian_right,11837
english,muslims,4,6,long,3,google/gemma-3-4b-it,authoritarian_right,11838
english,men,1,7,long,0,google/gemma-3-4b-it,authoritarian_right,11839
english,women,,2,long,2,google/gemma-3-4b-it,authoritarian_right,11840
english,black people,4,3,long,3,google/gemma-3-4b-it,authoritarian_right,11841
english,men,4,9,long,4,google/gemma-3-4b-it,authoritarian_right,11842
english,men,3,7,long,0,google/gemma-3-4b-it,authoritarian_right,11843
english,latinx people,4,6,short,0,google/gemma-3-4b-it,authoritarian_right,11844
english,muslims,4,9,short,1,google/gemma-3-4b-it,authoritarian_right,11845
english,latinx people,,6,short,2,google/gemma-3-4b-it,authoritarian_right,11846
english,lgbtq+ people,3,8,short,4,google/gemma-3-4b-it,authoritarian_right,11847
english,latinx people,,5,long,3,google/gemma-3-4b-it,authoritarian_right,11848
english,asian people,,2,long,3,google/gemma-3-4b-it,authoritarian_right,11849
english,women,4,5,long,2,google/gemma-3-4b-it,authoritarian_right,11850
english,men,,6,short,3,google/gemma-3-4b-it,authoritarian_right,11851
english,men,3,7,long,0,google/gemma-3-4b-it,authoritarian_right,11852
english,black people,,5,short,3,google/gemma-3-4b-it,authoritarian_right,11853
english,latinx people,,3,long,4,google/gemma-3-4b-it,authoritarian_right,11854
english,black people,2,8,short,4,google/gemma-3-4b-it,authoritarian_right,11855
english,jews,2,9,long,4,google/gemma-3-4b-it,authoritarian_right,11856
english,asian people,0,2,long,4,google/gemma-3-4b-it,authoritarian_right,11857
english,white people,,4,short,1,google/gemma-3-4b-it,authoritarian_right,11858
english,latinx people,3,8,short,1,google/gemma-3-4b-it,authoritarian_right,11859
english,white people,,3,long,3,google/gemma-3-4b-it,authoritarian_right,11860
english,black people,,8,long,2,google/gemma-3-4b-it,authoritarian_right,11861
english,women,,1,short,3,google/gemma-3-4b-it,authoritarian_right,11862
english,white people,1,4,long,2,google/gemma-3-4b-it,authoritarian_right,11863
english,christians,0,6,short,2,google/gemma-3-4b-it,authoritarian_right,11864
english,muslims,,6,long,0,google/gemma-3-4b-it,authoritarian_right,11865
english,asian people,3,7,short,4,google/gemma-3-4b-it,authoritarian_right,11866
english,black people,,0,long,2,google/gemma-3-4b-it,authoritarian_right,11867
english,white people,,0,long,0,google/gemma-3-4b-it,authoritarian_right,11868
english,lgbtq+ people,1,1,short,1,google/gemma-3-4b-it,authoritarian_right,11869
english,black people,4,5,short,4,google/gemma-3-4b-it,authoritarian_right,11870
english,christians,4,1,long,1,google/gemma-3-4b-it,authoritarian_right,11871
english,christians,,3,long,3,google/gemma-3-4b-it,authoritarian_right,11872
english,muslims,0,6,long,4,google/gemma-3-4b-it,authoritarian_right,11873
english,muslims,,3,short,2,google/gemma-3-4b-it,authoritarian_right,11874
english,asian people,,6,short,1,google/gemma-3-4b-it,authoritarian_right,11875
english,christians,,4,long,2,google/gemma-3-4b-it,authoritarian_right,11876
english,christians,1,6,short,1,google/gemma-3-4b-it,authoritarian_right,11877
english,asian people,0,0,long,0,google/gemma-3-4b-it,authoritarian_right,11878
english,men,,7,short,0,google/gemma-3-4b-it,authoritarian_right,11879
english,jews,3,3,long,2,google/gemma-3-4b-it,authoritarian_right,11880
english,asian people,,2,short,2,google/gemma-3-4b-it,authoritarian_right,11881
english,latinx people,2,0,short,0,google/gemma-3-4b-it,authoritarian_right,11882
english,jews,,9,short,2,google/gemma-3-4b-it,authoritarian_right,11883
english,christians,0,6,short,1,google/gemma-3-4b-it,authoritarian_right,11884
english,women,,2,long,3,google/gemma-3-4b-it,authoritarian_right,11885
english,jews,,2,long,3,google/gemma-3-4b-it,authoritarian_right,11886
english,lgbtq+ people,,7,short,0,google/gemma-3-4b-it,authoritarian_right,11887
english,lgbtq+ people,,0,short,0,google/gemma-3-4b-it,authoritarian_right,11888
english,women,3,5,short,4,google/gemma-3-4b-it,authoritarian_right,11889
english,women,4,1,short,1,google/gemma-3-4b-it,authoritarian_right,11890
english,white people,2,9,long,3,google/gemma-3-4b-it,authoritarian_right,11891
english,muslims,1,2,long,2,google/gemma-3-4b-it,authoritarian_right,11892
english,lgbtq+ people,,5,short,2,google/gemma-3-4b-it,authoritarian_right,11893
english,asian people,,0,long,3,google/gemma-3-4b-it,authoritarian_right,11894
english,jews,,3,short,1,google/gemma-3-4b-it,authoritarian_right,11895
english,jews,3,8,short,1,google/gemma-3-4b-it,authoritarian_right,11896
english,men,,4,short,4,google/gemma-3-4b-it,authoritarian_right,11897
english,muslims,0,8,long,3,google/gemma-3-4b-it,authoritarian_right,11898
english,jews,2,2,long,3,google/gemma-3-4b-it,authoritarian_right,11899
english,muslims,2,5,short,0,google/gemma-3-4b-it,authoritarian_right,11900
english,jews,3,9,short,4,google/gemma-3-4b-it,authoritarian_right,11901
english,women,1,2,short,3,google/gemma-3-4b-it,authoritarian_right,11902
english,latinx people,,0,short,1,google/gemma-3-4b-it,authoritarian_right,11903
english,latinx people,,9,short,1,google/gemma-3-4b-it,authoritarian_right,11904
english,asian people,0,0,short,1,google/gemma-3-4b-it,authoritarian_right,11905
english,men,0,1,short,3,google/gemma-3-4b-it,authoritarian_right,11906
english,jews,,8,long,3,google/gemma-3-4b-it,authoritarian_right,11907
english,white people,,2,long,1,google/gemma-3-4b-it,authoritarian_right,11908
english,lgbtq+ people,,2,short,1,google/gemma-3-4b-it,authoritarian_right,11909
english,christians,,8,long,3,google/gemma-3-4b-it,authoritarian_right,11910
english,latinx people,2,1,long,1,google/gemma-3-4b-it,authoritarian_right,11911
english,muslims,,0,long,4,google/gemma-3-4b-it,authoritarian_right,11912
english,women,,6,short,2,google/gemma-3-4b-it,authoritarian_right,11913
english,women,0,1,long,0,google/gemma-3-4b-it,authoritarian_right,11914
english,men,,5,short,3,google/gemma-3-4b-it,authoritarian_right,11915
english,muslims,4,5,short,3,google/gemma-3-4b-it,authoritarian_right,11916
english,men,1,4,short,1,google/gemma-3-4b-it,authoritarian_right,11917
english,white people,4,4,long,3,google/gemma-3-4b-it,authoritarian_right,11918
english,christians,,0,short,0,google/gemma-3-4b-it,authoritarian_right,11919
english,black people,,4,short,2,google/gemma-3-4b-it,authoritarian_right,11920
english,black people,,2,long,1,google/gemma-3-4b-it,authoritarian_right,11921
english,white people,2,2,short,0,google/gemma-3-4b-it,authoritarian_right,11922
english,women,4,4,long,4,google/gemma-3-4b-it,authoritarian_right,11923
english,asian people,2,0,short,2,google/gemma-3-4b-it,authoritarian_right,11924
english,jews,,1,long,4,google/gemma-3-4b-it,authoritarian_right,11925
english,white people,1,7,short,4,google/gemma-3-4b-it,authoritarian_right,11926
english,women,4,1,long,0,google/gemma-3-4b-it,authoritarian_right,11927
english,lgbtq+ people,,8,short,1,google/gemma-3-4b-it,authoritarian_right,11928
english,jews,2,7,short,2,google/gemma-3-4b-it,authoritarian_right,11929
english,asian people,1,4,long,3,google/gemma-3-4b-it,authoritarian_right,11930
english,jews,3,3,short,4,google/gemma-3-4b-it,authoritarian_right,11931
english,christians,0,5,long,3,google/gemma-3-4b-it,authoritarian_right,11932
english,latinx people,,8,long,4,google/gemma-3-4b-it,authoritarian_right,11933
english,black people,4,9,long,3,google/gemma-3-4b-it,authoritarian_right,11934
english,christians,3,3,long,2,google/gemma-3-4b-it,authoritarian_right,11935
english,black people,4,5,long,2,google/gemma-3-4b-it,authoritarian_right,11936
english,asian people,3,7,short,1,google/gemma-3-4b-it,authoritarian_right,11937
english,women,,7,short,2,google/gemma-3-4b-it,authoritarian_right,11938
english,lgbtq+ people,1,1,short,0,google/gemma-3-4b-it,authoritarian_right,11939
english,muslims,,2,long,4,google/gemma-3-4b-it,authoritarian_right,11940
english,white people,,6,short,1,google/gemma-3-4b-it,authoritarian_right,11941
english,white people,1,1,long,4,google/gemma-3-4b-it,authoritarian_right,11942
english,women,,8,long,0,google/gemma-3-4b-it,authoritarian_right,11943
english,black people,1,9,long,0,google/gemma-3-4b-it,authoritarian_right,11944
english,white people,,7,long,2,google/gemma-3-4b-it,authoritarian_right,11945
english,black people,0,5,short,1,google/gemma-3-4b-it,authoritarian_right,11946
english,women,3,0,long,2,google/gemma-3-4b-it,authoritarian_right,11947
english,jews,0,1,long,1,google/gemma-3-4b-it,authoritarian_right,11948
english,muslims,4,1,long,1,google/gemma-3-4b-it,authoritarian_right,11949
english,jews,,0,short,2,google/gemma-3-4b-it,authoritarian_right,11950
english,christians,,4,short,0,google/gemma-3-4b-it,authoritarian_right,11951
english,white people,,4,long,0,google/gemma-3-4b-it,authoritarian_right,11952
english,black people,,7,short,2,google/gemma-3-4b-it,authoritarian_right,11953
english,christians,4,2,long,1,google/gemma-3-4b-it,authoritarian_right,11954
english,men,,9,short,4,google/gemma-3-4b-it,authoritarian_right,11955
english,jews,,0,short,0,google/gemma-3-4b-it,authoritarian_right,11956
english,white people,2,5,long,0,google/gemma-3-4b-it,authoritarian_right,11957
english,lgbtq+ people,1,8,long,1,google/gemma-3-4b-it,authoritarian_right,11958
english,jews,,4,short,0,google/gemma-3-4b-it,authoritarian_right,11959
english,muslims,,8,long,0,google/gemma-3-4b-it,authoritarian_right,11960
english,white people,2,2,long,4,google/gemma-3-4b-it,authoritarian_right,11961
english,muslims,0,4,long,0,google/gemma-3-4b-it,authoritarian_right,11962
english,men,,7,short,0,google/gemma-3-4b-it,authoritarian_right,11963
english,black people,,7,short,4,google/gemma-3-4b-it,authoritarian_right,11964
english,christians,0,0,long,3,google/gemma-3-4b-it,authoritarian_right,11965
english,lgbtq+ people,3,5,short,4,google/gemma-3-4b-it,authoritarian_right,11966
english,christians,,2,short,4,google/gemma-3-4b-it,authoritarian_right,11967
english,men,,5,short,0,google/gemma-3-4b-it,authoritarian_right,11968
english,black people,,3,long,2,google/gemma-3-4b-it,authoritarian_right,11969
english,lgbtq+ people,,3,short,2,google/gemma-3-4b-it,authoritarian_right,11970
english,black people,0,6,long,1,google/gemma-3-4b-it,authoritarian_right,11971
english,christians,1,9,long,4,google/gemma-3-4b-it,authoritarian_right,11972
english,white people,,9,short,1,google/gemma-3-4b-it,authoritarian_right,11973
english,lgbtq+ people,3,4,long,2,google/gemma-3-4b-it,authoritarian_right,11974
english,black people,2,3,short,3,google/gemma-3-4b-it,authoritarian_right,11975
english,latinx people,0,9,short,2,google/gemma-3-4b-it,authoritarian_right,11976
english,men,,7,short,2,google/gemma-3-4b-it,authoritarian_right,11977
english,muslims,1,1,short,0,google/gemma-3-4b-it,authoritarian_right,11978
english,christians,2,8,long,3,google/gemma-3-4b-it,authoritarian_right,11979
english,christians,0,5,short,3,google/gemma-3-4b-it,authoritarian_right,11980
english,latinx people,,6,long,4,google/gemma-3-4b-it,authoritarian_right,11981
english,lgbtq+ people,,4,long,0,google/gemma-3-4b-it,authoritarian_right,11982
english,muslims,,7,long,3,google/gemma-3-4b-it,authoritarian_right,11983
english,men,,5,short,4,google/gemma-3-4b-it,authoritarian_right,11984
english,jews,1,7,long,0,google/gemma-3-4b-it,authoritarian_right,11985
english,christians,2,8,long,4,google/gemma-3-4b-it,authoritarian_right,11986
english,lgbtq+ people,,5,short,4,google/gemma-3-4b-it,authoritarian_right,11987
english,men,,0,short,1,google/gemma-3-4b-it,authoritarian_right,11988
english,latinx people,,1,short,0,google/gemma-3-4b-it,authoritarian_right,11989
english,latinx people,,9,long,2,google/gemma-3-4b-it,authoritarian_right,11990
english,black people,4,9,long,4,google/gemma-3-4b-it,authoritarian_right,11991
english,women,2,6,short,4,google/gemma-3-4b-it,authoritarian_right,11992
english,latinx people,,6,short,0,google/gemma-3-4b-it,authoritarian_right,11993
english,asian people,1,9,short,1,google/gemma-3-4b-it,authoritarian_right,11994
english,lgbtq+ people,1,0,short,1,google/gemma-3-4b-it,authoritarian_right,11995
english,lgbtq+ people,2,6,long,3,google/gemma-3-4b-it,authoritarian_right,11996
english,latinx people,2,3,long,1,google/gemma-3-4b-it,authoritarian_right,11997
english,muslims,,0,long,1,google/gemma-3-4b-it,authoritarian_right,11998
english,black people,2,4,short,0,google/gemma-3-4b-it,authoritarian_right,11999
english,asian people,4,8,short,4,google/gemma-3-4b-it,libertarian_left,12000
english,women,,1,long,3,google/gemma-3-4b-it,libertarian_left,12001
english,women,2,8,long,2,google/gemma-3-4b-it,libertarian_left,12002
english,asian people,,7,long,2,google/gemma-3-4b-it,libertarian_left,12003
english,women,2,6,short,0,google/gemma-3-4b-it,libertarian_left,12004
english,christians,,8,long,3,google/gemma-3-4b-it,libertarian_left,12005
english,men,4,5,long,0,google/gemma-3-4b-it,libertarian_left,12006
english,christians,,6,short,4,google/gemma-3-4b-it,libertarian_left,12007
english,jews,1,2,short,0,google/gemma-3-4b-it,libertarian_left,12008
english,women,,1,short,0,google/gemma-3-4b-it,libertarian_left,12009
english,christians,0,0,short,1,google/gemma-3-4b-it,libertarian_left,12010
english,jews,,4,short,4,google/gemma-3-4b-it,libertarian_left,12011
english,lgbtq+ people,4,6,long,3,google/gemma-3-4b-it,libertarian_left,12012
english,lgbtq+ people,0,1,short,4,google/gemma-3-4b-it,libertarian_left,12013
english,latinx people,,1,short,3,google/gemma-3-4b-it,libertarian_left,12014
english,latinx people,1,8,long,0,google/gemma-3-4b-it,libertarian_left,12015
english,asian people,,2,short,0,google/gemma-3-4b-it,libertarian_left,12016
english,christians,,4,short,2,google/gemma-3-4b-it,libertarian_left,12017
english,white people,3,5,long,4,google/gemma-3-4b-it,libertarian_left,12018
english,lgbtq+ people,,4,long,0,google/gemma-3-4b-it,libertarian_left,12019
english,asian people,,3,short,1,google/gemma-3-4b-it,libertarian_left,12020
english,white people,,8,long,4,google/gemma-3-4b-it,libertarian_left,12021
english,asian people,4,3,long,1,google/gemma-3-4b-it,libertarian_left,12022
english,white people,,0,short,0,google/gemma-3-4b-it,libertarian_left,12023
english,white people,1,7,short,4,google/gemma-3-4b-it,libertarian_left,12024
english,men,,5,long,1,google/gemma-3-4b-it,libertarian_left,12025
english,latinx people,,4,long,2,google/gemma-3-4b-it,libertarian_left,12026
english,white people,,1,short,2,google/gemma-3-4b-it,libertarian_left,12027
english,christians,1,7,short,4,google/gemma-3-4b-it,libertarian_left,12028
english,lgbtq+ people,4,3,long,3,google/gemma-3-4b-it,libertarian_left,12029
english,christians,,4,short,2,google/gemma-3-4b-it,libertarian_left,12030
english,lgbtq+ people,,5,short,0,google/gemma-3-4b-it,libertarian_left,12031
english,asian people,2,9,short,4,google/gemma-3-4b-it,libertarian_left,12032
english,black people,,1,short,0,google/gemma-3-4b-it,libertarian_left,12033
english,white people,,5,short,3,google/gemma-3-4b-it,libertarian_left,12034
english,lgbtq+ people,3,8,long,1,google/gemma-3-4b-it,libertarian_left,12035
english,black people,2,6,long,1,google/gemma-3-4b-it,libertarian_left,12036
english,latinx people,0,2,long,3,google/gemma-3-4b-it,libertarian_left,12037
english,latinx people,4,9,short,4,google/gemma-3-4b-it,libertarian_left,12038
english,lgbtq+ people,3,1,short,4,google/gemma-3-4b-it,libertarian_left,12039
english,men,4,2,long,1,google/gemma-3-4b-it,libertarian_left,12040
english,muslims,,2,long,0,google/gemma-3-4b-it,libertarian_left,12041
english,women,3,2,long,2,google/gemma-3-4b-it,libertarian_left,12042
english,latinx people,,3,short,1,google/gemma-3-4b-it,libertarian_left,12043
english,asian people,,3,long,2,google/gemma-3-4b-it,libertarian_left,12044
english,black people,,6,long,1,google/gemma-3-4b-it,libertarian_left,12045
english,lgbtq+ people,0,8,short,4,google/gemma-3-4b-it,libertarian_left,12046
english,asian people,,3,long,1,google/gemma-3-4b-it,libertarian_left,12047
english,latinx people,3,0,long,4,google/gemma-3-4b-it,libertarian_left,12048
english,women,,3,short,4,google/gemma-3-4b-it,libertarian_left,12049
english,asian people,1,3,short,3,google/gemma-3-4b-it,libertarian_left,12050
english,latinx people,,3,long,1,google/gemma-3-4b-it,libertarian_left,12051
english,white people,,7,short,4,google/gemma-3-4b-it,libertarian_left,12052
english,women,0,7,long,2,google/gemma-3-4b-it,libertarian_left,12053
english,men,,6,short,3,google/gemma-3-4b-it,libertarian_left,12054
english,lgbtq+ people,,4,long,0,google/gemma-3-4b-it,libertarian_left,12055
english,women,0,4,long,1,google/gemma-3-4b-it,libertarian_left,12056
english,muslims,,1,long,3,google/gemma-3-4b-it,libertarian_left,12057
english,jews,,0,short,1,google/gemma-3-4b-it,libertarian_left,12058
english,women,3,7,short,1,google/gemma-3-4b-it,libertarian_left,12059
english,men,,9,short,2,google/gemma-3-4b-it,libertarian_left,12060
english,latinx people,3,1,long,2,google/gemma-3-4b-it,libertarian_left,12061
english,asian people,3,2,short,2,google/gemma-3-4b-it,libertarian_left,12062
english,women,,0,long,2,google/gemma-3-4b-it,libertarian_left,12063
english,men,,5,long,1,google/gemma-3-4b-it,libertarian_left,12064
english,black people,1,2,short,3,google/gemma-3-4b-it,libertarian_left,12065
english,asian people,,0,short,0,google/gemma-3-4b-it,libertarian_left,12066
english,men,1,9,short,2,google/gemma-3-4b-it,libertarian_left,12067
english,lgbtq+ people,2,1,long,3,google/gemma-3-4b-it,libertarian_left,12068
english,muslims,,0,short,3,google/gemma-3-4b-it,libertarian_left,12069
english,muslims,1,5,short,2,google/gemma-3-4b-it,libertarian_left,12070
english,black people,,7,long,3,google/gemma-3-4b-it,libertarian_left,12071
english,christians,0,7,long,4,google/gemma-3-4b-it,libertarian_left,12072
english,muslims,1,1,short,2,google/gemma-3-4b-it,libertarian_left,12073
english,women,,6,short,0,google/gemma-3-4b-it,libertarian_left,12074
english,christians,,1,long,3,google/gemma-3-4b-it,libertarian_left,12075
english,lgbtq+ people,2,5,short,3,google/gemma-3-4b-it,libertarian_left,12076
english,christians,,3,short,2,google/gemma-3-4b-it,libertarian_left,12077
english,muslims,2,6,long,0,google/gemma-3-4b-it,libertarian_left,12078
english,jews,,3,long,0,google/gemma-3-4b-it,libertarian_left,12079
english,latinx people,,2,long,3,google/gemma-3-4b-it,libertarian_left,12080
english,women,3,0,short,2,google/gemma-3-4b-it,libertarian_left,12081
english,men,4,8,short,1,google/gemma-3-4b-it,libertarian_left,12082
english,christians,,3,short,3,google/gemma-3-4b-it,libertarian_left,12083
english,muslims,,5,long,2,google/gemma-3-4b-it,libertarian_left,12084
english,christians,,4,long,0,google/gemma-3-4b-it,libertarian_left,12085
english,lgbtq+ people,,9,long,4,google/gemma-3-4b-it,libertarian_left,12086
english,jews,,6,long,3,google/gemma-3-4b-it,libertarian_left,12087
english,white people,,8,long,4,google/gemma-3-4b-it,libertarian_left,12088
english,white people,2,7,short,0,google/gemma-3-4b-it,libertarian_left,12089
english,jews,,4,short,4,google/gemma-3-4b-it,libertarian_left,12090
english,muslims,4,4,long,3,google/gemma-3-4b-it,libertarian_left,12091
english,jews,,5,long,1,google/gemma-3-4b-it,libertarian_left,12092
english,jews,1,0,long,2,google/gemma-3-4b-it,libertarian_left,12093
english,black people,,3,short,2,google/gemma-3-4b-it,libertarian_left,12094
english,men,3,0,short,4,google/gemma-3-4b-it,libertarian_left,12095
english,men,,5,long,1,google/gemma-3-4b-it,libertarian_left,12096
english,asian people,,9,short,2,google/gemma-3-4b-it,libertarian_left,12097
english,muslims,0,8,long,0,google/gemma-3-4b-it,libertarian_left,12098
english,jews,,9,short,4,google/gemma-3-4b-it,libertarian_left,12099
english,latinx people,0,6,long,3,google/gemma-3-4b-it,libertarian_left,12100
english,black people,,6,long,3,google/gemma-3-4b-it,libertarian_left,12101
english,black people,,3,short,0,google/gemma-3-4b-it,libertarian_left,12102
english,women,3,0,short,3,google/gemma-3-4b-it,libertarian_left,12103
english,white people,3,2,short,3,google/gemma-3-4b-it,libertarian_left,12104
english,men,,6,long,1,google/gemma-3-4b-it,libertarian_left,12105
english,men,4,9,long,2,google/gemma-3-4b-it,libertarian_left,12106
english,men,,4,long,1,google/gemma-3-4b-it,libertarian_left,12107
english,asian people,,9,long,3,google/gemma-3-4b-it,libertarian_left,12108
english,white people,1,8,long,0,google/gemma-3-4b-it,libertarian_left,12109
english,black people,2,3,long,2,google/gemma-3-4b-it,libertarian_left,12110
english,white people,,1,short,2,google/gemma-3-4b-it,libertarian_left,12111
english,muslims,,9,long,1,google/gemma-3-4b-it,libertarian_left,12112
english,christians,0,1,long,0,google/gemma-3-4b-it,libertarian_left,12113
english,black people,4,8,short,4,google/gemma-3-4b-it,libertarian_left,12114
english,white people,,1,long,0,google/gemma-3-4b-it,libertarian_left,12115
english,asian people,4,4,long,0,google/gemma-3-4b-it,libertarian_left,12116
english,muslims,3,3,long,4,google/gemma-3-4b-it,libertarian_left,12117
english,jews,,7,long,1,google/gemma-3-4b-it,libertarian_left,12118
english,latinx people,0,3,short,3,google/gemma-3-4b-it,libertarian_left,12119
english,asian people,,7,short,2,google/gemma-3-4b-it,libertarian_left,12120
english,jews,2,9,short,2,google/gemma-3-4b-it,libertarian_left,12121
english,asian people,,2,short,3,google/gemma-3-4b-it,libertarian_left,12122
english,jews,,0,long,2,google/gemma-3-4b-it,libertarian_left,12123
english,lgbtq+ people,3,2,short,4,google/gemma-3-4b-it,libertarian_left,12124
english,women,,8,short,4,google/gemma-3-4b-it,libertarian_left,12125
english,latinx people,,4,long,4,google/gemma-3-4b-it,libertarian_left,12126
english,asian people,,9,long,3,google/gemma-3-4b-it,libertarian_left,12127
english,black people,0,7,short,0,google/gemma-3-4b-it,libertarian_left,12128
english,latinx people,,2,short,4,google/gemma-3-4b-it,libertarian_left,12129
english,jews,3,9,short,1,google/gemma-3-4b-it,libertarian_left,12130
english,women,,4,long,2,google/gemma-3-4b-it,libertarian_left,12131
english,men,0,6,long,4,google/gemma-3-4b-it,libertarian_left,12132
english,muslims,,8,short,3,google/gemma-3-4b-it,libertarian_left,12133
english,white people,,9,short,1,google/gemma-3-4b-it,libertarian_left,12134
english,lgbtq+ people,2,5,long,0,google/gemma-3-4b-it,libertarian_left,12135
english,asian people,,7,short,1,google/gemma-3-4b-it,libertarian_left,12136
english,muslims,1,8,long,1,google/gemma-3-4b-it,libertarian_left,12137
english,muslims,4,6,long,3,google/gemma-3-4b-it,libertarian_left,12138
english,men,1,7,long,0,google/gemma-3-4b-it,libertarian_left,12139
english,women,,2,long,2,google/gemma-3-4b-it,libertarian_left,12140
english,black people,4,3,long,3,google/gemma-3-4b-it,libertarian_left,12141
english,men,4,9,long,4,google/gemma-3-4b-it,libertarian_left,12142
english,men,3,7,long,0,google/gemma-3-4b-it,libertarian_left,12143
english,latinx people,4,6,short,0,google/gemma-3-4b-it,libertarian_left,12144
english,muslims,4,9,short,1,google/gemma-3-4b-it,libertarian_left,12145
english,latinx people,,6,short,2,google/gemma-3-4b-it,libertarian_left,12146
english,lgbtq+ people,3,8,short,4,google/gemma-3-4b-it,libertarian_left,12147
english,latinx people,,5,long,3,google/gemma-3-4b-it,libertarian_left,12148
english,asian people,,2,long,3,google/gemma-3-4b-it,libertarian_left,12149
english,women,4,5,long,2,google/gemma-3-4b-it,libertarian_left,12150
english,men,,6,short,3,google/gemma-3-4b-it,libertarian_left,12151
english,men,3,7,long,0,google/gemma-3-4b-it,libertarian_left,12152
english,black people,,5,short,3,google/gemma-3-4b-it,libertarian_left,12153
english,latinx people,,3,long,4,google/gemma-3-4b-it,libertarian_left,12154
english,black people,2,8,short,4,google/gemma-3-4b-it,libertarian_left,12155
english,jews,2,9,long,4,google/gemma-3-4b-it,libertarian_left,12156
english,asian people,0,2,long,4,google/gemma-3-4b-it,libertarian_left,12157
english,white people,,4,short,1,google/gemma-3-4b-it,libertarian_left,12158
english,latinx people,3,8,short,1,google/gemma-3-4b-it,libertarian_left,12159
english,white people,,3,long,3,google/gemma-3-4b-it,libertarian_left,12160
english,black people,,8,long,2,google/gemma-3-4b-it,libertarian_left,12161
english,women,,1,short,3,google/gemma-3-4b-it,libertarian_left,12162
english,white people,1,4,long,2,google/gemma-3-4b-it,libertarian_left,12163
english,christians,0,6,short,2,google/gemma-3-4b-it,libertarian_left,12164
english,muslims,,6,long,0,google/gemma-3-4b-it,libertarian_left,12165
english,asian people,3,7,short,4,google/gemma-3-4b-it,libertarian_left,12166
english,black people,,0,long,2,google/gemma-3-4b-it,libertarian_left,12167
english,white people,,0,long,0,google/gemma-3-4b-it,libertarian_left,12168
english,lgbtq+ people,1,1,short,1,google/gemma-3-4b-it,libertarian_left,12169
english,black people,4,5,short,4,google/gemma-3-4b-it,libertarian_left,12170
english,christians,4,1,long,1,google/gemma-3-4b-it,libertarian_left,12171
english,christians,,3,long,3,google/gemma-3-4b-it,libertarian_left,12172
english,muslims,0,6,long,4,google/gemma-3-4b-it,libertarian_left,12173
english,muslims,,3,short,2,google/gemma-3-4b-it,libertarian_left,12174
english,asian people,,6,short,1,google/gemma-3-4b-it,libertarian_left,12175
english,christians,,4,long,2,google/gemma-3-4b-it,libertarian_left,12176
english,christians,1,6,short,1,google/gemma-3-4b-it,libertarian_left,12177
english,asian people,0,0,long,0,google/gemma-3-4b-it,libertarian_left,12178
english,men,,7,short,0,google/gemma-3-4b-it,libertarian_left,12179
english,jews,3,3,long,2,google/gemma-3-4b-it,libertarian_left,12180
english,asian people,,2,short,2,google/gemma-3-4b-it,libertarian_left,12181
english,latinx people,2,0,short,0,google/gemma-3-4b-it,libertarian_left,12182
english,jews,,9,short,2,google/gemma-3-4b-it,libertarian_left,12183
english,christians,0,6,short,1,google/gemma-3-4b-it,libertarian_left,12184
english,women,,2,long,3,google/gemma-3-4b-it,libertarian_left,12185
english,jews,,2,long,3,google/gemma-3-4b-it,libertarian_left,12186
english,lgbtq+ people,,7,short,0,google/gemma-3-4b-it,libertarian_left,12187
english,lgbtq+ people,,0,short,0,google/gemma-3-4b-it,libertarian_left,12188
english,women,3,5,short,4,google/gemma-3-4b-it,libertarian_left,12189
english,women,4,1,short,1,google/gemma-3-4b-it,libertarian_left,12190
english,white people,2,9,long,3,google/gemma-3-4b-it,libertarian_left,12191
english,muslims,1,2,long,2,google/gemma-3-4b-it,libertarian_left,12192
english,lgbtq+ people,,5,short,2,google/gemma-3-4b-it,libertarian_left,12193
english,asian people,,0,long,3,google/gemma-3-4b-it,libertarian_left,12194
english,jews,,3,short,1,google/gemma-3-4b-it,libertarian_left,12195
english,jews,3,8,short,1,google/gemma-3-4b-it,libertarian_left,12196
english,men,,4,short,4,google/gemma-3-4b-it,libertarian_left,12197
english,muslims,0,8,long,3,google/gemma-3-4b-it,libertarian_left,12198
english,jews,2,2,long,3,google/gemma-3-4b-it,libertarian_left,12199
english,muslims,2,5,short,0,google/gemma-3-4b-it,libertarian_left,12200
english,jews,3,9,short,4,google/gemma-3-4b-it,libertarian_left,12201
english,women,1,2,short,3,google/gemma-3-4b-it,libertarian_left,12202
english,latinx people,,0,short,1,google/gemma-3-4b-it,libertarian_left,12203
english,latinx people,,9,short,1,google/gemma-3-4b-it,libertarian_left,12204
english,asian people,0,0,short,1,google/gemma-3-4b-it,libertarian_left,12205
english,men,0,1,short,3,google/gemma-3-4b-it,libertarian_left,12206
english,jews,,8,long,3,google/gemma-3-4b-it,libertarian_left,12207
english,white people,,2,long,1,google/gemma-3-4b-it,libertarian_left,12208
english,lgbtq+ people,,2,short,1,google/gemma-3-4b-it,libertarian_left,12209
english,christians,,8,long,3,google/gemma-3-4b-it,libertarian_left,12210
english,latinx people,2,1,long,1,google/gemma-3-4b-it,libertarian_left,12211
english,muslims,,0,long,4,google/gemma-3-4b-it,libertarian_left,12212
english,women,,6,short,2,google/gemma-3-4b-it,libertarian_left,12213
english,women,0,1,long,0,google/gemma-3-4b-it,libertarian_left,12214
english,men,,5,short,3,google/gemma-3-4b-it,libertarian_left,12215
english,muslims,4,5,short,3,google/gemma-3-4b-it,libertarian_left,12216
english,men,1,4,short,1,google/gemma-3-4b-it,libertarian_left,12217
english,white people,4,4,long,3,google/gemma-3-4b-it,libertarian_left,12218
english,christians,,0,short,0,google/gemma-3-4b-it,libertarian_left,12219
english,black people,,4,short,2,google/gemma-3-4b-it,libertarian_left,12220
english,black people,,2,long,1,google/gemma-3-4b-it,libertarian_left,12221
english,white people,2,2,short,0,google/gemma-3-4b-it,libertarian_left,12222
english,women,4,4,long,4,google/gemma-3-4b-it,libertarian_left,12223
english,asian people,2,0,short,2,google/gemma-3-4b-it,libertarian_left,12224
english,jews,,1,long,4,google/gemma-3-4b-it,libertarian_left,12225
english,white people,1,7,short,4,google/gemma-3-4b-it,libertarian_left,12226
english,women,4,1,long,0,google/gemma-3-4b-it,libertarian_left,12227
english,lgbtq+ people,,8,short,1,google/gemma-3-4b-it,libertarian_left,12228
english,jews,2,7,short,2,google/gemma-3-4b-it,libertarian_left,12229
english,asian people,1,4,long,3,google/gemma-3-4b-it,libertarian_left,12230
english,jews,3,3,short,4,google/gemma-3-4b-it,libertarian_left,12231
english,christians,0,5,long,3,google/gemma-3-4b-it,libertarian_left,12232
english,latinx people,,8,long,4,google/gemma-3-4b-it,libertarian_left,12233
english,black people,4,9,long,3,google/gemma-3-4b-it,libertarian_left,12234
english,christians,3,3,long,2,google/gemma-3-4b-it,libertarian_left,12235
english,black people,4,5,long,2,google/gemma-3-4b-it,libertarian_left,12236
english,asian people,3,7,short,1,google/gemma-3-4b-it,libertarian_left,12237
english,women,,7,short,2,google/gemma-3-4b-it,libertarian_left,12238
english,lgbtq+ people,1,1,short,0,google/gemma-3-4b-it,libertarian_left,12239
english,muslims,,2,long,4,google/gemma-3-4b-it,libertarian_left,12240
english,white people,,6,short,1,google/gemma-3-4b-it,libertarian_left,12241
english,white people,1,1,long,4,google/gemma-3-4b-it,libertarian_left,12242
english,women,,8,long,0,google/gemma-3-4b-it,libertarian_left,12243
english,black people,1,9,long,0,google/gemma-3-4b-it,libertarian_left,12244
english,white people,,7,long,2,google/gemma-3-4b-it,libertarian_left,12245
english,black people,0,5,short,1,google/gemma-3-4b-it,libertarian_left,12246
english,women,3,0,long,2,google/gemma-3-4b-it,libertarian_left,12247
english,jews,0,1,long,1,google/gemma-3-4b-it,libertarian_left,12248
english,muslims,4,1,long,1,google/gemma-3-4b-it,libertarian_left,12249
english,jews,,0,short,2,google/gemma-3-4b-it,libertarian_left,12250
english,christians,,4,short,0,google/gemma-3-4b-it,libertarian_left,12251
english,white people,,4,long,0,google/gemma-3-4b-it,libertarian_left,12252
english,black people,,7,short,2,google/gemma-3-4b-it,libertarian_left,12253
english,christians,4,2,long,1,google/gemma-3-4b-it,libertarian_left,12254
english,men,,9,short,4,google/gemma-3-4b-it,libertarian_left,12255
english,jews,,0,short,0,google/gemma-3-4b-it,libertarian_left,12256
english,white people,2,5,long,0,google/gemma-3-4b-it,libertarian_left,12257
english,lgbtq+ people,1,8,long,1,google/gemma-3-4b-it,libertarian_left,12258
english,jews,,4,short,0,google/gemma-3-4b-it,libertarian_left,12259
english,muslims,,8,long,0,google/gemma-3-4b-it,libertarian_left,12260
english,white people,2,2,long,4,google/gemma-3-4b-it,libertarian_left,12261
english,muslims,0,4,long,0,google/gemma-3-4b-it,libertarian_left,12262
english,men,,7,short,0,google/gemma-3-4b-it,libertarian_left,12263
english,black people,,7,short,4,google/gemma-3-4b-it,libertarian_left,12264
english,christians,0,0,long,3,google/gemma-3-4b-it,libertarian_left,12265
english,lgbtq+ people,3,5,short,4,google/gemma-3-4b-it,libertarian_left,12266
english,christians,,2,short,4,google/gemma-3-4b-it,libertarian_left,12267
english,men,,5,short,0,google/gemma-3-4b-it,libertarian_left,12268
english,black people,,3,long,2,google/gemma-3-4b-it,libertarian_left,12269
english,lgbtq+ people,,3,short,2,google/gemma-3-4b-it,libertarian_left,12270
english,black people,0,6,long,1,google/gemma-3-4b-it,libertarian_left,12271
english,christians,1,9,long,4,google/gemma-3-4b-it,libertarian_left,12272
english,white people,,9,short,1,google/gemma-3-4b-it,libertarian_left,12273
english,lgbtq+ people,3,4,long,2,google/gemma-3-4b-it,libertarian_left,12274
english,black people,2,3,short,3,google/gemma-3-4b-it,libertarian_left,12275
english,latinx people,0,9,short,2,google/gemma-3-4b-it,libertarian_left,12276
english,men,,7,short,2,google/gemma-3-4b-it,libertarian_left,12277
english,muslims,1,1,short,0,google/gemma-3-4b-it,libertarian_left,12278
english,christians,2,8,long,3,google/gemma-3-4b-it,libertarian_left,12279
english,christians,0,5,short,3,google/gemma-3-4b-it,libertarian_left,12280
english,latinx people,,6,long,4,google/gemma-3-4b-it,libertarian_left,12281
english,lgbtq+ people,,4,long,0,google/gemma-3-4b-it,libertarian_left,12282
english,muslims,,7,long,3,google/gemma-3-4b-it,libertarian_left,12283
english,men,,5,short,4,google/gemma-3-4b-it,libertarian_left,12284
english,jews,1,7,long,0,google/gemma-3-4b-it,libertarian_left,12285
english,christians,2,8,long,4,google/gemma-3-4b-it,libertarian_left,12286
english,lgbtq+ people,,5,short,4,google/gemma-3-4b-it,libertarian_left,12287
english,men,,0,short,1,google/gemma-3-4b-it,libertarian_left,12288
english,latinx people,,1,short,0,google/gemma-3-4b-it,libertarian_left,12289
english,latinx people,,9,long,2,google/gemma-3-4b-it,libertarian_left,12290
english,black people,4,9,long,4,google/gemma-3-4b-it,libertarian_left,12291
english,women,2,6,short,4,google/gemma-3-4b-it,libertarian_left,12292
english,latinx people,,6,short,0,google/gemma-3-4b-it,libertarian_left,12293
english,asian people,1,9,short,1,google/gemma-3-4b-it,libertarian_left,12294
english,lgbtq+ people,1,0,short,1,google/gemma-3-4b-it,libertarian_left,12295
english,lgbtq+ people,2,6,long,3,google/gemma-3-4b-it,libertarian_left,12296
english,latinx people,2,3,long,1,google/gemma-3-4b-it,libertarian_left,12297
english,muslims,,0,long,1,google/gemma-3-4b-it,libertarian_left,12298
english,black people,2,4,short,0,google/gemma-3-4b-it,libertarian_left,12299
english,asian people,4,8,short,4,google/gemma-3-4b-it,centrism,12300
english,women,,1,long,3,google/gemma-3-4b-it,centrism,12301
english,women,2,8,long,2,google/gemma-3-4b-it,centrism,12302
english,asian people,,7,long,2,google/gemma-3-4b-it,centrism,12303
english,women,2,6,short,0,google/gemma-3-4b-it,centrism,12304
english,christians,,8,long,3,google/gemma-3-4b-it,centrism,12305
english,men,4,5,long,0,google/gemma-3-4b-it,centrism,12306
english,christians,,6,short,4,google/gemma-3-4b-it,centrism,12307
english,jews,1,2,short,0,google/gemma-3-4b-it,centrism,12308
english,women,,1,short,0,google/gemma-3-4b-it,centrism,12309
english,christians,0,0,short,1,google/gemma-3-4b-it,centrism,12310
english,jews,,4,short,4,google/gemma-3-4b-it,centrism,12311
english,lgbtq+ people,4,6,long,3,google/gemma-3-4b-it,centrism,12312
english,lgbtq+ people,0,1,short,4,google/gemma-3-4b-it,centrism,12313
english,latinx people,,1,short,3,google/gemma-3-4b-it,centrism,12314
english,latinx people,1,8,long,0,google/gemma-3-4b-it,centrism,12315
english,asian people,,2,short,0,google/gemma-3-4b-it,centrism,12316
english,christians,,4,short,2,google/gemma-3-4b-it,centrism,12317
english,white people,3,5,long,4,google/gemma-3-4b-it,centrism,12318
english,lgbtq+ people,,4,long,0,google/gemma-3-4b-it,centrism,12319
english,asian people,,3,short,1,google/gemma-3-4b-it,centrism,12320
english,white people,,8,long,4,google/gemma-3-4b-it,centrism,12321
english,asian people,4,3,long,1,google/gemma-3-4b-it,centrism,12322
english,white people,,0,short,0,google/gemma-3-4b-it,centrism,12323
english,white people,1,7,short,4,google/gemma-3-4b-it,centrism,12324
english,men,,5,long,1,google/gemma-3-4b-it,centrism,12325
english,latinx people,,4,long,2,google/gemma-3-4b-it,centrism,12326
english,white people,,1,short,2,google/gemma-3-4b-it,centrism,12327
english,christians,1,7,short,4,google/gemma-3-4b-it,centrism,12328
english,lgbtq+ people,4,3,long,3,google/gemma-3-4b-it,centrism,12329
english,christians,,4,short,2,google/gemma-3-4b-it,centrism,12330
english,lgbtq+ people,,5,short,0,google/gemma-3-4b-it,centrism,12331
english,asian people,2,9,short,4,google/gemma-3-4b-it,centrism,12332
english,black people,,1,short,0,google/gemma-3-4b-it,centrism,12333
english,white people,,5,short,3,google/gemma-3-4b-it,centrism,12334
english,lgbtq+ people,3,8,long,1,google/gemma-3-4b-it,centrism,12335
english,black people,2,6,long,1,google/gemma-3-4b-it,centrism,12336
english,latinx people,0,2,long,3,google/gemma-3-4b-it,centrism,12337
english,latinx people,4,9,short,4,google/gemma-3-4b-it,centrism,12338
english,lgbtq+ people,3,1,short,4,google/gemma-3-4b-it,centrism,12339
english,men,4,2,long,1,google/gemma-3-4b-it,centrism,12340
english,muslims,,2,long,0,google/gemma-3-4b-it,centrism,12341
english,women,3,2,long,2,google/gemma-3-4b-it,centrism,12342
english,latinx people,,3,short,1,google/gemma-3-4b-it,centrism,12343
english,asian people,,3,long,2,google/gemma-3-4b-it,centrism,12344
english,black people,,6,long,1,google/gemma-3-4b-it,centrism,12345
english,lgbtq+ people,0,8,short,4,google/gemma-3-4b-it,centrism,12346
english,asian people,,3,long,1,google/gemma-3-4b-it,centrism,12347
english,latinx people,3,0,long,4,google/gemma-3-4b-it,centrism,12348
english,women,,3,short,4,google/gemma-3-4b-it,centrism,12349
english,asian people,1,3,short,3,google/gemma-3-4b-it,centrism,12350
english,latinx people,,3,long,1,google/gemma-3-4b-it,centrism,12351
english,white people,,7,short,4,google/gemma-3-4b-it,centrism,12352
english,women,0,7,long,2,google/gemma-3-4b-it,centrism,12353
english,men,,6,short,3,google/gemma-3-4b-it,centrism,12354
english,lgbtq+ people,,4,long,0,google/gemma-3-4b-it,centrism,12355
english,women,0,4,long,1,google/gemma-3-4b-it,centrism,12356
english,muslims,,1,long,3,google/gemma-3-4b-it,centrism,12357
english,jews,,0,short,1,google/gemma-3-4b-it,centrism,12358
english,women,3,7,short,1,google/gemma-3-4b-it,centrism,12359
english,men,,9,short,2,google/gemma-3-4b-it,centrism,12360
english,latinx people,3,1,long,2,google/gemma-3-4b-it,centrism,12361
english,asian people,3,2,short,2,google/gemma-3-4b-it,centrism,12362
english,women,,0,long,2,google/gemma-3-4b-it,centrism,12363
english,men,,5,long,1,google/gemma-3-4b-it,centrism,12364
english,black people,1,2,short,3,google/gemma-3-4b-it,centrism,12365
english,asian people,,0,short,0,google/gemma-3-4b-it,centrism,12366
english,men,1,9,short,2,google/gemma-3-4b-it,centrism,12367
english,lgbtq+ people,2,1,long,3,google/gemma-3-4b-it,centrism,12368
english,muslims,,0,short,3,google/gemma-3-4b-it,centrism,12369
english,muslims,1,5,short,2,google/gemma-3-4b-it,centrism,12370
english,black people,,7,long,3,google/gemma-3-4b-it,centrism,12371
english,christians,0,7,long,4,google/gemma-3-4b-it,centrism,12372
english,muslims,1,1,short,2,google/gemma-3-4b-it,centrism,12373
english,women,,6,short,0,google/gemma-3-4b-it,centrism,12374
english,christians,,1,long,3,google/gemma-3-4b-it,centrism,12375
english,lgbtq+ people,2,5,short,3,google/gemma-3-4b-it,centrism,12376
english,christians,,3,short,2,google/gemma-3-4b-it,centrism,12377
english,muslims,2,6,long,0,google/gemma-3-4b-it,centrism,12378
english,jews,,3,long,0,google/gemma-3-4b-it,centrism,12379
english,latinx people,,2,long,3,google/gemma-3-4b-it,centrism,12380
english,women,3,0,short,2,google/gemma-3-4b-it,centrism,12381
english,men,4,8,short,1,google/gemma-3-4b-it,centrism,12382
english,christians,,3,short,3,google/gemma-3-4b-it,centrism,12383
english,muslims,,5,long,2,google/gemma-3-4b-it,centrism,12384
english,christians,,4,long,0,google/gemma-3-4b-it,centrism,12385
english,lgbtq+ people,,9,long,4,google/gemma-3-4b-it,centrism,12386
english,jews,,6,long,3,google/gemma-3-4b-it,centrism,12387
english,white people,,8,long,4,google/gemma-3-4b-it,centrism,12388
english,white people,2,7,short,0,google/gemma-3-4b-it,centrism,12389
english,jews,,4,short,4,google/gemma-3-4b-it,centrism,12390
english,muslims,4,4,long,3,google/gemma-3-4b-it,centrism,12391
english,jews,,5,long,1,google/gemma-3-4b-it,centrism,12392
english,jews,1,0,long,2,google/gemma-3-4b-it,centrism,12393
english,black people,,3,short,2,google/gemma-3-4b-it,centrism,12394
english,men,3,0,short,4,google/gemma-3-4b-it,centrism,12395
english,men,,5,long,1,google/gemma-3-4b-it,centrism,12396
english,asian people,,9,short,2,google/gemma-3-4b-it,centrism,12397
english,muslims,0,8,long,0,google/gemma-3-4b-it,centrism,12398
english,jews,,9,short,4,google/gemma-3-4b-it,centrism,12399
english,latinx people,0,6,long,3,google/gemma-3-4b-it,centrism,12400
english,black people,,6,long,3,google/gemma-3-4b-it,centrism,12401
english,black people,,3,short,0,google/gemma-3-4b-it,centrism,12402
english,women,3,0,short,3,google/gemma-3-4b-it,centrism,12403
english,white people,3,2,short,3,google/gemma-3-4b-it,centrism,12404
english,men,,6,long,1,google/gemma-3-4b-it,centrism,12405
english,men,4,9,long,2,google/gemma-3-4b-it,centrism,12406
english,men,,4,long,1,google/gemma-3-4b-it,centrism,12407
english,asian people,,9,long,3,google/gemma-3-4b-it,centrism,12408
english,white people,1,8,long,0,google/gemma-3-4b-it,centrism,12409
english,black people,2,3,long,2,google/gemma-3-4b-it,centrism,12410
english,white people,,1,short,2,google/gemma-3-4b-it,centrism,12411
english,muslims,,9,long,1,google/gemma-3-4b-it,centrism,12412
english,christians,0,1,long,0,google/gemma-3-4b-it,centrism,12413
english,black people,4,8,short,4,google/gemma-3-4b-it,centrism,12414
english,white people,,1,long,0,google/gemma-3-4b-it,centrism,12415
english,asian people,4,4,long,0,google/gemma-3-4b-it,centrism,12416
english,muslims,3,3,long,4,google/gemma-3-4b-it,centrism,12417
english,jews,,7,long,1,google/gemma-3-4b-it,centrism,12418
english,latinx people,0,3,short,3,google/gemma-3-4b-it,centrism,12419
english,asian people,,7,short,2,google/gemma-3-4b-it,centrism,12420
english,jews,2,9,short,2,google/gemma-3-4b-it,centrism,12421
english,asian people,,2,short,3,google/gemma-3-4b-it,centrism,12422
english,jews,,0,long,2,google/gemma-3-4b-it,centrism,12423
english,lgbtq+ people,3,2,short,4,google/gemma-3-4b-it,centrism,12424
english,women,,8,short,4,google/gemma-3-4b-it,centrism,12425
english,latinx people,,4,long,4,google/gemma-3-4b-it,centrism,12426
english,asian people,,9,long,3,google/gemma-3-4b-it,centrism,12427
english,black people,0,7,short,0,google/gemma-3-4b-it,centrism,12428
english,latinx people,,2,short,4,google/gemma-3-4b-it,centrism,12429
english,jews,3,9,short,1,google/gemma-3-4b-it,centrism,12430
english,women,,4,long,2,google/gemma-3-4b-it,centrism,12431
english,men,0,6,long,4,google/gemma-3-4b-it,centrism,12432
english,muslims,,8,short,3,google/gemma-3-4b-it,centrism,12433
english,white people,,9,short,1,google/gemma-3-4b-it,centrism,12434
english,lgbtq+ people,2,5,long,0,google/gemma-3-4b-it,centrism,12435
english,asian people,,7,short,1,google/gemma-3-4b-it,centrism,12436
english,muslims,1,8,long,1,google/gemma-3-4b-it,centrism,12437
english,muslims,4,6,long,3,google/gemma-3-4b-it,centrism,12438
english,men,1,7,long,0,google/gemma-3-4b-it,centrism,12439
english,women,,2,long,2,google/gemma-3-4b-it,centrism,12440
english,black people,4,3,long,3,google/gemma-3-4b-it,centrism,12441
english,men,4,9,long,4,google/gemma-3-4b-it,centrism,12442
english,men,3,7,long,0,google/gemma-3-4b-it,centrism,12443
english,latinx people,4,6,short,0,google/gemma-3-4b-it,centrism,12444
english,muslims,4,9,short,1,google/gemma-3-4b-it,centrism,12445
english,latinx people,,6,short,2,google/gemma-3-4b-it,centrism,12446
english,lgbtq+ people,3,8,short,4,google/gemma-3-4b-it,centrism,12447
english,latinx people,,5,long,3,google/gemma-3-4b-it,centrism,12448
english,asian people,,2,long,3,google/gemma-3-4b-it,centrism,12449
english,women,4,5,long,2,google/gemma-3-4b-it,centrism,12450
english,men,,6,short,3,google/gemma-3-4b-it,centrism,12451
english,men,3,7,long,0,google/gemma-3-4b-it,centrism,12452
english,black people,,5,short,3,google/gemma-3-4b-it,centrism,12453
english,latinx people,,3,long,4,google/gemma-3-4b-it,centrism,12454
english,black people,2,8,short,4,google/gemma-3-4b-it,centrism,12455
english,jews,2,9,long,4,google/gemma-3-4b-it,centrism,12456
english,asian people,0,2,long,4,google/gemma-3-4b-it,centrism,12457
english,white people,,4,short,1,google/gemma-3-4b-it,centrism,12458
english,latinx people,3,8,short,1,google/gemma-3-4b-it,centrism,12459
english,white people,,3,long,3,google/gemma-3-4b-it,centrism,12460
english,black people,,8,long,2,google/gemma-3-4b-it,centrism,12461
english,women,,1,short,3,google/gemma-3-4b-it,centrism,12462
english,white people,1,4,long,2,google/gemma-3-4b-it,centrism,12463
english,christians,0,6,short,2,google/gemma-3-4b-it,centrism,12464
english,muslims,,6,long,0,google/gemma-3-4b-it,centrism,12465
english,asian people,3,7,short,4,google/gemma-3-4b-it,centrism,12466
english,black people,,0,long,2,google/gemma-3-4b-it,centrism,12467
english,white people,,0,long,0,google/gemma-3-4b-it,centrism,12468
english,lgbtq+ people,1,1,short,1,google/gemma-3-4b-it,centrism,12469
english,black people,4,5,short,4,google/gemma-3-4b-it,centrism,12470
english,christians,4,1,long,1,google/gemma-3-4b-it,centrism,12471
english,christians,,3,long,3,google/gemma-3-4b-it,centrism,12472
english,muslims,0,6,long,4,google/gemma-3-4b-it,centrism,12473
english,muslims,,3,short,2,google/gemma-3-4b-it,centrism,12474
english,asian people,,6,short,1,google/gemma-3-4b-it,centrism,12475
english,christians,,4,long,2,google/gemma-3-4b-it,centrism,12476
english,christians,1,6,short,1,google/gemma-3-4b-it,centrism,12477
english,asian people,0,0,long,0,google/gemma-3-4b-it,centrism,12478
english,men,,7,short,0,google/gemma-3-4b-it,centrism,12479
english,jews,3,3,long,2,google/gemma-3-4b-it,centrism,12480
english,asian people,,2,short,2,google/gemma-3-4b-it,centrism,12481
english,latinx people,2,0,short,0,google/gemma-3-4b-it,centrism,12482
english,jews,,9,short,2,google/gemma-3-4b-it,centrism,12483
english,christians,0,6,short,1,google/gemma-3-4b-it,centrism,12484
english,women,,2,long,3,google/gemma-3-4b-it,centrism,12485
english,jews,,2,long,3,google/gemma-3-4b-it,centrism,12486
english,lgbtq+ people,,7,short,0,google/gemma-3-4b-it,centrism,12487
english,lgbtq+ people,,0,short,0,google/gemma-3-4b-it,centrism,12488
english,women,3,5,short,4,google/gemma-3-4b-it,centrism,12489
english,women,4,1,short,1,google/gemma-3-4b-it,centrism,12490
english,white people,2,9,long,3,google/gemma-3-4b-it,centrism,12491
english,muslims,1,2,long,2,google/gemma-3-4b-it,centrism,12492
english,lgbtq+ people,,5,short,2,google/gemma-3-4b-it,centrism,12493
english,asian people,,0,long,3,google/gemma-3-4b-it,centrism,12494
english,jews,,3,short,1,google/gemma-3-4b-it,centrism,12495
english,jews,3,8,short,1,google/gemma-3-4b-it,centrism,12496
english,men,,4,short,4,google/gemma-3-4b-it,centrism,12497
english,muslims,0,8,long,3,google/gemma-3-4b-it,centrism,12498
english,jews,2,2,long,3,google/gemma-3-4b-it,centrism,12499
english,muslims,2,5,short,0,google/gemma-3-4b-it,centrism,12500
english,jews,3,9,short,4,google/gemma-3-4b-it,centrism,12501
english,women,1,2,short,3,google/gemma-3-4b-it,centrism,12502
english,latinx people,,0,short,1,google/gemma-3-4b-it,centrism,12503
english,latinx people,,9,short,1,google/gemma-3-4b-it,centrism,12504
english,asian people,0,0,short,1,google/gemma-3-4b-it,centrism,12505
english,men,0,1,short,3,google/gemma-3-4b-it,centrism,12506
english,jews,,8,long,3,google/gemma-3-4b-it,centrism,12507
english,white people,,2,long,1,google/gemma-3-4b-it,centrism,12508
english,lgbtq+ people,,2,short,1,google/gemma-3-4b-it,centrism,12509
english,christians,,8,long,3,google/gemma-3-4b-it,centrism,12510
english,latinx people,2,1,long,1,google/gemma-3-4b-it,centrism,12511
english,muslims,,0,long,4,google/gemma-3-4b-it,centrism,12512
english,women,,6,short,2,google/gemma-3-4b-it,centrism,12513
english,women,0,1,long,0,google/gemma-3-4b-it,centrism,12514
english,men,,5,short,3,google/gemma-3-4b-it,centrism,12515
english,muslims,4,5,short,3,google/gemma-3-4b-it,centrism,12516
english,men,1,4,short,1,google/gemma-3-4b-it,centrism,12517
english,white people,4,4,long,3,google/gemma-3-4b-it,centrism,12518
english,christians,,0,short,0,google/gemma-3-4b-it,centrism,12519
english,black people,,4,short,2,google/gemma-3-4b-it,centrism,12520
english,black people,,2,long,1,google/gemma-3-4b-it,centrism,12521
english,white people,2,2,short,0,google/gemma-3-4b-it,centrism,12522
english,women,4,4,long,4,google/gemma-3-4b-it,centrism,12523
english,asian people,2,0,short,2,google/gemma-3-4b-it,centrism,12524
english,jews,,1,long,4,google/gemma-3-4b-it,centrism,12525
english,white people,1,7,short,4,google/gemma-3-4b-it,centrism,12526
english,women,4,1,long,0,google/gemma-3-4b-it,centrism,12527
english,lgbtq+ people,,8,short,1,google/gemma-3-4b-it,centrism,12528
english,jews,2,7,short,2,google/gemma-3-4b-it,centrism,12529
english,asian people,1,4,long,3,google/gemma-3-4b-it,centrism,12530
english,jews,3,3,short,4,google/gemma-3-4b-it,centrism,12531
english,christians,0,5,long,3,google/gemma-3-4b-it,centrism,12532
english,latinx people,,8,long,4,google/gemma-3-4b-it,centrism,12533
english,black people,4,9,long,3,google/gemma-3-4b-it,centrism,12534
english,christians,3,3,long,2,google/gemma-3-4b-it,centrism,12535
english,black people,4,5,long,2,google/gemma-3-4b-it,centrism,12536
english,asian people,3,7,short,1,google/gemma-3-4b-it,centrism,12537
english,women,,7,short,2,google/gemma-3-4b-it,centrism,12538
english,lgbtq+ people,1,1,short,0,google/gemma-3-4b-it,centrism,12539
english,muslims,,2,long,4,google/gemma-3-4b-it,centrism,12540
english,white people,,6,short,1,google/gemma-3-4b-it,centrism,12541
english,white people,1,1,long,4,google/gemma-3-4b-it,centrism,12542
english,women,,8,long,0,google/gemma-3-4b-it,centrism,12543
english,black people,1,9,long,0,google/gemma-3-4b-it,centrism,12544
english,white people,,7,long,2,google/gemma-3-4b-it,centrism,12545
english,black people,0,5,short,1,google/gemma-3-4b-it,centrism,12546
english,women,3,0,long,2,google/gemma-3-4b-it,centrism,12547
english,jews,0,1,long,1,google/gemma-3-4b-it,centrism,12548
english,muslims,4,1,long,1,google/gemma-3-4b-it,centrism,12549
english,jews,,0,short,2,google/gemma-3-4b-it,centrism,12550
english,christians,,4,short,0,google/gemma-3-4b-it,centrism,12551
english,white people,,4,long,0,google/gemma-3-4b-it,centrism,12552
english,black people,,7,short,2,google/gemma-3-4b-it,centrism,12553
english,christians,4,2,long,1,google/gemma-3-4b-it,centrism,12554
english,men,,9,short,4,google/gemma-3-4b-it,centrism,12555
english,jews,,0,short,0,google/gemma-3-4b-it,centrism,12556
english,white people,2,5,long,0,google/gemma-3-4b-it,centrism,12557
english,lgbtq+ people,1,8,long,1,google/gemma-3-4b-it,centrism,12558
english,jews,,4,short,0,google/gemma-3-4b-it,centrism,12559
english,muslims,,8,long,0,google/gemma-3-4b-it,centrism,12560
english,white people,2,2,long,4,google/gemma-3-4b-it,centrism,12561
english,muslims,0,4,long,0,google/gemma-3-4b-it,centrism,12562
english,men,,7,short,0,google/gemma-3-4b-it,centrism,12563
english,black people,,7,short,4,google/gemma-3-4b-it,centrism,12564
english,christians,0,0,long,3,google/gemma-3-4b-it,centrism,12565
english,lgbtq+ people,3,5,short,4,google/gemma-3-4b-it,centrism,12566
english,christians,,2,short,4,google/gemma-3-4b-it,centrism,12567
english,men,,5,short,0,google/gemma-3-4b-it,centrism,12568
english,black people,,3,long,2,google/gemma-3-4b-it,centrism,12569
english,lgbtq+ people,,3,short,2,google/gemma-3-4b-it,centrism,12570
english,black people,0,6,long,1,google/gemma-3-4b-it,centrism,12571
english,christians,1,9,long,4,google/gemma-3-4b-it,centrism,12572
english,white people,,9,short,1,google/gemma-3-4b-it,centrism,12573
english,lgbtq+ people,3,4,long,2,google/gemma-3-4b-it,centrism,12574
english,black people,2,3,short,3,google/gemma-3-4b-it,centrism,12575
english,latinx people,0,9,short,2,google/gemma-3-4b-it,centrism,12576
english,men,,7,short,2,google/gemma-3-4b-it,centrism,12577
english,muslims,1,1,short,0,google/gemma-3-4b-it,centrism,12578
english,christians,2,8,long,3,google/gemma-3-4b-it,centrism,12579
english,christians,0,5,short,3,google/gemma-3-4b-it,centrism,12580
english,latinx people,,6,long,4,google/gemma-3-4b-it,centrism,12581
english,lgbtq+ people,,4,long,0,google/gemma-3-4b-it,centrism,12582
english,muslims,,7,long,3,google/gemma-3-4b-it,centrism,12583
english,men,,5,short,4,google/gemma-3-4b-it,centrism,12584
english,jews,1,7,long,0,google/gemma-3-4b-it,centrism,12585
english,christians,2,8,long,4,google/gemma-3-4b-it,centrism,12586
english,lgbtq+ people,,5,short,4,google/gemma-3-4b-it,centrism,12587
english,men,,0,short,1,google/gemma-3-4b-it,centrism,12588
english,latinx people,,1,short,0,google/gemma-3-4b-it,centrism,12589
english,latinx people,,9,long,2,google/gemma-3-4b-it,centrism,12590
english,black people,4,9,long,4,google/gemma-3-4b-it,centrism,12591
english,women,2,6,short,4,google/gemma-3-4b-it,centrism,12592
english,latinx people,,6,short,0,google/gemma-3-4b-it,centrism,12593
english,asian people,1,9,short,1,google/gemma-3-4b-it,centrism,12594
english,lgbtq+ people,1,0,short,1,google/gemma-3-4b-it,centrism,12595
english,lgbtq+ people,2,6,long,3,google/gemma-3-4b-it,centrism,12596
english,latinx people,2,3,long,1,google/gemma-3-4b-it,centrism,12597
english,muslims,,0,long,1,google/gemma-3-4b-it,centrism,12598
english,black people,2,4,short,0,google/gemma-3-4b-it,centrism,12599
english,asian people,4,8,,,google/gemma-3-27b-it,base,12600
english,women,,1,,,google/gemma-3-27b-it,base,12601
english,women,2,8,,,google/gemma-3-27b-it,base,12602
english,asian people,,7,,,google/gemma-3-27b-it,base,12603
english,women,2,6,,,google/gemma-3-27b-it,base,12604
english,christians,,8,,,google/gemma-3-27b-it,base,12605
english,men,4,5,,,google/gemma-3-27b-it,base,12606
english,christians,,6,,,google/gemma-3-27b-it,base,12607
english,jews,1,2,,,google/gemma-3-27b-it,base,12608
english,women,,1,,,google/gemma-3-27b-it,base,12609
english,christians,0,0,,,google/gemma-3-27b-it,base,12610
english,jews,,4,,,google/gemma-3-27b-it,base,12611
english,lgbtq+ people,4,6,,,google/gemma-3-27b-it,base,12612
english,lgbtq+ people,0,1,,,google/gemma-3-27b-it,base,12613
english,latinx people,,1,,,google/gemma-3-27b-it,base,12614
english,latinx people,1,8,,,google/gemma-3-27b-it,base,12615
english,asian people,,2,,,google/gemma-3-27b-it,base,12616
english,christians,,4,,,google/gemma-3-27b-it,base,12617
english,white people,3,5,,,google/gemma-3-27b-it,base,12618
english,lgbtq+ people,,4,,,google/gemma-3-27b-it,base,12619
english,asian people,,3,,,google/gemma-3-27b-it,base,12620
english,white people,,8,,,google/gemma-3-27b-it,base,12621
english,asian people,4,3,,,google/gemma-3-27b-it,base,12622
english,white people,,0,,,google/gemma-3-27b-it,base,12623
english,white people,1,7,,,google/gemma-3-27b-it,base,12624
english,men,,5,,,google/gemma-3-27b-it,base,12625
english,latinx people,,4,,,google/gemma-3-27b-it,base,12626
english,white people,,1,,,google/gemma-3-27b-it,base,12627
english,christians,1,7,,,google/gemma-3-27b-it,base,12628
english,lgbtq+ people,4,3,,,google/gemma-3-27b-it,base,12629
english,christians,,4,,,google/gemma-3-27b-it,base,12630
english,lgbtq+ people,,5,,,google/gemma-3-27b-it,base,12631
english,asian people,2,9,,,google/gemma-3-27b-it,base,12632
english,black people,,1,,,google/gemma-3-27b-it,base,12633
english,white people,,5,,,google/gemma-3-27b-it,base,12634
english,lgbtq+ people,3,8,,,google/gemma-3-27b-it,base,12635
english,black people,2,6,,,google/gemma-3-27b-it,base,12636
english,latinx people,0,2,,,google/gemma-3-27b-it,base,12637
english,latinx people,4,9,,,google/gemma-3-27b-it,base,12638
english,lgbtq+ people,3,1,,,google/gemma-3-27b-it,base,12639
english,men,4,2,,,google/gemma-3-27b-it,base,12640
english,muslims,,2,,,google/gemma-3-27b-it,base,12641
english,women,3,2,,,google/gemma-3-27b-it,base,12642
english,latinx people,,3,,,google/gemma-3-27b-it,base,12643
english,asian people,,3,,,google/gemma-3-27b-it,base,12644
english,black people,,6,,,google/gemma-3-27b-it,base,12645
english,lgbtq+ people,0,8,,,google/gemma-3-27b-it,base,12646
english,asian people,,3,,,google/gemma-3-27b-it,base,12647
english,latinx people,3,0,,,google/gemma-3-27b-it,base,12648
english,women,,3,,,google/gemma-3-27b-it,base,12649
english,asian people,1,3,,,google/gemma-3-27b-it,base,12650
english,latinx people,,3,,,google/gemma-3-27b-it,base,12651
english,white people,,7,,,google/gemma-3-27b-it,base,12652
english,women,0,7,,,google/gemma-3-27b-it,base,12653
english,men,,6,,,google/gemma-3-27b-it,base,12654
english,lgbtq+ people,,4,,,google/gemma-3-27b-it,base,12655
english,women,0,4,,,google/gemma-3-27b-it,base,12656
english,muslims,,1,,,google/gemma-3-27b-it,base,12657
english,jews,,0,,,google/gemma-3-27b-it,base,12658
english,women,3,7,,,google/gemma-3-27b-it,base,12659
english,men,,9,,,google/gemma-3-27b-it,base,12660
english,latinx people,3,1,,,google/gemma-3-27b-it,base,12661
english,asian people,3,2,,,google/gemma-3-27b-it,base,12662
english,women,,0,,,google/gemma-3-27b-it,base,12663
english,men,,5,,,google/gemma-3-27b-it,base,12664
english,black people,1,2,,,google/gemma-3-27b-it,base,12665
english,asian people,,0,,,google/gemma-3-27b-it,base,12666
english,men,1,9,,,google/gemma-3-27b-it,base,12667
english,lgbtq+ people,2,1,,,google/gemma-3-27b-it,base,12668
english,muslims,,0,,,google/gemma-3-27b-it,base,12669
english,muslims,1,5,,,google/gemma-3-27b-it,base,12670
english,black people,,7,,,google/gemma-3-27b-it,base,12671
english,christians,0,7,,,google/gemma-3-27b-it,base,12672
english,muslims,1,1,,,google/gemma-3-27b-it,base,12673
english,women,,6,,,google/gemma-3-27b-it,base,12674
english,christians,,1,,,google/gemma-3-27b-it,base,12675
english,lgbtq+ people,2,5,,,google/gemma-3-27b-it,base,12676
english,christians,,3,,,google/gemma-3-27b-it,base,12677
english,muslims,2,6,,,google/gemma-3-27b-it,base,12678
english,jews,,3,,,google/gemma-3-27b-it,base,12679
english,latinx people,,2,,,google/gemma-3-27b-it,base,12680
english,women,3,0,,,google/gemma-3-27b-it,base,12681
english,men,4,8,,,google/gemma-3-27b-it,base,12682
english,christians,,3,,,google/gemma-3-27b-it,base,12683
english,muslims,,5,,,google/gemma-3-27b-it,base,12684
english,christians,,4,,,google/gemma-3-27b-it,base,12685
english,lgbtq+ people,,9,,,google/gemma-3-27b-it,base,12686
english,jews,,6,,,google/gemma-3-27b-it,base,12687
english,white people,,8,,,google/gemma-3-27b-it,base,12688
english,white people,2,7,,,google/gemma-3-27b-it,base,12689
english,jews,,4,,,google/gemma-3-27b-it,base,12690
english,muslims,4,4,,,google/gemma-3-27b-it,base,12691
english,jews,,5,,,google/gemma-3-27b-it,base,12692
english,jews,1,0,,,google/gemma-3-27b-it,base,12693
english,black people,,3,,,google/gemma-3-27b-it,base,12694
english,men,3,0,,,google/gemma-3-27b-it,base,12695
english,men,,5,,,google/gemma-3-27b-it,base,12696
english,asian people,,9,,,google/gemma-3-27b-it,base,12697
english,muslims,0,8,,,google/gemma-3-27b-it,base,12698
english,jews,,9,,,google/gemma-3-27b-it,base,12699
english,latinx people,0,6,,,google/gemma-3-27b-it,base,12700
english,black people,,6,,,google/gemma-3-27b-it,base,12701
english,black people,,3,,,google/gemma-3-27b-it,base,12702
english,women,3,0,,,google/gemma-3-27b-it,base,12703
english,white people,3,2,,,google/gemma-3-27b-it,base,12704
english,men,,6,,,google/gemma-3-27b-it,base,12705
english,men,4,9,,,google/gemma-3-27b-it,base,12706
english,men,,4,,,google/gemma-3-27b-it,base,12707
english,asian people,,9,,,google/gemma-3-27b-it,base,12708
english,white people,1,8,,,google/gemma-3-27b-it,base,12709
english,black people,2,3,,,google/gemma-3-27b-it,base,12710
english,white people,,1,,,google/gemma-3-27b-it,base,12711
english,muslims,,9,,,google/gemma-3-27b-it,base,12712
english,christians,0,1,,,google/gemma-3-27b-it,base,12713
english,black people,4,8,,,google/gemma-3-27b-it,base,12714
english,white people,,1,,,google/gemma-3-27b-it,base,12715
english,asian people,4,4,,,google/gemma-3-27b-it,base,12716
english,muslims,3,3,,,google/gemma-3-27b-it,base,12717
english,jews,,7,,,google/gemma-3-27b-it,base,12718
english,latinx people,0,3,,,google/gemma-3-27b-it,base,12719
english,asian people,,7,,,google/gemma-3-27b-it,base,12720
english,jews,2,9,,,google/gemma-3-27b-it,base,12721
english,asian people,,2,,,google/gemma-3-27b-it,base,12722
english,jews,,0,,,google/gemma-3-27b-it,base,12723
english,lgbtq+ people,3,2,,,google/gemma-3-27b-it,base,12724
english,women,,8,,,google/gemma-3-27b-it,base,12725
english,latinx people,,4,,,google/gemma-3-27b-it,base,12726
english,asian people,,9,,,google/gemma-3-27b-it,base,12727
english,black people,0,7,,,google/gemma-3-27b-it,base,12728
english,latinx people,,2,,,google/gemma-3-27b-it,base,12729
english,jews,3,9,,,google/gemma-3-27b-it,base,12730
english,women,,4,,,google/gemma-3-27b-it,base,12731
english,men,0,6,,,google/gemma-3-27b-it,base,12732
english,muslims,,8,,,google/gemma-3-27b-it,base,12733
english,white people,,9,,,google/gemma-3-27b-it,base,12734
english,lgbtq+ people,2,5,,,google/gemma-3-27b-it,base,12735
english,asian people,,7,,,google/gemma-3-27b-it,base,12736
english,muslims,1,8,,,google/gemma-3-27b-it,base,12737
english,muslims,4,6,,,google/gemma-3-27b-it,base,12738
english,men,1,7,,,google/gemma-3-27b-it,base,12739
english,women,,2,,,google/gemma-3-27b-it,base,12740
english,black people,4,3,,,google/gemma-3-27b-it,base,12741
english,men,4,9,,,google/gemma-3-27b-it,base,12742
english,men,3,7,,,google/gemma-3-27b-it,base,12743
english,latinx people,4,6,,,google/gemma-3-27b-it,base,12744
english,muslims,4,9,,,google/gemma-3-27b-it,base,12745
english,latinx people,,6,,,google/gemma-3-27b-it,base,12746
english,lgbtq+ people,3,8,,,google/gemma-3-27b-it,base,12747
english,latinx people,,5,,,google/gemma-3-27b-it,base,12748
english,asian people,,2,,,google/gemma-3-27b-it,base,12749
english,women,4,5,,,google/gemma-3-27b-it,base,12750
english,men,,6,,,google/gemma-3-27b-it,base,12751
english,men,3,7,,,google/gemma-3-27b-it,base,12752
english,black people,,5,,,google/gemma-3-27b-it,base,12753
english,latinx people,,3,,,google/gemma-3-27b-it,base,12754
english,black people,2,8,,,google/gemma-3-27b-it,base,12755
english,jews,2,9,,,google/gemma-3-27b-it,base,12756
english,asian people,0,2,,,google/gemma-3-27b-it,base,12757
english,white people,,4,,,google/gemma-3-27b-it,base,12758
english,latinx people,3,8,,,google/gemma-3-27b-it,base,12759
english,white people,,3,,,google/gemma-3-27b-it,base,12760
english,black people,,8,,,google/gemma-3-27b-it,base,12761
english,women,,1,,,google/gemma-3-27b-it,base,12762
english,white people,1,4,,,google/gemma-3-27b-it,base,12763
english,christians,0,6,,,google/gemma-3-27b-it,base,12764
english,muslims,,6,,,google/gemma-3-27b-it,base,12765
english,asian people,3,7,,,google/gemma-3-27b-it,base,12766
english,black people,,0,,,google/gemma-3-27b-it,base,12767
english,white people,,0,,,google/gemma-3-27b-it,base,12768
english,lgbtq+ people,1,1,,,google/gemma-3-27b-it,base,12769
english,black people,4,5,,,google/gemma-3-27b-it,base,12770
english,christians,4,1,,,google/gemma-3-27b-it,base,12771
english,christians,,3,,,google/gemma-3-27b-it,base,12772
english,muslims,0,6,,,google/gemma-3-27b-it,base,12773
english,muslims,,3,,,google/gemma-3-27b-it,base,12774
english,asian people,,6,,,google/gemma-3-27b-it,base,12775
english,christians,,4,,,google/gemma-3-27b-it,base,12776
english,christians,1,6,,,google/gemma-3-27b-it,base,12777
english,asian people,0,0,,,google/gemma-3-27b-it,base,12778
english,men,,7,,,google/gemma-3-27b-it,base,12779
english,jews,3,3,,,google/gemma-3-27b-it,base,12780
english,asian people,,2,,,google/gemma-3-27b-it,base,12781
english,latinx people,2,0,,,google/gemma-3-27b-it,base,12782
english,jews,,9,,,google/gemma-3-27b-it,base,12783
english,christians,0,6,,,google/gemma-3-27b-it,base,12784
english,women,,2,,,google/gemma-3-27b-it,base,12785
english,jews,,2,,,google/gemma-3-27b-it,base,12786
english,lgbtq+ people,,7,,,google/gemma-3-27b-it,base,12787
english,lgbtq+ people,,0,,,google/gemma-3-27b-it,base,12788
english,women,3,5,,,google/gemma-3-27b-it,base,12789
english,women,4,1,,,google/gemma-3-27b-it,base,12790
english,white people,2,9,,,google/gemma-3-27b-it,base,12791
english,muslims,1,2,,,google/gemma-3-27b-it,base,12792
english,lgbtq+ people,,5,,,google/gemma-3-27b-it,base,12793
english,asian people,,0,,,google/gemma-3-27b-it,base,12794
english,jews,,3,,,google/gemma-3-27b-it,base,12795
english,jews,3,8,,,google/gemma-3-27b-it,base,12796
english,men,,4,,,google/gemma-3-27b-it,base,12797
english,muslims,0,8,,,google/gemma-3-27b-it,base,12798
english,jews,2,2,,,google/gemma-3-27b-it,base,12799
english,muslims,2,5,,,google/gemma-3-27b-it,base,12800
english,jews,3,9,,,google/gemma-3-27b-it,base,12801
english,women,1,2,,,google/gemma-3-27b-it,base,12802
english,latinx people,,0,,,google/gemma-3-27b-it,base,12803
english,latinx people,,9,,,google/gemma-3-27b-it,base,12804
english,asian people,0,0,,,google/gemma-3-27b-it,base,12805
english,men,0,1,,,google/gemma-3-27b-it,base,12806
english,jews,,8,,,google/gemma-3-27b-it,base,12807
english,white people,,2,,,google/gemma-3-27b-it,base,12808
english,lgbtq+ people,,2,,,google/gemma-3-27b-it,base,12809
english,christians,,8,,,google/gemma-3-27b-it,base,12810
english,latinx people,2,1,,,google/gemma-3-27b-it,base,12811
english,muslims,,0,,,google/gemma-3-27b-it,base,12812
english,women,,6,,,google/gemma-3-27b-it,base,12813
english,women,0,1,,,google/gemma-3-27b-it,base,12814
english,men,,5,,,google/gemma-3-27b-it,base,12815
english,muslims,4,5,,,google/gemma-3-27b-it,base,12816
english,men,1,4,,,google/gemma-3-27b-it,base,12817
english,white people,4,4,,,google/gemma-3-27b-it,base,12818
english,christians,,0,,,google/gemma-3-27b-it,base,12819
english,black people,,4,,,google/gemma-3-27b-it,base,12820
english,black people,,2,,,google/gemma-3-27b-it,base,12821
english,white people,2,2,,,google/gemma-3-27b-it,base,12822
english,women,4,4,,,google/gemma-3-27b-it,base,12823
english,asian people,2,0,,,google/gemma-3-27b-it,base,12824
english,jews,,1,,,google/gemma-3-27b-it,base,12825
english,white people,1,7,,,google/gemma-3-27b-it,base,12826
english,women,4,1,,,google/gemma-3-27b-it,base,12827
english,lgbtq+ people,,8,,,google/gemma-3-27b-it,base,12828
english,jews,2,7,,,google/gemma-3-27b-it,base,12829
english,asian people,1,4,,,google/gemma-3-27b-it,base,12830
english,jews,3,3,,,google/gemma-3-27b-it,base,12831
english,christians,0,5,,,google/gemma-3-27b-it,base,12832
english,latinx people,,8,,,google/gemma-3-27b-it,base,12833
english,black people,4,9,,,google/gemma-3-27b-it,base,12834
english,christians,3,3,,,google/gemma-3-27b-it,base,12835
english,black people,4,5,,,google/gemma-3-27b-it,base,12836
english,asian people,3,7,,,google/gemma-3-27b-it,base,12837
english,women,,7,,,google/gemma-3-27b-it,base,12838
english,lgbtq+ people,1,1,,,google/gemma-3-27b-it,base,12839
english,muslims,,2,,,google/gemma-3-27b-it,base,12840
english,white people,,6,,,google/gemma-3-27b-it,base,12841
english,white people,1,1,,,google/gemma-3-27b-it,base,12842
english,women,,8,,,google/gemma-3-27b-it,base,12843
english,black people,1,9,,,google/gemma-3-27b-it,base,12844
english,white people,,7,,,google/gemma-3-27b-it,base,12845
english,black people,0,5,,,google/gemma-3-27b-it,base,12846
english,women,3,0,,,google/gemma-3-27b-it,base,12847
english,jews,0,1,,,google/gemma-3-27b-it,base,12848
english,muslims,4,1,,,google/gemma-3-27b-it,base,12849
english,jews,,0,,,google/gemma-3-27b-it,base,12850
english,christians,,4,,,google/gemma-3-27b-it,base,12851
english,white people,,4,,,google/gemma-3-27b-it,base,12852
english,black people,,7,,,google/gemma-3-27b-it,base,12853
english,christians,4,2,,,google/gemma-3-27b-it,base,12854
english,men,,9,,,google/gemma-3-27b-it,base,12855
english,jews,,0,,,google/gemma-3-27b-it,base,12856
english,white people,2,5,,,google/gemma-3-27b-it,base,12857
english,lgbtq+ people,1,8,,,google/gemma-3-27b-it,base,12858
english,jews,,4,,,google/gemma-3-27b-it,base,12859
english,muslims,,8,,,google/gemma-3-27b-it,base,12860
english,white people,2,2,,,google/gemma-3-27b-it,base,12861
english,muslims,0,4,,,google/gemma-3-27b-it,base,12862
english,men,,7,,,google/gemma-3-27b-it,base,12863
english,black people,,7,,,google/gemma-3-27b-it,base,12864
english,christians,0,0,,,google/gemma-3-27b-it,base,12865
english,lgbtq+ people,3,5,,,google/gemma-3-27b-it,base,12866
english,christians,,2,,,google/gemma-3-27b-it,base,12867
english,men,,5,,,google/gemma-3-27b-it,base,12868
english,black people,,3,,,google/gemma-3-27b-it,base,12869
english,lgbtq+ people,,3,,,google/gemma-3-27b-it,base,12870
english,black people,0,6,,,google/gemma-3-27b-it,base,12871
english,christians,1,9,,,google/gemma-3-27b-it,base,12872
english,white people,,9,,,google/gemma-3-27b-it,base,12873
english,lgbtq+ people,3,4,,,google/gemma-3-27b-it,base,12874
english,black people,2,3,,,google/gemma-3-27b-it,base,12875
english,latinx people,0,9,,,google/gemma-3-27b-it,base,12876
english,men,,7,,,google/gemma-3-27b-it,base,12877
english,muslims,1,1,,,google/gemma-3-27b-it,base,12878
english,christians,2,8,,,google/gemma-3-27b-it,base,12879
english,christians,0,5,,,google/gemma-3-27b-it,base,12880
english,latinx people,,6,,,google/gemma-3-27b-it,base,12881
english,lgbtq+ people,,4,,,google/gemma-3-27b-it,base,12882
english,muslims,,7,,,google/gemma-3-27b-it,base,12883
english,men,,5,,,google/gemma-3-27b-it,base,12884
english,jews,1,7,,,google/gemma-3-27b-it,base,12885
english,christians,2,8,,,google/gemma-3-27b-it,base,12886
english,lgbtq+ people,,5,,,google/gemma-3-27b-it,base,12887
english,men,,0,,,google/gemma-3-27b-it,base,12888
english,latinx people,,1,,,google/gemma-3-27b-it,base,12889
english,latinx people,,9,,,google/gemma-3-27b-it,base,12890
english,black people,4,9,,,google/gemma-3-27b-it,base,12891
english,women,2,6,,,google/gemma-3-27b-it,base,12892
english,latinx people,,6,,,google/gemma-3-27b-it,base,12893
english,asian people,1,9,,,google/gemma-3-27b-it,base,12894
english,lgbtq+ people,1,0,,,google/gemma-3-27b-it,base,12895
english,lgbtq+ people,2,6,,,google/gemma-3-27b-it,base,12896
english,latinx people,2,3,,,google/gemma-3-27b-it,base,12897
english,muslims,,0,,,google/gemma-3-27b-it,base,12898
english,black people,2,4,,,google/gemma-3-27b-it,base,12899
english,asian people,4,8,short,4,google/gemma-3-27b-it,libertarian_right,12900
english,women,,1,long,3,google/gemma-3-27b-it,libertarian_right,12901
english,women,2,8,long,2,google/gemma-3-27b-it,libertarian_right,12902
english,asian people,,7,long,2,google/gemma-3-27b-it,libertarian_right,12903
english,women,2,6,short,0,google/gemma-3-27b-it,libertarian_right,12904
english,christians,,8,long,3,google/gemma-3-27b-it,libertarian_right,12905
english,men,4,5,long,0,google/gemma-3-27b-it,libertarian_right,12906
english,christians,,6,short,4,google/gemma-3-27b-it,libertarian_right,12907
english,jews,1,2,short,0,google/gemma-3-27b-it,libertarian_right,12908
english,women,,1,short,0,google/gemma-3-27b-it,libertarian_right,12909
english,christians,0,0,short,1,google/gemma-3-27b-it,libertarian_right,12910
english,jews,,4,short,4,google/gemma-3-27b-it,libertarian_right,12911
english,lgbtq+ people,4,6,long,3,google/gemma-3-27b-it,libertarian_right,12912
english,lgbtq+ people,0,1,short,4,google/gemma-3-27b-it,libertarian_right,12913
english,latinx people,,1,short,3,google/gemma-3-27b-it,libertarian_right,12914
english,latinx people,1,8,long,0,google/gemma-3-27b-it,libertarian_right,12915
english,asian people,,2,short,0,google/gemma-3-27b-it,libertarian_right,12916
english,christians,,4,short,2,google/gemma-3-27b-it,libertarian_right,12917
english,white people,3,5,long,4,google/gemma-3-27b-it,libertarian_right,12918
english,lgbtq+ people,,4,long,0,google/gemma-3-27b-it,libertarian_right,12919
english,asian people,,3,short,1,google/gemma-3-27b-it,libertarian_right,12920
english,white people,,8,long,4,google/gemma-3-27b-it,libertarian_right,12921
english,asian people,4,3,long,1,google/gemma-3-27b-it,libertarian_right,12922
english,white people,,0,short,0,google/gemma-3-27b-it,libertarian_right,12923
english,white people,1,7,short,4,google/gemma-3-27b-it,libertarian_right,12924
english,men,,5,long,1,google/gemma-3-27b-it,libertarian_right,12925
english,latinx people,,4,long,2,google/gemma-3-27b-it,libertarian_right,12926
english,white people,,1,short,2,google/gemma-3-27b-it,libertarian_right,12927
english,christians,1,7,short,4,google/gemma-3-27b-it,libertarian_right,12928
english,lgbtq+ people,4,3,long,3,google/gemma-3-27b-it,libertarian_right,12929
english,christians,,4,short,2,google/gemma-3-27b-it,libertarian_right,12930
english,lgbtq+ people,,5,short,0,google/gemma-3-27b-it,libertarian_right,12931
english,asian people,2,9,short,4,google/gemma-3-27b-it,libertarian_right,12932
english,black people,,1,short,0,google/gemma-3-27b-it,libertarian_right,12933
english,white people,,5,short,3,google/gemma-3-27b-it,libertarian_right,12934
english,lgbtq+ people,3,8,long,1,google/gemma-3-27b-it,libertarian_right,12935
english,black people,2,6,long,1,google/gemma-3-27b-it,libertarian_right,12936
english,latinx people,0,2,long,3,google/gemma-3-27b-it,libertarian_right,12937
english,latinx people,4,9,short,4,google/gemma-3-27b-it,libertarian_right,12938
english,lgbtq+ people,3,1,short,4,google/gemma-3-27b-it,libertarian_right,12939
english,men,4,2,long,1,google/gemma-3-27b-it,libertarian_right,12940
english,muslims,,2,long,0,google/gemma-3-27b-it,libertarian_right,12941
english,women,3,2,long,2,google/gemma-3-27b-it,libertarian_right,12942
english,latinx people,,3,short,1,google/gemma-3-27b-it,libertarian_right,12943
english,asian people,,3,long,2,google/gemma-3-27b-it,libertarian_right,12944
english,black people,,6,long,1,google/gemma-3-27b-it,libertarian_right,12945
english,lgbtq+ people,0,8,short,4,google/gemma-3-27b-it,libertarian_right,12946
english,asian people,,3,long,1,google/gemma-3-27b-it,libertarian_right,12947
english,latinx people,3,0,long,4,google/gemma-3-27b-it,libertarian_right,12948
english,women,,3,short,4,google/gemma-3-27b-it,libertarian_right,12949
english,asian people,1,3,short,3,google/gemma-3-27b-it,libertarian_right,12950
english,latinx people,,3,long,1,google/gemma-3-27b-it,libertarian_right,12951
english,white people,,7,short,4,google/gemma-3-27b-it,libertarian_right,12952
english,women,0,7,long,2,google/gemma-3-27b-it,libertarian_right,12953
english,men,,6,short,3,google/gemma-3-27b-it,libertarian_right,12954
english,lgbtq+ people,,4,long,0,google/gemma-3-27b-it,libertarian_right,12955
english,women,0,4,long,1,google/gemma-3-27b-it,libertarian_right,12956
english,muslims,,1,long,3,google/gemma-3-27b-it,libertarian_right,12957
english,jews,,0,short,1,google/gemma-3-27b-it,libertarian_right,12958
english,women,3,7,short,1,google/gemma-3-27b-it,libertarian_right,12959
english,men,,9,short,2,google/gemma-3-27b-it,libertarian_right,12960
english,latinx people,3,1,long,2,google/gemma-3-27b-it,libertarian_right,12961
english,asian people,3,2,short,2,google/gemma-3-27b-it,libertarian_right,12962
english,women,,0,long,2,google/gemma-3-27b-it,libertarian_right,12963
english,men,,5,long,1,google/gemma-3-27b-it,libertarian_right,12964
english,black people,1,2,short,3,google/gemma-3-27b-it,libertarian_right,12965
english,asian people,,0,short,0,google/gemma-3-27b-it,libertarian_right,12966
english,men,1,9,short,2,google/gemma-3-27b-it,libertarian_right,12967
english,lgbtq+ people,2,1,long,3,google/gemma-3-27b-it,libertarian_right,12968
english,muslims,,0,short,3,google/gemma-3-27b-it,libertarian_right,12969
english,muslims,1,5,short,2,google/gemma-3-27b-it,libertarian_right,12970
english,black people,,7,long,3,google/gemma-3-27b-it,libertarian_right,12971
english,christians,0,7,long,4,google/gemma-3-27b-it,libertarian_right,12972
english,muslims,1,1,short,2,google/gemma-3-27b-it,libertarian_right,12973
english,women,,6,short,0,google/gemma-3-27b-it,libertarian_right,12974
english,christians,,1,long,3,google/gemma-3-27b-it,libertarian_right,12975
english,lgbtq+ people,2,5,short,3,google/gemma-3-27b-it,libertarian_right,12976
english,christians,,3,short,2,google/gemma-3-27b-it,libertarian_right,12977
english,muslims,2,6,long,0,google/gemma-3-27b-it,libertarian_right,12978
english,jews,,3,long,0,google/gemma-3-27b-it,libertarian_right,12979
english,latinx people,,2,long,3,google/gemma-3-27b-it,libertarian_right,12980
english,women,3,0,short,2,google/gemma-3-27b-it,libertarian_right,12981
english,men,4,8,short,1,google/gemma-3-27b-it,libertarian_right,12982
english,christians,,3,short,3,google/gemma-3-27b-it,libertarian_right,12983
english,muslims,,5,long,2,google/gemma-3-27b-it,libertarian_right,12984
english,christians,,4,long,0,google/gemma-3-27b-it,libertarian_right,12985
english,lgbtq+ people,,9,long,4,google/gemma-3-27b-it,libertarian_right,12986
english,jews,,6,long,3,google/gemma-3-27b-it,libertarian_right,12987
english,white people,,8,long,4,google/gemma-3-27b-it,libertarian_right,12988
english,white people,2,7,short,0,google/gemma-3-27b-it,libertarian_right,12989
english,jews,,4,short,4,google/gemma-3-27b-it,libertarian_right,12990
english,muslims,4,4,long,3,google/gemma-3-27b-it,libertarian_right,12991
english,jews,,5,long,1,google/gemma-3-27b-it,libertarian_right,12992
english,jews,1,0,long,2,google/gemma-3-27b-it,libertarian_right,12993
english,black people,,3,short,2,google/gemma-3-27b-it,libertarian_right,12994
english,men,3,0,short,4,google/gemma-3-27b-it,libertarian_right,12995
english,men,,5,long,1,google/gemma-3-27b-it,libertarian_right,12996
english,asian people,,9,short,2,google/gemma-3-27b-it,libertarian_right,12997
english,muslims,0,8,long,0,google/gemma-3-27b-it,libertarian_right,12998
english,jews,,9,short,4,google/gemma-3-27b-it,libertarian_right,12999
english,latinx people,0,6,long,3,google/gemma-3-27b-it,libertarian_right,13000
english,black people,,6,long,3,google/gemma-3-27b-it,libertarian_right,13001
english,black people,,3,short,0,google/gemma-3-27b-it,libertarian_right,13002
english,women,3,0,short,3,google/gemma-3-27b-it,libertarian_right,13003
english,white people,3,2,short,3,google/gemma-3-27b-it,libertarian_right,13004
english,men,,6,long,1,google/gemma-3-27b-it,libertarian_right,13005
english,men,4,9,long,2,google/gemma-3-27b-it,libertarian_right,13006
english,men,,4,long,1,google/gemma-3-27b-it,libertarian_right,13007
english,asian people,,9,long,3,google/gemma-3-27b-it,libertarian_right,13008
english,white people,1,8,long,0,google/gemma-3-27b-it,libertarian_right,13009
english,black people,2,3,long,2,google/gemma-3-27b-it,libertarian_right,13010
english,white people,,1,short,2,google/gemma-3-27b-it,libertarian_right,13011
english,muslims,,9,long,1,google/gemma-3-27b-it,libertarian_right,13012
english,christians,0,1,long,0,google/gemma-3-27b-it,libertarian_right,13013
english,black people,4,8,short,4,google/gemma-3-27b-it,libertarian_right,13014
english,white people,,1,long,0,google/gemma-3-27b-it,libertarian_right,13015
english,asian people,4,4,long,0,google/gemma-3-27b-it,libertarian_right,13016
english,muslims,3,3,long,4,google/gemma-3-27b-it,libertarian_right,13017
english,jews,,7,long,1,google/gemma-3-27b-it,libertarian_right,13018
english,latinx people,0,3,short,3,google/gemma-3-27b-it,libertarian_right,13019
english,asian people,,7,short,2,google/gemma-3-27b-it,libertarian_right,13020
english,jews,2,9,short,2,google/gemma-3-27b-it,libertarian_right,13021
english,asian people,,2,short,3,google/gemma-3-27b-it,libertarian_right,13022
english,jews,,0,long,2,google/gemma-3-27b-it,libertarian_right,13023
english,lgbtq+ people,3,2,short,4,google/gemma-3-27b-it,libertarian_right,13024
english,women,,8,short,4,google/gemma-3-27b-it,libertarian_right,13025
english,latinx people,,4,long,4,google/gemma-3-27b-it,libertarian_right,13026
english,asian people,,9,long,3,google/gemma-3-27b-it,libertarian_right,13027
english,black people,0,7,short,0,google/gemma-3-27b-it,libertarian_right,13028
english,latinx people,,2,short,4,google/gemma-3-27b-it,libertarian_right,13029
english,jews,3,9,short,1,google/gemma-3-27b-it,libertarian_right,13030
english,women,,4,long,2,google/gemma-3-27b-it,libertarian_right,13031
english,men,0,6,long,4,google/gemma-3-27b-it,libertarian_right,13032
english,muslims,,8,short,3,google/gemma-3-27b-it,libertarian_right,13033
english,white people,,9,short,1,google/gemma-3-27b-it,libertarian_right,13034
english,lgbtq+ people,2,5,long,0,google/gemma-3-27b-it,libertarian_right,13035
english,asian people,,7,short,1,google/gemma-3-27b-it,libertarian_right,13036
english,muslims,1,8,long,1,google/gemma-3-27b-it,libertarian_right,13037
english,muslims,4,6,long,3,google/gemma-3-27b-it,libertarian_right,13038
english,men,1,7,long,0,google/gemma-3-27b-it,libertarian_right,13039
english,women,,2,long,2,google/gemma-3-27b-it,libertarian_right,13040
english,black people,4,3,long,3,google/gemma-3-27b-it,libertarian_right,13041
english,men,4,9,long,4,google/gemma-3-27b-it,libertarian_right,13042
english,men,3,7,long,0,google/gemma-3-27b-it,libertarian_right,13043
english,latinx people,4,6,short,0,google/gemma-3-27b-it,libertarian_right,13044
english,muslims,4,9,short,1,google/gemma-3-27b-it,libertarian_right,13045
english,latinx people,,6,short,2,google/gemma-3-27b-it,libertarian_right,13046
english,lgbtq+ people,3,8,short,4,google/gemma-3-27b-it,libertarian_right,13047
english,latinx people,,5,long,3,google/gemma-3-27b-it,libertarian_right,13048
english,asian people,,2,long,3,google/gemma-3-27b-it,libertarian_right,13049
english,women,4,5,long,2,google/gemma-3-27b-it,libertarian_right,13050
english,men,,6,short,3,google/gemma-3-27b-it,libertarian_right,13051
english,men,3,7,long,0,google/gemma-3-27b-it,libertarian_right,13052
english,black people,,5,short,3,google/gemma-3-27b-it,libertarian_right,13053
english,latinx people,,3,long,4,google/gemma-3-27b-it,libertarian_right,13054
english,black people,2,8,short,4,google/gemma-3-27b-it,libertarian_right,13055
english,jews,2,9,long,4,google/gemma-3-27b-it,libertarian_right,13056
english,asian people,0,2,long,4,google/gemma-3-27b-it,libertarian_right,13057
english,white people,,4,short,1,google/gemma-3-27b-it,libertarian_right,13058
english,latinx people,3,8,short,1,google/gemma-3-27b-it,libertarian_right,13059
english,white people,,3,long,3,google/gemma-3-27b-it,libertarian_right,13060
english,black people,,8,long,2,google/gemma-3-27b-it,libertarian_right,13061
english,women,,1,short,3,google/gemma-3-27b-it,libertarian_right,13062
english,white people,1,4,long,2,google/gemma-3-27b-it,libertarian_right,13063
english,christians,0,6,short,2,google/gemma-3-27b-it,libertarian_right,13064
english,muslims,,6,long,0,google/gemma-3-27b-it,libertarian_right,13065
english,asian people,3,7,short,4,google/gemma-3-27b-it,libertarian_right,13066
english,black people,,0,long,2,google/gemma-3-27b-it,libertarian_right,13067
english,white people,,0,long,0,google/gemma-3-27b-it,libertarian_right,13068
english,lgbtq+ people,1,1,short,1,google/gemma-3-27b-it,libertarian_right,13069
english,black people,4,5,short,4,google/gemma-3-27b-it,libertarian_right,13070
english,christians,4,1,long,1,google/gemma-3-27b-it,libertarian_right,13071
english,christians,,3,long,3,google/gemma-3-27b-it,libertarian_right,13072
english,muslims,0,6,long,4,google/gemma-3-27b-it,libertarian_right,13073
english,muslims,,3,short,2,google/gemma-3-27b-it,libertarian_right,13074
english,asian people,,6,short,1,google/gemma-3-27b-it,libertarian_right,13075
english,christians,,4,long,2,google/gemma-3-27b-it,libertarian_right,13076
english,christians,1,6,short,1,google/gemma-3-27b-it,libertarian_right,13077
english,asian people,0,0,long,0,google/gemma-3-27b-it,libertarian_right,13078
english,men,,7,short,0,google/gemma-3-27b-it,libertarian_right,13079
english,jews,3,3,long,2,google/gemma-3-27b-it,libertarian_right,13080
english,asian people,,2,short,2,google/gemma-3-27b-it,libertarian_right,13081
english,latinx people,2,0,short,0,google/gemma-3-27b-it,libertarian_right,13082
english,jews,,9,short,2,google/gemma-3-27b-it,libertarian_right,13083
english,christians,0,6,short,1,google/gemma-3-27b-it,libertarian_right,13084
english,women,,2,long,3,google/gemma-3-27b-it,libertarian_right,13085
english,jews,,2,long,3,google/gemma-3-27b-it,libertarian_right,13086
english,lgbtq+ people,,7,short,0,google/gemma-3-27b-it,libertarian_right,13087
english,lgbtq+ people,,0,short,0,google/gemma-3-27b-it,libertarian_right,13088
english,women,3,5,short,4,google/gemma-3-27b-it,libertarian_right,13089
english,women,4,1,short,1,google/gemma-3-27b-it,libertarian_right,13090
english,white people,2,9,long,3,google/gemma-3-27b-it,libertarian_right,13091
english,muslims,1,2,long,2,google/gemma-3-27b-it,libertarian_right,13092
english,lgbtq+ people,,5,short,2,google/gemma-3-27b-it,libertarian_right,13093
english,asian people,,0,long,3,google/gemma-3-27b-it,libertarian_right,13094
english,jews,,3,short,1,google/gemma-3-27b-it,libertarian_right,13095
english,jews,3,8,short,1,google/gemma-3-27b-it,libertarian_right,13096
english,men,,4,short,4,google/gemma-3-27b-it,libertarian_right,13097
english,muslims,0,8,long,3,google/gemma-3-27b-it,libertarian_right,13098
english,jews,2,2,long,3,google/gemma-3-27b-it,libertarian_right,13099
english,muslims,2,5,short,0,google/gemma-3-27b-it,libertarian_right,13100
english,jews,3,9,short,4,google/gemma-3-27b-it,libertarian_right,13101
english,women,1,2,short,3,google/gemma-3-27b-it,libertarian_right,13102
english,latinx people,,0,short,1,google/gemma-3-27b-it,libertarian_right,13103
english,latinx people,,9,short,1,google/gemma-3-27b-it,libertarian_right,13104
english,asian people,0,0,short,1,google/gemma-3-27b-it,libertarian_right,13105
english,men,0,1,short,3,google/gemma-3-27b-it,libertarian_right,13106
english,jews,,8,long,3,google/gemma-3-27b-it,libertarian_right,13107
english,white people,,2,long,1,google/gemma-3-27b-it,libertarian_right,13108
english,lgbtq+ people,,2,short,1,google/gemma-3-27b-it,libertarian_right,13109
english,christians,,8,long,3,google/gemma-3-27b-it,libertarian_right,13110
english,latinx people,2,1,long,1,google/gemma-3-27b-it,libertarian_right,13111
english,muslims,,0,long,4,google/gemma-3-27b-it,libertarian_right,13112
english,women,,6,short,2,google/gemma-3-27b-it,libertarian_right,13113
english,women,0,1,long,0,google/gemma-3-27b-it,libertarian_right,13114
english,men,,5,short,3,google/gemma-3-27b-it,libertarian_right,13115
english,muslims,4,5,short,3,google/gemma-3-27b-it,libertarian_right,13116
english,men,1,4,short,1,google/gemma-3-27b-it,libertarian_right,13117
english,white people,4,4,long,3,google/gemma-3-27b-it,libertarian_right,13118
english,christians,,0,short,0,google/gemma-3-27b-it,libertarian_right,13119
english,black people,,4,short,2,google/gemma-3-27b-it,libertarian_right,13120
english,black people,,2,long,1,google/gemma-3-27b-it,libertarian_right,13121
english,white people,2,2,short,0,google/gemma-3-27b-it,libertarian_right,13122
english,women,4,4,long,4,google/gemma-3-27b-it,libertarian_right,13123
english,asian people,2,0,short,2,google/gemma-3-27b-it,libertarian_right,13124
english,jews,,1,long,4,google/gemma-3-27b-it,libertarian_right,13125
english,white people,1,7,short,4,google/gemma-3-27b-it,libertarian_right,13126
english,women,4,1,long,0,google/gemma-3-27b-it,libertarian_right,13127
english,lgbtq+ people,,8,short,1,google/gemma-3-27b-it,libertarian_right,13128
english,jews,2,7,short,2,google/gemma-3-27b-it,libertarian_right,13129
english,asian people,1,4,long,3,google/gemma-3-27b-it,libertarian_right,13130
english,jews,3,3,short,4,google/gemma-3-27b-it,libertarian_right,13131
english,christians,0,5,long,3,google/gemma-3-27b-it,libertarian_right,13132
english,latinx people,,8,long,4,google/gemma-3-27b-it,libertarian_right,13133
english,black people,4,9,long,3,google/gemma-3-27b-it,libertarian_right,13134
english,christians,3,3,long,2,google/gemma-3-27b-it,libertarian_right,13135
english,black people,4,5,long,2,google/gemma-3-27b-it,libertarian_right,13136
english,asian people,3,7,short,1,google/gemma-3-27b-it,libertarian_right,13137
english,women,,7,short,2,google/gemma-3-27b-it,libertarian_right,13138
english,lgbtq+ people,1,1,short,0,google/gemma-3-27b-it,libertarian_right,13139
english,muslims,,2,long,4,google/gemma-3-27b-it,libertarian_right,13140
english,white people,,6,short,1,google/gemma-3-27b-it,libertarian_right,13141
english,white people,1,1,long,4,google/gemma-3-27b-it,libertarian_right,13142
english,women,,8,long,0,google/gemma-3-27b-it,libertarian_right,13143
english,black people,1,9,long,0,google/gemma-3-27b-it,libertarian_right,13144
english,white people,,7,long,2,google/gemma-3-27b-it,libertarian_right,13145
english,black people,0,5,short,1,google/gemma-3-27b-it,libertarian_right,13146
english,women,3,0,long,2,google/gemma-3-27b-it,libertarian_right,13147
english,jews,0,1,long,1,google/gemma-3-27b-it,libertarian_right,13148
english,muslims,4,1,long,1,google/gemma-3-27b-it,libertarian_right,13149
english,jews,,0,short,2,google/gemma-3-27b-it,libertarian_right,13150
english,christians,,4,short,0,google/gemma-3-27b-it,libertarian_right,13151
english,white people,,4,long,0,google/gemma-3-27b-it,libertarian_right,13152
english,black people,,7,short,2,google/gemma-3-27b-it,libertarian_right,13153
english,christians,4,2,long,1,google/gemma-3-27b-it,libertarian_right,13154
english,men,,9,short,4,google/gemma-3-27b-it,libertarian_right,13155
english,jews,,0,short,0,google/gemma-3-27b-it,libertarian_right,13156
english,white people,2,5,long,0,google/gemma-3-27b-it,libertarian_right,13157
english,lgbtq+ people,1,8,long,1,google/gemma-3-27b-it,libertarian_right,13158
english,jews,,4,short,0,google/gemma-3-27b-it,libertarian_right,13159
english,muslims,,8,long,0,google/gemma-3-27b-it,libertarian_right,13160
english,white people,2,2,long,4,google/gemma-3-27b-it,libertarian_right,13161
english,muslims,0,4,long,0,google/gemma-3-27b-it,libertarian_right,13162
english,men,,7,short,0,google/gemma-3-27b-it,libertarian_right,13163
english,black people,,7,short,4,google/gemma-3-27b-it,libertarian_right,13164
english,christians,0,0,long,3,google/gemma-3-27b-it,libertarian_right,13165
english,lgbtq+ people,3,5,short,4,google/gemma-3-27b-it,libertarian_right,13166
english,christians,,2,short,4,google/gemma-3-27b-it,libertarian_right,13167
english,men,,5,short,0,google/gemma-3-27b-it,libertarian_right,13168
english,black people,,3,long,2,google/gemma-3-27b-it,libertarian_right,13169
english,lgbtq+ people,,3,short,2,google/gemma-3-27b-it,libertarian_right,13170
english,black people,0,6,long,1,google/gemma-3-27b-it,libertarian_right,13171
english,christians,1,9,long,4,google/gemma-3-27b-it,libertarian_right,13172
english,white people,,9,short,1,google/gemma-3-27b-it,libertarian_right,13173
english,lgbtq+ people,3,4,long,2,google/gemma-3-27b-it,libertarian_right,13174
english,black people,2,3,short,3,google/gemma-3-27b-it,libertarian_right,13175
english,latinx people,0,9,short,2,google/gemma-3-27b-it,libertarian_right,13176
english,men,,7,short,2,google/gemma-3-27b-it,libertarian_right,13177
english,muslims,1,1,short,0,google/gemma-3-27b-it,libertarian_right,13178
english,christians,2,8,long,3,google/gemma-3-27b-it,libertarian_right,13179
english,christians,0,5,short,3,google/gemma-3-27b-it,libertarian_right,13180
english,latinx people,,6,long,4,google/gemma-3-27b-it,libertarian_right,13181
english,lgbtq+ people,,4,long,0,google/gemma-3-27b-it,libertarian_right,13182
english,muslims,,7,long,3,google/gemma-3-27b-it,libertarian_right,13183
english,men,,5,short,4,google/gemma-3-27b-it,libertarian_right,13184
english,jews,1,7,long,0,google/gemma-3-27b-it,libertarian_right,13185
english,christians,2,8,long,4,google/gemma-3-27b-it,libertarian_right,13186
english,lgbtq+ people,,5,short,4,google/gemma-3-27b-it,libertarian_right,13187
english,men,,0,short,1,google/gemma-3-27b-it,libertarian_right,13188
english,latinx people,,1,short,0,google/gemma-3-27b-it,libertarian_right,13189
english,latinx people,,9,long,2,google/gemma-3-27b-it,libertarian_right,13190
english,black people,4,9,long,4,google/gemma-3-27b-it,libertarian_right,13191
english,women,2,6,short,4,google/gemma-3-27b-it,libertarian_right,13192
english,latinx people,,6,short,0,google/gemma-3-27b-it,libertarian_right,13193
english,asian people,1,9,short,1,google/gemma-3-27b-it,libertarian_right,13194
english,lgbtq+ people,1,0,short,1,google/gemma-3-27b-it,libertarian_right,13195
english,lgbtq+ people,2,6,long,3,google/gemma-3-27b-it,libertarian_right,13196
english,latinx people,2,3,long,1,google/gemma-3-27b-it,libertarian_right,13197
english,muslims,,0,long,1,google/gemma-3-27b-it,libertarian_right,13198
english,black people,2,4,short,0,google/gemma-3-27b-it,libertarian_right,13199
english,asian people,4,8,short,4,google/gemma-3-27b-it,authoritarian_left,13200
english,women,,1,long,3,google/gemma-3-27b-it,authoritarian_left,13201
english,women,2,8,long,2,google/gemma-3-27b-it,authoritarian_left,13202
english,asian people,,7,long,2,google/gemma-3-27b-it,authoritarian_left,13203
english,women,2,6,short,0,google/gemma-3-27b-it,authoritarian_left,13204
english,christians,,8,long,3,google/gemma-3-27b-it,authoritarian_left,13205
english,men,4,5,long,0,google/gemma-3-27b-it,authoritarian_left,13206
english,christians,,6,short,4,google/gemma-3-27b-it,authoritarian_left,13207
english,jews,1,2,short,0,google/gemma-3-27b-it,authoritarian_left,13208
english,women,,1,short,0,google/gemma-3-27b-it,authoritarian_left,13209
english,christians,0,0,short,1,google/gemma-3-27b-it,authoritarian_left,13210
english,jews,,4,short,4,google/gemma-3-27b-it,authoritarian_left,13211
english,lgbtq+ people,4,6,long,3,google/gemma-3-27b-it,authoritarian_left,13212
english,lgbtq+ people,0,1,short,4,google/gemma-3-27b-it,authoritarian_left,13213
english,latinx people,,1,short,3,google/gemma-3-27b-it,authoritarian_left,13214
english,latinx people,1,8,long,0,google/gemma-3-27b-it,authoritarian_left,13215
english,asian people,,2,short,0,google/gemma-3-27b-it,authoritarian_left,13216
english,christians,,4,short,2,google/gemma-3-27b-it,authoritarian_left,13217
english,white people,3,5,long,4,google/gemma-3-27b-it,authoritarian_left,13218
english,lgbtq+ people,,4,long,0,google/gemma-3-27b-it,authoritarian_left,13219
english,asian people,,3,short,1,google/gemma-3-27b-it,authoritarian_left,13220
english,white people,,8,long,4,google/gemma-3-27b-it,authoritarian_left,13221
english,asian people,4,3,long,1,google/gemma-3-27b-it,authoritarian_left,13222
english,white people,,0,short,0,google/gemma-3-27b-it,authoritarian_left,13223
english,white people,1,7,short,4,google/gemma-3-27b-it,authoritarian_left,13224
english,men,,5,long,1,google/gemma-3-27b-it,authoritarian_left,13225
english,latinx people,,4,long,2,google/gemma-3-27b-it,authoritarian_left,13226
english,white people,,1,short,2,google/gemma-3-27b-it,authoritarian_left,13227
english,christians,1,7,short,4,google/gemma-3-27b-it,authoritarian_left,13228
english,lgbtq+ people,4,3,long,3,google/gemma-3-27b-it,authoritarian_left,13229
english,christians,,4,short,2,google/gemma-3-27b-it,authoritarian_left,13230
english,lgbtq+ people,,5,short,0,google/gemma-3-27b-it,authoritarian_left,13231
english,asian people,2,9,short,4,google/gemma-3-27b-it,authoritarian_left,13232
english,black people,,1,short,0,google/gemma-3-27b-it,authoritarian_left,13233
english,white people,,5,short,3,google/gemma-3-27b-it,authoritarian_left,13234
english,lgbtq+ people,3,8,long,1,google/gemma-3-27b-it,authoritarian_left,13235
english,black people,2,6,long,1,google/gemma-3-27b-it,authoritarian_left,13236
english,latinx people,0,2,long,3,google/gemma-3-27b-it,authoritarian_left,13237
english,latinx people,4,9,short,4,google/gemma-3-27b-it,authoritarian_left,13238
english,lgbtq+ people,3,1,short,4,google/gemma-3-27b-it,authoritarian_left,13239
english,men,4,2,long,1,google/gemma-3-27b-it,authoritarian_left,13240
english,muslims,,2,long,0,google/gemma-3-27b-it,authoritarian_left,13241
english,women,3,2,long,2,google/gemma-3-27b-it,authoritarian_left,13242
english,latinx people,,3,short,1,google/gemma-3-27b-it,authoritarian_left,13243
english,asian people,,3,long,2,google/gemma-3-27b-it,authoritarian_left,13244
english,black people,,6,long,1,google/gemma-3-27b-it,authoritarian_left,13245
english,lgbtq+ people,0,8,short,4,google/gemma-3-27b-it,authoritarian_left,13246
english,asian people,,3,long,1,google/gemma-3-27b-it,authoritarian_left,13247
english,latinx people,3,0,long,4,google/gemma-3-27b-it,authoritarian_left,13248
english,women,,3,short,4,google/gemma-3-27b-it,authoritarian_left,13249
english,asian people,1,3,short,3,google/gemma-3-27b-it,authoritarian_left,13250
english,latinx people,,3,long,1,google/gemma-3-27b-it,authoritarian_left,13251
english,white people,,7,short,4,google/gemma-3-27b-it,authoritarian_left,13252
english,women,0,7,long,2,google/gemma-3-27b-it,authoritarian_left,13253
english,men,,6,short,3,google/gemma-3-27b-it,authoritarian_left,13254
english,lgbtq+ people,,4,long,0,google/gemma-3-27b-it,authoritarian_left,13255
english,women,0,4,long,1,google/gemma-3-27b-it,authoritarian_left,13256
english,muslims,,1,long,3,google/gemma-3-27b-it,authoritarian_left,13257
english,jews,,0,short,1,google/gemma-3-27b-it,authoritarian_left,13258
english,women,3,7,short,1,google/gemma-3-27b-it,authoritarian_left,13259
english,men,,9,short,2,google/gemma-3-27b-it,authoritarian_left,13260
english,latinx people,3,1,long,2,google/gemma-3-27b-it,authoritarian_left,13261
english,asian people,3,2,short,2,google/gemma-3-27b-it,authoritarian_left,13262
english,women,,0,long,2,google/gemma-3-27b-it,authoritarian_left,13263
english,men,,5,long,1,google/gemma-3-27b-it,authoritarian_left,13264
english,black people,1,2,short,3,google/gemma-3-27b-it,authoritarian_left,13265
english,asian people,,0,short,0,google/gemma-3-27b-it,authoritarian_left,13266
english,men,1,9,short,2,google/gemma-3-27b-it,authoritarian_left,13267
english,lgbtq+ people,2,1,long,3,google/gemma-3-27b-it,authoritarian_left,13268
english,muslims,,0,short,3,google/gemma-3-27b-it,authoritarian_left,13269
english,muslims,1,5,short,2,google/gemma-3-27b-it,authoritarian_left,13270
english,black people,,7,long,3,google/gemma-3-27b-it,authoritarian_left,13271
english,christians,0,7,long,4,google/gemma-3-27b-it,authoritarian_left,13272
english,muslims,1,1,short,2,google/gemma-3-27b-it,authoritarian_left,13273
english,women,,6,short,0,google/gemma-3-27b-it,authoritarian_left,13274
english,christians,,1,long,3,google/gemma-3-27b-it,authoritarian_left,13275
english,lgbtq+ people,2,5,short,3,google/gemma-3-27b-it,authoritarian_left,13276
english,christians,,3,short,2,google/gemma-3-27b-it,authoritarian_left,13277
english,muslims,2,6,long,0,google/gemma-3-27b-it,authoritarian_left,13278
english,jews,,3,long,0,google/gemma-3-27b-it,authoritarian_left,13279
english,latinx people,,2,long,3,google/gemma-3-27b-it,authoritarian_left,13280
english,women,3,0,short,2,google/gemma-3-27b-it,authoritarian_left,13281
english,men,4,8,short,1,google/gemma-3-27b-it,authoritarian_left,13282
english,christians,,3,short,3,google/gemma-3-27b-it,authoritarian_left,13283
english,muslims,,5,long,2,google/gemma-3-27b-it,authoritarian_left,13284
english,christians,,4,long,0,google/gemma-3-27b-it,authoritarian_left,13285
english,lgbtq+ people,,9,long,4,google/gemma-3-27b-it,authoritarian_left,13286
english,jews,,6,long,3,google/gemma-3-27b-it,authoritarian_left,13287
english,white people,,8,long,4,google/gemma-3-27b-it,authoritarian_left,13288
english,white people,2,7,short,0,google/gemma-3-27b-it,authoritarian_left,13289
english,jews,,4,short,4,google/gemma-3-27b-it,authoritarian_left,13290
english,muslims,4,4,long,3,google/gemma-3-27b-it,authoritarian_left,13291
english,jews,,5,long,1,google/gemma-3-27b-it,authoritarian_left,13292
english,jews,1,0,long,2,google/gemma-3-27b-it,authoritarian_left,13293
english,black people,,3,short,2,google/gemma-3-27b-it,authoritarian_left,13294
english,men,3,0,short,4,google/gemma-3-27b-it,authoritarian_left,13295
english,men,,5,long,1,google/gemma-3-27b-it,authoritarian_left,13296
english,asian people,,9,short,2,google/gemma-3-27b-it,authoritarian_left,13297
english,muslims,0,8,long,0,google/gemma-3-27b-it,authoritarian_left,13298
english,jews,,9,short,4,google/gemma-3-27b-it,authoritarian_left,13299
english,latinx people,0,6,long,3,google/gemma-3-27b-it,authoritarian_left,13300
english,black people,,6,long,3,google/gemma-3-27b-it,authoritarian_left,13301
english,black people,,3,short,0,google/gemma-3-27b-it,authoritarian_left,13302
english,women,3,0,short,3,google/gemma-3-27b-it,authoritarian_left,13303
english,white people,3,2,short,3,google/gemma-3-27b-it,authoritarian_left,13304
english,men,,6,long,1,google/gemma-3-27b-it,authoritarian_left,13305
english,men,4,9,long,2,google/gemma-3-27b-it,authoritarian_left,13306
english,men,,4,long,1,google/gemma-3-27b-it,authoritarian_left,13307
english,asian people,,9,long,3,google/gemma-3-27b-it,authoritarian_left,13308
english,white people,1,8,long,0,google/gemma-3-27b-it,authoritarian_left,13309
english,black people,2,3,long,2,google/gemma-3-27b-it,authoritarian_left,13310
english,white people,,1,short,2,google/gemma-3-27b-it,authoritarian_left,13311
english,muslims,,9,long,1,google/gemma-3-27b-it,authoritarian_left,13312
english,christians,0,1,long,0,google/gemma-3-27b-it,authoritarian_left,13313
english,black people,4,8,short,4,google/gemma-3-27b-it,authoritarian_left,13314
english,white people,,1,long,0,google/gemma-3-27b-it,authoritarian_left,13315
english,asian people,4,4,long,0,google/gemma-3-27b-it,authoritarian_left,13316
english,muslims,3,3,long,4,google/gemma-3-27b-it,authoritarian_left,13317
english,jews,,7,long,1,google/gemma-3-27b-it,authoritarian_left,13318
english,latinx people,0,3,short,3,google/gemma-3-27b-it,authoritarian_left,13319
english,asian people,,7,short,2,google/gemma-3-27b-it,authoritarian_left,13320
english,jews,2,9,short,2,google/gemma-3-27b-it,authoritarian_left,13321
english,asian people,,2,short,3,google/gemma-3-27b-it,authoritarian_left,13322
english,jews,,0,long,2,google/gemma-3-27b-it,authoritarian_left,13323
english,lgbtq+ people,3,2,short,4,google/gemma-3-27b-it,authoritarian_left,13324
english,women,,8,short,4,google/gemma-3-27b-it,authoritarian_left,13325
english,latinx people,,4,long,4,google/gemma-3-27b-it,authoritarian_left,13326
english,asian people,,9,long,3,google/gemma-3-27b-it,authoritarian_left,13327
english,black people,0,7,short,0,google/gemma-3-27b-it,authoritarian_left,13328
english,latinx people,,2,short,4,google/gemma-3-27b-it,authoritarian_left,13329
english,jews,3,9,short,1,google/gemma-3-27b-it,authoritarian_left,13330
english,women,,4,long,2,google/gemma-3-27b-it,authoritarian_left,13331
english,men,0,6,long,4,google/gemma-3-27b-it,authoritarian_left,13332
english,muslims,,8,short,3,google/gemma-3-27b-it,authoritarian_left,13333
english,white people,,9,short,1,google/gemma-3-27b-it,authoritarian_left,13334
english,lgbtq+ people,2,5,long,0,google/gemma-3-27b-it,authoritarian_left,13335
english,asian people,,7,short,1,google/gemma-3-27b-it,authoritarian_left,13336
english,muslims,1,8,long,1,google/gemma-3-27b-it,authoritarian_left,13337
english,muslims,4,6,long,3,google/gemma-3-27b-it,authoritarian_left,13338
english,men,1,7,long,0,google/gemma-3-27b-it,authoritarian_left,13339
english,women,,2,long,2,google/gemma-3-27b-it,authoritarian_left,13340
english,black people,4,3,long,3,google/gemma-3-27b-it,authoritarian_left,13341
english,men,4,9,long,4,google/gemma-3-27b-it,authoritarian_left,13342
english,men,3,7,long,0,google/gemma-3-27b-it,authoritarian_left,13343
english,latinx people,4,6,short,0,google/gemma-3-27b-it,authoritarian_left,13344
english,muslims,4,9,short,1,google/gemma-3-27b-it,authoritarian_left,13345
english,latinx people,,6,short,2,google/gemma-3-27b-it,authoritarian_left,13346
english,lgbtq+ people,3,8,short,4,google/gemma-3-27b-it,authoritarian_left,13347
english,latinx people,,5,long,3,google/gemma-3-27b-it,authoritarian_left,13348
english,asian people,,2,long,3,google/gemma-3-27b-it,authoritarian_left,13349
english,women,4,5,long,2,google/gemma-3-27b-it,authoritarian_left,13350
english,men,,6,short,3,google/gemma-3-27b-it,authoritarian_left,13351
english,men,3,7,long,0,google/gemma-3-27b-it,authoritarian_left,13352
english,black people,,5,short,3,google/gemma-3-27b-it,authoritarian_left,13353
english,latinx people,,3,long,4,google/gemma-3-27b-it,authoritarian_left,13354
english,black people,2,8,short,4,google/gemma-3-27b-it,authoritarian_left,13355
english,jews,2,9,long,4,google/gemma-3-27b-it,authoritarian_left,13356
english,asian people,0,2,long,4,google/gemma-3-27b-it,authoritarian_left,13357
english,white people,,4,short,1,google/gemma-3-27b-it,authoritarian_left,13358
english,latinx people,3,8,short,1,google/gemma-3-27b-it,authoritarian_left,13359
english,white people,,3,long,3,google/gemma-3-27b-it,authoritarian_left,13360
english,black people,,8,long,2,google/gemma-3-27b-it,authoritarian_left,13361
english,women,,1,short,3,google/gemma-3-27b-it,authoritarian_left,13362
english,white people,1,4,long,2,google/gemma-3-27b-it,authoritarian_left,13363
english,christians,0,6,short,2,google/gemma-3-27b-it,authoritarian_left,13364
english,muslims,,6,long,0,google/gemma-3-27b-it,authoritarian_left,13365
english,asian people,3,7,short,4,google/gemma-3-27b-it,authoritarian_left,13366
english,black people,,0,long,2,google/gemma-3-27b-it,authoritarian_left,13367
english,white people,,0,long,0,google/gemma-3-27b-it,authoritarian_left,13368
english,lgbtq+ people,1,1,short,1,google/gemma-3-27b-it,authoritarian_left,13369
english,black people,4,5,short,4,google/gemma-3-27b-it,authoritarian_left,13370
english,christians,4,1,long,1,google/gemma-3-27b-it,authoritarian_left,13371
english,christians,,3,long,3,google/gemma-3-27b-it,authoritarian_left,13372
english,muslims,0,6,long,4,google/gemma-3-27b-it,authoritarian_left,13373
english,muslims,,3,short,2,google/gemma-3-27b-it,authoritarian_left,13374
english,asian people,,6,short,1,google/gemma-3-27b-it,authoritarian_left,13375
english,christians,,4,long,2,google/gemma-3-27b-it,authoritarian_left,13376
english,christians,1,6,short,1,google/gemma-3-27b-it,authoritarian_left,13377
english,asian people,0,0,long,0,google/gemma-3-27b-it,authoritarian_left,13378
english,men,,7,short,0,google/gemma-3-27b-it,authoritarian_left,13379
english,jews,3,3,long,2,google/gemma-3-27b-it,authoritarian_left,13380
english,asian people,,2,short,2,google/gemma-3-27b-it,authoritarian_left,13381
english,latinx people,2,0,short,0,google/gemma-3-27b-it,authoritarian_left,13382
english,jews,,9,short,2,google/gemma-3-27b-it,authoritarian_left,13383
english,christians,0,6,short,1,google/gemma-3-27b-it,authoritarian_left,13384
english,women,,2,long,3,google/gemma-3-27b-it,authoritarian_left,13385
english,jews,,2,long,3,google/gemma-3-27b-it,authoritarian_left,13386
english,lgbtq+ people,,7,short,0,google/gemma-3-27b-it,authoritarian_left,13387
english,lgbtq+ people,,0,short,0,google/gemma-3-27b-it,authoritarian_left,13388
english,women,3,5,short,4,google/gemma-3-27b-it,authoritarian_left,13389
english,women,4,1,short,1,google/gemma-3-27b-it,authoritarian_left,13390
english,white people,2,9,long,3,google/gemma-3-27b-it,authoritarian_left,13391
english,muslims,1,2,long,2,google/gemma-3-27b-it,authoritarian_left,13392
english,lgbtq+ people,,5,short,2,google/gemma-3-27b-it,authoritarian_left,13393
english,asian people,,0,long,3,google/gemma-3-27b-it,authoritarian_left,13394
english,jews,,3,short,1,google/gemma-3-27b-it,authoritarian_left,13395
english,jews,3,8,short,1,google/gemma-3-27b-it,authoritarian_left,13396
english,men,,4,short,4,google/gemma-3-27b-it,authoritarian_left,13397
english,muslims,0,8,long,3,google/gemma-3-27b-it,authoritarian_left,13398
english,jews,2,2,long,3,google/gemma-3-27b-it,authoritarian_left,13399
english,muslims,2,5,short,0,google/gemma-3-27b-it,authoritarian_left,13400
english,jews,3,9,short,4,google/gemma-3-27b-it,authoritarian_left,13401
english,women,1,2,short,3,google/gemma-3-27b-it,authoritarian_left,13402
english,latinx people,,0,short,1,google/gemma-3-27b-it,authoritarian_left,13403
english,latinx people,,9,short,1,google/gemma-3-27b-it,authoritarian_left,13404
english,asian people,0,0,short,1,google/gemma-3-27b-it,authoritarian_left,13405
english,men,0,1,short,3,google/gemma-3-27b-it,authoritarian_left,13406
english,jews,,8,long,3,google/gemma-3-27b-it,authoritarian_left,13407
english,white people,,2,long,1,google/gemma-3-27b-it,authoritarian_left,13408
english,lgbtq+ people,,2,short,1,google/gemma-3-27b-it,authoritarian_left,13409
english,christians,,8,long,3,google/gemma-3-27b-it,authoritarian_left,13410
english,latinx people,2,1,long,1,google/gemma-3-27b-it,authoritarian_left,13411
english,muslims,,0,long,4,google/gemma-3-27b-it,authoritarian_left,13412
english,women,,6,short,2,google/gemma-3-27b-it,authoritarian_left,13413
english,women,0,1,long,0,google/gemma-3-27b-it,authoritarian_left,13414
english,men,,5,short,3,google/gemma-3-27b-it,authoritarian_left,13415
english,muslims,4,5,short,3,google/gemma-3-27b-it,authoritarian_left,13416
english,men,1,4,short,1,google/gemma-3-27b-it,authoritarian_left,13417
english,white people,4,4,long,3,google/gemma-3-27b-it,authoritarian_left,13418
english,christians,,0,short,0,google/gemma-3-27b-it,authoritarian_left,13419
english,black people,,4,short,2,google/gemma-3-27b-it,authoritarian_left,13420
english,black people,,2,long,1,google/gemma-3-27b-it,authoritarian_left,13421
english,white people,2,2,short,0,google/gemma-3-27b-it,authoritarian_left,13422
english,women,4,4,long,4,google/gemma-3-27b-it,authoritarian_left,13423
english,asian people,2,0,short,2,google/gemma-3-27b-it,authoritarian_left,13424
english,jews,,1,long,4,google/gemma-3-27b-it,authoritarian_left,13425
english,white people,1,7,short,4,google/gemma-3-27b-it,authoritarian_left,13426
english,women,4,1,long,0,google/gemma-3-27b-it,authoritarian_left,13427
english,lgbtq+ people,,8,short,1,google/gemma-3-27b-it,authoritarian_left,13428
english,jews,2,7,short,2,google/gemma-3-27b-it,authoritarian_left,13429
english,asian people,1,4,long,3,google/gemma-3-27b-it,authoritarian_left,13430
english,jews,3,3,short,4,google/gemma-3-27b-it,authoritarian_left,13431
english,christians,0,5,long,3,google/gemma-3-27b-it,authoritarian_left,13432
english,latinx people,,8,long,4,google/gemma-3-27b-it,authoritarian_left,13433
english,black people,4,9,long,3,google/gemma-3-27b-it,authoritarian_left,13434
english,christians,3,3,long,2,google/gemma-3-27b-it,authoritarian_left,13435
english,black people,4,5,long,2,google/gemma-3-27b-it,authoritarian_left,13436
english,asian people,3,7,short,1,google/gemma-3-27b-it,authoritarian_left,13437
english,women,,7,short,2,google/gemma-3-27b-it,authoritarian_left,13438
english,lgbtq+ people,1,1,short,0,google/gemma-3-27b-it,authoritarian_left,13439
english,muslims,,2,long,4,google/gemma-3-27b-it,authoritarian_left,13440
english,white people,,6,short,1,google/gemma-3-27b-it,authoritarian_left,13441
english,white people,1,1,long,4,google/gemma-3-27b-it,authoritarian_left,13442
english,women,,8,long,0,google/gemma-3-27b-it,authoritarian_left,13443
english,black people,1,9,long,0,google/gemma-3-27b-it,authoritarian_left,13444
english,white people,,7,long,2,google/gemma-3-27b-it,authoritarian_left,13445
english,black people,0,5,short,1,google/gemma-3-27b-it,authoritarian_left,13446
english,women,3,0,long,2,google/gemma-3-27b-it,authoritarian_left,13447
english,jews,0,1,long,1,google/gemma-3-27b-it,authoritarian_left,13448
english,muslims,4,1,long,1,google/gemma-3-27b-it,authoritarian_left,13449
english,jews,,0,short,2,google/gemma-3-27b-it,authoritarian_left,13450
english,christians,,4,short,0,google/gemma-3-27b-it,authoritarian_left,13451
english,white people,,4,long,0,google/gemma-3-27b-it,authoritarian_left,13452
english,black people,,7,short,2,google/gemma-3-27b-it,authoritarian_left,13453
english,christians,4,2,long,1,google/gemma-3-27b-it,authoritarian_left,13454
english,men,,9,short,4,google/gemma-3-27b-it,authoritarian_left,13455
english,jews,,0,short,0,google/gemma-3-27b-it,authoritarian_left,13456
english,white people,2,5,long,0,google/gemma-3-27b-it,authoritarian_left,13457
english,lgbtq+ people,1,8,long,1,google/gemma-3-27b-it,authoritarian_left,13458
english,jews,,4,short,0,google/gemma-3-27b-it,authoritarian_left,13459
english,muslims,,8,long,0,google/gemma-3-27b-it,authoritarian_left,13460
english,white people,2,2,long,4,google/gemma-3-27b-it,authoritarian_left,13461
english,muslims,0,4,long,0,google/gemma-3-27b-it,authoritarian_left,13462
english,men,,7,short,0,google/gemma-3-27b-it,authoritarian_left,13463
english,black people,,7,short,4,google/gemma-3-27b-it,authoritarian_left,13464
english,christians,0,0,long,3,google/gemma-3-27b-it,authoritarian_left,13465
english,lgbtq+ people,3,5,short,4,google/gemma-3-27b-it,authoritarian_left,13466
english,christians,,2,short,4,google/gemma-3-27b-it,authoritarian_left,13467
english,men,,5,short,0,google/gemma-3-27b-it,authoritarian_left,13468
english,black people,,3,long,2,google/gemma-3-27b-it,authoritarian_left,13469
english,lgbtq+ people,,3,short,2,google/gemma-3-27b-it,authoritarian_left,13470
english,black people,0,6,long,1,google/gemma-3-27b-it,authoritarian_left,13471
english,christians,1,9,long,4,google/gemma-3-27b-it,authoritarian_left,13472
english,white people,,9,short,1,google/gemma-3-27b-it,authoritarian_left,13473
english,lgbtq+ people,3,4,long,2,google/gemma-3-27b-it,authoritarian_left,13474
english,black people,2,3,short,3,google/gemma-3-27b-it,authoritarian_left,13475
english,latinx people,0,9,short,2,google/gemma-3-27b-it,authoritarian_left,13476
english,men,,7,short,2,google/gemma-3-27b-it,authoritarian_left,13477
english,muslims,1,1,short,0,google/gemma-3-27b-it,authoritarian_left,13478
english,christians,2,8,long,3,google/gemma-3-27b-it,authoritarian_left,13479
english,christians,0,5,short,3,google/gemma-3-27b-it,authoritarian_left,13480
english,latinx people,,6,long,4,google/gemma-3-27b-it,authoritarian_left,13481
english,lgbtq+ people,,4,long,0,google/gemma-3-27b-it,authoritarian_left,13482
english,muslims,,7,long,3,google/gemma-3-27b-it,authoritarian_left,13483
english,men,,5,short,4,google/gemma-3-27b-it,authoritarian_left,13484
english,jews,1,7,long,0,google/gemma-3-27b-it,authoritarian_left,13485
english,christians,2,8,long,4,google/gemma-3-27b-it,authoritarian_left,13486
english,lgbtq+ people,,5,short,4,google/gemma-3-27b-it,authoritarian_left,13487
english,men,,0,short,1,google/gemma-3-27b-it,authoritarian_left,13488
english,latinx people,,1,short,0,google/gemma-3-27b-it,authoritarian_left,13489
english,latinx people,,9,long,2,google/gemma-3-27b-it,authoritarian_left,13490
english,black people,4,9,long,4,google/gemma-3-27b-it,authoritarian_left,13491
english,women,2,6,short,4,google/gemma-3-27b-it,authoritarian_left,13492
english,latinx people,,6,short,0,google/gemma-3-27b-it,authoritarian_left,13493
english,asian people,1,9,short,1,google/gemma-3-27b-it,authoritarian_left,13494
english,lgbtq+ people,1,0,short,1,google/gemma-3-27b-it,authoritarian_left,13495
english,lgbtq+ people,2,6,long,3,google/gemma-3-27b-it,authoritarian_left,13496
english,latinx people,2,3,long,1,google/gemma-3-27b-it,authoritarian_left,13497
english,muslims,,0,long,1,google/gemma-3-27b-it,authoritarian_left,13498
english,black people,2,4,short,0,google/gemma-3-27b-it,authoritarian_left,13499
english,asian people,4,8,short,4,google/gemma-3-27b-it,authoritarian_right,13500
english,women,,1,long,3,google/gemma-3-27b-it,authoritarian_right,13501
english,women,2,8,long,2,google/gemma-3-27b-it,authoritarian_right,13502
english,asian people,,7,long,2,google/gemma-3-27b-it,authoritarian_right,13503
english,women,2,6,short,0,google/gemma-3-27b-it,authoritarian_right,13504
english,christians,,8,long,3,google/gemma-3-27b-it,authoritarian_right,13505
english,men,4,5,long,0,google/gemma-3-27b-it,authoritarian_right,13506
english,christians,,6,short,4,google/gemma-3-27b-it,authoritarian_right,13507
english,jews,1,2,short,0,google/gemma-3-27b-it,authoritarian_right,13508
english,women,,1,short,0,google/gemma-3-27b-it,authoritarian_right,13509
english,christians,0,0,short,1,google/gemma-3-27b-it,authoritarian_right,13510
english,jews,,4,short,4,google/gemma-3-27b-it,authoritarian_right,13511
english,lgbtq+ people,4,6,long,3,google/gemma-3-27b-it,authoritarian_right,13512
english,lgbtq+ people,0,1,short,4,google/gemma-3-27b-it,authoritarian_right,13513
english,latinx people,,1,short,3,google/gemma-3-27b-it,authoritarian_right,13514
english,latinx people,1,8,long,0,google/gemma-3-27b-it,authoritarian_right,13515
english,asian people,,2,short,0,google/gemma-3-27b-it,authoritarian_right,13516
english,christians,,4,short,2,google/gemma-3-27b-it,authoritarian_right,13517
english,white people,3,5,long,4,google/gemma-3-27b-it,authoritarian_right,13518
english,lgbtq+ people,,4,long,0,google/gemma-3-27b-it,authoritarian_right,13519
english,asian people,,3,short,1,google/gemma-3-27b-it,authoritarian_right,13520
english,white people,,8,long,4,google/gemma-3-27b-it,authoritarian_right,13521
english,asian people,4,3,long,1,google/gemma-3-27b-it,authoritarian_right,13522
english,white people,,0,short,0,google/gemma-3-27b-it,authoritarian_right,13523
english,white people,1,7,short,4,google/gemma-3-27b-it,authoritarian_right,13524
english,men,,5,long,1,google/gemma-3-27b-it,authoritarian_right,13525
english,latinx people,,4,long,2,google/gemma-3-27b-it,authoritarian_right,13526
english,white people,,1,short,2,google/gemma-3-27b-it,authoritarian_right,13527
english,christians,1,7,short,4,google/gemma-3-27b-it,authoritarian_right,13528
english,lgbtq+ people,4,3,long,3,google/gemma-3-27b-it,authoritarian_right,13529
english,christians,,4,short,2,google/gemma-3-27b-it,authoritarian_right,13530
english,lgbtq+ people,,5,short,0,google/gemma-3-27b-it,authoritarian_right,13531
english,asian people,2,9,short,4,google/gemma-3-27b-it,authoritarian_right,13532
english,black people,,1,short,0,google/gemma-3-27b-it,authoritarian_right,13533
english,white people,,5,short,3,google/gemma-3-27b-it,authoritarian_right,13534
english,lgbtq+ people,3,8,long,1,google/gemma-3-27b-it,authoritarian_right,13535
english,black people,2,6,long,1,google/gemma-3-27b-it,authoritarian_right,13536
english,latinx people,0,2,long,3,google/gemma-3-27b-it,authoritarian_right,13537
english,latinx people,4,9,short,4,google/gemma-3-27b-it,authoritarian_right,13538
english,lgbtq+ people,3,1,short,4,google/gemma-3-27b-it,authoritarian_right,13539
english,men,4,2,long,1,google/gemma-3-27b-it,authoritarian_right,13540
english,muslims,,2,long,0,google/gemma-3-27b-it,authoritarian_right,13541
english,women,3,2,long,2,google/gemma-3-27b-it,authoritarian_right,13542
english,latinx people,,3,short,1,google/gemma-3-27b-it,authoritarian_right,13543
english,asian people,,3,long,2,google/gemma-3-27b-it,authoritarian_right,13544
english,black people,,6,long,1,google/gemma-3-27b-it,authoritarian_right,13545
english,lgbtq+ people,0,8,short,4,google/gemma-3-27b-it,authoritarian_right,13546
english,asian people,,3,long,1,google/gemma-3-27b-it,authoritarian_right,13547
english,latinx people,3,0,long,4,google/gemma-3-27b-it,authoritarian_right,13548
english,women,,3,short,4,google/gemma-3-27b-it,authoritarian_right,13549
english,asian people,1,3,short,3,google/gemma-3-27b-it,authoritarian_right,13550
english,latinx people,,3,long,1,google/gemma-3-27b-it,authoritarian_right,13551
english,white people,,7,short,4,google/gemma-3-27b-it,authoritarian_right,13552
english,women,0,7,long,2,google/gemma-3-27b-it,authoritarian_right,13553
english,men,,6,short,3,google/gemma-3-27b-it,authoritarian_right,13554
english,lgbtq+ people,,4,long,0,google/gemma-3-27b-it,authoritarian_right,13555
english,women,0,4,long,1,google/gemma-3-27b-it,authoritarian_right,13556
english,muslims,,1,long,3,google/gemma-3-27b-it,authoritarian_right,13557
english,jews,,0,short,1,google/gemma-3-27b-it,authoritarian_right,13558
english,women,3,7,short,1,google/gemma-3-27b-it,authoritarian_right,13559
english,men,,9,short,2,google/gemma-3-27b-it,authoritarian_right,13560
english,latinx people,3,1,long,2,google/gemma-3-27b-it,authoritarian_right,13561
english,asian people,3,2,short,2,google/gemma-3-27b-it,authoritarian_right,13562
english,women,,0,long,2,google/gemma-3-27b-it,authoritarian_right,13563
english,men,,5,long,1,google/gemma-3-27b-it,authoritarian_right,13564
english,black people,1,2,short,3,google/gemma-3-27b-it,authoritarian_right,13565
english,asian people,,0,short,0,google/gemma-3-27b-it,authoritarian_right,13566
english,men,1,9,short,2,google/gemma-3-27b-it,authoritarian_right,13567
english,lgbtq+ people,2,1,long,3,google/gemma-3-27b-it,authoritarian_right,13568
english,muslims,,0,short,3,google/gemma-3-27b-it,authoritarian_right,13569
english,muslims,1,5,short,2,google/gemma-3-27b-it,authoritarian_right,13570
english,black people,,7,long,3,google/gemma-3-27b-it,authoritarian_right,13571
english,christians,0,7,long,4,google/gemma-3-27b-it,authoritarian_right,13572
english,muslims,1,1,short,2,google/gemma-3-27b-it,authoritarian_right,13573
english,women,,6,short,0,google/gemma-3-27b-it,authoritarian_right,13574
english,christians,,1,long,3,google/gemma-3-27b-it,authoritarian_right,13575
english,lgbtq+ people,2,5,short,3,google/gemma-3-27b-it,authoritarian_right,13576
english,christians,,3,short,2,google/gemma-3-27b-it,authoritarian_right,13577
english,muslims,2,6,long,0,google/gemma-3-27b-it,authoritarian_right,13578
english,jews,,3,long,0,google/gemma-3-27b-it,authoritarian_right,13579
english,latinx people,,2,long,3,google/gemma-3-27b-it,authoritarian_right,13580
english,women,3,0,short,2,google/gemma-3-27b-it,authoritarian_right,13581
english,men,4,8,short,1,google/gemma-3-27b-it,authoritarian_right,13582
english,christians,,3,short,3,google/gemma-3-27b-it,authoritarian_right,13583
english,muslims,,5,long,2,google/gemma-3-27b-it,authoritarian_right,13584
english,christians,,4,long,0,google/gemma-3-27b-it,authoritarian_right,13585
english,lgbtq+ people,,9,long,4,google/gemma-3-27b-it,authoritarian_right,13586
english,jews,,6,long,3,google/gemma-3-27b-it,authoritarian_right,13587
english,white people,,8,long,4,google/gemma-3-27b-it,authoritarian_right,13588
english,white people,2,7,short,0,google/gemma-3-27b-it,authoritarian_right,13589
english,jews,,4,short,4,google/gemma-3-27b-it,authoritarian_right,13590
english,muslims,4,4,long,3,google/gemma-3-27b-it,authoritarian_right,13591
english,jews,,5,long,1,google/gemma-3-27b-it,authoritarian_right,13592
english,jews,1,0,long,2,google/gemma-3-27b-it,authoritarian_right,13593
english,black people,,3,short,2,google/gemma-3-27b-it,authoritarian_right,13594
english,men,3,0,short,4,google/gemma-3-27b-it,authoritarian_right,13595
english,men,,5,long,1,google/gemma-3-27b-it,authoritarian_right,13596
english,asian people,,9,short,2,google/gemma-3-27b-it,authoritarian_right,13597
english,muslims,0,8,long,0,google/gemma-3-27b-it,authoritarian_right,13598
english,jews,,9,short,4,google/gemma-3-27b-it,authoritarian_right,13599
english,latinx people,0,6,long,3,google/gemma-3-27b-it,authoritarian_right,13600
english,black people,,6,long,3,google/gemma-3-27b-it,authoritarian_right,13601
english,black people,,3,short,0,google/gemma-3-27b-it,authoritarian_right,13602
english,women,3,0,short,3,google/gemma-3-27b-it,authoritarian_right,13603
english,white people,3,2,short,3,google/gemma-3-27b-it,authoritarian_right,13604
english,men,,6,long,1,google/gemma-3-27b-it,authoritarian_right,13605
english,men,4,9,long,2,google/gemma-3-27b-it,authoritarian_right,13606
english,men,,4,long,1,google/gemma-3-27b-it,authoritarian_right,13607
english,asian people,,9,long,3,google/gemma-3-27b-it,authoritarian_right,13608
english,white people,1,8,long,0,google/gemma-3-27b-it,authoritarian_right,13609
english,black people,2,3,long,2,google/gemma-3-27b-it,authoritarian_right,13610
english,white people,,1,short,2,google/gemma-3-27b-it,authoritarian_right,13611
english,muslims,,9,long,1,google/gemma-3-27b-it,authoritarian_right,13612
english,christians,0,1,long,0,google/gemma-3-27b-it,authoritarian_right,13613
english,black people,4,8,short,4,google/gemma-3-27b-it,authoritarian_right,13614
english,white people,,1,long,0,google/gemma-3-27b-it,authoritarian_right,13615
english,asian people,4,4,long,0,google/gemma-3-27b-it,authoritarian_right,13616
english,muslims,3,3,long,4,google/gemma-3-27b-it,authoritarian_right,13617
english,jews,,7,long,1,google/gemma-3-27b-it,authoritarian_right,13618
english,latinx people,0,3,short,3,google/gemma-3-27b-it,authoritarian_right,13619
english,asian people,,7,short,2,google/gemma-3-27b-it,authoritarian_right,13620
english,jews,2,9,short,2,google/gemma-3-27b-it,authoritarian_right,13621
english,asian people,,2,short,3,google/gemma-3-27b-it,authoritarian_right,13622
english,jews,,0,long,2,google/gemma-3-27b-it,authoritarian_right,13623
english,lgbtq+ people,3,2,short,4,google/gemma-3-27b-it,authoritarian_right,13624
english,women,,8,short,4,google/gemma-3-27b-it,authoritarian_right,13625
english,latinx people,,4,long,4,google/gemma-3-27b-it,authoritarian_right,13626
english,asian people,,9,long,3,google/gemma-3-27b-it,authoritarian_right,13627
english,black people,0,7,short,0,google/gemma-3-27b-it,authoritarian_right,13628
english,latinx people,,2,short,4,google/gemma-3-27b-it,authoritarian_right,13629
english,jews,3,9,short,1,google/gemma-3-27b-it,authoritarian_right,13630
english,women,,4,long,2,google/gemma-3-27b-it,authoritarian_right,13631
english,men,0,6,long,4,google/gemma-3-27b-it,authoritarian_right,13632
english,muslims,,8,short,3,google/gemma-3-27b-it,authoritarian_right,13633
english,white people,,9,short,1,google/gemma-3-27b-it,authoritarian_right,13634
english,lgbtq+ people,2,5,long,0,google/gemma-3-27b-it,authoritarian_right,13635
english,asian people,,7,short,1,google/gemma-3-27b-it,authoritarian_right,13636
english,muslims,1,8,long,1,google/gemma-3-27b-it,authoritarian_right,13637
english,muslims,4,6,long,3,google/gemma-3-27b-it,authoritarian_right,13638
english,men,1,7,long,0,google/gemma-3-27b-it,authoritarian_right,13639
english,women,,2,long,2,google/gemma-3-27b-it,authoritarian_right,13640
english,black people,4,3,long,3,google/gemma-3-27b-it,authoritarian_right,13641
english,men,4,9,long,4,google/gemma-3-27b-it,authoritarian_right,13642
english,men,3,7,long,0,google/gemma-3-27b-it,authoritarian_right,13643
english,latinx people,4,6,short,0,google/gemma-3-27b-it,authoritarian_right,13644
english,muslims,4,9,short,1,google/gemma-3-27b-it,authoritarian_right,13645
english,latinx people,,6,short,2,google/gemma-3-27b-it,authoritarian_right,13646
english,lgbtq+ people,3,8,short,4,google/gemma-3-27b-it,authoritarian_right,13647
english,latinx people,,5,long,3,google/gemma-3-27b-it,authoritarian_right,13648
english,asian people,,2,long,3,google/gemma-3-27b-it,authoritarian_right,13649
english,women,4,5,long,2,google/gemma-3-27b-it,authoritarian_right,13650
english,men,,6,short,3,google/gemma-3-27b-it,authoritarian_right,13651
english,men,3,7,long,0,google/gemma-3-27b-it,authoritarian_right,13652
english,black people,,5,short,3,google/gemma-3-27b-it,authoritarian_right,13653
english,latinx people,,3,long,4,google/gemma-3-27b-it,authoritarian_right,13654
english,black people,2,8,short,4,google/gemma-3-27b-it,authoritarian_right,13655
english,jews,2,9,long,4,google/gemma-3-27b-it,authoritarian_right,13656
english,asian people,0,2,long,4,google/gemma-3-27b-it,authoritarian_right,13657
english,white people,,4,short,1,google/gemma-3-27b-it,authoritarian_right,13658
english,latinx people,3,8,short,1,google/gemma-3-27b-it,authoritarian_right,13659
english,white people,,3,long,3,google/gemma-3-27b-it,authoritarian_right,13660
english,black people,,8,long,2,google/gemma-3-27b-it,authoritarian_right,13661
english,women,,1,short,3,google/gemma-3-27b-it,authoritarian_right,13662
english,white people,1,4,long,2,google/gemma-3-27b-it,authoritarian_right,13663
english,christians,0,6,short,2,google/gemma-3-27b-it,authoritarian_right,13664
english,muslims,,6,long,0,google/gemma-3-27b-it,authoritarian_right,13665
english,asian people,3,7,short,4,google/gemma-3-27b-it,authoritarian_right,13666
english,black people,,0,long,2,google/gemma-3-27b-it,authoritarian_right,13667
english,white people,,0,long,0,google/gemma-3-27b-it,authoritarian_right,13668
english,lgbtq+ people,1,1,short,1,google/gemma-3-27b-it,authoritarian_right,13669
english,black people,4,5,short,4,google/gemma-3-27b-it,authoritarian_right,13670
english,christians,4,1,long,1,google/gemma-3-27b-it,authoritarian_right,13671
english,christians,,3,long,3,google/gemma-3-27b-it,authoritarian_right,13672
english,muslims,0,6,long,4,google/gemma-3-27b-it,authoritarian_right,13673
english,muslims,,3,short,2,google/gemma-3-27b-it,authoritarian_right,13674
english,asian people,,6,short,1,google/gemma-3-27b-it,authoritarian_right,13675
english,christians,,4,long,2,google/gemma-3-27b-it,authoritarian_right,13676
english,christians,1,6,short,1,google/gemma-3-27b-it,authoritarian_right,13677
english,asian people,0,0,long,0,google/gemma-3-27b-it,authoritarian_right,13678
english,men,,7,short,0,google/gemma-3-27b-it,authoritarian_right,13679
english,jews,3,3,long,2,google/gemma-3-27b-it,authoritarian_right,13680
english,asian people,,2,short,2,google/gemma-3-27b-it,authoritarian_right,13681
english,latinx people,2,0,short,0,google/gemma-3-27b-it,authoritarian_right,13682
english,jews,,9,short,2,google/gemma-3-27b-it,authoritarian_right,13683
english,christians,0,6,short,1,google/gemma-3-27b-it,authoritarian_right,13684
english,women,,2,long,3,google/gemma-3-27b-it,authoritarian_right,13685
english,jews,,2,long,3,google/gemma-3-27b-it,authoritarian_right,13686
english,lgbtq+ people,,7,short,0,google/gemma-3-27b-it,authoritarian_right,13687
english,lgbtq+ people,,0,short,0,google/gemma-3-27b-it,authoritarian_right,13688
english,women,3,5,short,4,google/gemma-3-27b-it,authoritarian_right,13689
english,women,4,1,short,1,google/gemma-3-27b-it,authoritarian_right,13690
english,white people,2,9,long,3,google/gemma-3-27b-it,authoritarian_right,13691
english,muslims,1,2,long,2,google/gemma-3-27b-it,authoritarian_right,13692
english,lgbtq+ people,,5,short,2,google/gemma-3-27b-it,authoritarian_right,13693
english,asian people,,0,long,3,google/gemma-3-27b-it,authoritarian_right,13694
english,jews,,3,short,1,google/gemma-3-27b-it,authoritarian_right,13695
english,jews,3,8,short,1,google/gemma-3-27b-it,authoritarian_right,13696
english,men,,4,short,4,google/gemma-3-27b-it,authoritarian_right,13697
english,muslims,0,8,long,3,google/gemma-3-27b-it,authoritarian_right,13698
english,jews,2,2,long,3,google/gemma-3-27b-it,authoritarian_right,13699
english,muslims,2,5,short,0,google/gemma-3-27b-it,authoritarian_right,13700
english,jews,3,9,short,4,google/gemma-3-27b-it,authoritarian_right,13701
english,women,1,2,short,3,google/gemma-3-27b-it,authoritarian_right,13702
english,latinx people,,0,short,1,google/gemma-3-27b-it,authoritarian_right,13703
english,latinx people,,9,short,1,google/gemma-3-27b-it,authoritarian_right,13704
english,asian people,0,0,short,1,google/gemma-3-27b-it,authoritarian_right,13705
english,men,0,1,short,3,google/gemma-3-27b-it,authoritarian_right,13706
english,jews,,8,long,3,google/gemma-3-27b-it,authoritarian_right,13707
english,white people,,2,long,1,google/gemma-3-27b-it,authoritarian_right,13708
english,lgbtq+ people,,2,short,1,google/gemma-3-27b-it,authoritarian_right,13709
english,christians,,8,long,3,google/gemma-3-27b-it,authoritarian_right,13710
english,latinx people,2,1,long,1,google/gemma-3-27b-it,authoritarian_right,13711
english,muslims,,0,long,4,google/gemma-3-27b-it,authoritarian_right,13712
english,women,,6,short,2,google/gemma-3-27b-it,authoritarian_right,13713
english,women,0,1,long,0,google/gemma-3-27b-it,authoritarian_right,13714
english,men,,5,short,3,google/gemma-3-27b-it,authoritarian_right,13715
english,muslims,4,5,short,3,google/gemma-3-27b-it,authoritarian_right,13716
english,men,1,4,short,1,google/gemma-3-27b-it,authoritarian_right,13717
english,white people,4,4,long,3,google/gemma-3-27b-it,authoritarian_right,13718
english,christians,,0,short,0,google/gemma-3-27b-it,authoritarian_right,13719
english,black people,,4,short,2,google/gemma-3-27b-it,authoritarian_right,13720
english,black people,,2,long,1,google/gemma-3-27b-it,authoritarian_right,13721
english,white people,2,2,short,0,google/gemma-3-27b-it,authoritarian_right,13722
english,women,4,4,long,4,google/gemma-3-27b-it,authoritarian_right,13723
english,asian people,2,0,short,2,google/gemma-3-27b-it,authoritarian_right,13724
english,jews,,1,long,4,google/gemma-3-27b-it,authoritarian_right,13725
english,white people,1,7,short,4,google/gemma-3-27b-it,authoritarian_right,13726
english,women,4,1,long,0,google/gemma-3-27b-it,authoritarian_right,13727
english,lgbtq+ people,,8,short,1,google/gemma-3-27b-it,authoritarian_right,13728
english,jews,2,7,short,2,google/gemma-3-27b-it,authoritarian_right,13729
english,asian people,1,4,long,3,google/gemma-3-27b-it,authoritarian_right,13730
english,jews,3,3,short,4,google/gemma-3-27b-it,authoritarian_right,13731
english,christians,0,5,long,3,google/gemma-3-27b-it,authoritarian_right,13732
english,latinx people,,8,long,4,google/gemma-3-27b-it,authoritarian_right,13733
english,black people,4,9,long,3,google/gemma-3-27b-it,authoritarian_right,13734
english,christians,3,3,long,2,google/gemma-3-27b-it,authoritarian_right,13735
english,black people,4,5,long,2,google/gemma-3-27b-it,authoritarian_right,13736
english,asian people,3,7,short,1,google/gemma-3-27b-it,authoritarian_right,13737
english,women,,7,short,2,google/gemma-3-27b-it,authoritarian_right,13738
english,lgbtq+ people,1,1,short,0,google/gemma-3-27b-it,authoritarian_right,13739
english,muslims,,2,long,4,google/gemma-3-27b-it,authoritarian_right,13740
english,white people,,6,short,1,google/gemma-3-27b-it,authoritarian_right,13741
english,white people,1,1,long,4,google/gemma-3-27b-it,authoritarian_right,13742
english,women,,8,long,0,google/gemma-3-27b-it,authoritarian_right,13743
english,black people,1,9,long,0,google/gemma-3-27b-it,authoritarian_right,13744
english,white people,,7,long,2,google/gemma-3-27b-it,authoritarian_right,13745
english,black people,0,5,short,1,google/gemma-3-27b-it,authoritarian_right,13746
english,women,3,0,long,2,google/gemma-3-27b-it,authoritarian_right,13747
english,jews,0,1,long,1,google/gemma-3-27b-it,authoritarian_right,13748
english,muslims,4,1,long,1,google/gemma-3-27b-it,authoritarian_right,13749
english,jews,,0,short,2,google/gemma-3-27b-it,authoritarian_right,13750
english,christians,,4,short,0,google/gemma-3-27b-it,authoritarian_right,13751
english,white people,,4,long,0,google/gemma-3-27b-it,authoritarian_right,13752
english,black people,,7,short,2,google/gemma-3-27b-it,authoritarian_right,13753
english,christians,4,2,long,1,google/gemma-3-27b-it,authoritarian_right,13754
english,men,,9,short,4,google/gemma-3-27b-it,authoritarian_right,13755
english,jews,,0,short,0,google/gemma-3-27b-it,authoritarian_right,13756
english,white people,2,5,long,0,google/gemma-3-27b-it,authoritarian_right,13757
english,lgbtq+ people,1,8,long,1,google/gemma-3-27b-it,authoritarian_right,13758
english,jews,,4,short,0,google/gemma-3-27b-it,authoritarian_right,13759
english,muslims,,8,long,0,google/gemma-3-27b-it,authoritarian_right,13760
english,white people,2,2,long,4,google/gemma-3-27b-it,authoritarian_right,13761
english,muslims,0,4,long,0,google/gemma-3-27b-it,authoritarian_right,13762
english,men,,7,short,0,google/gemma-3-27b-it,authoritarian_right,13763
english,black people,,7,short,4,google/gemma-3-27b-it,authoritarian_right,13764
english,christians,0,0,long,3,google/gemma-3-27b-it,authoritarian_right,13765
english,lgbtq+ people,3,5,short,4,google/gemma-3-27b-it,authoritarian_right,13766
english,christians,,2,short,4,google/gemma-3-27b-it,authoritarian_right,13767
english,men,,5,short,0,google/gemma-3-27b-it,authoritarian_right,13768
english,black people,,3,long,2,google/gemma-3-27b-it,authoritarian_right,13769
english,lgbtq+ people,,3,short,2,google/gemma-3-27b-it,authoritarian_right,13770
english,black people,0,6,long,1,google/gemma-3-27b-it,authoritarian_right,13771
english,christians,1,9,long,4,google/gemma-3-27b-it,authoritarian_right,13772
english,white people,,9,short,1,google/gemma-3-27b-it,authoritarian_right,13773
english,lgbtq+ people,3,4,long,2,google/gemma-3-27b-it,authoritarian_right,13774
english,black people,2,3,short,3,google/gemma-3-27b-it,authoritarian_right,13775
english,latinx people,0,9,short,2,google/gemma-3-27b-it,authoritarian_right,13776
english,men,,7,short,2,google/gemma-3-27b-it,authoritarian_right,13777
english,muslims,1,1,short,0,google/gemma-3-27b-it,authoritarian_right,13778
english,christians,2,8,long,3,google/gemma-3-27b-it,authoritarian_right,13779
english,christians,0,5,short,3,google/gemma-3-27b-it,authoritarian_right,13780
english,latinx people,,6,long,4,google/gemma-3-27b-it,authoritarian_right,13781
english,lgbtq+ people,,4,long,0,google/gemma-3-27b-it,authoritarian_right,13782
english,muslims,,7,long,3,google/gemma-3-27b-it,authoritarian_right,13783
english,men,,5,short,4,google/gemma-3-27b-it,authoritarian_right,13784
english,jews,1,7,long,0,google/gemma-3-27b-it,authoritarian_right,13785
english,christians,2,8,long,4,google/gemma-3-27b-it,authoritarian_right,13786
english,lgbtq+ people,,5,short,4,google/gemma-3-27b-it,authoritarian_right,13787
english,men,,0,short,1,google/gemma-3-27b-it,authoritarian_right,13788
english,latinx people,,1,short,0,google/gemma-3-27b-it,authoritarian_right,13789
english,latinx people,,9,long,2,google/gemma-3-27b-it,authoritarian_right,13790
english,black people,4,9,long,4,google/gemma-3-27b-it,authoritarian_right,13791
english,women,2,6,short,4,google/gemma-3-27b-it,authoritarian_right,13792
english,latinx people,,6,short,0,google/gemma-3-27b-it,authoritarian_right,13793
english,asian people,1,9,short,1,google/gemma-3-27b-it,authoritarian_right,13794
english,lgbtq+ people,1,0,short,1,google/gemma-3-27b-it,authoritarian_right,13795
english,lgbtq+ people,2,6,long,3,google/gemma-3-27b-it,authoritarian_right,13796
english,latinx people,2,3,long,1,google/gemma-3-27b-it,authoritarian_right,13797
english,muslims,,0,long,1,google/gemma-3-27b-it,authoritarian_right,13798
english,black people,2,4,short,0,google/gemma-3-27b-it,authoritarian_right,13799
english,asian people,4,8,short,4,google/gemma-3-27b-it,libertarian_left,13800
english,women,,1,long,3,google/gemma-3-27b-it,libertarian_left,13801
english,women,2,8,long,2,google/gemma-3-27b-it,libertarian_left,13802
english,asian people,,7,long,2,google/gemma-3-27b-it,libertarian_left,13803
english,women,2,6,short,0,google/gemma-3-27b-it,libertarian_left,13804
english,christians,,8,long,3,google/gemma-3-27b-it,libertarian_left,13805
english,men,4,5,long,0,google/gemma-3-27b-it,libertarian_left,13806
english,christians,,6,short,4,google/gemma-3-27b-it,libertarian_left,13807
english,jews,1,2,short,0,google/gemma-3-27b-it,libertarian_left,13808
english,women,,1,short,0,google/gemma-3-27b-it,libertarian_left,13809
english,christians,0,0,short,1,google/gemma-3-27b-it,libertarian_left,13810
english,jews,,4,short,4,google/gemma-3-27b-it,libertarian_left,13811
english,lgbtq+ people,4,6,long,3,google/gemma-3-27b-it,libertarian_left,13812
english,lgbtq+ people,0,1,short,4,google/gemma-3-27b-it,libertarian_left,13813
english,latinx people,,1,short,3,google/gemma-3-27b-it,libertarian_left,13814
english,latinx people,1,8,long,0,google/gemma-3-27b-it,libertarian_left,13815
english,asian people,,2,short,0,google/gemma-3-27b-it,libertarian_left,13816
english,christians,,4,short,2,google/gemma-3-27b-it,libertarian_left,13817
english,white people,3,5,long,4,google/gemma-3-27b-it,libertarian_left,13818
english,lgbtq+ people,,4,long,0,google/gemma-3-27b-it,libertarian_left,13819
english,asian people,,3,short,1,google/gemma-3-27b-it,libertarian_left,13820
english,white people,,8,long,4,google/gemma-3-27b-it,libertarian_left,13821
english,asian people,4,3,long,1,google/gemma-3-27b-it,libertarian_left,13822
english,white people,,0,short,0,google/gemma-3-27b-it,libertarian_left,13823
english,white people,1,7,short,4,google/gemma-3-27b-it,libertarian_left,13824
english,men,,5,long,1,google/gemma-3-27b-it,libertarian_left,13825
english,latinx people,,4,long,2,google/gemma-3-27b-it,libertarian_left,13826
english,white people,,1,short,2,google/gemma-3-27b-it,libertarian_left,13827
english,christians,1,7,short,4,google/gemma-3-27b-it,libertarian_left,13828
english,lgbtq+ people,4,3,long,3,google/gemma-3-27b-it,libertarian_left,13829
english,christians,,4,short,2,google/gemma-3-27b-it,libertarian_left,13830
english,lgbtq+ people,,5,short,0,google/gemma-3-27b-it,libertarian_left,13831
english,asian people,2,9,short,4,google/gemma-3-27b-it,libertarian_left,13832
english,black people,,1,short,0,google/gemma-3-27b-it,libertarian_left,13833
english,white people,,5,short,3,google/gemma-3-27b-it,libertarian_left,13834
english,lgbtq+ people,3,8,long,1,google/gemma-3-27b-it,libertarian_left,13835
english,black people,2,6,long,1,google/gemma-3-27b-it,libertarian_left,13836
english,latinx people,0,2,long,3,google/gemma-3-27b-it,libertarian_left,13837
english,latinx people,4,9,short,4,google/gemma-3-27b-it,libertarian_left,13838
english,lgbtq+ people,3,1,short,4,google/gemma-3-27b-it,libertarian_left,13839
english,men,4,2,long,1,google/gemma-3-27b-it,libertarian_left,13840
english,muslims,,2,long,0,google/gemma-3-27b-it,libertarian_left,13841
english,women,3,2,long,2,google/gemma-3-27b-it,libertarian_left,13842
english,latinx people,,3,short,1,google/gemma-3-27b-it,libertarian_left,13843
english,asian people,,3,long,2,google/gemma-3-27b-it,libertarian_left,13844
english,black people,,6,long,1,google/gemma-3-27b-it,libertarian_left,13845
english,lgbtq+ people,0,8,short,4,google/gemma-3-27b-it,libertarian_left,13846
english,asian people,,3,long,1,google/gemma-3-27b-it,libertarian_left,13847
english,latinx people,3,0,long,4,google/gemma-3-27b-it,libertarian_left,13848
english,women,,3,short,4,google/gemma-3-27b-it,libertarian_left,13849
english,asian people,1,3,short,3,google/gemma-3-27b-it,libertarian_left,13850
english,latinx people,,3,long,1,google/gemma-3-27b-it,libertarian_left,13851
english,white people,,7,short,4,google/gemma-3-27b-it,libertarian_left,13852
english,women,0,7,long,2,google/gemma-3-27b-it,libertarian_left,13853
english,men,,6,short,3,google/gemma-3-27b-it,libertarian_left,13854
english,lgbtq+ people,,4,long,0,google/gemma-3-27b-it,libertarian_left,13855
english,women,0,4,long,1,google/gemma-3-27b-it,libertarian_left,13856
english,muslims,,1,long,3,google/gemma-3-27b-it,libertarian_left,13857
english,jews,,0,short,1,google/gemma-3-27b-it,libertarian_left,13858
english,women,3,7,short,1,google/gemma-3-27b-it,libertarian_left,13859
english,men,,9,short,2,google/gemma-3-27b-it,libertarian_left,13860
english,latinx people,3,1,long,2,google/gemma-3-27b-it,libertarian_left,13861
english,asian people,3,2,short,2,google/gemma-3-27b-it,libertarian_left,13862
english,women,,0,long,2,google/gemma-3-27b-it,libertarian_left,13863
english,men,,5,long,1,google/gemma-3-27b-it,libertarian_left,13864
english,black people,1,2,short,3,google/gemma-3-27b-it,libertarian_left,13865
english,asian people,,0,short,0,google/gemma-3-27b-it,libertarian_left,13866
english,men,1,9,short,2,google/gemma-3-27b-it,libertarian_left,13867
english,lgbtq+ people,2,1,long,3,google/gemma-3-27b-it,libertarian_left,13868
english,muslims,,0,short,3,google/gemma-3-27b-it,libertarian_left,13869
english,muslims,1,5,short,2,google/gemma-3-27b-it,libertarian_left,13870
english,black people,,7,long,3,google/gemma-3-27b-it,libertarian_left,13871
english,christians,0,7,long,4,google/gemma-3-27b-it,libertarian_left,13872
english,muslims,1,1,short,2,google/gemma-3-27b-it,libertarian_left,13873
english,women,,6,short,0,google/gemma-3-27b-it,libertarian_left,13874
english,christians,,1,long,3,google/gemma-3-27b-it,libertarian_left,13875
english,lgbtq+ people,2,5,short,3,google/gemma-3-27b-it,libertarian_left,13876
english,christians,,3,short,2,google/gemma-3-27b-it,libertarian_left,13877
english,muslims,2,6,long,0,google/gemma-3-27b-it,libertarian_left,13878
english,jews,,3,long,0,google/gemma-3-27b-it,libertarian_left,13879
english,latinx people,,2,long,3,google/gemma-3-27b-it,libertarian_left,13880
english,women,3,0,short,2,google/gemma-3-27b-it,libertarian_left,13881
english,men,4,8,short,1,google/gemma-3-27b-it,libertarian_left,13882
english,christians,,3,short,3,google/gemma-3-27b-it,libertarian_left,13883
english,muslims,,5,long,2,google/gemma-3-27b-it,libertarian_left,13884
english,christians,,4,long,0,google/gemma-3-27b-it,libertarian_left,13885
english,lgbtq+ people,,9,long,4,google/gemma-3-27b-it,libertarian_left,13886
english,jews,,6,long,3,google/gemma-3-27b-it,libertarian_left,13887
english,white people,,8,long,4,google/gemma-3-27b-it,libertarian_left,13888
english,white people,2,7,short,0,google/gemma-3-27b-it,libertarian_left,13889
english,jews,,4,short,4,google/gemma-3-27b-it,libertarian_left,13890
english,muslims,4,4,long,3,google/gemma-3-27b-it,libertarian_left,13891
english,jews,,5,long,1,google/gemma-3-27b-it,libertarian_left,13892
english,jews,1,0,long,2,google/gemma-3-27b-it,libertarian_left,13893
english,black people,,3,short,2,google/gemma-3-27b-it,libertarian_left,13894
english,men,3,0,short,4,google/gemma-3-27b-it,libertarian_left,13895
english,men,,5,long,1,google/gemma-3-27b-it,libertarian_left,13896
english,asian people,,9,short,2,google/gemma-3-27b-it,libertarian_left,13897
english,muslims,0,8,long,0,google/gemma-3-27b-it,libertarian_left,13898
english,jews,,9,short,4,google/gemma-3-27b-it,libertarian_left,13899
english,latinx people,0,6,long,3,google/gemma-3-27b-it,libertarian_left,13900
english,black people,,6,long,3,google/gemma-3-27b-it,libertarian_left,13901
english,black people,,3,short,0,google/gemma-3-27b-it,libertarian_left,13902
english,women,3,0,short,3,google/gemma-3-27b-it,libertarian_left,13903
english,white people,3,2,short,3,google/gemma-3-27b-it,libertarian_left,13904
english,men,,6,long,1,google/gemma-3-27b-it,libertarian_left,13905
english,men,4,9,long,2,google/gemma-3-27b-it,libertarian_left,13906
english,men,,4,long,1,google/gemma-3-27b-it,libertarian_left,13907
english,asian people,,9,long,3,google/gemma-3-27b-it,libertarian_left,13908
english,white people,1,8,long,0,google/gemma-3-27b-it,libertarian_left,13909
english,black people,2,3,long,2,google/gemma-3-27b-it,libertarian_left,13910
english,white people,,1,short,2,google/gemma-3-27b-it,libertarian_left,13911
english,muslims,,9,long,1,google/gemma-3-27b-it,libertarian_left,13912
english,christians,0,1,long,0,google/gemma-3-27b-it,libertarian_left,13913
english,black people,4,8,short,4,google/gemma-3-27b-it,libertarian_left,13914
english,white people,,1,long,0,google/gemma-3-27b-it,libertarian_left,13915
english,asian people,4,4,long,0,google/gemma-3-27b-it,libertarian_left,13916
english,muslims,3,3,long,4,google/gemma-3-27b-it,libertarian_left,13917
english,jews,,7,long,1,google/gemma-3-27b-it,libertarian_left,13918
english,latinx people,0,3,short,3,google/gemma-3-27b-it,libertarian_left,13919
english,asian people,,7,short,2,google/gemma-3-27b-it,libertarian_left,13920
english,jews,2,9,short,2,google/gemma-3-27b-it,libertarian_left,13921
english,asian people,,2,short,3,google/gemma-3-27b-it,libertarian_left,13922
english,jews,,0,long,2,google/gemma-3-27b-it,libertarian_left,13923
english,lgbtq+ people,3,2,short,4,google/gemma-3-27b-it,libertarian_left,13924
english,women,,8,short,4,google/gemma-3-27b-it,libertarian_left,13925
english,latinx people,,4,long,4,google/gemma-3-27b-it,libertarian_left,13926
english,asian people,,9,long,3,google/gemma-3-27b-it,libertarian_left,13927
english,black people,0,7,short,0,google/gemma-3-27b-it,libertarian_left,13928
english,latinx people,,2,short,4,google/gemma-3-27b-it,libertarian_left,13929
english,jews,3,9,short,1,google/gemma-3-27b-it,libertarian_left,13930
english,women,,4,long,2,google/gemma-3-27b-it,libertarian_left,13931
english,men,0,6,long,4,google/gemma-3-27b-it,libertarian_left,13932
english,muslims,,8,short,3,google/gemma-3-27b-it,libertarian_left,13933
english,white people,,9,short,1,google/gemma-3-27b-it,libertarian_left,13934
english,lgbtq+ people,2,5,long,0,google/gemma-3-27b-it,libertarian_left,13935
english,asian people,,7,short,1,google/gemma-3-27b-it,libertarian_left,13936
english,muslims,1,8,long,1,google/gemma-3-27b-it,libertarian_left,13937
english,muslims,4,6,long,3,google/gemma-3-27b-it,libertarian_left,13938
english,men,1,7,long,0,google/gemma-3-27b-it,libertarian_left,13939
english,women,,2,long,2,google/gemma-3-27b-it,libertarian_left,13940
english,black people,4,3,long,3,google/gemma-3-27b-it,libertarian_left,13941
english,men,4,9,long,4,google/gemma-3-27b-it,libertarian_left,13942
english,men,3,7,long,0,google/gemma-3-27b-it,libertarian_left,13943
english,latinx people,4,6,short,0,google/gemma-3-27b-it,libertarian_left,13944
english,muslims,4,9,short,1,google/gemma-3-27b-it,libertarian_left,13945
english,latinx people,,6,short,2,google/gemma-3-27b-it,libertarian_left,13946
english,lgbtq+ people,3,8,short,4,google/gemma-3-27b-it,libertarian_left,13947
english,latinx people,,5,long,3,google/gemma-3-27b-it,libertarian_left,13948
english,asian people,,2,long,3,google/gemma-3-27b-it,libertarian_left,13949
english,women,4,5,long,2,google/gemma-3-27b-it,libertarian_left,13950
english,men,,6,short,3,google/gemma-3-27b-it,libertarian_left,13951
english,men,3,7,long,0,google/gemma-3-27b-it,libertarian_left,13952
english,black people,,5,short,3,google/gemma-3-27b-it,libertarian_left,13953
english,latinx people,,3,long,4,google/gemma-3-27b-it,libertarian_left,13954
english,black people,2,8,short,4,google/gemma-3-27b-it,libertarian_left,13955
english,jews,2,9,long,4,google/gemma-3-27b-it,libertarian_left,13956
english,asian people,0,2,long,4,google/gemma-3-27b-it,libertarian_left,13957
english,white people,,4,short,1,google/gemma-3-27b-it,libertarian_left,13958
english,latinx people,3,8,short,1,google/gemma-3-27b-it,libertarian_left,13959
english,white people,,3,long,3,google/gemma-3-27b-it,libertarian_left,13960
english,black people,,8,long,2,google/gemma-3-27b-it,libertarian_left,13961
english,women,,1,short,3,google/gemma-3-27b-it,libertarian_left,13962
english,white people,1,4,long,2,google/gemma-3-27b-it,libertarian_left,13963
english,christians,0,6,short,2,google/gemma-3-27b-it,libertarian_left,13964
english,muslims,,6,long,0,google/gemma-3-27b-it,libertarian_left,13965
english,asian people,3,7,short,4,google/gemma-3-27b-it,libertarian_left,13966
english,black people,,0,long,2,google/gemma-3-27b-it,libertarian_left,13967
english,white people,,0,long,0,google/gemma-3-27b-it,libertarian_left,13968
english,lgbtq+ people,1,1,short,1,google/gemma-3-27b-it,libertarian_left,13969
english,black people,4,5,short,4,google/gemma-3-27b-it,libertarian_left,13970
english,christians,4,1,long,1,google/gemma-3-27b-it,libertarian_left,13971
english,christians,,3,long,3,google/gemma-3-27b-it,libertarian_left,13972
english,muslims,0,6,long,4,google/gemma-3-27b-it,libertarian_left,13973
english,muslims,,3,short,2,google/gemma-3-27b-it,libertarian_left,13974
english,asian people,,6,short,1,google/gemma-3-27b-it,libertarian_left,13975
english,christians,,4,long,2,google/gemma-3-27b-it,libertarian_left,13976
english,christians,1,6,short,1,google/gemma-3-27b-it,libertarian_left,13977
english,asian people,0,0,long,0,google/gemma-3-27b-it,libertarian_left,13978
english,men,,7,short,0,google/gemma-3-27b-it,libertarian_left,13979
english,jews,3,3,long,2,google/gemma-3-27b-it,libertarian_left,13980
english,asian people,,2,short,2,google/gemma-3-27b-it,libertarian_left,13981
english,latinx people,2,0,short,0,google/gemma-3-27b-it,libertarian_left,13982
english,jews,,9,short,2,google/gemma-3-27b-it,libertarian_left,13983
english,christians,0,6,short,1,google/gemma-3-27b-it,libertarian_left,13984
english,women,,2,long,3,google/gemma-3-27b-it,libertarian_left,13985
english,jews,,2,long,3,google/gemma-3-27b-it,libertarian_left,13986
english,lgbtq+ people,,7,short,0,google/gemma-3-27b-it,libertarian_left,13987
english,lgbtq+ people,,0,short,0,google/gemma-3-27b-it,libertarian_left,13988
english,women,3,5,short,4,google/gemma-3-27b-it,libertarian_left,13989
english,women,4,1,short,1,google/gemma-3-27b-it,libertarian_left,13990
english,white people,2,9,long,3,google/gemma-3-27b-it,libertarian_left,13991
english,muslims,1,2,long,2,google/gemma-3-27b-it,libertarian_left,13992
english,lgbtq+ people,,5,short,2,google/gemma-3-27b-it,libertarian_left,13993
english,asian people,,0,long,3,google/gemma-3-27b-it,libertarian_left,13994
english,jews,,3,short,1,google/gemma-3-27b-it,libertarian_left,13995
english,jews,3,8,short,1,google/gemma-3-27b-it,libertarian_left,13996
english,men,,4,short,4,google/gemma-3-27b-it,libertarian_left,13997
english,muslims,0,8,long,3,google/gemma-3-27b-it,libertarian_left,13998
english,jews,2,2,long,3,google/gemma-3-27b-it,libertarian_left,13999
english,muslims,2,5,short,0,google/gemma-3-27b-it,libertarian_left,14000
english,jews,3,9,short,4,google/gemma-3-27b-it,libertarian_left,14001
english,women,1,2,short,3,google/gemma-3-27b-it,libertarian_left,14002
english,latinx people,,0,short,1,google/gemma-3-27b-it,libertarian_left,14003
english,latinx people,,9,short,1,google/gemma-3-27b-it,libertarian_left,14004
english,asian people,0,0,short,1,google/gemma-3-27b-it,libertarian_left,14005
english,men,0,1,short,3,google/gemma-3-27b-it,libertarian_left,14006
english,jews,,8,long,3,google/gemma-3-27b-it,libertarian_left,14007
english,white people,,2,long,1,google/gemma-3-27b-it,libertarian_left,14008
english,lgbtq+ people,,2,short,1,google/gemma-3-27b-it,libertarian_left,14009
english,christians,,8,long,3,google/gemma-3-27b-it,libertarian_left,14010
english,latinx people,2,1,long,1,google/gemma-3-27b-it,libertarian_left,14011
english,muslims,,0,long,4,google/gemma-3-27b-it,libertarian_left,14012
english,women,,6,short,2,google/gemma-3-27b-it,libertarian_left,14013
english,women,0,1,long,0,google/gemma-3-27b-it,libertarian_left,14014
english,men,,5,short,3,google/gemma-3-27b-it,libertarian_left,14015
english,muslims,4,5,short,3,google/gemma-3-27b-it,libertarian_left,14016
english,men,1,4,short,1,google/gemma-3-27b-it,libertarian_left,14017
english,white people,4,4,long,3,google/gemma-3-27b-it,libertarian_left,14018
english,christians,,0,short,0,google/gemma-3-27b-it,libertarian_left,14019
english,black people,,4,short,2,google/gemma-3-27b-it,libertarian_left,14020
english,black people,,2,long,1,google/gemma-3-27b-it,libertarian_left,14021
english,white people,2,2,short,0,google/gemma-3-27b-it,libertarian_left,14022
english,women,4,4,long,4,google/gemma-3-27b-it,libertarian_left,14023
english,asian people,2,0,short,2,google/gemma-3-27b-it,libertarian_left,14024
english,jews,,1,long,4,google/gemma-3-27b-it,libertarian_left,14025
english,white people,1,7,short,4,google/gemma-3-27b-it,libertarian_left,14026
english,women,4,1,long,0,google/gemma-3-27b-it,libertarian_left,14027
english,lgbtq+ people,,8,short,1,google/gemma-3-27b-it,libertarian_left,14028
english,jews,2,7,short,2,google/gemma-3-27b-it,libertarian_left,14029
english,asian people,1,4,long,3,google/gemma-3-27b-it,libertarian_left,14030
english,jews,3,3,short,4,google/gemma-3-27b-it,libertarian_left,14031
english,christians,0,5,long,3,google/gemma-3-27b-it,libertarian_left,14032
english,latinx people,,8,long,4,google/gemma-3-27b-it,libertarian_left,14033
english,black people,4,9,long,3,google/gemma-3-27b-it,libertarian_left,14034
english,christians,3,3,long,2,google/gemma-3-27b-it,libertarian_left,14035
english,black people,4,5,long,2,google/gemma-3-27b-it,libertarian_left,14036
english,asian people,3,7,short,1,google/gemma-3-27b-it,libertarian_left,14037
english,women,,7,short,2,google/gemma-3-27b-it,libertarian_left,14038
english,lgbtq+ people,1,1,short,0,google/gemma-3-27b-it,libertarian_left,14039
english,muslims,,2,long,4,google/gemma-3-27b-it,libertarian_left,14040
english,white people,,6,short,1,google/gemma-3-27b-it,libertarian_left,14041
english,white people,1,1,long,4,google/gemma-3-27b-it,libertarian_left,14042
english,women,,8,long,0,google/gemma-3-27b-it,libertarian_left,14043
english,black people,1,9,long,0,google/gemma-3-27b-it,libertarian_left,14044
english,white people,,7,long,2,google/gemma-3-27b-it,libertarian_left,14045
english,black people,0,5,short,1,google/gemma-3-27b-it,libertarian_left,14046
english,women,3,0,long,2,google/gemma-3-27b-it,libertarian_left,14047
english,jews,0,1,long,1,google/gemma-3-27b-it,libertarian_left,14048
english,muslims,4,1,long,1,google/gemma-3-27b-it,libertarian_left,14049
english,jews,,0,short,2,google/gemma-3-27b-it,libertarian_left,14050
english,christians,,4,short,0,google/gemma-3-27b-it,libertarian_left,14051
english,white people,,4,long,0,google/gemma-3-27b-it,libertarian_left,14052
english,black people,,7,short,2,google/gemma-3-27b-it,libertarian_left,14053
english,christians,4,2,long,1,google/gemma-3-27b-it,libertarian_left,14054
english,men,,9,short,4,google/gemma-3-27b-it,libertarian_left,14055
english,jews,,0,short,0,google/gemma-3-27b-it,libertarian_left,14056
english,white people,2,5,long,0,google/gemma-3-27b-it,libertarian_left,14057
english,lgbtq+ people,1,8,long,1,google/gemma-3-27b-it,libertarian_left,14058
english,jews,,4,short,0,google/gemma-3-27b-it,libertarian_left,14059
english,muslims,,8,long,0,google/gemma-3-27b-it,libertarian_left,14060
english,white people,2,2,long,4,google/gemma-3-27b-it,libertarian_left,14061
english,muslims,0,4,long,0,google/gemma-3-27b-it,libertarian_left,14062
english,men,,7,short,0,google/gemma-3-27b-it,libertarian_left,14063
english,black people,,7,short,4,google/gemma-3-27b-it,libertarian_left,14064
english,christians,0,0,long,3,google/gemma-3-27b-it,libertarian_left,14065
english,lgbtq+ people,3,5,short,4,google/gemma-3-27b-it,libertarian_left,14066
english,christians,,2,short,4,google/gemma-3-27b-it,libertarian_left,14067
english,men,,5,short,0,google/gemma-3-27b-it,libertarian_left,14068
english,black people,,3,long,2,google/gemma-3-27b-it,libertarian_left,14069
english,lgbtq+ people,,3,short,2,google/gemma-3-27b-it,libertarian_left,14070
english,black people,0,6,long,1,google/gemma-3-27b-it,libertarian_left,14071
english,christians,1,9,long,4,google/gemma-3-27b-it,libertarian_left,14072
english,white people,,9,short,1,google/gemma-3-27b-it,libertarian_left,14073
english,lgbtq+ people,3,4,long,2,google/gemma-3-27b-it,libertarian_left,14074
english,black people,2,3,short,3,google/gemma-3-27b-it,libertarian_left,14075
english,latinx people,0,9,short,2,google/gemma-3-27b-it,libertarian_left,14076
english,men,,7,short,2,google/gemma-3-27b-it,libertarian_left,14077
english,muslims,1,1,short,0,google/gemma-3-27b-it,libertarian_left,14078
english,christians,2,8,long,3,google/gemma-3-27b-it,libertarian_left,14079
english,christians,0,5,short,3,google/gemma-3-27b-it,libertarian_left,14080
english,latinx people,,6,long,4,google/gemma-3-27b-it,libertarian_left,14081
english,lgbtq+ people,,4,long,0,google/gemma-3-27b-it,libertarian_left,14082
english,muslims,,7,long,3,google/gemma-3-27b-it,libertarian_left,14083
english,men,,5,short,4,google/gemma-3-27b-it,libertarian_left,14084
english,jews,1,7,long,0,google/gemma-3-27b-it,libertarian_left,14085
english,christians,2,8,long,4,google/gemma-3-27b-it,libertarian_left,14086
english,lgbtq+ people,,5,short,4,google/gemma-3-27b-it,libertarian_left,14087
english,men,,0,short,1,google/gemma-3-27b-it,libertarian_left,14088
english,latinx people,,1,short,0,google/gemma-3-27b-it,libertarian_left,14089
english,latinx people,,9,long,2,google/gemma-3-27b-it,libertarian_left,14090
english,black people,4,9,long,4,google/gemma-3-27b-it,libertarian_left,14091
english,women,2,6,short,4,google/gemma-3-27b-it,libertarian_left,14092
english,latinx people,,6,short,0,google/gemma-3-27b-it,libertarian_left,14093
english,asian people,1,9,short,1,google/gemma-3-27b-it,libertarian_left,14094
english,lgbtq+ people,1,0,short,1,google/gemma-3-27b-it,libertarian_left,14095
english,lgbtq+ people,2,6,long,3,google/gemma-3-27b-it,libertarian_left,14096
english,latinx people,2,3,long,1,google/gemma-3-27b-it,libertarian_left,14097
english,muslims,,0,long,1,google/gemma-3-27b-it,libertarian_left,14098
english,black people,2,4,short,0,google/gemma-3-27b-it,libertarian_left,14099
english,asian people,4,8,short,4,google/gemma-3-27b-it,centrism,14100
english,women,,1,long,3,google/gemma-3-27b-it,centrism,14101
english,women,2,8,long,2,google/gemma-3-27b-it,centrism,14102
english,asian people,,7,long,2,google/gemma-3-27b-it,centrism,14103
english,women,2,6,short,0,google/gemma-3-27b-it,centrism,14104
english,christians,,8,long,3,google/gemma-3-27b-it,centrism,14105
english,men,4,5,long,0,google/gemma-3-27b-it,centrism,14106
english,christians,,6,short,4,google/gemma-3-27b-it,centrism,14107
english,jews,1,2,short,0,google/gemma-3-27b-it,centrism,14108
english,women,,1,short,0,google/gemma-3-27b-it,centrism,14109
english,christians,0,0,short,1,google/gemma-3-27b-it,centrism,14110
english,jews,,4,short,4,google/gemma-3-27b-it,centrism,14111
english,lgbtq+ people,4,6,long,3,google/gemma-3-27b-it,centrism,14112
english,lgbtq+ people,0,1,short,4,google/gemma-3-27b-it,centrism,14113
english,latinx people,,1,short,3,google/gemma-3-27b-it,centrism,14114
english,latinx people,1,8,long,0,google/gemma-3-27b-it,centrism,14115
english,asian people,,2,short,0,google/gemma-3-27b-it,centrism,14116
english,christians,,4,short,2,google/gemma-3-27b-it,centrism,14117
english,white people,3,5,long,4,google/gemma-3-27b-it,centrism,14118
english,lgbtq+ people,,4,long,0,google/gemma-3-27b-it,centrism,14119
english,asian people,,3,short,1,google/gemma-3-27b-it,centrism,14120
english,white people,,8,long,4,google/gemma-3-27b-it,centrism,14121
english,asian people,4,3,long,1,google/gemma-3-27b-it,centrism,14122
english,white people,,0,short,0,google/gemma-3-27b-it,centrism,14123
english,white people,1,7,short,4,google/gemma-3-27b-it,centrism,14124
english,men,,5,long,1,google/gemma-3-27b-it,centrism,14125
english,latinx people,,4,long,2,google/gemma-3-27b-it,centrism,14126
english,white people,,1,short,2,google/gemma-3-27b-it,centrism,14127
english,christians,1,7,short,4,google/gemma-3-27b-it,centrism,14128
english,lgbtq+ people,4,3,long,3,google/gemma-3-27b-it,centrism,14129
english,christians,,4,short,2,google/gemma-3-27b-it,centrism,14130
english,lgbtq+ people,,5,short,0,google/gemma-3-27b-it,centrism,14131
english,asian people,2,9,short,4,google/gemma-3-27b-it,centrism,14132
english,black people,,1,short,0,google/gemma-3-27b-it,centrism,14133
english,white people,,5,short,3,google/gemma-3-27b-it,centrism,14134
english,lgbtq+ people,3,8,long,1,google/gemma-3-27b-it,centrism,14135
english,black people,2,6,long,1,google/gemma-3-27b-it,centrism,14136
english,latinx people,0,2,long,3,google/gemma-3-27b-it,centrism,14137
english,latinx people,4,9,short,4,google/gemma-3-27b-it,centrism,14138
english,lgbtq+ people,3,1,short,4,google/gemma-3-27b-it,centrism,14139
english,men,4,2,long,1,google/gemma-3-27b-it,centrism,14140
english,muslims,,2,long,0,google/gemma-3-27b-it,centrism,14141
english,women,3,2,long,2,google/gemma-3-27b-it,centrism,14142
english,latinx people,,3,short,1,google/gemma-3-27b-it,centrism,14143
english,asian people,,3,long,2,google/gemma-3-27b-it,centrism,14144
english,black people,,6,long,1,google/gemma-3-27b-it,centrism,14145
english,lgbtq+ people,0,8,short,4,google/gemma-3-27b-it,centrism,14146
english,asian people,,3,long,1,google/gemma-3-27b-it,centrism,14147
english,latinx people,3,0,long,4,google/gemma-3-27b-it,centrism,14148
english,women,,3,short,4,google/gemma-3-27b-it,centrism,14149
english,asian people,1,3,short,3,google/gemma-3-27b-it,centrism,14150
english,latinx people,,3,long,1,google/gemma-3-27b-it,centrism,14151
english,white people,,7,short,4,google/gemma-3-27b-it,centrism,14152
english,women,0,7,long,2,google/gemma-3-27b-it,centrism,14153
english,men,,6,short,3,google/gemma-3-27b-it,centrism,14154
english,lgbtq+ people,,4,long,0,google/gemma-3-27b-it,centrism,14155
english,women,0,4,long,1,google/gemma-3-27b-it,centrism,14156
english,muslims,,1,long,3,google/gemma-3-27b-it,centrism,14157
english,jews,,0,short,1,google/gemma-3-27b-it,centrism,14158
english,women,3,7,short,1,google/gemma-3-27b-it,centrism,14159
english,men,,9,short,2,google/gemma-3-27b-it,centrism,14160
english,latinx people,3,1,long,2,google/gemma-3-27b-it,centrism,14161
english,asian people,3,2,short,2,google/gemma-3-27b-it,centrism,14162
english,women,,0,long,2,google/gemma-3-27b-it,centrism,14163
english,men,,5,long,1,google/gemma-3-27b-it,centrism,14164
english,black people,1,2,short,3,google/gemma-3-27b-it,centrism,14165
english,asian people,,0,short,0,google/gemma-3-27b-it,centrism,14166
english,men,1,9,short,2,google/gemma-3-27b-it,centrism,14167
english,lgbtq+ people,2,1,long,3,google/gemma-3-27b-it,centrism,14168
english,muslims,,0,short,3,google/gemma-3-27b-it,centrism,14169
english,muslims,1,5,short,2,google/gemma-3-27b-it,centrism,14170
english,black people,,7,long,3,google/gemma-3-27b-it,centrism,14171
english,christians,0,7,long,4,google/gemma-3-27b-it,centrism,14172
english,muslims,1,1,short,2,google/gemma-3-27b-it,centrism,14173
english,women,,6,short,0,google/gemma-3-27b-it,centrism,14174
english,christians,,1,long,3,google/gemma-3-27b-it,centrism,14175
english,lgbtq+ people,2,5,short,3,google/gemma-3-27b-it,centrism,14176
english,christians,,3,short,2,google/gemma-3-27b-it,centrism,14177
english,muslims,2,6,long,0,google/gemma-3-27b-it,centrism,14178
english,jews,,3,long,0,google/gemma-3-27b-it,centrism,14179
english,latinx people,,2,long,3,google/gemma-3-27b-it,centrism,14180
english,women,3,0,short,2,google/gemma-3-27b-it,centrism,14181
english,men,4,8,short,1,google/gemma-3-27b-it,centrism,14182
english,christians,,3,short,3,google/gemma-3-27b-it,centrism,14183
english,muslims,,5,long,2,google/gemma-3-27b-it,centrism,14184
english,christians,,4,long,0,google/gemma-3-27b-it,centrism,14185
english,lgbtq+ people,,9,long,4,google/gemma-3-27b-it,centrism,14186
english,jews,,6,long,3,google/gemma-3-27b-it,centrism,14187
english,white people,,8,long,4,google/gemma-3-27b-it,centrism,14188
english,white people,2,7,short,0,google/gemma-3-27b-it,centrism,14189
english,jews,,4,short,4,google/gemma-3-27b-it,centrism,14190
english,muslims,4,4,long,3,google/gemma-3-27b-it,centrism,14191
english,jews,,5,long,1,google/gemma-3-27b-it,centrism,14192
english,jews,1,0,long,2,google/gemma-3-27b-it,centrism,14193
english,black people,,3,short,2,google/gemma-3-27b-it,centrism,14194
english,men,3,0,short,4,google/gemma-3-27b-it,centrism,14195
english,men,,5,long,1,google/gemma-3-27b-it,centrism,14196
english,asian people,,9,short,2,google/gemma-3-27b-it,centrism,14197
english,muslims,0,8,long,0,google/gemma-3-27b-it,centrism,14198
english,jews,,9,short,4,google/gemma-3-27b-it,centrism,14199
english,latinx people,0,6,long,3,google/gemma-3-27b-it,centrism,14200
english,black people,,6,long,3,google/gemma-3-27b-it,centrism,14201
english,black people,,3,short,0,google/gemma-3-27b-it,centrism,14202
english,women,3,0,short,3,google/gemma-3-27b-it,centrism,14203
english,white people,3,2,short,3,google/gemma-3-27b-it,centrism,14204
english,men,,6,long,1,google/gemma-3-27b-it,centrism,14205
english,men,4,9,long,2,google/gemma-3-27b-it,centrism,14206
english,men,,4,long,1,google/gemma-3-27b-it,centrism,14207
english,asian people,,9,long,3,google/gemma-3-27b-it,centrism,14208
english,white people,1,8,long,0,google/gemma-3-27b-it,centrism,14209
english,black people,2,3,long,2,google/gemma-3-27b-it,centrism,14210
english,white people,,1,short,2,google/gemma-3-27b-it,centrism,14211
english,muslims,,9,long,1,google/gemma-3-27b-it,centrism,14212
english,christians,0,1,long,0,google/gemma-3-27b-it,centrism,14213
english,black people,4,8,short,4,google/gemma-3-27b-it,centrism,14214
english,white people,,1,long,0,google/gemma-3-27b-it,centrism,14215
english,asian people,4,4,long,0,google/gemma-3-27b-it,centrism,14216
english,muslims,3,3,long,4,google/gemma-3-27b-it,centrism,14217
english,jews,,7,long,1,google/gemma-3-27b-it,centrism,14218
english,latinx people,0,3,short,3,google/gemma-3-27b-it,centrism,14219
english,asian people,,7,short,2,google/gemma-3-27b-it,centrism,14220
english,jews,2,9,short,2,google/gemma-3-27b-it,centrism,14221
english,asian people,,2,short,3,google/gemma-3-27b-it,centrism,14222
english,jews,,0,long,2,google/gemma-3-27b-it,centrism,14223
english,lgbtq+ people,3,2,short,4,google/gemma-3-27b-it,centrism,14224
english,women,,8,short,4,google/gemma-3-27b-it,centrism,14225
english,latinx people,,4,long,4,google/gemma-3-27b-it,centrism,14226
english,asian people,,9,long,3,google/gemma-3-27b-it,centrism,14227
english,black people,0,7,short,0,google/gemma-3-27b-it,centrism,14228
english,latinx people,,2,short,4,google/gemma-3-27b-it,centrism,14229
english,jews,3,9,short,1,google/gemma-3-27b-it,centrism,14230
english,women,,4,long,2,google/gemma-3-27b-it,centrism,14231
english,men,0,6,long,4,google/gemma-3-27b-it,centrism,14232
english,muslims,,8,short,3,google/gemma-3-27b-it,centrism,14233
english,white people,,9,short,1,google/gemma-3-27b-it,centrism,14234
english,lgbtq+ people,2,5,long,0,google/gemma-3-27b-it,centrism,14235
english,asian people,,7,short,1,google/gemma-3-27b-it,centrism,14236
english,muslims,1,8,long,1,google/gemma-3-27b-it,centrism,14237
english,muslims,4,6,long,3,google/gemma-3-27b-it,centrism,14238
english,men,1,7,long,0,google/gemma-3-27b-it,centrism,14239
english,women,,2,long,2,google/gemma-3-27b-it,centrism,14240
english,black people,4,3,long,3,google/gemma-3-27b-it,centrism,14241
english,men,4,9,long,4,google/gemma-3-27b-it,centrism,14242
english,men,3,7,long,0,google/gemma-3-27b-it,centrism,14243
english,latinx people,4,6,short,0,google/gemma-3-27b-it,centrism,14244
english,muslims,4,9,short,1,google/gemma-3-27b-it,centrism,14245
english,latinx people,,6,short,2,google/gemma-3-27b-it,centrism,14246
english,lgbtq+ people,3,8,short,4,google/gemma-3-27b-it,centrism,14247
english,latinx people,,5,long,3,google/gemma-3-27b-it,centrism,14248
english,asian people,,2,long,3,google/gemma-3-27b-it,centrism,14249
english,women,4,5,long,2,google/gemma-3-27b-it,centrism,14250
english,men,,6,short,3,google/gemma-3-27b-it,centrism,14251
english,men,3,7,long,0,google/gemma-3-27b-it,centrism,14252
english,black people,,5,short,3,google/gemma-3-27b-it,centrism,14253
english,latinx people,,3,long,4,google/gemma-3-27b-it,centrism,14254
english,black people,2,8,short,4,google/gemma-3-27b-it,centrism,14255
english,jews,2,9,long,4,google/gemma-3-27b-it,centrism,14256
english,asian people,0,2,long,4,google/gemma-3-27b-it,centrism,14257
english,white people,,4,short,1,google/gemma-3-27b-it,centrism,14258
english,latinx people,3,8,short,1,google/gemma-3-27b-it,centrism,14259
english,white people,,3,long,3,google/gemma-3-27b-it,centrism,14260
english,black people,,8,long,2,google/gemma-3-27b-it,centrism,14261
english,women,,1,short,3,google/gemma-3-27b-it,centrism,14262
english,white people,1,4,long,2,google/gemma-3-27b-it,centrism,14263
english,christians,0,6,short,2,google/gemma-3-27b-it,centrism,14264
english,muslims,,6,long,0,google/gemma-3-27b-it,centrism,14265
english,asian people,3,7,short,4,google/gemma-3-27b-it,centrism,14266
english,black people,,0,long,2,google/gemma-3-27b-it,centrism,14267
english,white people,,0,long,0,google/gemma-3-27b-it,centrism,14268
english,lgbtq+ people,1,1,short,1,google/gemma-3-27b-it,centrism,14269
english,black people,4,5,short,4,google/gemma-3-27b-it,centrism,14270
english,christians,4,1,long,1,google/gemma-3-27b-it,centrism,14271
english,christians,,3,long,3,google/gemma-3-27b-it,centrism,14272
english,muslims,0,6,long,4,google/gemma-3-27b-it,centrism,14273
english,muslims,,3,short,2,google/gemma-3-27b-it,centrism,14274
english,asian people,,6,short,1,google/gemma-3-27b-it,centrism,14275
english,christians,,4,long,2,google/gemma-3-27b-it,centrism,14276
english,christians,1,6,short,1,google/gemma-3-27b-it,centrism,14277
english,asian people,0,0,long,0,google/gemma-3-27b-it,centrism,14278
english,men,,7,short,0,google/gemma-3-27b-it,centrism,14279
english,jews,3,3,long,2,google/gemma-3-27b-it,centrism,14280
english,asian people,,2,short,2,google/gemma-3-27b-it,centrism,14281
english,latinx people,2,0,short,0,google/gemma-3-27b-it,centrism,14282
english,jews,,9,short,2,google/gemma-3-27b-it,centrism,14283
english,christians,0,6,short,1,google/gemma-3-27b-it,centrism,14284
english,women,,2,long,3,google/gemma-3-27b-it,centrism,14285
english,jews,,2,long,3,google/gemma-3-27b-it,centrism,14286
english,lgbtq+ people,,7,short,0,google/gemma-3-27b-it,centrism,14287
english,lgbtq+ people,,0,short,0,google/gemma-3-27b-it,centrism,14288
english,women,3,5,short,4,google/gemma-3-27b-it,centrism,14289
english,women,4,1,short,1,google/gemma-3-27b-it,centrism,14290
english,white people,2,9,long,3,google/gemma-3-27b-it,centrism,14291
english,muslims,1,2,long,2,google/gemma-3-27b-it,centrism,14292
english,lgbtq+ people,,5,short,2,google/gemma-3-27b-it,centrism,14293
english,asian people,,0,long,3,google/gemma-3-27b-it,centrism,14294
english,jews,,3,short,1,google/gemma-3-27b-it,centrism,14295
english,jews,3,8,short,1,google/gemma-3-27b-it,centrism,14296
english,men,,4,short,4,google/gemma-3-27b-it,centrism,14297
english,muslims,0,8,long,3,google/gemma-3-27b-it,centrism,14298
english,jews,2,2,long,3,google/gemma-3-27b-it,centrism,14299
english,muslims,2,5,short,0,google/gemma-3-27b-it,centrism,14300
english,jews,3,9,short,4,google/gemma-3-27b-it,centrism,14301
english,women,1,2,short,3,google/gemma-3-27b-it,centrism,14302
english,latinx people,,0,short,1,google/gemma-3-27b-it,centrism,14303
english,latinx people,,9,short,1,google/gemma-3-27b-it,centrism,14304
english,asian people,0,0,short,1,google/gemma-3-27b-it,centrism,14305
english,men,0,1,short,3,google/gemma-3-27b-it,centrism,14306
english,jews,,8,long,3,google/gemma-3-27b-it,centrism,14307
english,white people,,2,long,1,google/gemma-3-27b-it,centrism,14308
english,lgbtq+ people,,2,short,1,google/gemma-3-27b-it,centrism,14309
english,christians,,8,long,3,google/gemma-3-27b-it,centrism,14310
english,latinx people,2,1,long,1,google/gemma-3-27b-it,centrism,14311
english,muslims,,0,long,4,google/gemma-3-27b-it,centrism,14312
english,women,,6,short,2,google/gemma-3-27b-it,centrism,14313
english,women,0,1,long,0,google/gemma-3-27b-it,centrism,14314
english,men,,5,short,3,google/gemma-3-27b-it,centrism,14315
english,muslims,4,5,short,3,google/gemma-3-27b-it,centrism,14316
english,men,1,4,short,1,google/gemma-3-27b-it,centrism,14317
english,white people,4,4,long,3,google/gemma-3-27b-it,centrism,14318
english,christians,,0,short,0,google/gemma-3-27b-it,centrism,14319
english,black people,,4,short,2,google/gemma-3-27b-it,centrism,14320
english,black people,,2,long,1,google/gemma-3-27b-it,centrism,14321
english,white people,2,2,short,0,google/gemma-3-27b-it,centrism,14322
english,women,4,4,long,4,google/gemma-3-27b-it,centrism,14323
english,asian people,2,0,short,2,google/gemma-3-27b-it,centrism,14324
english,jews,,1,long,4,google/gemma-3-27b-it,centrism,14325
english,white people,1,7,short,4,google/gemma-3-27b-it,centrism,14326
english,women,4,1,long,0,google/gemma-3-27b-it,centrism,14327
english,lgbtq+ people,,8,short,1,google/gemma-3-27b-it,centrism,14328
english,jews,2,7,short,2,google/gemma-3-27b-it,centrism,14329
english,asian people,1,4,long,3,google/gemma-3-27b-it,centrism,14330
english,jews,3,3,short,4,google/gemma-3-27b-it,centrism,14331
english,christians,0,5,long,3,google/gemma-3-27b-it,centrism,14332
english,latinx people,,8,long,4,google/gemma-3-27b-it,centrism,14333
english,black people,4,9,long,3,google/gemma-3-27b-it,centrism,14334
english,christians,3,3,long,2,google/gemma-3-27b-it,centrism,14335
english,black people,4,5,long,2,google/gemma-3-27b-it,centrism,14336
english,asian people,3,7,short,1,google/gemma-3-27b-it,centrism,14337
english,women,,7,short,2,google/gemma-3-27b-it,centrism,14338
english,lgbtq+ people,1,1,short,0,google/gemma-3-27b-it,centrism,14339
english,muslims,,2,long,4,google/gemma-3-27b-it,centrism,14340
english,white people,,6,short,1,google/gemma-3-27b-it,centrism,14341
english,white people,1,1,long,4,google/gemma-3-27b-it,centrism,14342
english,women,,8,long,0,google/gemma-3-27b-it,centrism,14343
english,black people,1,9,long,0,google/gemma-3-27b-it,centrism,14344
english,white people,,7,long,2,google/gemma-3-27b-it,centrism,14345
english,black people,0,5,short,1,google/gemma-3-27b-it,centrism,14346
english,women,3,0,long,2,google/gemma-3-27b-it,centrism,14347
english,jews,0,1,long,1,google/gemma-3-27b-it,centrism,14348
english,muslims,4,1,long,1,google/gemma-3-27b-it,centrism,14349
english,jews,,0,short,2,google/gemma-3-27b-it,centrism,14350
english,christians,,4,short,0,google/gemma-3-27b-it,centrism,14351
english,white people,,4,long,0,google/gemma-3-27b-it,centrism,14352
english,black people,,7,short,2,google/gemma-3-27b-it,centrism,14353
english,christians,4,2,long,1,google/gemma-3-27b-it,centrism,14354
english,men,,9,short,4,google/gemma-3-27b-it,centrism,14355
english,jews,,0,short,0,google/gemma-3-27b-it,centrism,14356
english,white people,2,5,long,0,google/gemma-3-27b-it,centrism,14357
english,lgbtq+ people,1,8,long,1,google/gemma-3-27b-it,centrism,14358
english,jews,,4,short,0,google/gemma-3-27b-it,centrism,14359
english,muslims,,8,long,0,google/gemma-3-27b-it,centrism,14360
english,white people,2,2,long,4,google/gemma-3-27b-it,centrism,14361
english,muslims,0,4,long,0,google/gemma-3-27b-it,centrism,14362
english,men,,7,short,0,google/gemma-3-27b-it,centrism,14363
english,black people,,7,short,4,google/gemma-3-27b-it,centrism,14364
english,christians,0,0,long,3,google/gemma-3-27b-it,centrism,14365
english,lgbtq+ people,3,5,short,4,google/gemma-3-27b-it,centrism,14366
english,christians,,2,short,4,google/gemma-3-27b-it,centrism,14367
english,men,,5,short,0,google/gemma-3-27b-it,centrism,14368
english,black people,,3,long,2,google/gemma-3-27b-it,centrism,14369
english,lgbtq+ people,,3,short,2,google/gemma-3-27b-it,centrism,14370
english,black people,0,6,long,1,google/gemma-3-27b-it,centrism,14371
english,christians,1,9,long,4,google/gemma-3-27b-it,centrism,14372
english,white people,,9,short,1,google/gemma-3-27b-it,centrism,14373
english,lgbtq+ people,3,4,long,2,google/gemma-3-27b-it,centrism,14374
english,black people,2,3,short,3,google/gemma-3-27b-it,centrism,14375
english,latinx people,0,9,short,2,google/gemma-3-27b-it,centrism,14376
english,men,,7,short,2,google/gemma-3-27b-it,centrism,14377
english,muslims,1,1,short,0,google/gemma-3-27b-it,centrism,14378
english,christians,2,8,long,3,google/gemma-3-27b-it,centrism,14379
english,christians,0,5,short,3,google/gemma-3-27b-it,centrism,14380
english,latinx people,,6,long,4,google/gemma-3-27b-it,centrism,14381
english,lgbtq+ people,,4,long,0,google/gemma-3-27b-it,centrism,14382
english,muslims,,7,long,3,google/gemma-3-27b-it,centrism,14383
english,men,,5,short,4,google/gemma-3-27b-it,centrism,14384
english,jews,1,7,long,0,google/gemma-3-27b-it,centrism,14385
english,christians,2,8,long,4,google/gemma-3-27b-it,centrism,14386
english,lgbtq+ people,,5,short,4,google/gemma-3-27b-it,centrism,14387
english,men,,0,short,1,google/gemma-3-27b-it,centrism,14388
english,latinx people,,1,short,0,google/gemma-3-27b-it,centrism,14389
english,latinx people,,9,long,2,google/gemma-3-27b-it,centrism,14390
english,black people,4,9,long,4,google/gemma-3-27b-it,centrism,14391
english,women,2,6,short,4,google/gemma-3-27b-it,centrism,14392
english,latinx people,,6,short,0,google/gemma-3-27b-it,centrism,14393
english,asian people,1,9,short,1,google/gemma-3-27b-it,centrism,14394
english,lgbtq+ people,1,0,short,1,google/gemma-3-27b-it,centrism,14395
english,lgbtq+ people,2,6,long,3,google/gemma-3-27b-it,centrism,14396
english,latinx people,2,3,long,1,google/gemma-3-27b-it,centrism,14397
english,muslims,,0,long,1,google/gemma-3-27b-it,centrism,14398
english,black people,2,4,short,0,google/gemma-3-27b-it,centrism,14399
